# Renewables.ninja Wind power (Point API) - 22.351, 78.668 - Version: 1.4 - License: https://creativecommons.org/licenses/by-nc/4.0/ - Reference: https://doi.org/10.1016/j.energy.2016.08.068,,,,,,,,,,,
# Units: time in UTC, electricity in kW,,,,,,,,,,,
"# {""units"": {""time"": ""UTC"""," ""electricity"": ""kW""}"," ""params"": {""lat"": ""22.3511148"""," ""lon"": ""78.6677428"""," ""date_from"": ""2019-01-01"""," ""date_to"": ""2019-12-31"""," ""dataset"": ""merra2"""," ""header"": ""true"""," ""local_time"": ""false"""," ""capacity"": ""1"""," ""height"": ""80"""," ""turbine"": ""Vestas V90 2000"""," ""raw"": ""false""}}"
time,electricity,,,,,,,,,,,
01-01-2019 00:00,0.01,,,,,,,,,,,
01-01-2019 01:00,0.016,,,,,,,,,,,
01-01-2019 02:00,0.023,,,,,,,,,,,
01-01-2019 03:00,0.007,,,,,,,,,,,
01-01-2019 04:00,0,,,,,,,,,,,
01-01-2019 05:00,0,,,,,,,,,,,
01-01-2019 06:00,0,,,,,,,,,,,
01-01-2019 07:00,0.006,,,,,,,,,,,
01-01-2019 08:00,0.023,,,,,,,,,,,
01-01-2019 09:00,0.043,,,,,,,,,,,
01-01-2019 10:00,0.059,,,,,,,,,,,
01-01-2019 11:00,0.076,,,,,,,,,,,
01-01-2019 12:00,0.076,,,,,,,,,,,
01-01-2019 13:00,0.052,,,,,,,,,,,
01-01-2019 14:00,0.024,,,,,,,,,,,
01-01-2019 15:00,0.005,,,,,,,,,,,
01-01-2019 16:00,0.001,,,,,,,,,,,
01-01-2019 17:00,0.002,,,,,,,,,,,
01-01-2019 18:00,0.011,,,,,,,,,,,
01-01-2019 19:00,0.04,,,,,,,,,,,
01-01-2019 20:00,0.089,,,,,,,,,,,
01-01-2019 21:00,0.109,,,,,,,,,,,
01-01-2019 22:00,0.084,,,,,,,,,,,
01-01-2019 23:00,0.051,,,,,,,,,,,
02-01-2019 00:00,0.035,,,,,,,,,,,
02-01-2019 01:00,0.035,,,,,,,,,,,
02-01-2019 02:00,0.042,,,,,,,,,,,
02-01-2019 03:00,0.016,,,,,,,,,,,
02-01-2019 04:00,0.04,,,,,,,,,,,
02-01-2019 05:00,0.093,,,,,,,,,,,
02-01-2019 06:00,0.139,,,,,,,,,,,
02-01-2019 07:00,0.192,,,,,,,,,,,
02-01-2019 08:00,0.218,,,,,,,,,,,
02-01-2019 09:00,0.205,,,,,,,,,,,
02-01-2019 10:00,0.157,,,,,,,,,,,
02-01-2019 11:00,0.14,,,,,,,,,,,
02-01-2019 12:00,0.136,,,,,,,,,,,
02-01-2019 13:00,0.08,,,,,,,,,,,
02-01-2019 14:00,0.033,,,,,,,,,,,
02-01-2019 15:00,0.011,,,,,,,,,,,
02-01-2019 16:00,0.003,,,,,,,,,,,
02-01-2019 17:00,0.002,,,,,,,,,,,
02-01-2019 18:00,0.003,,,,,,,,,,,
02-01-2019 19:00,0.003,,,,,,,,,,,
02-01-2019 20:00,0.006,,,,,,,,,,,
02-01-2019 21:00,0.011,,,,,,,,,,,
02-01-2019 22:00,0.01,,,,,,,,,,,
02-01-2019 23:00,0.011,,,,,,,,,,,
03-01-2019 00:00,0.012,,,,,,,,,,,
03-01-2019 01:00,0.007,,,,,,,,,,,
03-01-2019 02:00,0.004,,,,,,,,,,,
03-01-2019 03:00,0.001,,,,,,,,,,,
03-01-2019 04:00,0,,,,,,,,,,,
03-01-2019 05:00,0,,,,,,,,,,,
03-01-2019 06:00,0,,,,,,,,,,,
03-01-2019 07:00,0,,,,,,,,,,,
03-01-2019 08:00,0,,,,,,,,,,,
03-01-2019 09:00,0.001,,,,,,,,,,,
03-01-2019 10:00,0.004,,,,,,,,,,,
03-01-2019 11:00,0.025,,,,,,,,,,,
03-01-2019 12:00,0.058,,,,,,,,,,,
03-01-2019 13:00,0.066,,,,,,,,,,,
03-01-2019 14:00,0.069,,,,,,,,,,,
03-01-2019 15:00,0.081,,,,,,,,,,,
03-01-2019 16:00,0.091,,,,,,,,,,,
03-01-2019 17:00,0.1,,,,,,,,,,,
03-01-2019 18:00,0.101,,,,,,,,,,,
03-01-2019 19:00,0.112,,,,,,,,,,,
03-01-2019 20:00,0.133,,,,,,,,,,,
03-01-2019 21:00,0.16,,,,,,,,,,,
03-01-2019 22:00,0.18,,,,,,,,,,,
03-01-2019 23:00,0.194,,,,,,,,,,,
04-01-2019 00:00,0.22,,,,,,,,,,,
04-01-2019 01:00,0.257,,,,,,,,,,,
04-01-2019 02:00,0.207,,,,,,,,,,,
04-01-2019 03:00,0.058,,,,,,,,,,,
04-01-2019 04:00,0.018,,,,,,,,,,,
04-01-2019 05:00,0,,,,,,,,,,,
04-01-2019 06:00,0,,,,,,,,,,,
04-01-2019 07:00,0,,,,,,,,,,,
04-01-2019 08:00,0,,,,,,,,,,,
04-01-2019 09:00,0,,,,,,,,,,,
04-01-2019 10:00,0,,,,,,,,,,,
04-01-2019 11:00,0,,,,,,,,,,,
04-01-2019 12:00,0.001,,,,,,,,,,,
04-01-2019 13:00,0.009,,,,,,,,,,,
04-01-2019 14:00,0.035,,,,,,,,,,,
04-01-2019 15:00,0.105,,,,,,,,,,,
04-01-2019 16:00,0.229,,,,,,,,,,,
04-01-2019 17:00,0.368,,,,,,,,,,,
04-01-2019 18:00,0.479,,,,,,,,,,,
04-01-2019 19:00,0.494,,,,,,,,,,,
04-01-2019 20:00,0.449,,,,,,,,,,,
04-01-2019 21:00,0.42,,,,,,,,,,,
04-01-2019 22:00,0.424,,,,,,,,,,,
04-01-2019 23:00,0.398,,,,,,,,,,,
05-01-2019 00:00,0.395,,,,,,,,,,,
05-01-2019 01:00,0.423,,,,,,,,,,,
05-01-2019 02:00,0.291,,,,,,,,,,,
05-01-2019 03:00,0.126,,,,,,,,,,,
05-01-2019 04:00,0.139,,,,,,,,,,,
05-01-2019 05:00,0.092,,,,,,,,,,,
05-01-2019 06:00,0.079,,,,,,,,,,,
05-01-2019 07:00,0.078,,,,,,,,,,,
05-01-2019 08:00,0.077,,,,,,,,,,,
05-01-2019 09:00,0.077,,,,,,,,,,,
05-01-2019 10:00,0.076,,,,,,,,,,,
05-01-2019 11:00,0.075,,,,,,,,,,,
05-01-2019 12:00,0.085,,,,,,,,,,,
05-01-2019 13:00,0.12,,,,,,,,,,,
05-01-2019 14:00,0.199,,,,,,,,,,,
05-01-2019 15:00,0.281,,,,,,,,,,,
05-01-2019 16:00,0.362,,,,,,,,,,,
05-01-2019 17:00,0.429,,,,,,,,,,,
05-01-2019 18:00,0.474,,,,,,,,,,,
05-01-2019 19:00,0.508,,,,,,,,,,,
05-01-2019 20:00,0.516,,,,,,,,,,,
05-01-2019 21:00,0.497,,,,,,,,,,,
05-01-2019 22:00,0.477,,,,,,,,,,,
05-01-2019 23:00,0.463,,,,,,,,,,,
06-01-2019 00:00,0.459,,,,,,,,,,,
06-01-2019 01:00,0.457,,,,,,,,,,,
06-01-2019 02:00,0.302,,,,,,,,,,,
06-01-2019 03:00,0.147,,,,,,,,,,,
06-01-2019 04:00,0.32,,,,,,,,,,,
06-01-2019 05:00,0.282,,,,,,,,,,,
06-01-2019 06:00,0.264,,,,,,,,,,,
06-01-2019 07:00,0.258,,,,,,,,,,,
06-01-2019 08:00,0.253,,,,,,,,,,,
06-01-2019 09:00,0.245,,,,,,,,,,,
06-01-2019 10:00,0.227,,,,,,,,,,,
06-01-2019 11:00,0.184,,,,,,,,,,,
06-01-2019 12:00,0.152,,,,,,,,,,,
06-01-2019 13:00,0.122,,,,,,,,,,,
06-01-2019 14:00,0.112,,,,,,,,,,,
06-01-2019 15:00,0.114,,,,,,,,,,,
06-01-2019 16:00,0.111,,,,,,,,,,,
06-01-2019 17:00,0.114,,,,,,,,,,,
06-01-2019 18:00,0.118,,,,,,,,,,,
06-01-2019 19:00,0.12,,,,,,,,,,,
06-01-2019 20:00,0.133,,,,,,,,,,,
06-01-2019 21:00,0.177,,,,,,,,,,,
06-01-2019 22:00,0.213,,,,,,,,,,,
06-01-2019 23:00,0.203,,,,,,,,,,,
07-01-2019 00:00,0.18,,,,,,,,,,,
07-01-2019 01:00,0.166,,,,,,,,,,,
07-01-2019 02:00,0.09,,,,,,,,,,,
07-01-2019 03:00,0.05,,,,,,,,,,,
07-01-2019 04:00,0.054,,,,,,,,,,,
07-01-2019 05:00,0.029,,,,,,,,,,,
07-01-2019 06:00,0.029,,,,,,,,,,,
07-01-2019 07:00,0.043,,,,,,,,,,,
07-01-2019 08:00,0.072,,,,,,,,,,,
07-01-2019 09:00,0.106,,,,,,,,,,,
07-01-2019 10:00,0.149,,,,,,,,,,,
07-01-2019 11:00,0.239,,,,,,,,,,,
07-01-2019 12:00,0.358,,,,,,,,,,,
07-01-2019 13:00,0.379,,,,,,,,,,,
07-01-2019 14:00,0.388,,,,,,,,,,,
07-01-2019 15:00,0.395,,,,,,,,,,,
07-01-2019 16:00,0.386,,,,,,,,,,,
07-01-2019 17:00,0.369,,,,,,,,,,,
07-01-2019 18:00,0.351,,,,,,,,,,,
07-01-2019 19:00,0.333,,,,,,,,,,,
07-01-2019 20:00,0.332,,,,,,,,,,,
07-01-2019 21:00,0.323,,,,,,,,,,,
07-01-2019 22:00,0.305,,,,,,,,,,,
07-01-2019 23:00,0.277,,,,,,,,,,,
08-01-2019 00:00,0.255,,,,,,,,,,,
08-01-2019 01:00,0.24,,,,,,,,,,,
08-01-2019 02:00,0.123,,,,,,,,,,,
08-01-2019 03:00,0.136,,,,,,,,,,,
08-01-2019 04:00,0.135,,,,,,,,,,,
08-01-2019 05:00,0.058,,,,,,,,,,,
08-01-2019 06:00,0.017,,,,,,,,,,,
08-01-2019 07:00,0.005,,,,,,,,,,,
08-01-2019 08:00,0.004,,,,,,,,,,,
08-01-2019 09:00,0.008,,,,,,,,,,,
08-01-2019 10:00,0.014,,,,,,,,,,,
08-01-2019 11:00,0.035,,,,,,,,,,,
08-01-2019 12:00,0.057,,,,,,,,,,,
08-01-2019 13:00,0.054,,,,,,,,,,,
08-01-2019 14:00,0.037,,,,,,,,,,,
08-01-2019 15:00,0.02,,,,,,,,,,,
08-01-2019 16:00,0.011,,,,,,,,,,,
08-01-2019 17:00,0.011,,,,,,,,,,,
08-01-2019 18:00,0.022,,,,,,,,,,,
08-01-2019 19:00,0.045,,,,,,,,,,,
08-01-2019 20:00,0.08,,,,,,,,,,,
08-01-2019 21:00,0.101,,,,,,,,,,,
08-01-2019 22:00,0.102,,,,,,,,,,,
08-01-2019 23:00,0.101,,,,,,,,,,,
09-01-2019 00:00,0.093,,,,,,,,,,,
09-01-2019 01:00,0.076,,,,,,,,,,,
09-01-2019 02:00,0.041,,,,,,,,,,,
09-01-2019 03:00,0.007,,,,,,,,,,,
09-01-2019 04:00,0.002,,,,,,,,,,,
09-01-2019 05:00,0.01,,,,,,,,,,,
09-01-2019 06:00,0.02,,,,,,,,,,,
09-01-2019 07:00,0.032,,,,,,,,,,,
09-01-2019 08:00,0.046,,,,,,,,,,,
09-01-2019 09:00,0.065,,,,,,,,,,,
09-01-2019 10:00,0.095,,,,,,,,,,,
09-01-2019 11:00,0.161,,,,,,,,,,,
09-01-2019 12:00,0.256,,,,,,,,,,,
09-01-2019 13:00,0.272,,,,,,,,,,,
09-01-2019 14:00,0.245,,,,,,,,,,,
09-01-2019 15:00,0.208,,,,,,,,,,,
09-01-2019 16:00,0.179,,,,,,,,,,,
09-01-2019 17:00,0.161,,,,,,,,,,,
09-01-2019 18:00,0.158,,,,,,,,,,,
09-01-2019 19:00,0.174,,,,,,,,,,,
09-01-2019 20:00,0.201,,,,,,,,,,,
09-01-2019 21:00,0.196,,,,,,,,,,,
09-01-2019 22:00,0.18,,,,,,,,,,,
09-01-2019 23:00,0.177,,,,,,,,,,,
10-01-2019 00:00,0.179,,,,,,,,,,,
10-01-2019 01:00,0.182,,,,,,,,,,,
10-01-2019 02:00,0.107,,,,,,,,,,,
10-01-2019 03:00,0.039,,,,,,,,,,,
10-01-2019 04:00,0.002,,,,,,,,,,,
10-01-2019 05:00,0,,,,,,,,,,,
10-01-2019 06:00,0,,,,,,,,,,,
10-01-2019 07:00,0.001,,,,,,,,,,,
10-01-2019 08:00,0.003,,,,,,,,,,,
10-01-2019 09:00,0.005,,,,,,,,,,,
10-01-2019 10:00,0.005,,,,,,,,,,,
10-01-2019 11:00,0.014,,,,,,,,,,,
10-01-2019 12:00,0.03,,,,,,,,,,,
10-01-2019 13:00,0.047,,,,,,,,,,,
10-01-2019 14:00,0.061,,,,,,,,,,,
10-01-2019 15:00,0.07,,,,,,,,,,,
10-01-2019 16:00,0.093,,,,,,,,,,,
10-01-2019 17:00,0.117,,,,,,,,,,,
10-01-2019 18:00,0.114,,,,,,,,,,,
10-01-2019 19:00,0.106,,,,,,,,,,,
10-01-2019 20:00,0.101,,,,,,,,,,,
10-01-2019 21:00,0.086,,,,,,,,,,,
10-01-2019 22:00,0.062,,,,,,,,,,,
10-01-2019 23:00,0.053,,,,,,,,,,,
11-01-2019 00:00,0.051,,,,,,,,,,,
11-01-2019 01:00,0.062,,,,,,,,,,,
11-01-2019 02:00,0.058,,,,,,,,,,,
11-01-2019 03:00,0.021,,,,,,,,,,,
11-01-2019 04:00,0.022,,,,,,,,,,,
11-01-2019 05:00,0.025,,,,,,,,,,,
11-01-2019 06:00,0.046,,,,,,,,,,,
11-01-2019 07:00,0.068,,,,,,,,,,,
11-01-2019 08:00,0.078,,,,,,,,,,,
11-01-2019 09:00,0.071,,,,,,,,,,,
11-01-2019 10:00,0.047,,,,,,,,,,,
11-01-2019 11:00,0.035,,,,,,,,,,,
11-01-2019 12:00,0.029,,,,,,,,,,,
11-01-2019 13:00,0.024,,,,,,,,,,,
11-01-2019 14:00,0.031,,,,,,,,,,,
11-01-2019 15:00,0.053,,,,,,,,,,,
11-01-2019 16:00,0.094,,,,,,,,,,,
11-01-2019 17:00,0.136,,,,,,,,,,,
11-01-2019 18:00,0.156,,,,,,,,,,,
11-01-2019 19:00,0.192,,,,,,,,,,,
11-01-2019 20:00,0.235,,,,,,,,,,,
11-01-2019 21:00,0.228,,,,,,,,,,,
11-01-2019 22:00,0.204,,,,,,,,,,,
11-01-2019 23:00,0.192,,,,,,,,,,,
12-01-2019 00:00,0.191,,,,,,,,,,,
12-01-2019 01:00,0.192,,,,,,,,,,,
12-01-2019 02:00,0.139,,,,,,,,,,,
12-01-2019 03:00,0.084,,,,,,,,,,,
12-01-2019 04:00,0.143,,,,,,,,,,,
12-01-2019 05:00,0.121,,,,,,,,,,,
12-01-2019 06:00,0.107,,,,,,,,,,,
12-01-2019 07:00,0.105,,,,,,,,,,,
12-01-2019 08:00,0.102,,,,,,,,,,,
12-01-2019 09:00,0.095,,,,,,,,,,,
12-01-2019 10:00,0.084,,,,,,,,,,,
12-01-2019 11:00,0.077,,,,,,,,,,,
12-01-2019 12:00,0.093,,,,,,,,,,,
12-01-2019 13:00,0.144,,,,,,,,,,,
12-01-2019 14:00,0.227,,,,,,,,,,,
12-01-2019 15:00,0.325,,,,,,,,,,,
12-01-2019 16:00,0.398,,,,,,,,,,,
12-01-2019 17:00,0.442,,,,,,,,,,,
12-01-2019 18:00,0.492,,,,,,,,,,,
12-01-2019 19:00,0.555,,,,,,,,,,,
12-01-2019 20:00,0.592,,,,,,,,,,,
12-01-2019 21:00,0.563,,,,,,,,,,,
12-01-2019 22:00,0.507,,,,,,,,,,,
12-01-2019 23:00,0.454,,,,,,,,,,,
13-01-2019 00:00,0.402,,,,,,,,,,,
13-01-2019 01:00,0.355,,,,,,,,,,,
13-01-2019 02:00,0.188,,,,,,,,,,,
13-01-2019 03:00,0.125,,,,,,,,,,,
13-01-2019 04:00,0.224,,,,,,,,,,,
13-01-2019 05:00,0.136,,,,,,,,,,,
13-01-2019 06:00,0.09,,,,,,,,,,,
13-01-2019 07:00,0.084,,,,,,,,,,,
13-01-2019 08:00,0.095,,,,,,,,,,,
13-01-2019 09:00,0.11,,,,,,,,,,,
13-01-2019 10:00,0.114,,,,,,,,,,,
13-01-2019 11:00,0.112,,,,,,,,,,,
13-01-2019 12:00,0.125,,,,,,,,,,,
13-01-2019 13:00,0.141,,,,,,,,,,,
13-01-2019 14:00,0.152,,,,,,,,,,,
13-01-2019 15:00,0.149,,,,,,,,,,,
13-01-2019 16:00,0.146,,,,,,,,,,,
13-01-2019 17:00,0.156,,,,,,,,,,,
13-01-2019 18:00,0.177,,,,,,,,,,,
13-01-2019 19:00,0.201,,,,,,,,,,,
13-01-2019 20:00,0.225,,,,,,,,,,,
13-01-2019 21:00,0.27,,,,,,,,,,,
13-01-2019 22:00,0.328,,,,,,,,,,,
13-01-2019 23:00,0.37,,,,,,,,,,,
14-01-2019 00:00,0.391,,,,,,,,,,,
14-01-2019 01:00,0.389,,,,,,,,,,,
14-01-2019 02:00,0.227,,,,,,,,,,,
14-01-2019 03:00,0.161,,,,,,,,,,,
14-01-2019 04:00,0.156,,,,,,,,,,,
14-01-2019 05:00,0.076,,,,,,,,,,,
14-01-2019 06:00,0.054,,,,,,,,,,,
14-01-2019 07:00,0.089,,,,,,,,,,,
14-01-2019 08:00,0.167,,,,,,,,,,,
14-01-2019 09:00,0.231,,,,,,,,,,,
14-01-2019 10:00,0.218,,,,,,,,,,,
14-01-2019 11:00,0.196,,,,,,,,,,,
14-01-2019 12:00,0.2,,,,,,,,,,,
14-01-2019 13:00,0.183,,,,,,,,,,,
14-01-2019 14:00,0.188,,,,,,,,,,,
14-01-2019 15:00,0.168,,,,,,,,,,,
14-01-2019 16:00,0.135,,,,,,,,,,,
14-01-2019 17:00,0.125,,,,,,,,,,,
14-01-2019 18:00,0.129,,,,,,,,,,,
14-01-2019 19:00,0.134,,,,,,,,,,,
14-01-2019 20:00,0.13,,,,,,,,,,,
14-01-2019 21:00,0.115,,,,,,,,,,,
14-01-2019 22:00,0.108,,,,,,,,,,,
14-01-2019 23:00,0.117,,,,,,,,,,,
15-01-2019 00:00,0.124,,,,,,,,,,,
15-01-2019 01:00,0.12,,,,,,,,,,,
15-01-2019 02:00,0.054,,,,,,,,,,,
15-01-2019 03:00,0.017,,,,,,,,,,,
15-01-2019 04:00,0.007,,,,,,,,,,,
15-01-2019 05:00,0.007,,,,,,,,,,,
15-01-2019 06:00,0.002,,,,,,,,,,,
15-01-2019 07:00,0.001,,,,,,,,,,,
15-01-2019 08:00,0.007,,,,,,,,,,,
15-01-2019 09:00,0.032,,,,,,,,,,,
15-01-2019 10:00,0.061,,,,,,,,,,,
15-01-2019 11:00,0.114,,,,,,,,,,,
15-01-2019 12:00,0.181,,,,,,,,,,,
15-01-2019 13:00,0.174,,,,,,,,,,,
15-01-2019 14:00,0.129,,,,,,,,,,,
15-01-2019 15:00,0.089,,,,,,,,,,,
15-01-2019 16:00,0.066,,,,,,,,,,,
15-01-2019 17:00,0.053,,,,,,,,,,,
15-01-2019 18:00,0.054,,,,,,,,,,,
15-01-2019 19:00,0.071,,,,,,,,,,,
15-01-2019 20:00,0.104,,,,,,,,,,,
15-01-2019 21:00,0.124,,,,,,,,,,,
15-01-2019 22:00,0.124,,,,,,,,,,,
15-01-2019 23:00,0.12,,,,,,,,,,,
16-01-2019 00:00,0.117,,,,,,,,,,,
16-01-2019 01:00,0.108,,,,,,,,,,,
16-01-2019 02:00,0.058,,,,,,,,,,,
16-01-2019 03:00,0.002,,,,,,,,,,,
16-01-2019 04:00,0,,,,,,,,,,,
16-01-2019 05:00,0.001,,,,,,,,,,,
16-01-2019 06:00,0.002,,,,,,,,,,,
16-01-2019 07:00,0.008,,,,,,,,,,,
16-01-2019 08:00,0.018,,,,,,,,,,,
16-01-2019 09:00,0.025,,,,,,,,,,,
16-01-2019 10:00,0.024,,,,,,,,,,,
16-01-2019 11:00,0.036,,,,,,,,,,,
16-01-2019 12:00,0.06,,,,,,,,,,,
16-01-2019 13:00,0.075,,,,,,,,,,,
16-01-2019 14:00,0.094,,,,,,,,,,,
16-01-2019 15:00,0.104,,,,,,,,,,,
16-01-2019 16:00,0.107,,,,,,,,,,,
16-01-2019 17:00,0.114,,,,,,,,,,,
16-01-2019 18:00,0.116,,,,,,,,,,,
16-01-2019 19:00,0.114,,,,,,,,,,,
16-01-2019 20:00,0.105,,,,,,,,,,,
16-01-2019 21:00,0.074,,,,,,,,,,,
16-01-2019 22:00,0.04,,,,,,,,,,,
16-01-2019 23:00,0.019,,,,,,,,,,,
17-01-2019 00:00,0.009,,,,,,,,,,,
17-01-2019 01:00,0.004,,,,,,,,,,,
17-01-2019 02:00,0.001,,,,,,,,,,,
17-01-2019 03:00,0,,,,,,,,,,,
17-01-2019 04:00,0.013,,,,,,,,,,,
17-01-2019 05:00,0.04,,,,,,,,,,,
17-01-2019 06:00,0.042,,,,,,,,,,,
17-01-2019 07:00,0.043,,,,,,,,,,,
17-01-2019 08:00,0.041,,,,,,,,,,,
17-01-2019 09:00,0.042,,,,,,,,,,,
17-01-2019 10:00,0.045,,,,,,,,,,,
17-01-2019 11:00,0.062,,,,,,,,,,,
17-01-2019 12:00,0.079,,,,,,,,,,,
17-01-2019 13:00,0.082,,,,,,,,,,,
17-01-2019 14:00,0.078,,,,,,,,,,,
17-01-2019 15:00,0.083,,,,,,,,,,,
17-01-2019 16:00,0.121,,,,,,,,,,,
17-01-2019 17:00,0.161,,,,,,,,,,,
17-01-2019 18:00,0.186,,,,,,,,,,,
17-01-2019 19:00,0.214,,,,,,,,,,,
17-01-2019 20:00,0.245,,,,,,,,,,,
17-01-2019 21:00,0.227,,,,,,,,,,,
17-01-2019 22:00,0.193,,,,,,,,,,,
17-01-2019 23:00,0.179,,,,,,,,,,,
18-01-2019 00:00,0.174,,,,,,,,,,,
18-01-2019 01:00,0.168,,,,,,,,,,,
18-01-2019 02:00,0.096,,,,,,,,,,,
18-01-2019 03:00,0.029,,,,,,,,,,,
18-01-2019 04:00,0.012,,,,,,,,,,,
18-01-2019 05:00,0.012,,,,,,,,,,,
18-01-2019 06:00,0.017,,,,,,,,,,,
18-01-2019 07:00,0.02,,,,,,,,,,,
18-01-2019 08:00,0.023,,,,,,,,,,,
18-01-2019 09:00,0.032,,,,,,,,,,,
18-01-2019 10:00,0.049,,,,,,,,,,,
18-01-2019 11:00,0.093,,,,,,,,,,,
18-01-2019 12:00,0.154,,,,,,,,,,,
18-01-2019 13:00,0.164,,,,,,,,,,,
18-01-2019 14:00,0.146,,,,,,,,,,,
18-01-2019 15:00,0.121,,,,,,,,,,,
18-01-2019 16:00,0.114,,,,,,,,,,,
18-01-2019 17:00,0.119,,,,,,,,,,,
18-01-2019 18:00,0.122,,,,,,,,,,,
18-01-2019 19:00,0.119,,,,,,,,,,,
18-01-2019 20:00,0.126,,,,,,,,,,,
18-01-2019 21:00,0.146,,,,,,,,,,,
18-01-2019 22:00,0.167,,,,,,,,,,,
18-01-2019 23:00,0.178,,,,,,,,,,,
19-01-2019 00:00,0.178,,,,,,,,,,,
19-01-2019 01:00,0.176,,,,,,,,,,,
19-01-2019 02:00,0.121,,,,,,,,,,,
19-01-2019 03:00,0.028,,,,,,,,,,,
19-01-2019 04:00,0.001,,,,,,,,,,,
19-01-2019 05:00,0,,,,,,,,,,,
19-01-2019 06:00,0,,,,,,,,,,,
19-01-2019 07:00,0,,,,,,,,,,,
19-01-2019 08:00,0,,,,,,,,,,,
19-01-2019 09:00,0,,,,,,,,,,,
19-01-2019 10:00,0.002,,,,,,,,,,,
19-01-2019 11:00,0.028,,,,,,,,,,,
19-01-2019 12:00,0.096,,,,,,,,,,,
19-01-2019 13:00,0.144,,,,,,,,,,,
19-01-2019 14:00,0.168,,,,,,,,,,,
19-01-2019 15:00,0.179,,,,,,,,,,,
19-01-2019 16:00,0.168,,,,,,,,,,,
19-01-2019 17:00,0.155,,,,,,,,,,,
19-01-2019 18:00,0.16,,,,,,,,,,,
19-01-2019 19:00,0.184,,,,,,,,,,,
19-01-2019 20:00,0.181,,,,,,,,,,,
19-01-2019 21:00,0.16,,,,,,,,,,,
19-01-2019 22:00,0.138,,,,,,,,,,,
19-01-2019 23:00,0.118,,,,,,,,,,,
20-01-2019 00:00,0.105,,,,,,,,,,,
20-01-2019 01:00,0.105,,,,,,,,,,,
20-01-2019 02:00,0.09,,,,,,,,,,,
20-01-2019 03:00,0.02,,,,,,,,,,,
20-01-2019 04:00,0.002,,,,,,,,,,,
20-01-2019 05:00,0.001,,,,,,,,,,,
20-01-2019 06:00,0.001,,,,,,,,,,,
20-01-2019 07:00,0.004,,,,,,,,,,,
20-01-2019 08:00,0.007,,,,,,,,,,,
20-01-2019 09:00,0.005,,,,,,,,,,,
20-01-2019 10:00,0.002,,,,,,,,,,,
20-01-2019 11:00,0.001,,,,,,,,,,,
20-01-2019 12:00,0.002,,,,,,,,,,,
20-01-2019 13:00,0,,,,,,,,,,,
20-01-2019 14:00,0.002,,,,,,,,,,,
20-01-2019 15:00,0.04,,,,,,,,,,,
20-01-2019 16:00,0.131,,,,,,,,,,,
20-01-2019 17:00,0.235,,,,,,,,,,,
20-01-2019 18:00,0.332,,,,,,,,,,,
20-01-2019 19:00,0.421,,,,,,,,,,,
20-01-2019 20:00,0.461,,,,,,,,,,,
20-01-2019 21:00,0.444,,,,,,,,,,,
20-01-2019 22:00,0.422,,,,,,,,,,,
20-01-2019 23:00,0.41,,,,,,,,,,,
21-01-2019 00:00,0.42,,,,,,,,,,,
21-01-2019 01:00,0.459,,,,,,,,,,,
21-01-2019 02:00,0.358,,,,,,,,,,,
21-01-2019 03:00,0.23,,,,,,,,,,,
21-01-2019 04:00,0.306,,,,,,,,,,,
21-01-2019 05:00,0.277,,,,,,,,,,,
21-01-2019 06:00,0.274,,,,,,,,,,,
21-01-2019 07:00,0.275,,,,,,,,,,,
21-01-2019 08:00,0.284,,,,,,,,,,,
21-01-2019 09:00,0.3,,,,,,,,,,,
21-01-2019 10:00,0.323,,,,,,,,,,,
21-01-2019 11:00,0.388,,,,,,,,,,,
21-01-2019 12:00,0.547,,,,,,,,,,,
21-01-2019 13:00,0.627,,,,,,,,,,,
21-01-2019 14:00,0.683,,,,,,,,,,,
21-01-2019 15:00,0.76,,,,,,,,,,,
21-01-2019 16:00,0.812,,,,,,,,,,,
21-01-2019 17:00,0.834,,,,,,,,,,,
21-01-2019 18:00,0.839,,,,,,,,,,,
21-01-2019 19:00,0.823,,,,,,,,,,,
21-01-2019 20:00,0.768,,,,,,,,,,,
21-01-2019 21:00,0.649,,,,,,,,,,,
21-01-2019 22:00,0.523,,,,,,,,,,,
21-01-2019 23:00,0.466,,,,,,,,,,,
22-01-2019 00:00,0.409,,,,,,,,,,,
22-01-2019 01:00,0.348,,,,,,,,,,,
22-01-2019 02:00,0.174,,,,,,,,,,,
22-01-2019 03:00,0.104,,,,,,,,,,,
22-01-2019 04:00,0.168,,,,,,,,,,,
22-01-2019 05:00,0.176,,,,,,,,,,,
22-01-2019 06:00,0.182,,,,,,,,,,,
22-01-2019 07:00,0.187,,,,,,,,,,,
22-01-2019 08:00,0.184,,,,,,,,,,,
22-01-2019 09:00,0.192,,,,,,,,,,,
22-01-2019 10:00,0.215,,,,,,,,,,,
22-01-2019 11:00,0.22,,,,,,,,,,,
22-01-2019 12:00,0.243,,,,,,,,,,,
22-01-2019 13:00,0.241,,,,,,,,,,,
22-01-2019 14:00,0.213,,,,,,,,,,,
22-01-2019 15:00,0.17,,,,,,,,,,,
22-01-2019 16:00,0.125,,,,,,,,,,,
22-01-2019 17:00,0.085,,,,,,,,,,,
22-01-2019 18:00,0.061,,,,,,,,,,,
22-01-2019 19:00,0.047,,,,,,,,,,,
22-01-2019 20:00,0.042,,,,,,,,,,,
22-01-2019 21:00,0.034,,,,,,,,,,,
22-01-2019 22:00,0.021,,,,,,,,,,,
22-01-2019 23:00,0.011,,,,,,,,,,,
23-01-2019 00:00,0.005,,,,,,,,,,,
23-01-2019 01:00,0.002,,,,,,,,,,,
23-01-2019 02:00,0.001,,,,,,,,,,,
23-01-2019 03:00,0.002,,,,,,,,,,,
23-01-2019 04:00,0.012,,,,,,,,,,,
23-01-2019 05:00,0.025,,,,,,,,,,,
23-01-2019 06:00,0.049,,,,,,,,,,,
23-01-2019 07:00,0.072,,,,,,,,,,,
23-01-2019 08:00,0.085,,,,,,,,,,,
23-01-2019 09:00,0.09,,,,,,,,,,,
23-01-2019 10:00,0.091,,,,,,,,,,,
23-01-2019 11:00,0.1,,,,,,,,,,,
23-01-2019 12:00,0.14,,,,,,,,,,,
23-01-2019 13:00,0.155,,,,,,,,,,,
23-01-2019 14:00,0.149,,,,,,,,,,,
23-01-2019 15:00,0.116,,,,,,,,,,,
23-01-2019 16:00,0.071,,,,,,,,,,,
23-01-2019 17:00,0.039,,,,,,,,,,,
23-01-2019 18:00,0.023,,,,,,,,,,,
23-01-2019 19:00,0.02,,,,,,,,,,,
23-01-2019 20:00,0.025,,,,,,,,,,,
23-01-2019 21:00,0.048,,,,,,,,,,,
23-01-2019 22:00,0.088,,,,,,,,,,,
23-01-2019 23:00,0.12,,,,,,,,,,,
24-01-2019 00:00,0.141,,,,,,,,,,,
24-01-2019 01:00,0.151,,,,,,,,,,,
24-01-2019 02:00,0.068,,,,,,,,,,,
24-01-2019 03:00,0.03,,,,,,,,,,,
24-01-2019 04:00,0.011,,,,,,,,,,,
24-01-2019 05:00,0.006,,,,,,,,,,,
24-01-2019 06:00,0.016,,,,,,,,,,,
24-01-2019 07:00,0.035,,,,,,,,,,,
24-01-2019 08:00,0.054,,,,,,,,,,,
24-01-2019 09:00,0.072,,,,,,,,,,,
24-01-2019 10:00,0.079,,,,,,,,,,,
24-01-2019 11:00,0.069,,,,,,,,,,,
24-01-2019 12:00,0.05,,,,,,,,,,,
24-01-2019 13:00,0.035,,,,,,,,,,,
24-01-2019 14:00,0.023,,,,,,,,,,,
24-01-2019 15:00,0.017,,,,,,,,,,,
24-01-2019 16:00,0.024,,,,,,,,,,,
24-01-2019 17:00,0.035,,,,,,,,,,,
24-01-2019 18:00,0.043,,,,,,,,,,,
24-01-2019 19:00,0.049,,,,,,,,,,,
24-01-2019 20:00,0.042,,,,,,,,,,,
24-01-2019 21:00,0.032,,,,,,,,,,,
24-01-2019 22:00,0.021,,,,,,,,,,,
24-01-2019 23:00,0.016,,,,,,,,,,,
25-01-2019 00:00,0.019,,,,,,,,,,,
25-01-2019 01:00,0.03,,,,,,,,,,,
25-01-2019 02:00,0.031,,,,,,,,,,,
25-01-2019 03:00,0.038,,,,,,,,,,,
25-01-2019 04:00,0.054,,,,,,,,,,,
25-01-2019 05:00,0.032,,,,,,,,,,,
25-01-2019 06:00,0.019,,,,,,,,,,,
25-01-2019 07:00,0.03,,,,,,,,,,,
25-01-2019 08:00,0.042,,,,,,,,,,,
25-01-2019 09:00,0.036,,,,,,,,,,,
25-01-2019 10:00,0.014,,,,,,,,,,,
25-01-2019 11:00,0.001,,,,,,,,,,,
25-01-2019 12:00,0.001,,,,,,,,,,,
25-01-2019 13:00,0.044,,,,,,,,,,,
25-01-2019 14:00,0.138,,,,,,,,,,,
25-01-2019 15:00,0.201,,,,,,,,,,,
25-01-2019 16:00,0.231,,,,,,,,,,,
25-01-2019 17:00,0.242,,,,,,,,,,,
25-01-2019 18:00,0.245,,,,,,,,,,,
25-01-2019 19:00,0.241,,,,,,,,,,,
25-01-2019 20:00,0.236,,,,,,,,,,,
25-01-2019 21:00,0.295,,,,,,,,,,,
25-01-2019 22:00,0.376,,,,,,,,,,,
25-01-2019 23:00,0.395,,,,,,,,,,,
26-01-2019 00:00,0.395,,,,,,,,,,,
26-01-2019 01:00,0.379,,,,,,,,,,,
26-01-2019 02:00,0.332,,,,,,,,,,,
26-01-2019 03:00,0.431,,,,,,,,,,,
26-01-2019 04:00,0.305,,,,,,,,,,,
26-01-2019 05:00,0.131,,,,,,,,,,,
26-01-2019 06:00,0.034,,,,,,,,,,,
26-01-2019 07:00,0.008,,,,,,,,,,,
26-01-2019 08:00,0.008,,,,,,,,,,,
26-01-2019 09:00,0.012,,,,,,,,,,,
26-01-2019 10:00,0.024,,,,,,,,,,,
26-01-2019 11:00,0.061,,,,,,,,,,,
26-01-2019 12:00,0.175,,,,,,,,,,,
26-01-2019 13:00,0.297,,,,,,,,,,,
26-01-2019 14:00,0.379,,,,,,,,,,,
26-01-2019 15:00,0.403,,,,,,,,,,,
26-01-2019 16:00,0.388,,,,,,,,,,,
26-01-2019 17:00,0.355,,,,,,,,,,,
26-01-2019 18:00,0.335,,,,,,,,,,,
26-01-2019 19:00,0.332,,,,,,,,,,,
26-01-2019 20:00,0.337,,,,,,,,,,,
26-01-2019 21:00,0.347,,,,,,,,,,,
26-01-2019 22:00,0.362,,,,,,,,,,,
26-01-2019 23:00,0.377,,,,,,,,,,,
27-01-2019 00:00,0.395,,,,,,,,,,,
27-01-2019 01:00,0.379,,,,,,,,,,,
27-01-2019 02:00,0.249,,,,,,,,,,,
27-01-2019 03:00,0.383,,,,,,,,,,,
27-01-2019 04:00,0.221,,,,,,,,,,,
27-01-2019 05:00,0.089,,,,,,,,,,,
27-01-2019 06:00,0.029,,,,,,,,,,,
27-01-2019 07:00,0.019,,,,,,,,,,,
27-01-2019 08:00,0.024,,,,,,,,,,,
27-01-2019 09:00,0.037,,,,,,,,,,,
27-01-2019 10:00,0.06,,,,,,,,,,,
27-01-2019 11:00,0.12,,,,,,,,,,,
27-01-2019 12:00,0.286,,,,,,,,,,,
27-01-2019 13:00,0.407,,,,,,,,,,,
27-01-2019 14:00,0.449,,,,,,,,,,,
27-01-2019 15:00,0.485,,,,,,,,,,,
27-01-2019 16:00,0.518,,,,,,,,,,,
27-01-2019 17:00,0.539,,,,,,,,,,,
27-01-2019 18:00,0.561,,,,,,,,,,,
27-01-2019 19:00,0.582,,,,,,,,,,,
27-01-2019 20:00,0.583,,,,,,,,,,,
27-01-2019 21:00,0.508,,,,,,,,,,,
27-01-2019 22:00,0.447,,,,,,,,,,,
27-01-2019 23:00,0.413,,,,,,,,,,,
28-01-2019 00:00,0.375,,,,,,,,,,,
28-01-2019 01:00,0.316,,,,,,,,,,,
28-01-2019 02:00,0.136,,,,,,,,,,,
28-01-2019 03:00,0.241,,,,,,,,,,,
28-01-2019 04:00,0.142,,,,,,,,,,,
28-01-2019 05:00,0.072,,,,,,,,,,,
28-01-2019 06:00,0.062,,,,,,,,,,,
28-01-2019 07:00,0.091,,,,,,,,,,,
28-01-2019 08:00,0.115,,,,,,,,,,,
28-01-2019 09:00,0.112,,,,,,,,,,,
28-01-2019 10:00,0.115,,,,,,,,,,,
28-01-2019 11:00,0.17,,,,,,,,,,,
28-01-2019 12:00,0.254,,,,,,,,,,,
28-01-2019 13:00,0.228,,,,,,,,,,,
28-01-2019 14:00,0.199,,,,,,,,,,,
28-01-2019 15:00,0.258,,,,,,,,,,,
28-01-2019 16:00,0.355,,,,,,,,,,,
28-01-2019 17:00,0.434,,,,,,,,,,,
28-01-2019 18:00,0.481,,,,,,,,,,,
28-01-2019 19:00,0.461,,,,,,,,,,,
28-01-2019 20:00,0.422,,,,,,,,,,,
28-01-2019 21:00,0.371,,,,,,,,,,,
28-01-2019 22:00,0.341,,,,,,,,,,,
28-01-2019 23:00,0.248,,,,,,,,,,,
29-01-2019 00:00,0.15,,,,,,,,,,,
29-01-2019 01:00,0.077,,,,,,,,,,,
29-01-2019 02:00,0.014,,,,,,,,,,,
29-01-2019 03:00,0.032,,,,,,,,,,,
29-01-2019 04:00,0.048,,,,,,,,,,,
29-01-2019 05:00,0.036,,,,,,,,,,,
29-01-2019 06:00,0.028,,,,,,,,,,,
29-01-2019 07:00,0.029,,,,,,,,,,,
29-01-2019 08:00,0.029,,,,,,,,,,,
29-01-2019 09:00,0.031,,,,,,,,,,,
29-01-2019 10:00,0.042,,,,,,,,,,,
29-01-2019 11:00,0.068,,,,,,,,,,,
29-01-2019 12:00,0.093,,,,,,,,,,,
29-01-2019 13:00,0.095,,,,,,,,,,,
29-01-2019 14:00,0.092,,,,,,,,,,,
29-01-2019 15:00,0.085,,,,,,,,,,,
29-01-2019 16:00,0.074,,,,,,,,,,,
29-01-2019 17:00,0.072,,,,,,,,,,,
29-01-2019 18:00,0.074,,,,,,,,,,,
29-01-2019 19:00,0.072,,,,,,,,,,,
29-01-2019 20:00,0.06,,,,,,,,,,,
29-01-2019 21:00,0.043,,,,,,,,,,,
29-01-2019 22:00,0.035,,,,,,,,,,,
29-01-2019 23:00,0.032,,,,,,,,,,,
30-01-2019 00:00,0.026,,,,,,,,,,,
30-01-2019 01:00,0.021,,,,,,,,,,,
30-01-2019 02:00,0.011,,,,,,,,,,,
30-01-2019 03:00,0,,,,,,,,,,,
30-01-2019 04:00,0,,,,,,,,,,,
30-01-2019 05:00,0,,,,,,,,,,,
30-01-2019 06:00,0,,,,,,,,,,,
30-01-2019 07:00,0,,,,,,,,,,,
30-01-2019 08:00,0,,,,,,,,,,,
30-01-2019 09:00,0,,,,,,,,,,,
30-01-2019 10:00,0,,,,,,,,,,,
30-01-2019 11:00,0,,,,,,,,,,,
30-01-2019 12:00,0.004,,,,,,,,,,,
30-01-2019 13:00,0.023,,,,,,,,,,,
30-01-2019 14:00,0.072,,,,,,,,,,,
30-01-2019 15:00,0.168,,,,,,,,,,,
30-01-2019 16:00,0.25,,,,,,,,,,,
30-01-2019 17:00,0.268,,,,,,,,,,,
30-01-2019 18:00,0.28,,,,,,,,,,,
30-01-2019 19:00,0.342,,,,,,,,,,,
30-01-2019 20:00,0.418,,,,,,,,,,,
30-01-2019 21:00,0.437,,,,,,,,,,,
30-01-2019 22:00,0.413,,,,,,,,,,,
30-01-2019 23:00,0.381,,,,,,,,,,,
31-01-2019 00:00,0.351,,,,,,,,,,,
31-01-2019 01:00,0.337,,,,,,,,,,,
31-01-2019 02:00,0.2,,,,,,,,,,,
31-01-2019 03:00,0.131,,,,,,,,,,,
31-01-2019 04:00,0.092,,,,,,,,,,,
31-01-2019 05:00,0.051,,,,,,,,,,,
31-01-2019 06:00,0.034,,,,,,,,,,,
31-01-2019 07:00,0.036,,,,,,,,,,,
31-01-2019 08:00,0.052,,,,,,,,,,,
31-01-2019 09:00,0.058,,,,,,,,,,,
31-01-2019 10:00,0.049,,,,,,,,,,,
31-01-2019 11:00,0.077,,,,,,,,,,,
31-01-2019 12:00,0.181,,,,,,,,,,,
31-01-2019 13:00,0.32,,,,,,,,,,,
31-01-2019 14:00,0.434,,,,,,,,,,,
31-01-2019 15:00,0.491,,,,,,,,,,,
31-01-2019 16:00,0.501,,,,,,,,,,,
31-01-2019 17:00,0.497,,,,,,,,,,,
31-01-2019 18:00,0.483,,,,,,,,,,,
31-01-2019 19:00,0.467,,,,,,,,,,,
31-01-2019 20:00,0.464,,,,,,,,,,,
31-01-2019 21:00,0.437,,,,,,,,,,,
31-01-2019 22:00,0.431,,,,,,,,,,,
31-01-2019 23:00,0.447,,,,,,,,,,,
01-02-2019 00:00,0.457,,,,,,,,,,,
01-02-2019 01:00,0.447,,,,,,,,,,,
01-02-2019 02:00,0.235,,,,,,,,,,,
01-02-2019 03:00,0.101,,,,,,,,,,,
01-02-2019 04:00,0.034,,,,,,,,,,,
01-02-2019 05:00,0.01,,,,,,,,,,,
01-02-2019 06:00,0.015,,,,,,,,,,,
01-02-2019 07:00,0.027,,,,,,,,,,,
01-02-2019 08:00,0.039,,,,,,,,,,,
01-02-2019 09:00,0.043,,,,,,,,,,,
01-02-2019 10:00,0.037,,,,,,,,,,,
01-02-2019 11:00,0.031,,,,,,,,,,,
01-02-2019 12:00,0.022,,,,,,,,,,,
01-02-2019 13:00,0.016,,,,,,,,,,,
01-02-2019 14:00,0.013,,,,,,,,,,,
01-02-2019 15:00,0.017,,,,,,,,,,,
01-02-2019 16:00,0.029,,,,,,,,,,,
01-02-2019 17:00,0.041,,,,,,,,,,,
01-02-2019 18:00,0.05,,,,,,,,,,,
01-02-2019 19:00,0.052,,,,,,,,,,,
01-02-2019 20:00,0.036,,,,,,,,,,,
01-02-2019 21:00,0.019,,,,,,,,,,,
01-02-2019 22:00,0.006,,,,,,,,,,,
01-02-2019 23:00,0.002,,,,,,,,,,,
02-02-2019 00:00,0.001,,,,,,,,,,,
02-02-2019 01:00,0,,,,,,,,,,,
02-02-2019 02:00,0,,,,,,,,,,,
02-02-2019 03:00,0,,,,,,,,,,,
02-02-2019 04:00,0,,,,,,,,,,,
02-02-2019 05:00,0.003,,,,,,,,,,,
02-02-2019 06:00,0.01,,,,,,,,,,,
02-02-2019 07:00,0.024,,,,,,,,,,,
02-02-2019 08:00,0.041,,,,,,,,,,,
02-02-2019 09:00,0.044,,,,,,,,,,,
02-02-2019 10:00,0.045,,,,,,,,,,,
02-02-2019 11:00,0.047,,,,,,,,,,,
02-02-2019 12:00,0.05,,,,,,,,,,,
02-02-2019 13:00,0.047,,,,,,,,,,,
02-02-2019 14:00,0.04,,,,,,,,,,,
02-02-2019 15:00,0.023,,,,,,,,,,,
02-02-2019 16:00,0.008,,,,,,,,,,,
02-02-2019 17:00,0.003,,,,,,,,,,,
02-02-2019 18:00,0.002,,,,,,,,,,,
02-02-2019 19:00,0.002,,,,,,,,,,,
02-02-2019 20:00,0.003,,,,,,,,,,,
02-02-2019 21:00,0.01,,,,,,,,,,,
02-02-2019 22:00,0.025,,,,,,,,,,,
02-02-2019 23:00,0.038,,,,,,,,,,,
03-02-2019 00:00,0.05,,,,,,,,,,,
03-02-2019 01:00,0.066,,,,,,,,,,,
03-02-2019 02:00,0.04,,,,,,,,,,,
03-02-2019 03:00,0.019,,,,,,,,,,,
03-02-2019 04:00,0.005,,,,,,,,,,,
03-02-2019 05:00,0,,,,,,,,,,,
03-02-2019 06:00,0,,,,,,,,,,,
03-02-2019 07:00,0,,,,,,,,,,,
03-02-2019 08:00,0,,,,,,,,,,,
03-02-2019 09:00,0,,,,,,,,,,,
03-02-2019 10:00,0,,,,,,,,,,,
03-02-2019 11:00,0.001,,,,,,,,,,,
03-02-2019 12:00,0.01,,,,,,,,,,,
03-02-2019 13:00,0.033,,,,,,,,,,,
03-02-2019 14:00,0.066,,,,,,,,,,,
03-02-2019 15:00,0.115,,,,,,,,,,,
03-02-2019 16:00,0.178,,,,,,,,,,,
03-02-2019 17:00,0.241,,,,,,,,,,,
03-02-2019 18:00,0.27,,,,,,,,,,,
03-02-2019 19:00,0.281,,,,,,,,,,,
03-02-2019 20:00,0.294,,,,,,,,,,,
03-02-2019 21:00,0.254,,,,,,,,,,,
03-02-2019 22:00,0.209,,,,,,,,,,,
03-02-2019 23:00,0.18,,,,,,,,,,,
04-02-2019 00:00,0.161,,,,,,,,,,,
04-02-2019 01:00,0.144,,,,,,,,,,,
04-02-2019 02:00,0.076,,,,,,,,,,,
04-02-2019 03:00,0.055,,,,,,,,,,,
04-02-2019 04:00,0.022,,,,,,,,,,,
04-02-2019 05:00,0.003,,,,,,,,,,,
04-02-2019 06:00,0,,,,,,,,,,,
04-02-2019 07:00,0,,,,,,,,,,,
04-02-2019 08:00,0,,,,,,,,,,,
04-02-2019 09:00,0,,,,,,,,,,,
04-02-2019 10:00,0,,,,,,,,,,,
04-02-2019 11:00,0,,,,,,,,,,,
04-02-2019 12:00,0,,,,,,,,,,,
04-02-2019 13:00,0.033,,,,,,,,,,,
04-02-2019 14:00,0.054,,,,,,,,,,,
04-02-2019 15:00,0.073,,,,,,,,,,,
04-02-2019 16:00,0.124,,,,,,,,,,,
04-02-2019 17:00,0.164,,,,,,,,,,,
04-02-2019 18:00,0.18,,,,,,,,,,,
04-02-2019 19:00,0.173,,,,,,,,,,,
04-02-2019 20:00,0.171,,,,,,,,,,,
04-02-2019 21:00,0.168,,,,,,,,,,,
04-02-2019 22:00,0.157,,,,,,,,,,,
04-02-2019 23:00,0.161,,,,,,,,,,,
05-02-2019 00:00,0.202,,,,,,,,,,,
05-02-2019 01:00,0.208,,,,,,,,,,,
05-02-2019 02:00,0.138,,,,,,,,,,,
05-02-2019 03:00,0.068,,,,,,,,,,,
05-02-2019 04:00,0.009,,,,,,,,,,,
05-02-2019 05:00,0,,,,,,,,,,,
05-02-2019 06:00,0,,,,,,,,,,,
05-02-2019 07:00,0,,,,,,,,,,,
05-02-2019 08:00,0,,,,,,,,,,,
05-02-2019 09:00,0,,,,,,,,,,,
05-02-2019 10:00,0,,,,,,,,,,,
05-02-2019 11:00,0,,,,,,,,,,,
05-02-2019 12:00,0.009,,,,,,,,,,,
05-02-2019 13:00,0.082,,,,,,,,,,,
05-02-2019 14:00,0.188,,,,,,,,,,,
05-02-2019 15:00,0.306,,,,,,,,,,,
05-02-2019 16:00,0.407,,,,,,,,,,,
05-02-2019 17:00,0.454,,,,,,,,,,,
05-02-2019 18:00,0.48,,,,,,,,,,,
05-02-2019 19:00,0.494,,,,,,,,,,,
05-02-2019 20:00,0.501,,,,,,,,,,,
05-02-2019 21:00,0.481,,,,,,,,,,,
05-02-2019 22:00,0.464,,,,,,,,,,,
05-02-2019 23:00,0.476,,,,,,,,,,,
06-02-2019 00:00,0.495,,,,,,,,,,,
06-02-2019 01:00,0.481,,,,,,,,,,,
06-02-2019 02:00,0.281,,,,,,,,,,,
06-02-2019 03:00,0.227,,,,,,,,,,,
06-02-2019 04:00,0.227,,,,,,,,,,,
06-02-2019 05:00,0.218,,,,,,,,,,,
06-02-2019 06:00,0.244,,,,,,,,,,,
06-02-2019 07:00,0.27,,,,,,,,,,,
06-02-2019 08:00,0.295,,,,,,,,,,,
06-02-2019 09:00,0.31,,,,,,,,,,,
06-02-2019 10:00,0.323,,,,,,,,,,,
06-02-2019 11:00,0.307,,,,,,,,,,,
06-02-2019 12:00,0.386,,,,,,,,,,,
06-02-2019 13:00,0.501,,,,,,,,,,,
06-02-2019 14:00,0.59,,,,,,,,,,,
06-02-2019 15:00,0.634,,,,,,,,,,,
06-02-2019 16:00,0.656,,,,,,,,,,,
06-02-2019 17:00,0.684,,,,,,,,,,,
06-02-2019 18:00,0.701,,,,,,,,,,,
06-02-2019 19:00,0.696,,,,,,,,,,,
06-02-2019 20:00,0.674,,,,,,,,,,,
06-02-2019 21:00,0.607,,,,,,,,,,,
06-02-2019 22:00,0.539,,,,,,,,,,,
06-02-2019 23:00,0.481,,,,,,,,,,,
07-02-2019 00:00,0.432,,,,,,,,,,,
07-02-2019 01:00,0.388,,,,,,,,,,,
07-02-2019 02:00,0.305,,,,,,,,,,,
07-02-2019 03:00,0.479,,,,,,,,,,,
07-02-2019 04:00,0.674,,,,,,,,,,,
07-02-2019 05:00,0.77,,,,,,,,,,,
07-02-2019 06:00,0.817,,,,,,,,,,,
07-02-2019 07:00,0.844,,,,,,,,,,,
07-02-2019 08:00,0.856,,,,,,,,,,,
07-02-2019 09:00,0.845,,,,,,,,,,,
07-02-2019 10:00,0.82,,,,,,,,,,,
07-02-2019 11:00,0.777,,,,,,,,,,,
07-02-2019 12:00,0.707,,,,,,,,,,,
07-02-2019 13:00,0.619,,,,,,,,,,,
07-02-2019 14:00,0.519,,,,,,,,,,,
07-02-2019 15:00,0.436,,,,,,,,,,,
07-02-2019 16:00,0.386,,,,,,,,,,,
07-02-2019 17:00,0.355,,,,,,,,,,,
07-02-2019 18:00,0.302,,,,,,,,,,,
07-02-2019 19:00,0.267,,,,,,,,,,,
07-02-2019 20:00,0.223,,,,,,,,,,,
07-02-2019 21:00,0.168,,,,,,,,,,,
07-02-2019 22:00,0.125,,,,,,,,,,,
07-02-2019 23:00,0.092,,,,,,,,,,,
08-02-2019 00:00,0.07,,,,,,,,,,,
08-02-2019 01:00,0.049,,,,,,,,,,,
08-02-2019 02:00,0.047,,,,,,,,,,,
08-02-2019 03:00,0.02,,,,,,,,,,,
08-02-2019 04:00,0,,,,,,,,,,,
08-02-2019 05:00,0.002,,,,,,,,,,,
08-02-2019 06:00,0.062,,,,,,,,,,,
08-02-2019 07:00,0.188,,,,,,,,,,,
08-02-2019 08:00,0.329,,,,,,,,,,,
08-02-2019 09:00,0.432,,,,,,,,,,,
08-02-2019 10:00,0.517,,,,,,,,,,,
08-02-2019 11:00,0.556,,,,,,,,,,,
08-02-2019 12:00,0.55,,,,,,,,,,,
08-02-2019 13:00,0.548,,,,,,,,,,,
08-02-2019 14:00,0.516,,,,,,,,,,,
08-02-2019 15:00,0.532,,,,,,,,,,,
08-02-2019 16:00,0.568,,,,,,,,,,,
08-02-2019 17:00,0.616,,,,,,,,,,,
08-02-2019 18:00,0.611,,,,,,,,,,,
08-02-2019 19:00,0.585,,,,,,,,,,,
08-02-2019 20:00,0.55,,,,,,,,,,,
08-02-2019 21:00,0.481,,,,,,,,,,,
08-02-2019 22:00,0.41,,,,,,,,,,,
08-02-2019 23:00,0.353,,,,,,,,,,,
09-02-2019 00:00,0.329,,,,,,,,,,,
09-02-2019 01:00,0.324,,,,,,,,,,,
09-02-2019 02:00,0.176,,,,,,,,,,,
09-02-2019 03:00,0.326,,,,,,,,,,,
09-02-2019 04:00,0.296,,,,,,,,,,,
09-02-2019 05:00,0.201,,,,,,,,,,,
09-02-2019 06:00,0.147,,,,,,,,,,,
09-02-2019 07:00,0.127,,,,,,,,,,,
09-02-2019 08:00,0.133,,,,,,,,,,,
09-02-2019 09:00,0.155,,,,,,,,,,,
09-02-2019 10:00,0.167,,,,,,,,,,,
09-02-2019 11:00,0.165,,,,,,,,,,,
09-02-2019 12:00,0.199,,,,,,,,,,,
09-02-2019 13:00,0.206,,,,,,,,,,,
09-02-2019 14:00,0.201,,,,,,,,,,,
09-02-2019 15:00,0.211,,,,,,,,,,,
09-02-2019 16:00,0.232,,,,,,,,,,,
09-02-2019 17:00,0.27,,,,,,,,,,,
09-02-2019 18:00,0.311,,,,,,,,,,,
09-02-2019 19:00,0.334,,,,,,,,,,,
09-02-2019 20:00,0.343,,,,,,,,,,,
09-02-2019 21:00,0.326,,,,,,,,,,,
09-02-2019 22:00,0.312,,,,,,,,,,,
09-02-2019 23:00,0.337,,,,,,,,,,,
10-02-2019 00:00,0.368,,,,,,,,,,,
10-02-2019 01:00,0.328,,,,,,,,,,,
10-02-2019 02:00,0.134,,,,,,,,,,,
10-02-2019 03:00,0.088,,,,,,,,,,,
10-02-2019 04:00,0.017,,,,,,,,,,,
10-02-2019 05:00,0,,,,,,,,,,,
10-02-2019 06:00,0,,,,,,,,,,,
10-02-2019 07:00,0,,,,,,,,,,,
10-02-2019 08:00,0.001,,,,,,,,,,,
10-02-2019 09:00,0.001,,,,,,,,,,,
10-02-2019 10:00,0,,,,,,,,,,,
10-02-2019 11:00,0.001,,,,,,,,,,,
10-02-2019 12:00,0.018,,,,,,,,,,,
10-02-2019 13:00,0.084,,,,,,,,,,,
10-02-2019 14:00,0.15,,,,,,,,,,,
10-02-2019 15:00,0.193,,,,,,,,,,,
10-02-2019 16:00,0.221,,,,,,,,,,,
10-02-2019 17:00,0.266,,,,,,,,,,,
10-02-2019 18:00,0.316,,,,,,,,,,,
10-02-2019 19:00,0.344,,,,,,,,,,,
10-02-2019 20:00,0.294,,,,,,,,,,,
10-02-2019 21:00,0.188,,,,,,,,,,,
10-02-2019 22:00,0.136,,,,,,,,,,,
10-02-2019 23:00,0.12,,,,,,,,,,,
11-02-2019 00:00,0.126,,,,,,,,,,,
11-02-2019 01:00,0.135,,,,,,,,,,,
11-02-2019 02:00,0.075,,,,,,,,,,,
11-02-2019 03:00,0.016,,,,,,,,,,,
11-02-2019 04:00,0,,,,,,,,,,,
11-02-2019 05:00,0.001,,,,,,,,,,,
11-02-2019 06:00,0.006,,,,,,,,,,,
11-02-2019 07:00,0.008,,,,,,,,,,,
11-02-2019 08:00,0.008,,,,,,,,,,,
11-02-2019 09:00,0.004,,,,,,,,,,,
11-02-2019 10:00,0.002,,,,,,,,,,,
11-02-2019 11:00,0.004,,,,,,,,,,,
11-02-2019 12:00,0.025,,,,,,,,,,,
11-02-2019 13:00,0.057,,,,,,,,,,,
11-02-2019 14:00,0.089,,,,,,,,,,,
11-02-2019 15:00,0.131,,,,,,,,,,,
11-02-2019 16:00,0.179,,,,,,,,,,,
11-02-2019 17:00,0.225,,,,,,,,,,,
11-02-2019 18:00,0.27,,,,,,,,,,,
11-02-2019 19:00,0.317,,,,,,,,,,,
11-02-2019 20:00,0.374,,,,,,,,,,,
11-02-2019 21:00,0.393,,,,,,,,,,,
11-02-2019 22:00,0.369,,,,,,,,,,,
11-02-2019 23:00,0.344,,,,,,,,,,,
12-02-2019 00:00,0.311,,,,,,,,,,,
12-02-2019 01:00,0.272,,,,,,,,,,,
12-02-2019 02:00,0.125,,,,,,,,,,,
12-02-2019 03:00,0.057,,,,,,,,,,,
12-02-2019 04:00,0.016,,,,,,,,,,,
12-02-2019 05:00,0.017,,,,,,,,,,,
12-02-2019 06:00,0.03,,,,,,,,,,,
12-02-2019 07:00,0.043,,,,,,,,,,,
12-02-2019 08:00,0.053,,,,,,,,,,,
12-02-2019 09:00,0.045,,,,,,,,,,,
12-02-2019 10:00,0.032,,,,,,,,,,,
12-02-2019 11:00,0.025,,,,,,,,,,,
12-02-2019 12:00,0.031,,,,,,,,,,,
12-02-2019 13:00,0.06,,,,,,,,,,,
12-02-2019 14:00,0.115,,,,,,,,,,,
12-02-2019 15:00,0.193,,,,,,,,,,,
12-02-2019 16:00,0.291,,,,,,,,,,,
12-02-2019 17:00,0.372,,,,,,,,,,,
12-02-2019 18:00,0.411,,,,,,,,,,,
12-02-2019 19:00,0.416,,,,,,,,,,,
12-02-2019 20:00,0.429,,,,,,,,,,,
12-02-2019 21:00,0.37,,,,,,,,,,,
12-02-2019 22:00,0.278,,,,,,,,,,,
12-02-2019 23:00,0.191,,,,,,,,,,,
13-02-2019 00:00,0.124,,,,,,,,,,,
13-02-2019 01:00,0.088,,,,,,,,,,,
13-02-2019 02:00,0.037,,,,,,,,,,,
13-02-2019 03:00,0.012,,,,,,,,,,,
13-02-2019 04:00,0.007,,,,,,,,,,,
13-02-2019 05:00,0.001,,,,,,,,,,,
13-02-2019 06:00,0.001,,,,,,,,,,,
13-02-2019 07:00,0.001,,,,,,,,,,,
13-02-2019 08:00,0.002,,,,,,,,,,,
13-02-2019 09:00,0.001,,,,,,,,,,,
13-02-2019 10:00,0,,,,,,,,,,,
13-02-2019 11:00,0,,,,,,,,,,,
13-02-2019 12:00,0.001,,,,,,,,,,,
13-02-2019 13:00,0.005,,,,,,,,,,,
13-02-2019 14:00,0.049,,,,,,,,,,,
13-02-2019 15:00,0.169,,,,,,,,,,,
13-02-2019 16:00,0.314,,,,,,,,,,,
13-02-2019 17:00,0.41,,,,,,,,,,,
13-02-2019 18:00,0.435,,,,,,,,,,,
13-02-2019 19:00,0.432,,,,,,,,,,,
13-02-2019 20:00,0.42,,,,,,,,,,,
13-02-2019 21:00,0.39,,,,,,,,,,,
13-02-2019 22:00,0.362,,,,,,,,,,,
13-02-2019 23:00,0.36,,,,,,,,,,,
14-02-2019 00:00,0.379,,,,,,,,,,,
14-02-2019 01:00,0.408,,,,,,,,,,,
14-02-2019 02:00,0.257,,,,,,,,,,,
14-02-2019 03:00,0.27,,,,,,,,,,,
14-02-2019 04:00,0.238,,,,,,,,,,,
14-02-2019 05:00,0.161,,,,,,,,,,,
14-02-2019 06:00,0.122,,,,,,,,,,,
14-02-2019 07:00,0.096,,,,,,,,,,,
14-02-2019 08:00,0.084,,,,,,,,,,,
14-02-2019 09:00,0.082,,,,,,,,,,,
14-02-2019 10:00,0.093,,,,,,,,,,,
14-02-2019 11:00,0.118,,,,,,,,,,,
14-02-2019 12:00,0.197,,,,,,,,,,,
14-02-2019 13:00,0.294,,,,,,,,,,,
14-02-2019 14:00,0.341,,,,,,,,,,,
14-02-2019 15:00,0.362,,,,,,,,,,,
14-02-2019 16:00,0.382,,,,,,,,,,,
14-02-2019 17:00,0.401,,,,,,,,,,,
14-02-2019 18:00,0.433,,,,,,,,,,,
14-02-2019 19:00,0.48,,,,,,,,,,,
14-02-2019 20:00,0.51,,,,,,,,,,,
14-02-2019 21:00,0.459,,,,,,,,,,,
14-02-2019 22:00,0.367,,,,,,,,,,,
14-02-2019 23:00,0.285,,,,,,,,,,,
15-02-2019 00:00,0.22,,,,,,,,,,,
15-02-2019 01:00,0.172,,,,,,,,,,,
15-02-2019 02:00,0.078,,,,,,,,,,,
15-02-2019 03:00,0.201,,,,,,,,,,,
15-02-2019 04:00,0.301,,,,,,,,,,,
15-02-2019 05:00,0.334,,,,,,,,,,,
15-02-2019 06:00,0.352,,,,,,,,,,,
15-02-2019 07:00,0.355,,,,,,,,,,,
15-02-2019 08:00,0.361,,,,,,,,,,,
15-02-2019 09:00,0.363,,,,,,,,,,,
15-02-2019 10:00,0.338,,,,,,,,,,,
15-02-2019 11:00,0.281,,,,,,,,,,,
15-02-2019 12:00,0.264,,,,,,,,,,,
15-02-2019 13:00,0.307,,,,,,,,,,,
15-02-2019 14:00,0.401,,,,,,,,,,,
15-02-2019 15:00,0.435,,,,,,,,,,,
15-02-2019 16:00,0.356,,,,,,,,,,,
15-02-2019 17:00,0.272,,,,,,,,,,,
15-02-2019 18:00,0.228,,,,,,,,,,,
15-02-2019 19:00,0.227,,,,,,,,,,,
15-02-2019 20:00,0.263,,,,,,,,,,,
15-02-2019 21:00,0.294,,,,,,,,,,,
15-02-2019 22:00,0.305,,,,,,,,,,,
15-02-2019 23:00,0.302,,,,,,,,,,,
16-02-2019 00:00,0.311,,,,,,,,,,,
16-02-2019 01:00,0.28,,,,,,,,,,,
16-02-2019 02:00,0.119,,,,,,,,,,,
16-02-2019 03:00,0.13,,,,,,,,,,,
16-02-2019 04:00,0.02,,,,,,,,,,,
16-02-2019 05:00,0,,,,,,,,,,,
16-02-2019 06:00,0,,,,,,,,,,,
16-02-2019 07:00,0.013,,,,,,,,,,,
16-02-2019 08:00,0.037,,,,,,,,,,,
16-02-2019 09:00,0.067,,,,,,,,,,,
16-02-2019 10:00,0.092,,,,,,,,,,,
16-02-2019 11:00,0.13,,,,,,,,,,,
16-02-2019 12:00,0.289,,,,,,,,,,,
16-02-2019 13:00,0.451,,,,,,,,,,,
16-02-2019 14:00,0.477,,,,,,,,,,,
16-02-2019 15:00,0.466,,,,,,,,,,,
16-02-2019 16:00,0.439,,,,,,,,,,,
16-02-2019 17:00,0.393,,,,,,,,,,,
16-02-2019 18:00,0.334,,,,,,,,,,,
16-02-2019 19:00,0.302,,,,,,,,,,,
16-02-2019 20:00,0.284,,,,,,,,,,,
16-02-2019 21:00,0.255,,,,,,,,,,,
16-02-2019 22:00,0.22,,,,,,,,,,,
16-02-2019 23:00,0.205,,,,,,,,,,,
17-02-2019 00:00,0.195,,,,,,,,,,,
17-02-2019 01:00,0.141,,,,,,,,,,,
17-02-2019 02:00,0.043,,,,,,,,,,,
17-02-2019 03:00,0.02,,,,,,,,,,,
17-02-2019 04:00,0.029,,,,,,,,,,,
17-02-2019 05:00,0.06,,,,,,,,,,,
17-02-2019 06:00,0.084,,,,,,,,,,,
17-02-2019 07:00,0.089,,,,,,,,,,,
17-02-2019 08:00,0.094,,,,,,,,,,,
17-02-2019 09:00,0.105,,,,,,,,,,,
17-02-2019 10:00,0.125,,,,,,,,,,,
17-02-2019 11:00,0.115,,,,,,,,,,,
17-02-2019 12:00,0.104,,,,,,,,,,,
17-02-2019 13:00,0.074,,,,,,,,,,,
17-02-2019 14:00,0.026,,,,,,,,,,,
17-02-2019 15:00,0.006,,,,,,,,,,,
17-02-2019 16:00,0.009,,,,,,,,,,,
17-02-2019 17:00,0.022,,,,,,,,,,,
17-02-2019 18:00,0.038,,,,,,,,,,,
17-02-2019 19:00,0.064,,,,,,,,,,,
17-02-2019 20:00,0.09,,,,,,,,,,,
17-02-2019 21:00,0.077,,,,,,,,,,,
17-02-2019 22:00,0.048,,,,,,,,,,,
17-02-2019 23:00,0.023,,,,,,,,,,,
18-02-2019 00:00,0.009,,,,,,,,,,,
18-02-2019 01:00,0.003,,,,,,,,,,,
18-02-2019 02:00,0,,,,,,,,,,,
18-02-2019 03:00,0.006,,,,,,,,,,,
18-02-2019 04:00,0.048,,,,,,,,,,,
18-02-2019 05:00,0.038,,,,,,,,,,,
18-02-2019 06:00,0.048,,,,,,,,,,,
18-02-2019 07:00,0.074,,,,,,,,,,,
18-02-2019 08:00,0.054,,,,,,,,,,,
18-02-2019 09:00,0.031,,,,,,,,,,,
18-02-2019 10:00,0.042,,,,,,,,,,,
18-02-2019 11:00,0.056,,,,,,,,,,,
18-02-2019 12:00,0.05,,,,,,,,,,,
18-02-2019 13:00,0.009,,,,,,,,,,,
18-02-2019 14:00,0,,,,,,,,,,,
18-02-2019 15:00,0.008,,,,,,,,,,,
18-02-2019 16:00,0.113,,,,,,,,,,,
18-02-2019 17:00,0.345,,,,,,,,,,,
18-02-2019 18:00,0.579,,,,,,,,,,,
18-02-2019 19:00,0.679,,,,,,,,,,,
18-02-2019 20:00,0.687,,,,,,,,,,,
18-02-2019 21:00,0.632,,,,,,,,,,,
18-02-2019 22:00,0.591,,,,,,,,,,,
18-02-2019 23:00,0.552,,,,,,,,,,,
19-02-2019 00:00,0.504,,,,,,,,,,,
19-02-2019 01:00,0.433,,,,,,,,,,,
19-02-2019 02:00,0.154,,,,,,,,,,,
19-02-2019 03:00,0.138,,,,,,,,,,,
19-02-2019 04:00,0.219,,,,,,,,,,,
19-02-2019 05:00,0.213,,,,,,,,,,,
19-02-2019 06:00,0.23,,,,,,,,,,,
19-02-2019 07:00,0.245,,,,,,,,,,,
19-02-2019 08:00,0.251,,,,,,,,,,,
19-02-2019 09:00,0.22,,,,,,,,,,,
19-02-2019 10:00,0.167,,,,,,,,,,,
19-02-2019 11:00,0.103,,,,,,,,,,,
19-02-2019 12:00,0.051,,,,,,,,,,,
19-02-2019 13:00,0.019,,,,,,,,,,,
19-02-2019 14:00,0.009,,,,,,,,,,,
19-02-2019 15:00,0.009,,,,,,,,,,,
19-02-2019 16:00,0.011,,,,,,,,,,,
19-02-2019 17:00,0.015,,,,,,,,,,,
19-02-2019 18:00,0.019,,,,,,,,,,,
19-02-2019 19:00,0.027,,,,,,,,,,,
19-02-2019 20:00,0.041,,,,,,,,,,,
19-02-2019 21:00,0.044,,,,,,,,,,,
19-02-2019 22:00,0.026,,,,,,,,,,,
19-02-2019 23:00,0.017,,,,,,,,,,,
20-02-2019 00:00,0.023,,,,,,,,,,,
20-02-2019 01:00,0.048,,,,,,,,,,,
20-02-2019 02:00,0.041,,,,,,,,,,,
20-02-2019 03:00,0.048,,,,,,,,,,,
20-02-2019 04:00,0.031,,,,,,,,,,,
20-02-2019 05:00,0.015,,,,,,,,,,,
20-02-2019 06:00,0.009,,,,,,,,,,,
20-02-2019 07:00,0.008,,,,,,,,,,,
20-02-2019 08:00,0.008,,,,,,,,,,,
20-02-2019 09:00,0.01,,,,,,,,,,,
20-02-2019 10:00,0.014,,,,,,,,,,,
20-02-2019 11:00,0.029,,,,,,,,,,,
20-02-2019 12:00,0.114,,,,,,,,,,,
20-02-2019 13:00,0.302,,,,,,,,,,,
20-02-2019 14:00,0.519,,,,,,,,,,,
20-02-2019 15:00,0.682,,,,,,,,,,,
20-02-2019 16:00,0.739,,,,,,,,,,,
20-02-2019 17:00,0.753,,,,,,,,,,,
20-02-2019 18:00,0.755,,,,,,,,,,,
20-02-2019 19:00,0.746,,,,,,,,,,,
20-02-2019 20:00,0.732,,,,,,,,,,,
20-02-2019 21:00,0.698,,,,,,,,,,,
20-02-2019 22:00,0.668,,,,,,,,,,,
20-02-2019 23:00,0.656,,,,,,,,,,,
21-02-2019 00:00,0.663,,,,,,,,,,,
21-02-2019 01:00,0.65,,,,,,,,,,,
21-02-2019 02:00,0.532,,,,,,,,,,,
21-02-2019 03:00,0.644,,,,,,,,,,,
21-02-2019 04:00,0.656,,,,,,,,,,,
21-02-2019 05:00,0.589,,,,,,,,,,,
21-02-2019 06:00,0.503,,,,,,,,,,,
21-02-2019 07:00,0.429,,,,,,,,,,,
21-02-2019 08:00,0.366,,,,,,,,,,,
21-02-2019 09:00,0.335,,,,,,,,,,,
21-02-2019 10:00,0.312,,,,,,,,,,,
21-02-2019 11:00,0.278,,,,,,,,,,,
21-02-2019 12:00,0.294,,,,,,,,,,,
21-02-2019 13:00,0.338,,,,,,,,,,,
21-02-2019 14:00,0.362,,,,,,,,,,,
21-02-2019 15:00,0.386,,,,,,,,,,,
21-02-2019 16:00,0.403,,,,,,,,,,,
21-02-2019 17:00,0.415,,,,,,,,,,,
21-02-2019 18:00,0.411,,,,,,,,,,,
21-02-2019 19:00,0.37,,,,,,,,,,,
21-02-2019 20:00,0.31,,,,,,,,,,,
21-02-2019 21:00,0.254,,,,,,,,,,,
21-02-2019 22:00,0.211,,,,,,,,,,,
21-02-2019 23:00,0.185,,,,,,,,,,,
22-02-2019 00:00,0.155,,,,,,,,,,,
22-02-2019 01:00,0.121,,,,,,,,,,,
22-02-2019 02:00,0.052,,,,,,,,,,,
22-02-2019 03:00,0.067,,,,,,,,,,,
22-02-2019 04:00,0.112,,,,,,,,,,,
22-02-2019 05:00,0.163,,,,,,,,,,,
22-02-2019 06:00,0.218,,,,,,,,,,,
22-02-2019 07:00,0.264,,,,,,,,,,,
22-02-2019 08:00,0.303,,,,,,,,,,,
22-02-2019 09:00,0.343,,,,,,,,,,,
22-02-2019 10:00,0.376,,,,,,,,,,,
22-02-2019 11:00,0.379,,,,,,,,,,,
22-02-2019 12:00,0.364,,,,,,,,,,,
22-02-2019 13:00,0.327,,,,,,,,,,,
22-02-2019 14:00,0.25,,,,,,,,,,,
22-02-2019 15:00,0.183,,,,,,,,,,,
22-02-2019 16:00,0.169,,,,,,,,,,,
22-02-2019 17:00,0.191,,,,,,,,,,,
22-02-2019 18:00,0.187,,,,,,,,,,,
22-02-2019 19:00,0.162,,,,,,,,,,,
22-02-2019 20:00,0.152,,,,,,,,,,,
22-02-2019 21:00,0.158,,,,,,,,,,,
22-02-2019 22:00,0.176,,,,,,,,,,,
22-02-2019 23:00,0.206,,,,,,,,,,,
23-02-2019 00:00,0.238,,,,,,,,,,,
23-02-2019 01:00,0.208,,,,,,,,,,,
23-02-2019 02:00,0.121,,,,,,,,,,,
23-02-2019 03:00,0.092,,,,,,,,,,,
23-02-2019 04:00,0.007,,,,,,,,,,,
23-02-2019 05:00,0.016,,,,,,,,,,,
23-02-2019 06:00,0.107,,,,,,,,,,,
23-02-2019 07:00,0.206,,,,,,,,,,,
23-02-2019 08:00,0.261,,,,,,,,,,,
23-02-2019 09:00,0.271,,,,,,,,,,,
23-02-2019 10:00,0.259,,,,,,,,,,,
23-02-2019 11:00,0.224,,,,,,,,,,,
23-02-2019 12:00,0.222,,,,,,,,,,,
23-02-2019 13:00,0.186,,,,,,,,,,,
23-02-2019 14:00,0.092,,,,,,,,,,,
23-02-2019 15:00,0.039,,,,,,,,,,,
23-02-2019 16:00,0.026,,,,,,,,,,,
23-02-2019 17:00,0.032,,,,,,,,,,,
23-02-2019 18:00,0.054,,,,,,,,,,,
23-02-2019 19:00,0.111,,,,,,,,,,,
23-02-2019 20:00,0.201,,,,,,,,,,,
23-02-2019 21:00,0.207,,,,,,,,,,,
23-02-2019 22:00,0.16,,,,,,,,,,,
23-02-2019 23:00,0.13,,,,,,,,,,,
24-02-2019 00:00,0.123,,,,,,,,,,,
24-02-2019 01:00,0.112,,,,,,,,,,,
24-02-2019 02:00,0.019,,,,,,,,,,,
24-02-2019 03:00,0.02,,,,,,,,,,,
24-02-2019 04:00,0.266,,,,,,,,,,,
24-02-2019 05:00,0.37,,,,,,,,,,,
24-02-2019 06:00,0.326,,,,,,,,,,,
24-02-2019 07:00,0.282,,,,,,,,,,,
24-02-2019 08:00,0.299,,,,,,,,,,,
24-02-2019 09:00,0.374,,,,,,,,,,,
24-02-2019 10:00,0.404,,,,,,,,,,,
24-02-2019 11:00,0.291,,,,,,,,,,,
24-02-2019 12:00,0.269,,,,,,,,,,,
24-02-2019 13:00,0.337,,,,,,,,,,,
24-02-2019 14:00,0.333,,,,,,,,,,,
24-02-2019 15:00,0.282,,,,,,,,,,,
24-02-2019 16:00,0.22,,,,,,,,,,,
24-02-2019 17:00,0.19,,,,,,,,,,,
24-02-2019 18:00,0.181,,,,,,,,,,,
24-02-2019 19:00,0.193,,,,,,,,,,,
24-02-2019 20:00,0.212,,,,,,,,,,,
24-02-2019 21:00,0.236,,,,,,,,,,,
24-02-2019 22:00,0.185,,,,,,,,,,,
24-02-2019 23:00,0.127,,,,,,,,,,,
25-02-2019 00:00,0.089,,,,,,,,,,,
25-02-2019 01:00,0.078,,,,,,,,,,,
25-02-2019 02:00,0.044,,,,,,,,,,,
25-02-2019 03:00,0.162,,,,,,,,,,,
25-02-2019 04:00,0.311,,,,,,,,,,,
25-02-2019 05:00,0.484,,,,,,,,,,,
25-02-2019 06:00,0.638,,,,,,,,,,,
25-02-2019 07:00,0.725,,,,,,,,,,,
25-02-2019 08:00,0.736,,,,,,,,,,,
25-02-2019 09:00,0.695,,,,,,,,,,,
25-02-2019 10:00,0.608,,,,,,,,,,,
25-02-2019 11:00,0.466,,,,,,,,,,,
25-02-2019 12:00,0.34,,,,,,,,,,,
25-02-2019 13:00,0.257,,,,,,,,,,,
25-02-2019 14:00,0.175,,,,,,,,,,,
25-02-2019 15:00,0.114,,,,,,,,,,,
25-02-2019 16:00,0.081,,,,,,,,,,,
25-02-2019 17:00,0.077,,,,,,,,,,,
25-02-2019 18:00,0.096,,,,,,,,,,,
25-02-2019 19:00,0.125,,,,,,,,,,,
25-02-2019 20:00,0.155,,,,,,,,,,,
25-02-2019 21:00,0.133,,,,,,,,,,,
25-02-2019 22:00,0.087,,,,,,,,,,,
25-02-2019 23:00,0.037,,,,,,,,,,,
26-02-2019 00:00,0.004,,,,,,,,,,,
26-02-2019 01:00,0,,,,,,,,,,,
26-02-2019 02:00,0.001,,,,,,,,,,,
26-02-2019 03:00,0.005,,,,,,,,,,,
26-02-2019 04:00,0.097,,,,,,,,,,,
26-02-2019 05:00,0.237,,,,,,,,,,,
26-02-2019 06:00,0.404,,,,,,,,,,,
26-02-2019 07:00,0.568,,,,,,,,,,,
26-02-2019 08:00,0.682,,,,,,,,,,,
26-02-2019 09:00,0.77,,,,,,,,,,,
26-02-2019 10:00,0.815,,,,,,,,,,,
26-02-2019 11:00,0.816,,,,,,,,,,,
26-02-2019 12:00,0.748,,,,,,,,,,,
26-02-2019 13:00,0.655,,,,,,,,,,,
26-02-2019 14:00,0.579,,,,,,,,,,,
26-02-2019 15:00,0.538,,,,,,,,,,,
26-02-2019 16:00,0.556,,,,,,,,,,,
26-02-2019 17:00,0.549,,,,,,,,,,,
26-02-2019 18:00,0.513,,,,,,,,,,,
26-02-2019 19:00,0.536,,,,,,,,,,,
26-02-2019 20:00,0.552,,,,,,,,,,,
26-02-2019 21:00,0.571,,,,,,,,,,,
26-02-2019 22:00,0.571,,,,,,,,,,,
26-02-2019 23:00,0.567,,,,,,,,,,,
27-02-2019 00:00,0.539,,,,,,,,,,,
27-02-2019 01:00,0.422,,,,,,,,,,,
27-02-2019 02:00,0.293,,,,,,,,,,,
27-02-2019 03:00,0.55,,,,,,,,,,,
27-02-2019 04:00,0.574,,,,,,,,,,,
27-02-2019 05:00,0.618,,,,,,,,,,,
27-02-2019 06:00,0.682,,,,,,,,,,,
27-02-2019 07:00,0.717,,,,,,,,,,,
27-02-2019 08:00,0.731,,,,,,,,,,,
27-02-2019 09:00,0.777,,,,,,,,,,,
27-02-2019 10:00,0.796,,,,,,,,,,,
27-02-2019 11:00,0.772,,,,,,,,,,,
27-02-2019 12:00,0.657,,,,,,,,,,,
27-02-2019 13:00,0.578,,,,,,,,,,,
27-02-2019 14:00,0.572,,,,,,,,,,,
27-02-2019 15:00,0.501,,,,,,,,,,,
27-02-2019 16:00,0.429,,,,,,,,,,,
27-02-2019 17:00,0.37,,,,,,,,,,,
27-02-2019 18:00,0.313,,,,,,,,,,,
27-02-2019 19:00,0.266,,,,,,,,,,,
27-02-2019 20:00,0.24,,,,,,,,,,,
27-02-2019 21:00,0.217,,,,,,,,,,,
27-02-2019 22:00,0.179,,,,,,,,,,,
27-02-2019 23:00,0.155,,,,,,,,,,,
28-02-2019 00:00,0.164,,,,,,,,,,,
28-02-2019 01:00,0.155,,,,,,,,,,,
28-02-2019 02:00,0.112,,,,,,,,,,,
28-02-2019 03:00,0.144,,,,,,,,,,,
28-02-2019 04:00,0.113,,,,,,,,,,,
28-02-2019 05:00,0.089,,,,,,,,,,,
28-02-2019 06:00,0.082,,,,,,,,,,,
28-02-2019 07:00,0.071,,,,,,,,,,,
28-02-2019 08:00,0.067,,,,,,,,,,,
28-02-2019 09:00,0.067,,,,,,,,,,,
28-02-2019 10:00,0.066,,,,,,,,,,,
28-02-2019 11:00,0.078,,,,,,,,,,,
28-02-2019 12:00,0.171,,,,,,,,,,,
28-02-2019 13:00,0.322,,,,,,,,,,,
28-02-2019 14:00,0.379,,,,,,,,,,,
28-02-2019 15:00,0.39,,,,,,,,,,,
28-02-2019 16:00,0.406,,,,,,,,,,,
28-02-2019 17:00,0.413,,,,,,,,,,,
28-02-2019 18:00,0.415,,,,,,,,,,,
28-02-2019 19:00,0.442,,,,,,,,,,,
28-02-2019 20:00,0.476,,,,,,,,,,,
28-02-2019 21:00,0.454,,,,,,,,,,,
28-02-2019 22:00,0.431,,,,,,,,,,,
28-02-2019 23:00,0.43,,,,,,,,,,,
01-03-2019 00:00,0.448,,,,,,,,,,,
01-03-2019 01:00,0.37,,,,,,,,,,,
01-03-2019 02:00,0.277,,,,,,,,,,,
01-03-2019 03:00,0.227,,,,,,,,,,,
01-03-2019 04:00,0.032,,,,,,,,,,,
01-03-2019 05:00,0,,,,,,,,,,,
01-03-2019 06:00,0,,,,,,,,,,,
01-03-2019 07:00,0,,,,,,,,,,,
01-03-2019 08:00,0,,,,,,,,,,,
01-03-2019 09:00,0,,,,,,,,,,,
01-03-2019 10:00,0.001,,,,,,,,,,,
01-03-2019 11:00,0.005,,,,,,,,,,,
01-03-2019 12:00,0.063,,,,,,,,,,,
01-03-2019 13:00,0.196,,,,,,,,,,,
01-03-2019 14:00,0.32,,,,,,,,,,,
01-03-2019 15:00,0.436,,,,,,,,,,,
01-03-2019 16:00,0.523,,,,,,,,,,,
01-03-2019 17:00,0.568,,,,,,,,,,,
01-03-2019 18:00,0.578,,,,,,,,,,,
01-03-2019 19:00,0.588,,,,,,,,,,,
01-03-2019 20:00,0.596,,,,,,,,,,,
01-03-2019 21:00,0.535,,,,,,,,,,,
01-03-2019 22:00,0.473,,,,,,,,,,,
01-03-2019 23:00,0.437,,,,,,,,,,,
02-03-2019 00:00,0.409,,,,,,,,,,,
02-03-2019 01:00,0.312,,,,,,,,,,,
02-03-2019 02:00,0.112,,,,,,,,,,,
02-03-2019 03:00,0.153,,,,,,,,,,,
02-03-2019 04:00,0.08,,,,,,,,,,,
02-03-2019 05:00,0.046,,,,,,,,,,,
02-03-2019 06:00,0.042,,,,,,,,,,,
02-03-2019 07:00,0.047,,,,,,,,,,,
02-03-2019 08:00,0.056,,,,,,,,,,,
02-03-2019 09:00,0.061,,,,,,,,,,,
02-03-2019 10:00,0.058,,,,,,,,,,,
02-03-2019 11:00,0.071,,,,,,,,,,,
02-03-2019 12:00,0.16,,,,,,,,,,,
02-03-2019 13:00,0.323,,,,,,,,,,,
02-03-2019 14:00,0.431,,,,,,,,,,,
02-03-2019 15:00,0.494,,,,,,,,,,,
02-03-2019 16:00,0.554,,,,,,,,,,,
02-03-2019 17:00,0.601,,,,,,,,,,,
02-03-2019 18:00,0.623,,,,,,,,,,,
02-03-2019 19:00,0.59,,,,,,,,,,,
02-03-2019 20:00,0.516,,,,,,,,,,,
02-03-2019 21:00,0.407,,,,,,,,,,,
02-03-2019 22:00,0.286,,,,,,,,,,,
02-03-2019 23:00,0.206,,,,,,,,,,,
03-03-2019 00:00,0.184,,,,,,,,,,,
03-03-2019 01:00,0.177,,,,,,,,,,,
03-03-2019 02:00,0.186,,,,,,,,,,,
03-03-2019 03:00,0.326,,,,,,,,,,,
03-03-2019 04:00,0.422,,,,,,,,,,,
03-03-2019 05:00,0.42,,,,,,,,,,,
03-03-2019 06:00,0.398,,,,,,,,,,,
03-03-2019 07:00,0.367,,,,,,,,,,,
03-03-2019 08:00,0.319,,,,,,,,,,,
03-03-2019 09:00,0.308,,,,,,,,,,,
03-03-2019 10:00,0.324,,,,,,,,,,,
03-03-2019 11:00,0.315,,,,,,,,,,,
03-03-2019 12:00,0.385,,,,,,,,,,,
03-03-2019 13:00,0.398,,,,,,,,,,,
03-03-2019 14:00,0.312,,,,,,,,,,,
03-03-2019 15:00,0.237,,,,,,,,,,,
03-03-2019 16:00,0.245,,,,,,,,,,,
03-03-2019 17:00,0.315,,,,,,,,,,,
03-03-2019 18:00,0.392,,,,,,,,,,,
03-03-2019 19:00,0.423,,,,,,,,,,,
03-03-2019 20:00,0.386,,,,,,,,,,,
03-03-2019 21:00,0.301,,,,,,,,,,,
03-03-2019 22:00,0.233,,,,,,,,,,,
03-03-2019 23:00,0.204,,,,,,,,,,,
04-03-2019 00:00,0.173,,,,,,,,,,,
04-03-2019 01:00,0.112,,,,,,,,,,,
04-03-2019 02:00,0.032,,,,,,,,,,,
04-03-2019 03:00,0.122,,,,,,,,,,,
04-03-2019 04:00,0.144,,,,,,,,,,,
04-03-2019 05:00,0.201,,,,,,,,,,,
04-03-2019 06:00,0.302,,,,,,,,,,,
04-03-2019 07:00,0.423,,,,,,,,,,,
04-03-2019 08:00,0.519,,,,,,,,,,,
04-03-2019 09:00,0.561,,,,,,,,,,,
04-03-2019 10:00,0.555,,,,,,,,,,,
04-03-2019 11:00,0.481,,,,,,,,,,,
04-03-2019 12:00,0.369,,,,,,,,,,,
04-03-2019 13:00,0.286,,,,,,,,,,,
04-03-2019 14:00,0.213,,,,,,,,,,,
04-03-2019 15:00,0.175,,,,,,,,,,,
04-03-2019 16:00,0.194,,,,,,,,,,,
04-03-2019 17:00,0.264,,,,,,,,,,,
04-03-2019 18:00,0.332,,,,,,,,,,,
04-03-2019 19:00,0.332,,,,,,,,,,,
04-03-2019 20:00,0.289,,,,,,,,,,,
04-03-2019 21:00,0.232,,,,,,,,,,,
04-03-2019 22:00,0.176,,,,,,,,,,,
04-03-2019 23:00,0.133,,,,,,,,,,,
05-03-2019 00:00,0.09,,,,,,,,,,,
05-03-2019 01:00,0.037,,,,,,,,,,,
05-03-2019 02:00,0.008,,,,,,,,,,,
05-03-2019 03:00,0.032,,,,,,,,,,,
05-03-2019 04:00,0.024,,,,,,,,,,,
05-03-2019 05:00,0.03,,,,,,,,,,,
05-03-2019 06:00,0.047,,,,,,,,,,,
05-03-2019 07:00,0.068,,,,,,,,,,,
05-03-2019 08:00,0.101,,,,,,,,,,,
05-03-2019 09:00,0.128,,,,,,,,,,,
05-03-2019 10:00,0.132,,,,,,,,,,,
05-03-2019 11:00,0.127,,,,,,,,,,,
05-03-2019 12:00,0.145,,,,,,,,,,,
05-03-2019 13:00,0.125,,,,,,,,,,,
05-03-2019 14:00,0.083,,,,,,,,,,,
05-03-2019 15:00,0.077,,,,,,,,,,,
05-03-2019 16:00,0.11,,,,,,,,,,,
05-03-2019 17:00,0.156,,,,,,,,,,,
05-03-2019 18:00,0.198,,,,,,,,,,,
05-03-2019 19:00,0.243,,,,,,,,,,,
05-03-2019 20:00,0.289,,,,,,,,,,,
05-03-2019 21:00,0.312,,,,,,,,,,,
05-03-2019 22:00,0.328,,,,,,,,,,,
05-03-2019 23:00,0.338,,,,,,,,,,,
06-03-2019 00:00,0.341,,,,,,,,,,,
06-03-2019 01:00,0.278,,,,,,,,,,,
06-03-2019 02:00,0.146,,,,,,,,,,,
06-03-2019 03:00,0.109,,,,,,,,,,,
06-03-2019 04:00,0.03,,,,,,,,,,,
06-03-2019 05:00,0.01,,,,,,,,,,,
06-03-2019 06:00,0.007,,,,,,,,,,,
06-03-2019 07:00,0.012,,,,,,,,,,,
06-03-2019 08:00,0.028,,,,,,,,,,,
06-03-2019 09:00,0.054,,,,,,,,,,,
06-03-2019 10:00,0.07,,,,,,,,,,,
06-03-2019 11:00,0.08,,,,,,,,,,,
06-03-2019 12:00,0.115,,,,,,,,,,,
06-03-2019 13:00,0.086,,,,,,,,,,,
06-03-2019 14:00,0.046,,,,,,,,,,,
06-03-2019 15:00,0.041,,,,,,,,,,,
06-03-2019 16:00,0.058,,,,,,,,,,,
06-03-2019 17:00,0.083,,,,,,,,,,,
06-03-2019 18:00,0.117,,,,,,,,,,,
06-03-2019 19:00,0.157,,,,,,,,,,,
06-03-2019 20:00,0.196,,,,,,,,,,,
06-03-2019 21:00,0.201,,,,,,,,,,,
06-03-2019 22:00,0.178,,,,,,,,,,,
06-03-2019 23:00,0.157,,,,,,,,,,,
07-03-2019 00:00,0.144,,,,,,,,,,,
07-03-2019 01:00,0.125,,,,,,,,,,,
07-03-2019 02:00,0.042,,,,,,,,,,,
07-03-2019 03:00,0.004,,,,,,,,,,,
07-03-2019 04:00,0.001,,,,,,,,,,,
07-03-2019 05:00,0.001,,,,,,,,,,,
07-03-2019 06:00,0.001,,,,,,,,,,,
07-03-2019 07:00,0.002,,,,,,,,,,,
07-03-2019 08:00,0.005,,,,,,,,,,,
07-03-2019 09:00,0.012,,,,,,,,,,,
07-03-2019 10:00,0.027,,,,,,,,,,,
07-03-2019 11:00,0.046,,,,,,,,,,,
07-03-2019 12:00,0.07,,,,,,,,,,,
07-03-2019 13:00,0.06,,,,,,,,,,,
07-03-2019 14:00,0.039,,,,,,,,,,,
07-03-2019 15:00,0.043,,,,,,,,,,,
07-03-2019 16:00,0.061,,,,,,,,,,,
07-03-2019 17:00,0.076,,,,,,,,,,,
07-03-2019 18:00,0.096,,,,,,,,,,,
07-03-2019 19:00,0.125,,,,,,,,,,,
07-03-2019 20:00,0.157,,,,,,,,,,,
07-03-2019 21:00,0.179,,,,,,,,,,,
07-03-2019 22:00,0.201,,,,,,,,,,,
07-03-2019 23:00,0.24,,,,,,,,,,,
08-03-2019 00:00,0.274,,,,,,,,,,,
08-03-2019 01:00,0.289,,,,,,,,,,,
08-03-2019 02:00,0.139,,,,,,,,,,,
08-03-2019 03:00,0.054,,,,,,,,,,,
08-03-2019 04:00,0.006,,,,,,,,,,,
08-03-2019 05:00,0.004,,,,,,,,,,,
08-03-2019 06:00,0.014,,,,,,,,,,,
08-03-2019 07:00,0.036,,,,,,,,,,,
08-03-2019 08:00,0.057,,,,,,,,,,,
08-03-2019 09:00,0.073,,,,,,,,,,,
08-03-2019 10:00,0.093,,,,,,,,,,,
08-03-2019 11:00,0.097,,,,,,,,,,,
08-03-2019 12:00,0.072,,,,,,,,,,,
08-03-2019 13:00,0.039,,,,,,,,,,,
08-03-2019 14:00,0.013,,,,,,,,,,,
08-03-2019 15:00,0.001,,,,,,,,,,,
08-03-2019 16:00,0.002,,,,,,,,,,,
08-03-2019 17:00,0.022,,,,,,,,,,,
08-03-2019 18:00,0.067,,,,,,,,,,,
08-03-2019 19:00,0.102,,,,,,,,,,,
08-03-2019 20:00,0.103,,,,,,,,,,,
08-03-2019 21:00,0.076,,,,,,,,,,,
08-03-2019 22:00,0.054,,,,,,,,,,,
08-03-2019 23:00,0.051,,,,,,,,,,,
09-03-2019 00:00,0.058,,,,,,,,,,,
09-03-2019 01:00,0.063,,,,,,,,,,,
09-03-2019 02:00,0.035,,,,,,,,,,,
09-03-2019 03:00,0.097,,,,,,,,,,,
09-03-2019 04:00,0.157,,,,,,,,,,,
09-03-2019 05:00,0.224,,,,,,,,,,,
09-03-2019 06:00,0.297,,,,,,,,,,,
09-03-2019 07:00,0.346,,,,,,,,,,,
09-03-2019 08:00,0.379,,,,,,,,,,,
09-03-2019 09:00,0.432,,,,,,,,,,,
09-03-2019 10:00,0.478,,,,,,,,,,,
09-03-2019 11:00,0.461,,,,,,,,,,,
09-03-2019 12:00,0.417,,,,,,,,,,,
09-03-2019 13:00,0.391,,,,,,,,,,,
09-03-2019 14:00,0.327,,,,,,,,,,,
09-03-2019 15:00,0.282,,,,,,,,,,,
09-03-2019 16:00,0.249,,,,,,,,,,,
09-03-2019 17:00,0.225,,,,,,,,,,,
09-03-2019 18:00,0.188,,,,,,,,,,,
09-03-2019 19:00,0.147,,,,,,,,,,,
09-03-2019 20:00,0.112,,,,,,,,,,,
09-03-2019 21:00,0.073,,,,,,,,,,,
09-03-2019 22:00,0.045,,,,,,,,,,,
09-03-2019 23:00,0.026,,,,,,,,,,,
10-03-2019 00:00,0.014,,,,,,,,,,,
10-03-2019 01:00,0.007,,,,,,,,,,,
10-03-2019 02:00,0.001,,,,,,,,,,,
10-03-2019 03:00,0,,,,,,,,,,,
10-03-2019 04:00,0.046,,,,,,,,,,,
10-03-2019 05:00,0.148,,,,,,,,,,,
10-03-2019 06:00,0.274,,,,,,,,,,,
10-03-2019 07:00,0.374,,,,,,,,,,,
10-03-2019 08:00,0.43,,,,,,,,,,,
10-03-2019 09:00,0.446,,,,,,,,,,,
10-03-2019 10:00,0.425,,,,,,,,,,,
10-03-2019 11:00,0.343,,,,,,,,,,,
10-03-2019 12:00,0.214,,,,,,,,,,,
10-03-2019 13:00,0.101,,,,,,,,,,,
10-03-2019 14:00,0.032,,,,,,,,,,,
10-03-2019 15:00,0.006,,,,,,,,,,,
10-03-2019 16:00,0.001,,,,,,,,,,,
10-03-2019 17:00,0,,,,,,,,,,,
10-03-2019 18:00,0,,,,,,,,,,,
10-03-2019 19:00,0.001,,,,,,,,,,,
10-03-2019 20:00,0.002,,,,,,,,,,,
10-03-2019 21:00,0.003,,,,,,,,,,,
10-03-2019 22:00,0.003,,,,,,,,,,,
10-03-2019 23:00,0.007,,,,,,,,,,,
11-03-2019 00:00,0.014,,,,,,,,,,,
11-03-2019 01:00,0.028,,,,,,,,,,,
11-03-2019 02:00,0.013,,,,,,,,,,,
11-03-2019 03:00,0.003,,,,,,,,,,,
11-03-2019 04:00,0.039,,,,,,,,,,,
11-03-2019 05:00,0.112,,,,,,,,,,,
11-03-2019 06:00,0.205,,,,,,,,,,,
11-03-2019 07:00,0.294,,,,,,,,,,,
11-03-2019 08:00,0.367,,,,,,,,,,,
11-03-2019 09:00,0.423,,,,,,,,,,,
11-03-2019 10:00,0.451,,,,,,,,,,,
11-03-2019 11:00,0.443,,,,,,,,,,,
11-03-2019 12:00,0.414,,,,,,,,,,,
11-03-2019 13:00,0.412,,,,,,,,,,,
11-03-2019 14:00,0.351,,,,,,,,,,,
11-03-2019 15:00,0.303,,,,,,,,,,,
11-03-2019 16:00,0.278,,,,,,,,,,,
11-03-2019 17:00,0.278,,,,,,,,,,,
11-03-2019 18:00,0.317,,,,,,,,,,,
11-03-2019 19:00,0.386,,,,,,,,,,,
11-03-2019 20:00,0.441,,,,,,,,,,,
11-03-2019 21:00,0.42,,,,,,,,,,,
11-03-2019 22:00,0.352,,,,,,,,,,,
11-03-2019 23:00,0.293,,,,,,,,,,,
12-03-2019 00:00,0.248,,,,,,,,,,,
12-03-2019 01:00,0.151,,,,,,,,,,,
12-03-2019 02:00,0.066,,,,,,,,,,,
12-03-2019 03:00,0.102,,,,,,,,,,,
12-03-2019 04:00,0.033,,,,,,,,,,,
12-03-2019 05:00,0.014,,,,,,,,,,,
12-03-2019 06:00,0.027,,,,,,,,,,,
12-03-2019 07:00,0.055,,,,,,,,,,,
12-03-2019 08:00,0.084,,,,,,,,,,,
12-03-2019 09:00,0.105,,,,,,,,,,,
12-03-2019 10:00,0.111,,,,,,,,,,,
12-03-2019 11:00,0.106,,,,,,,,,,,
12-03-2019 12:00,0.127,,,,,,,,,,,
12-03-2019 13:00,0.144,,,,,,,,,,,
12-03-2019 14:00,0.118,,,,,,,,,,,
12-03-2019 15:00,0.06,,,,,,,,,,,
12-03-2019 16:00,0.014,,,,,,,,,,,
12-03-2019 17:00,0.001,,,,,,,,,,,
12-03-2019 18:00,0.001,,,,,,,,,,,
12-03-2019 19:00,0.007,,,,,,,,,,,
12-03-2019 20:00,0.03,,,,,,,,,,,
12-03-2019 21:00,0.062,,,,,,,,,,,
12-03-2019 22:00,0.1,,,,,,,,,,,
12-03-2019 23:00,0.134,,,,,,,,,,,
13-03-2019 00:00,0.148,,,,,,,,,,,
13-03-2019 01:00,0.138,,,,,,,,,,,
13-03-2019 02:00,0.062,,,,,,,,,,,
13-03-2019 03:00,0.118,,,,,,,,,,,
13-03-2019 04:00,0.163,,,,,,,,,,,
13-03-2019 05:00,0.182,,,,,,,,,,,
13-03-2019 06:00,0.196,,,,,,,,,,,
13-03-2019 07:00,0.203,,,,,,,,,,,
13-03-2019 08:00,0.195,,,,,,,,,,,
13-03-2019 09:00,0.172,,,,,,,,,,,
13-03-2019 10:00,0.142,,,,,,,,,,,
13-03-2019 11:00,0.098,,,,,,,,,,,
13-03-2019 12:00,0.051,,,,,,,,,,,
13-03-2019 13:00,0.023,,,,,,,,,,,
13-03-2019 14:00,0.018,,,,,,,,,,,
13-03-2019 15:00,0.022,,,,,,,,,,,
13-03-2019 16:00,0.025,,,,,,,,,,,
13-03-2019 17:00,0.03,,,,,,,,,,,
13-03-2019 18:00,0.039,,,,,,,,,,,
13-03-2019 19:00,0.046,,,,,,,,,,,
13-03-2019 20:00,0.041,,,,,,,,,,,
13-03-2019 21:00,0.015,,,,,,,,,,,
13-03-2019 22:00,0.003,,,,,,,,,,,
13-03-2019 23:00,0.003,,,,,,,,,,,
14-03-2019 00:00,0.009,,,,,,,,,,,
14-03-2019 01:00,0.021,,,,,,,,,,,
14-03-2019 02:00,0.012,,,,,,,,,,,
14-03-2019 03:00,0.009,,,,,,,,,,,
14-03-2019 04:00,0.012,,,,,,,,,,,
14-03-2019 05:00,0.015,,,,,,,,,,,
14-03-2019 06:00,0.019,,,,,,,,,,,
14-03-2019 07:00,0.025,,,,,,,,,,,
14-03-2019 08:00,0.028,,,,,,,,,,,
14-03-2019 09:00,0.035,,,,,,,,,,,
14-03-2019 10:00,0.045,,,,,,,,,,,
14-03-2019 11:00,0.062,,,,,,,,,,,
14-03-2019 12:00,0.104,,,,,,,,,,,
14-03-2019 13:00,0.19,,,,,,,,,,,
14-03-2019 14:00,0.239,,,,,,,,,,,
14-03-2019 15:00,0.204,,,,,,,,,,,
14-03-2019 16:00,0.146,,,,,,,,,,,
14-03-2019 17:00,0.118,,,,,,,,,,,
14-03-2019 18:00,0.119,,,,,,,,,,,
14-03-2019 19:00,0.138,,,,,,,,,,,
14-03-2019 20:00,0.155,,,,,,,,,,,
14-03-2019 21:00,0.128,,,,,,,,,,,
14-03-2019 22:00,0.085,,,,,,,,,,,
14-03-2019 23:00,0.053,,,,,,,,,,,
15-03-2019 00:00,0.037,,,,,,,,,,,
15-03-2019 01:00,0.033,,,,,,,,,,,
15-03-2019 02:00,0.017,,,,,,,,,,,
15-03-2019 03:00,0.015,,,,,,,,,,,
15-03-2019 04:00,0.003,,,,,,,,,,,
15-03-2019 05:00,0.002,,,,,,,,,,,
15-03-2019 06:00,0.012,,,,,,,,,,,
15-03-2019 07:00,0.033,,,,,,,,,,,
15-03-2019 08:00,0.05,,,,,,,,,,,
15-03-2019 09:00,0.056,,,,,,,,,,,
15-03-2019 10:00,0.06,,,,,,,,,,,
15-03-2019 11:00,0.068,,,,,,,,,,,
15-03-2019 12:00,0.125,,,,,,,,,,,
15-03-2019 13:00,0.22,,,,,,,,,,,
15-03-2019 14:00,0.252,,,,,,,,,,,
15-03-2019 15:00,0.264,,,,,,,,,,,
15-03-2019 16:00,0.259,,,,,,,,,,,
15-03-2019 17:00,0.24,,,,,,,,,,,
15-03-2019 18:00,0.234,,,,,,,,,,,
15-03-2019 19:00,0.252,,,,,,,,,,,
15-03-2019 20:00,0.284,,,,,,,,,,,
15-03-2019 21:00,0.335,,,,,,,,,,,
15-03-2019 22:00,0.395,,,,,,,,,,,
15-03-2019 23:00,0.429,,,,,,,,,,,
16-03-2019 00:00,0.435,,,,,,,,,,,
16-03-2019 01:00,0.319,,,,,,,,,,,
16-03-2019 02:00,0.178,,,,,,,,,,,
16-03-2019 03:00,0.145,,,,,,,,,,,
16-03-2019 04:00,0.04,,,,,,,,,,,
16-03-2019 05:00,0,,,,,,,,,,,
16-03-2019 06:00,0,,,,,,,,,,,
16-03-2019 07:00,0.001,,,,,,,,,,,
16-03-2019 08:00,0.011,,,,,,,,,,,
16-03-2019 09:00,0.032,,,,,,,,,,,
16-03-2019 10:00,0.049,,,,,,,,,,,
16-03-2019 11:00,0.053,,,,,,,,,,,
16-03-2019 12:00,0.057,,,,,,,,,,,
16-03-2019 13:00,0.061,,,,,,,,,,,
16-03-2019 14:00,0.074,,,,,,,,,,,
16-03-2019 15:00,0.126,,,,,,,,,,,
16-03-2019 16:00,0.196,,,,,,,,,,,
16-03-2019 17:00,0.256,,,,,,,,,,,
16-03-2019 18:00,0.294,,,,,,,,,,,
16-03-2019 19:00,0.319,,,,,,,,,,,
16-03-2019 20:00,0.339,,,,,,,,,,,
16-03-2019 21:00,0.354,,,,,,,,,,,
16-03-2019 22:00,0.34,,,,,,,,,,,
16-03-2019 23:00,0.319,,,,,,,,,,,
17-03-2019 00:00,0.329,,,,,,,,,,,
17-03-2019 01:00,0.283,,,,,,,,,,,
17-03-2019 02:00,0.225,,,,,,,,,,,
17-03-2019 03:00,0.315,,,,,,,,,,,
17-03-2019 04:00,0.42,,,,,,,,,,,
17-03-2019 05:00,0.556,,,,,,,,,,,
17-03-2019 06:00,0.663,,,,,,,,,,,
17-03-2019 07:00,0.726,,,,,,,,,,,
17-03-2019 08:00,0.756,,,,,,,,,,,
17-03-2019 09:00,0.765,,,,,,,,,,,
17-03-2019 10:00,0.729,,,,,,,,,,,
17-03-2019 11:00,0.624,,,,,,,,,,,
17-03-2019 12:00,0.436,,,,,,,,,,,
17-03-2019 13:00,0.294,,,,,,,,,,,
17-03-2019 14:00,0.227,,,,,,,,,,,
17-03-2019 15:00,0.241,,,,,,,,,,,
17-03-2019 16:00,0.224,,,,,,,,,,,
17-03-2019 17:00,0.174,,,,,,,,,,,
17-03-2019 18:00,0.124,,,,,,,,,,,
17-03-2019 19:00,0.096,,,,,,,,,,,
17-03-2019 20:00,0.095,,,,,,,,,,,
17-03-2019 21:00,0.06,,,,,,,,,,,
17-03-2019 22:00,0.03,,,,,,,,,,,
17-03-2019 23:00,0.03,,,,,,,,,,,
18-03-2019 00:00,0.058,,,,,,,,,,,
18-03-2019 01:00,0.089,,,,,,,,,,,
18-03-2019 02:00,0.064,,,,,,,,,,,
18-03-2019 03:00,0.025,,,,,,,,,,,
18-03-2019 04:00,0.003,,,,,,,,,,,
18-03-2019 05:00,0.012,,,,,,,,,,,
18-03-2019 06:00,0.046,,,,,,,,,,,
18-03-2019 07:00,0.1,,,,,,,,,,,
18-03-2019 08:00,0.169,,,,,,,,,,,
18-03-2019 09:00,0.245,,,,,,,,,,,
18-03-2019 10:00,0.275,,,,,,,,,,,
18-03-2019 11:00,0.274,,,,,,,,,,,
18-03-2019 12:00,0.318,,,,,,,,,,,
18-03-2019 13:00,0.379,,,,,,,,,,,
18-03-2019 14:00,0.368,,,,,,,,,,,
18-03-2019 15:00,0.297,,,,,,,,,,,
18-03-2019 16:00,0.219,,,,,,,,,,,
18-03-2019 17:00,0.195,,,,,,,,,,,
18-03-2019 18:00,0.193,,,,,,,,,,,
18-03-2019 19:00,0.201,,,,,,,,,,,
18-03-2019 20:00,0.227,,,,,,,,,,,
18-03-2019 21:00,0.241,,,,,,,,,,,
18-03-2019 22:00,0.252,,,,,,,,,,,
18-03-2019 23:00,0.278,,,,,,,,,,,
19-03-2019 00:00,0.283,,,,,,,,,,,
19-03-2019 01:00,0.206,,,,,,,,,,,
19-03-2019 02:00,0.06,,,,,,,,,,,
19-03-2019 03:00,0.003,,,,,,,,,,,
19-03-2019 04:00,0,,,,,,,,,,,
19-03-2019 05:00,0.002,,,,,,,,,,,
19-03-2019 06:00,0.012,,,,,,,,,,,
19-03-2019 07:00,0.026,,,,,,,,,,,
19-03-2019 08:00,0.04,,,,,,,,,,,
19-03-2019 09:00,0.057,,,,,,,,,,,
19-03-2019 10:00,0.067,,,,,,,,,,,
19-03-2019 11:00,0.067,,,,,,,,,,,
19-03-2019 12:00,0.088,,,,,,,,,,,
19-03-2019 13:00,0.106,,,,,,,,,,,
19-03-2019 14:00,0.095,,,,,,,,,,,
19-03-2019 15:00,0.083,,,,,,,,,,,
19-03-2019 16:00,0.101,,,,,,,,,,,
19-03-2019 17:00,0.167,,,,,,,,,,,
19-03-2019 18:00,0.295,,,,,,,,,,,
19-03-2019 19:00,0.447,,,,,,,,,,,
19-03-2019 20:00,0.55,,,,,,,,,,,
19-03-2019 21:00,0.55,,,,,,,,,,,
19-03-2019 22:00,0.519,,,,,,,,,,,
19-03-2019 23:00,0.505,,,,,,,,,,,
20-03-2019 00:00,0.507,,,,,,,,,,,
20-03-2019 01:00,0.402,,,,,,,,,,,
20-03-2019 02:00,0.233,,,,,,,,,,,
20-03-2019 03:00,0.3,,,,,,,,,,,
20-03-2019 04:00,0.259,,,,,,,,,,,
20-03-2019 05:00,0.266,,,,,,,,,,,
20-03-2019 06:00,0.313,,,,,,,,,,,
20-03-2019 07:00,0.393,,,,,,,,,,,
20-03-2019 08:00,0.484,,,,,,,,,,,
20-03-2019 09:00,0.519,,,,,,,,,,,
20-03-2019 10:00,0.497,,,,,,,,,,,
20-03-2019 11:00,0.433,,,,,,,,,,,
20-03-2019 12:00,0.348,,,,,,,,,,,
20-03-2019 13:00,0.334,,,,,,,,,,,
20-03-2019 14:00,0.327,,,,,,,,,,,
20-03-2019 15:00,0.3,,,,,,,,,,,
20-03-2019 16:00,0.257,,,,,,,,,,,
20-03-2019 17:00,0.21,,,,,,,,,,,
20-03-2019 18:00,0.154,,,,,,,,,,,
20-03-2019 19:00,0.087,,,,,,,,,,,
20-03-2019 20:00,0.039,,,,,,,,,,,
20-03-2019 21:00,0.025,,,,,,,,,,,
20-03-2019 22:00,0.025,,,,,,,,,,,
20-03-2019 23:00,0.023,,,,,,,,,,,
21-03-2019 00:00,0.021,,,,,,,,,,,
21-03-2019 01:00,0.017,,,,,,,,,,,
21-03-2019 02:00,0.023,,,,,,,,,,,
21-03-2019 03:00,0.043,,,,,,,,,,,
21-03-2019 04:00,0.062,,,,,,,,,,,
21-03-2019 05:00,0.086,,,,,,,,,,,
21-03-2019 06:00,0.119,,,,,,,,,,,
21-03-2019 07:00,0.157,,,,,,,,,,,
21-03-2019 08:00,0.2,,,,,,,,,,,
21-03-2019 09:00,0.22,,,,,,,,,,,
21-03-2019 10:00,0.212,,,,,,,,,,,
21-03-2019 11:00,0.192,,,,,,,,,,,
21-03-2019 12:00,0.167,,,,,,,,,,,
21-03-2019 13:00,0.145,,,,,,,,,,,
21-03-2019 14:00,0.113,,,,,,,,,,,
21-03-2019 15:00,0.068,,,,,,,,,,,
21-03-2019 16:00,0.028,,,,,,,,,,,
21-03-2019 17:00,0.015,,,,,,,,,,,
21-03-2019 18:00,0.012,,,,,,,,,,,
21-03-2019 19:00,0.012,,,,,,,,,,,
21-03-2019 20:00,0.012,,,,,,,,,,,
21-03-2019 21:00,0.018,,,,,,,,,,,
21-03-2019 22:00,0.031,,,,,,,,,,,
21-03-2019 23:00,0.038,,,,,,,,,,,
22-03-2019 00:00,0.039,,,,,,,,,,,
22-03-2019 01:00,0.046,,,,,,,,,,,
22-03-2019 02:00,0.031,,,,,,,,,,,
22-03-2019 03:00,0.047,,,,,,,,,,,
22-03-2019 04:00,0.039,,,,,,,,,,,
22-03-2019 05:00,0.028,,,,,,,,,,,
22-03-2019 06:00,0.023,,,,,,,,,,,
22-03-2019 07:00,0.026,,,,,,,,,,,
22-03-2019 08:00,0.037,,,,,,,,,,,
22-03-2019 09:00,0.054,,,,,,,,,,,
22-03-2019 10:00,0.072,,,,,,,,,,,
22-03-2019 11:00,0.092,,,,,,,,,,,
22-03-2019 12:00,0.144,,,,,,,,,,,
22-03-2019 13:00,0.202,,,,,,,,,,,
22-03-2019 14:00,0.234,,,,,,,,,,,
22-03-2019 15:00,0.314,,,,,,,,,,,
22-03-2019 16:00,0.413,,,,,,,,,,,
22-03-2019 17:00,0.474,,,,,,,,,,,
22-03-2019 18:00,0.503,,,,,,,,,,,
22-03-2019 19:00,0.507,,,,,,,,,,,
22-03-2019 20:00,0.49,,,,,,,,,,,
22-03-2019 21:00,0.435,,,,,,,,,,,
22-03-2019 22:00,0.386,,,,,,,,,,,
22-03-2019 23:00,0.362,,,,,,,,,,,
23-03-2019 00:00,0.364,,,,,,,,,,,
23-03-2019 01:00,0.29,,,,,,,,,,,
23-03-2019 02:00,0.124,,,,,,,,,,,
23-03-2019 03:00,0.097,,,,,,,,,,,
23-03-2019 04:00,0.013,,,,,,,,,,,
23-03-2019 05:00,0,,,,,,,,,,,
23-03-2019 06:00,0,,,,,,,,,,,
23-03-2019 07:00,0.001,,,,,,,,,,,
23-03-2019 08:00,0.003,,,,,,,,,,,
23-03-2019 09:00,0.009,,,,,,,,,,,
23-03-2019 10:00,0.028,,,,,,,,,,,
23-03-2019 11:00,0.059,,,,,,,,,,,
23-03-2019 12:00,0.118,,,,,,,,,,,
23-03-2019 13:00,0.159,,,,,,,,,,,
23-03-2019 14:00,0.133,,,,,,,,,,,
23-03-2019 15:00,0.135,,,,,,,,,,,
23-03-2019 16:00,0.181,,,,,,,,,,,
23-03-2019 17:00,0.223,,,,,,,,,,,
23-03-2019 18:00,0.248,,,,,,,,,,,
23-03-2019 19:00,0.284,,,,,,,,,,,
23-03-2019 20:00,0.323,,,,,,,,,,,
23-03-2019 21:00,0.287,,,,,,,,,,,
23-03-2019 22:00,0.228,,,,,,,,,,,
23-03-2019 23:00,0.212,,,,,,,,,,,
24-03-2019 00:00,0.219,,,,,,,,,,,
24-03-2019 01:00,0.193,,,,,,,,,,,
24-03-2019 02:00,0.069,,,,,,,,,,,
24-03-2019 03:00,0.03,,,,,,,,,,,
24-03-2019 04:00,0.007,,,,,,,,,,,
24-03-2019 05:00,0.001,,,,,,,,,,,
24-03-2019 06:00,0,,,,,,,,,,,
24-03-2019 07:00,0,,,,,,,,,,,
24-03-2019 08:00,0,,,,,,,,,,,
24-03-2019 09:00,0.001,,,,,,,,,,,
24-03-2019 10:00,0.002,,,,,,,,,,,
24-03-2019 11:00,0.005,,,,,,,,,,,
24-03-2019 12:00,0.018,,,,,,,,,,,
24-03-2019 13:00,0.047,,,,,,,,,,,
24-03-2019 14:00,0.075,,,,,,,,,,,
24-03-2019 15:00,0.118,,,,,,,,,,,
24-03-2019 16:00,0.158,,,,,,,,,,,
24-03-2019 17:00,0.185,,,,,,,,,,,
24-03-2019 18:00,0.236,,,,,,,,,,,
24-03-2019 19:00,0.302,,,,,,,,,,,
24-03-2019 20:00,0.361,,,,,,,,,,,
24-03-2019 21:00,0.349,,,,,,,,,,,
24-03-2019 22:00,0.315,,,,,,,,,,,
24-03-2019 23:00,0.353,,,,,,,,,,,
25-03-2019 00:00,0.398,,,,,,,,,,,
25-03-2019 01:00,0.341,,,,,,,,,,,
25-03-2019 02:00,0.133,,,,,,,,,,,
25-03-2019 03:00,0.104,,,,,,,,,,,
25-03-2019 04:00,0.021,,,,,,,,,,,
25-03-2019 05:00,0.008,,,,,,,,,,,
25-03-2019 06:00,0.014,,,,,,,,,,,
25-03-2019 07:00,0.037,,,,,,,,,,,
25-03-2019 08:00,0.066,,,,,,,,,,,
25-03-2019 09:00,0.088,,,,,,,,,,,
25-03-2019 10:00,0.1,,,,,,,,,,,
25-03-2019 11:00,0.089,,,,,,,,,,,
25-03-2019 12:00,0.074,,,,,,,,,,,
25-03-2019 13:00,0.056,,,,,,,,,,,
25-03-2019 14:00,0.025,,,,,,,,,,,
25-03-2019 15:00,0.017,,,,,,,,,,,
25-03-2019 16:00,0.055,,,,,,,,,,,
25-03-2019 17:00,0.112,,,,,,,,,,,
25-03-2019 18:00,0.14,,,,,,,,,,,
25-03-2019 19:00,0.13,,,,,,,,,,,
25-03-2019 20:00,0.105,,,,,,,,,,,
25-03-2019 21:00,0.101,,,,,,,,,,,
25-03-2019 22:00,0.107,,,,,,,,,,,
25-03-2019 23:00,0.081,,,,,,,,,,,
26-03-2019 00:00,0.118,,,,,,,,,,,
26-03-2019 01:00,0.176,,,,,,,,,,,
26-03-2019 02:00,0.157,,,,,,,,,,,
26-03-2019 03:00,0.264,,,,,,,,,,,
26-03-2019 04:00,0.2,,,,,,,,,,,
26-03-2019 05:00,0.104,,,,,,,,,,,
26-03-2019 06:00,0.055,,,,,,,,,,,
26-03-2019 07:00,0.061,,,,,,,,,,,
26-03-2019 08:00,0.115,,,,,,,,,,,
26-03-2019 09:00,0.153,,,,,,,,,,,
26-03-2019 10:00,0.156,,,,,,,,,,,
26-03-2019 11:00,0.144,,,,,,,,,,,
26-03-2019 12:00,0.151,,,,,,,,,,,
26-03-2019 13:00,0.131,,,,,,,,,,,
26-03-2019 14:00,0.125,,,,,,,,,,,
26-03-2019 15:00,0.253,,,,,,,,,,,
26-03-2019 16:00,0.392,,,,,,,,,,,
26-03-2019 17:00,0.45,,,,,,,,,,,
26-03-2019 18:00,0.482,,,,,,,,,,,
26-03-2019 19:00,0.517,,,,,,,,,,,
26-03-2019 20:00,0.516,,,,,,,,,,,
26-03-2019 21:00,0.457,,,,,,,,,,,
26-03-2019 22:00,0.529,,,,,,,,,,,
26-03-2019 23:00,0.449,,,,,,,,,,,
27-03-2019 00:00,0.376,,,,,,,,,,,
27-03-2019 01:00,0.241,,,,,,,,,,,
27-03-2019 02:00,0.084,,,,,,,,,,,
27-03-2019 03:00,0.034,,,,,,,,,,,
27-03-2019 04:00,0.001,,,,,,,,,,,
27-03-2019 05:00,0,,,,,,,,,,,
27-03-2019 06:00,0.003,,,,,,,,,,,
27-03-2019 07:00,0.023,,,,,,,,,,,
27-03-2019 08:00,0.054,,,,,,,,,,,
27-03-2019 09:00,0.084,,,,,,,,,,,
27-03-2019 10:00,0.118,,,,,,,,,,,
27-03-2019 11:00,0.142,,,,,,,,,,,
27-03-2019 12:00,0.186,,,,,,,,,,,
27-03-2019 13:00,0.209,,,,,,,,,,,
27-03-2019 14:00,0.173,,,,,,,,,,,
27-03-2019 15:00,0.117,,,,,,,,,,,
27-03-2019 16:00,0.074,,,,,,,,,,,
27-03-2019 17:00,0.049,,,,,,,,,,,
27-03-2019 18:00,0.037,,,,,,,,,,,
27-03-2019 19:00,0.031,,,,,,,,,,,
27-03-2019 20:00,0.033,,,,,,,,,,,
27-03-2019 21:00,0.037,,,,,,,,,,,
27-03-2019 22:00,0.042,,,,,,,,,,,
27-03-2019 23:00,0.055,,,,,,,,,,,
28-03-2019 00:00,0.076,,,,,,,,,,,
28-03-2019 01:00,0.087,,,,,,,,,,,
28-03-2019 02:00,0.033,,,,,,,,,,,
28-03-2019 03:00,0.001,,,,,,,,,,,
28-03-2019 04:00,0.001,,,,,,,,,,,
28-03-2019 05:00,0.007,,,,,,,,,,,
28-03-2019 06:00,0.022,,,,,,,,,,,
28-03-2019 07:00,0.045,,,,,,,,,,,
28-03-2019 08:00,0.073,,,,,,,,,,,
28-03-2019 09:00,0.1,,,,,,,,,,,
28-03-2019 10:00,0.114,,,,,,,,,,,
28-03-2019 11:00,0.11,,,,,,,,,,,
28-03-2019 12:00,0.087,,,,,,,,,,,
28-03-2019 13:00,0.05,,,,,,,,,,,
28-03-2019 14:00,0.034,,,,,,,,,,,
28-03-2019 15:00,0.041,,,,,,,,,,,
28-03-2019 16:00,0.05,,,,,,,,,,,
28-03-2019 17:00,0.048,,,,,,,,,,,
28-03-2019 18:00,0.038,,,,,,,,,,,
28-03-2019 19:00,0.029,,,,,,,,,,,
28-03-2019 20:00,0.023,,,,,,,,,,,
28-03-2019 21:00,0.014,,,,,,,,,,,
28-03-2019 22:00,0.007,,,,,,,,,,,
28-03-2019 23:00,0.004,,,,,,,,,,,
29-03-2019 00:00,0.003,,,,,,,,,,,
29-03-2019 01:00,0.002,,,,,,,,,,,
29-03-2019 02:00,0,,,,,,,,,,,
29-03-2019 03:00,0.001,,,,,,,,,,,
29-03-2019 04:00,0.004,,,,,,,,,,,
29-03-2019 05:00,0.008,,,,,,,,,,,
29-03-2019 06:00,0.011,,,,,,,,,,,
29-03-2019 07:00,0.015,,,,,,,,,,,
29-03-2019 08:00,0.022,,,,,,,,,,,
29-03-2019 09:00,0.038,,,,,,,,,,,
29-03-2019 10:00,0.066,,,,,,,,,,,
29-03-2019 11:00,0.096,,,,,,,,,,,
29-03-2019 12:00,0.105,,,,,,,,,,,
29-03-2019 13:00,0.07,,,,,,,,,,,
29-03-2019 14:00,0.038,,,,,,,,,,,
29-03-2019 15:00,0.024,,,,,,,,,,,
29-03-2019 16:00,0.027,,,,,,,,,,,
29-03-2019 17:00,0.054,,,,,,,,,,,
29-03-2019 18:00,0.109,,,,,,,,,,,
29-03-2019 19:00,0.171,,,,,,,,,,,
29-03-2019 20:00,0.236,,,,,,,,,,,
29-03-2019 21:00,0.283,,,,,,,,,,,
29-03-2019 22:00,0.31,,,,,,,,,,,
29-03-2019 23:00,0.32,,,,,,,,,,,
30-03-2019 00:00,0.306,,,,,,,,,,,
30-03-2019 01:00,0.243,,,,,,,,,,,
30-03-2019 02:00,0.113,,,,,,,,,,,
30-03-2019 03:00,0.131,,,,,,,,,,,
30-03-2019 04:00,0.124,,,,,,,,,,,
30-03-2019 05:00,0.118,,,,,,,,,,,
30-03-2019 06:00,0.124,,,,,,,,,,,
30-03-2019 07:00,0.141,,,,,,,,,,,
30-03-2019 08:00,0.156,,,,,,,,,,,
30-03-2019 09:00,0.16,,,,,,,,,,,
30-03-2019 10:00,0.156,,,,,,,,,,,
30-03-2019 11:00,0.146,,,,,,,,,,,
30-03-2019 12:00,0.146,,,,,,,,,,,
30-03-2019 13:00,0.155,,,,,,,,,,,
30-03-2019 14:00,0.179,,,,,,,,,,,
30-03-2019 15:00,0.222,,,,,,,,,,,
30-03-2019 16:00,0.282,,,,,,,,,,,
30-03-2019 17:00,0.355,,,,,,,,,,,
30-03-2019 18:00,0.415,,,,,,,,,,,
30-03-2019 19:00,0.467,,,,,,,,,,,
30-03-2019 20:00,0.522,,,,,,,,,,,
30-03-2019 21:00,0.569,,,,,,,,,,,
30-03-2019 22:00,0.601,,,,,,,,,,,
30-03-2019 23:00,0.586,,,,,,,,,,,
31-03-2019 00:00,0.532,,,,,,,,,,,
31-03-2019 01:00,0.377,,,,,,,,,,,
31-03-2019 02:00,0.241,,,,,,,,,,,
31-03-2019 03:00,0.422,,,,,,,,,,,
31-03-2019 04:00,0.388,,,,,,,,,,,
31-03-2019 05:00,0.362,,,,,,,,,,,
31-03-2019 06:00,0.413,,,,,,,,,,,
31-03-2019 07:00,0.503,,,,,,,,,,,
31-03-2019 08:00,0.571,,,,,,,,,,,
31-03-2019 09:00,0.613,,,,,,,,,,,
31-03-2019 10:00,0.654,,,,,,,,,,,
31-03-2019 11:00,0.668,,,,,,,,,,,
31-03-2019 12:00,0.565,,,,,,,,,,,
31-03-2019 13:00,0.51,,,,,,,,,,,
31-03-2019 14:00,0.481,,,,,,,,,,,
31-03-2019 15:00,0.482,,,,,,,,,,,
31-03-2019 16:00,0.471,,,,,,,,,,,
31-03-2019 17:00,0.445,,,,,,,,,,,
31-03-2019 18:00,0.441,,,,,,,,,,,
31-03-2019 19:00,0.41,,,,,,,,,,,
31-03-2019 20:00,0.382,,,,,,,,,,,
31-03-2019 21:00,0.305,,,,,,,,,,,
31-03-2019 22:00,0.22,,,,,,,,,,,
31-03-2019 23:00,0.169,,,,,,,,,,,
01-04-2019 00:00,0.157,,,,,,,,,,,
01-04-2019 01:00,0.113,,,,,,,,,,,
01-04-2019 02:00,0.081,,,,,,,,,,,
01-04-2019 03:00,0.09,,,,,,,,,,,
01-04-2019 04:00,0.046,,,,,,,,,,,
01-04-2019 05:00,0.052,,,,,,,,,,,
01-04-2019 06:00,0.078,,,,,,,,,,,
01-04-2019 07:00,0.108,,,,,,,,,,,
01-04-2019 08:00,0.138,,,,,,,,,,,
01-04-2019 09:00,0.152,,,,,,,,,,,
01-04-2019 10:00,0.133,,,,,,,,,,,
01-04-2019 11:00,0.096,,,,,,,,,,,
01-04-2019 12:00,0.087,,,,,,,,,,,
01-04-2019 13:00,0.099,,,,,,,,,,,
01-04-2019 14:00,0.092,,,,,,,,,,,
01-04-2019 15:00,0.114,,,,,,,,,,,
01-04-2019 16:00,0.2,,,,,,,,,,,
01-04-2019 17:00,0.34,,,,,,,,,,,
01-04-2019 18:00,0.494,,,,,,,,,,,
01-04-2019 19:00,0.586,,,,,,,,,,,
01-04-2019 20:00,0.598,,,,,,,,,,,
01-04-2019 21:00,0.523,,,,,,,,,,,
01-04-2019 22:00,0.442,,,,,,,,,,,
01-04-2019 23:00,0.392,,,,,,,,,,,
02-04-2019 00:00,0.354,,,,,,,,,,,
02-04-2019 01:00,0.266,,,,,,,,,,,
02-04-2019 02:00,0.096,,,,,,,,,,,
02-04-2019 03:00,0.008,,,,,,,,,,,
02-04-2019 04:00,0,,,,,,,,,,,
02-04-2019 05:00,0,,,,,,,,,,,
02-04-2019 06:00,0.003,,,,,,,,,,,
02-04-2019 07:00,0.01,,,,,,,,,,,
02-04-2019 08:00,0.019,,,,,,,,,,,
02-04-2019 09:00,0.028,,,,,,,,,,,
02-04-2019 10:00,0.045,,,,,,,,,,,
02-04-2019 11:00,0.069,,,,,,,,,,,
02-04-2019 12:00,0.112,,,,,,,,,,,
02-04-2019 13:00,0.133,,,,,,,,,,,
02-04-2019 14:00,0.104,,,,,,,,,,,
02-04-2019 15:00,0.057,,,,,,,,,,,
02-04-2019 16:00,0.015,,,,,,,,,,,
02-04-2019 17:00,0.001,,,,,,,,,,,
02-04-2019 18:00,0,,,,,,,,,,,
02-04-2019 19:00,0,,,,,,,,,,,
02-04-2019 20:00,0,,,,,,,,,,,
02-04-2019 21:00,0,,,,,,,,,,,
02-04-2019 22:00,0.001,,,,,,,,,,,
02-04-2019 23:00,0.004,,,,,,,,,,,
03-04-2019 00:00,0.014,,,,,,,,,,,
03-04-2019 01:00,0.024,,,,,,,,,,,
03-04-2019 02:00,0.004,,,,,,,,,,,
03-04-2019 03:00,0.002,,,,,,,,,,,
03-04-2019 04:00,0.005,,,,,,,,,,,
03-04-2019 05:00,0.006,,,,,,,,,,,
03-04-2019 06:00,0.006,,,,,,,,,,,
03-04-2019 07:00,0.008,,,,,,,,,,,
03-04-2019 08:00,0.009,,,,,,,,,,,
03-04-2019 09:00,0.015,,,,,,,,,,,
03-04-2019 10:00,0.027,,,,,,,,,,,
03-04-2019 11:00,0.046,,,,,,,,,,,
03-04-2019 12:00,0.105,,,,,,,,,,,
03-04-2019 13:00,0.167,,,,,,,,,,,
03-04-2019 14:00,0.161,,,,,,,,,,,
03-04-2019 15:00,0.068,,,,,,,,,,,
03-04-2019 16:00,0.007,,,,,,,,,,,
03-04-2019 17:00,0.004,,,,,,,,,,,
03-04-2019 18:00,0.017,,,,,,,,,,,
03-04-2019 19:00,0.041,,,,,,,,,,,
03-04-2019 20:00,0.063,,,,,,,,,,,
03-04-2019 21:00,0.066,,,,,,,,,,,
03-04-2019 22:00,0.083,,,,,,,,,,,
03-04-2019 23:00,0.127,,,,,,,,,,,
04-04-2019 00:00,0.172,,,,,,,,,,,
04-04-2019 01:00,0.175,,,,,,,,,,,
04-04-2019 02:00,0.093,,,,,,,,,,,
04-04-2019 03:00,0.174,,,,,,,,,,,
04-04-2019 04:00,0.22,,,,,,,,,,,
04-04-2019 05:00,0.217,,,,,,,,,,,
04-04-2019 06:00,0.208,,,,,,,,,,,
04-04-2019 07:00,0.21,,,,,,,,,,,
04-04-2019 08:00,0.22,,,,,,,,,,,
04-04-2019 09:00,0.196,,,,,,,,,,,
04-04-2019 10:00,0.158,,,,,,,,,,,
04-04-2019 11:00,0.111,,,,,,,,,,,
04-04-2019 12:00,0.045,,,,,,,,,,,
04-04-2019 13:00,0.008,,,,,,,,,,,
04-04-2019 14:00,0.011,,,,,,,,,,,
04-04-2019 15:00,0.07,,,,,,,,,,,
04-04-2019 16:00,0.218,,,,,,,,,,,
04-04-2019 17:00,0.413,,,,,,,,,,,
04-04-2019 18:00,0.571,,,,,,,,,,,
04-04-2019 19:00,0.655,,,,,,,,,,,
04-04-2019 20:00,0.69,,,,,,,,,,,
04-04-2019 21:00,0.685,,,,,,,,,,,
04-04-2019 22:00,0.681,,,,,,,,,,,
04-04-2019 23:00,0.664,,,,,,,,,,,
05-04-2019 00:00,0.638,,,,,,,,,,,
05-04-2019 01:00,0.479,,,,,,,,,,,
05-04-2019 02:00,0.27,,,,,,,,,,,
05-04-2019 03:00,0.294,,,,,,,,,,,
05-04-2019 04:00,0.27,,,,,,,,,,,
05-04-2019 05:00,0.22,,,,,,,,,,,
05-04-2019 06:00,0.192,,,,,,,,,,,
05-04-2019 07:00,0.191,,,,,,,,,,,
05-04-2019 08:00,0.2,,,,,,,,,,,
05-04-2019 09:00,0.181,,,,,,,,,,,
05-04-2019 10:00,0.142,,,,,,,,,,,
05-04-2019 11:00,0.107,,,,,,,,,,,
05-04-2019 12:00,0.101,,,,,,,,,,,
05-04-2019 13:00,0.141,,,,,,,,,,,
05-04-2019 14:00,0.22,,,,,,,,,,,
05-04-2019 15:00,0.292,,,,,,,,,,,
05-04-2019 16:00,0.355,,,,,,,,,,,
05-04-2019 17:00,0.43,,,,,,,,,,,
05-04-2019 18:00,0.504,,,,,,,,,,,
05-04-2019 19:00,0.574,,,,,,,,,,,
05-04-2019 20:00,0.636,,,,,,,,,,,
05-04-2019 21:00,0.655,,,,,,,,,,,
05-04-2019 22:00,0.635,,,,,,,,,,,
05-04-2019 23:00,0.594,,,,,,,,,,,
06-04-2019 00:00,0.516,,,,,,,,,,,
06-04-2019 01:00,0.318,,,,,,,,,,,
06-04-2019 02:00,0.178,,,,,,,,,,,
06-04-2019 03:00,0.221,,,,,,,,,,,
06-04-2019 04:00,0.242,,,,,,,,,,,
06-04-2019 05:00,0.174,,,,,,,,,,,
06-04-2019 06:00,0.105,,,,,,,,,,,
06-04-2019 07:00,0.079,,,,,,,,,,,
06-04-2019 08:00,0.088,,,,,,,,,,,
06-04-2019 09:00,0.128,,,,,,,,,,,
06-04-2019 10:00,0.179,,,,,,,,,,,
06-04-2019 11:00,0.2,,,,,,,,,,,
06-04-2019 12:00,0.179,,,,,,,,,,,
06-04-2019 13:00,0.152,,,,,,,,,,,
06-04-2019 14:00,0.154,,,,,,,,,,,
06-04-2019 15:00,0.243,,,,,,,,,,,
06-04-2019 16:00,0.41,,,,,,,,,,,
06-04-2019 17:00,0.595,,,,,,,,,,,
06-04-2019 18:00,0.733,,,,,,,,,,,
06-04-2019 19:00,0.772,,,,,,,,,,,
06-04-2019 20:00,0.763,,,,,,,,,,,
06-04-2019 21:00,0.697,,,,,,,,,,,
06-04-2019 22:00,0.538,,,,,,,,,,,
06-04-2019 23:00,0.407,,,,,,,,,,,
07-04-2019 00:00,0.3,,,,,,,,,,,
07-04-2019 01:00,0.17,,,,,,,,,,,
07-04-2019 02:00,0.115,,,,,,,,,,,
07-04-2019 03:00,0.222,,,,,,,,,,,
07-04-2019 04:00,0.142,,,,,,,,,,,
07-04-2019 05:00,0.069,,,,,,,,,,,
07-04-2019 06:00,0.035,,,,,,,,,,,
07-04-2019 07:00,0.019,,,,,,,,,,,
07-04-2019 08:00,0.014,,,,,,,,,,,
07-04-2019 09:00,0.021,,,,,,,,,,,
07-04-2019 10:00,0.041,,,,,,,,,,,
07-04-2019 11:00,0.058,,,,,,,,,,,
07-04-2019 12:00,0.062,,,,,,,,,,,
07-04-2019 13:00,0.051,,,,,,,,,,,
07-04-2019 14:00,0.051,,,,,,,,,,,
07-04-2019 15:00,0.051,,,,,,,,,,,
07-04-2019 16:00,0.045,,,,,,,,,,,
07-04-2019 17:00,0.047,,,,,,,,,,,
07-04-2019 18:00,0.055,,,,,,,,,,,
07-04-2019 19:00,0.067,,,,,,,,,,,
07-04-2019 20:00,0.079,,,,,,,,,,,
07-04-2019 21:00,0.102,,,,,,,,,,,
07-04-2019 22:00,0.134,,,,,,,,,,,
07-04-2019 23:00,0.156,,,,,,,,,,,
08-04-2019 00:00,0.16,,,,,,,,,,,
08-04-2019 01:00,0.118,,,,,,,,,,,
08-04-2019 02:00,0.055,,,,,,,,,,,
08-04-2019 03:00,0.147,,,,,,,,,,,
08-04-2019 04:00,0.223,,,,,,,,,,,
08-04-2019 05:00,0.249,,,,,,,,,,,
08-04-2019 06:00,0.236,,,,,,,,,,,
08-04-2019 07:00,0.208,,,,,,,,,,,
08-04-2019 08:00,0.179,,,,,,,,,,,
08-04-2019 09:00,0.167,,,,,,,,,,,
08-04-2019 10:00,0.164,,,,,,,,,,,
08-04-2019 11:00,0.159,,,,,,,,,,,
08-04-2019 12:00,0.125,,,,,,,,,,,
08-04-2019 13:00,0.064,,,,,,,,,,,
08-04-2019 14:00,0.023,,,,,,,,,,,
08-04-2019 15:00,0.009,,,,,,,,,,,
08-04-2019 16:00,0.041,,,,,,,,,,,
08-04-2019 17:00,0.144,,,,,,,,,,,
08-04-2019 18:00,0.297,,,,,,,,,,,
08-04-2019 19:00,0.443,,,,,,,,,,,
08-04-2019 20:00,0.526,,,,,,,,,,,
08-04-2019 21:00,0.523,,,,,,,,,,,
08-04-2019 22:00,0.476,,,,,,,,,,,
08-04-2019 23:00,0.391,,,,,,,,,,,
09-04-2019 00:00,0.305,,,,,,,,,,,
09-04-2019 01:00,0.166,,,,,,,,,,,
09-04-2019 02:00,0.082,,,,,,,,,,,
09-04-2019 03:00,0.154,,,,,,,,,,,
09-04-2019 04:00,0.14,,,,,,,,,,,
09-04-2019 05:00,0.112,,,,,,,,,,,
09-04-2019 06:00,0.123,,,,,,,,,,,
09-04-2019 07:00,0.164,,,,,,,,,,,
09-04-2019 08:00,0.22,,,,,,,,,,,
09-04-2019 09:00,0.289,,,,,,,,,,,
09-04-2019 10:00,0.359,,,,,,,,,,,
09-04-2019 11:00,0.4,,,,,,,,,,,
09-04-2019 12:00,0.388,,,,,,,,,,,
09-04-2019 13:00,0.412,,,,,,,,,,,
09-04-2019 14:00,0.427,,,,,,,,,,,
09-04-2019 15:00,0.42,,,,,,,,,,,
09-04-2019 16:00,0.384,,,,,,,,,,,
09-04-2019 17:00,0.315,,,,,,,,,,,
09-04-2019 18:00,0.285,,,,,,,,,,,
09-04-2019 19:00,0.297,,,,,,,,,,,
09-04-2019 20:00,0.334,,,,,,,,,,,
09-04-2019 21:00,0.362,,,,,,,,,,,
09-04-2019 22:00,0.389,,,,,,,,,,,
09-04-2019 23:00,0.413,,,,,,,,,,,
10-04-2019 00:00,0.41,,,,,,,,,,,
10-04-2019 01:00,0.244,,,,,,,,,,,
10-04-2019 02:00,0.107,,,,,,,,,,,
10-04-2019 03:00,0.079,,,,,,,,,,,
10-04-2019 04:00,0.039,,,,,,,,,,,
10-04-2019 05:00,0.018,,,,,,,,,,,
10-04-2019 06:00,0.012,,,,,,,,,,,
10-04-2019 07:00,0.014,,,,,,,,,,,
10-04-2019 08:00,0.02,,,,,,,,,,,
10-04-2019 09:00,0.025,,,,,,,,,,,
10-04-2019 10:00,0.029,,,,,,,,,,,
10-04-2019 11:00,0.03,,,,,,,,,,,
10-04-2019 12:00,0.03,,,,,,,,,,,
10-04-2019 13:00,0.025,,,,,,,,,,,
10-04-2019 14:00,0.024,,,,,,,,,,,
10-04-2019 15:00,0.031,,,,,,,,,,,
10-04-2019 16:00,0.045,,,,,,,,,,,
10-04-2019 17:00,0.068,,,,,,,,,,,
10-04-2019 18:00,0.094,,,,,,,,,,,
10-04-2019 19:00,0.112,,,,,,,,,,,
10-04-2019 20:00,0.108,,,,,,,,,,,
10-04-2019 21:00,0.083,,,,,,,,,,,
10-04-2019 22:00,0.054,,,,,,,,,,,
10-04-2019 23:00,0.032,,,,,,,,,,,
11-04-2019 00:00,0.018,,,,,,,,,,,
11-04-2019 01:00,0.008,,,,,,,,,,,
11-04-2019 02:00,0,,,,,,,,,,,
11-04-2019 03:00,0,,,,,,,,,,,
11-04-2019 04:00,0.001,,,,,,,,,,,
11-04-2019 05:00,0.004,,,,,,,,,,,
11-04-2019 06:00,0.008,,,,,,,,,,,
11-04-2019 07:00,0.015,,,,,,,,,,,
11-04-2019 08:00,0.03,,,,,,,,,,,
11-04-2019 09:00,0.052,,,,,,,,,,,
11-04-2019 10:00,0.072,,,,,,,,,,,
11-04-2019 11:00,0.083,,,,,,,,,,,
11-04-2019 12:00,0.09,,,,,,,,,,,
11-04-2019 13:00,0.079,,,,,,,,,,,
11-04-2019 14:00,0.045,,,,,,,,,,,
11-04-2019 15:00,0.014,,,,,,,,,,,
11-04-2019 16:00,0.003,,,,,,,,,,,
11-04-2019 17:00,0.004,,,,,,,,,,,
11-04-2019 18:00,0.017,,,,,,,,,,,
11-04-2019 19:00,0.068,,,,,,,,,,,
11-04-2019 20:00,0.149,,,,,,,,,,,
11-04-2019 21:00,0.236,,,,,,,,,,,
11-04-2019 22:00,0.315,,,,,,,,,,,
11-04-2019 23:00,0.362,,,,,,,,,,,
12-04-2019 00:00,0.367,,,,,,,,,,,
12-04-2019 01:00,0.242,,,,,,,,,,,
12-04-2019 02:00,0.126,,,,,,,,,,,
12-04-2019 03:00,0.078,,,,,,,,,,,
12-04-2019 04:00,0.044,,,,,,,,,,,
12-04-2019 05:00,0.031,,,,,,,,,,,
12-04-2019 06:00,0.033,,,,,,,,,,,
12-04-2019 07:00,0.046,,,,,,,,,,,
12-04-2019 08:00,0.067,,,,,,,,,,,
12-04-2019 09:00,0.082,,,,,,,,,,,
12-04-2019 10:00,0.084,,,,,,,,,,,
12-04-2019 11:00,0.081,,,,,,,,,,,
12-04-2019 12:00,0.08,,,,,,,,,,,
12-04-2019 13:00,0.068,,,,,,,,,,,
12-04-2019 14:00,0.041,,,,,,,,,,,
12-04-2019 15:00,0.023,,,,,,,,,,,
12-04-2019 16:00,0.023,,,,,,,,,,,
12-04-2019 17:00,0.041,,,,,,,,,,,
12-04-2019 18:00,0.074,,,,,,,,,,,
12-04-2019 19:00,0.113,,,,,,,,,,,
12-04-2019 20:00,0.148,,,,,,,,,,,
12-04-2019 21:00,0.171,,,,,,,,,,,
12-04-2019 22:00,0.164,,,,,,,,,,,
12-04-2019 23:00,0.132,,,,,,,,,,,
13-04-2019 00:00,0.088,,,,,,,,,,,
13-04-2019 01:00,0.04,,,,,,,,,,,
13-04-2019 02:00,0.01,,,,,,,,,,,
13-04-2019 03:00,0.014,,,,,,,,,,,
13-04-2019 04:00,0.017,,,,,,,,,,,
13-04-2019 05:00,0.024,,,,,,,,,,,
13-04-2019 06:00,0.037,,,,,,,,,,,
13-04-2019 07:00,0.054,,,,,,,,,,,
13-04-2019 08:00,0.074,,,,,,,,,,,
13-04-2019 09:00,0.088,,,,,,,,,,,
13-04-2019 10:00,0.095,,,,,,,,,,,
13-04-2019 11:00,0.102,,,,,,,,,,,
13-04-2019 12:00,0.114,,,,,,,,,,,
13-04-2019 13:00,0.104,,,,,,,,,,,
13-04-2019 14:00,0.062,,,,,,,,,,,
13-04-2019 15:00,0.035,,,,,,,,,,,
13-04-2019 16:00,0.044,,,,,,,,,,,
13-04-2019 17:00,0.08,,,,,,,,,,,
13-04-2019 18:00,0.137,,,,,,,,,,,
13-04-2019 19:00,0.203,,,,,,,,,,,
13-04-2019 20:00,0.278,,,,,,,,,,,
13-04-2019 21:00,0.323,,,,,,,,,,,
13-04-2019 22:00,0.369,,,,,,,,,,,
13-04-2019 23:00,0.388,,,,,,,,,,,
14-04-2019 00:00,0.379,,,,,,,,,,,
14-04-2019 01:00,0.253,,,,,,,,,,,
14-04-2019 02:00,0.168,,,,,,,,,,,
14-04-2019 03:00,0.254,,,,,,,,,,,
14-04-2019 04:00,0.159,,,,,,,,,,,
14-04-2019 05:00,0.081,,,,,,,,,,,
14-04-2019 06:00,0.042,,,,,,,,,,,
14-04-2019 07:00,0.027,,,,,,,,,,,
14-04-2019 08:00,0.026,,,,,,,,,,,
14-04-2019 09:00,0.034,,,,,,,,,,,
14-04-2019 10:00,0.045,,,,,,,,,,,
14-04-2019 11:00,0.054,,,,,,,,,,,
14-04-2019 12:00,0.058,,,,,,,,,,,
14-04-2019 13:00,0.048,,,,,,,,,,,
14-04-2019 14:00,0.037,,,,,,,,,,,
14-04-2019 15:00,0.04,,,,,,,,,,,
14-04-2019 16:00,0.053,,,,,,,,,,,
14-04-2019 17:00,0.07,,,,,,,,,,,
14-04-2019 18:00,0.092,,,,,,,,,,,
14-04-2019 19:00,0.114,,,,,,,,,,,
14-04-2019 20:00,0.134,,,,,,,,,,,
14-04-2019 21:00,0.097,,,,,,,,,,,
14-04-2019 22:00,0.045,,,,,,,,,,,
14-04-2019 23:00,0.031,,,,,,,,,,,
15-04-2019 00:00,0.059,,,,,,,,,,,
15-04-2019 01:00,0.109,,,,,,,,,,,
15-04-2019 02:00,0.112,,,,,,,,,,,
15-04-2019 03:00,0.18,,,,,,,,,,,
15-04-2019 04:00,0.144,,,,,,,,,,,
15-04-2019 05:00,0.111,,,,,,,,,,,
15-04-2019 06:00,0.1,,,,,,,,,,,
15-04-2019 07:00,0.097,,,,,,,,,,,
15-04-2019 08:00,0.088,,,,,,,,,,,
15-04-2019 09:00,0.086,,,,,,,,,,,
15-04-2019 10:00,0.086,,,,,,,,,,,
15-04-2019 11:00,0.097,,,,,,,,,,,
15-04-2019 12:00,0.144,,,,,,,,,,,
15-04-2019 13:00,0.221,,,,,,,,,,,
15-04-2019 14:00,0.251,,,,,,,,,,,
15-04-2019 15:00,0.218,,,,,,,,,,,
15-04-2019 16:00,0.176,,,,,,,,,,,
15-04-2019 17:00,0.167,,,,,,,,,,,
15-04-2019 18:00,0.177,,,,,,,,,,,
15-04-2019 19:00,0.177,,,,,,,,,,,
15-04-2019 20:00,0.171,,,,,,,,,,,
15-04-2019 21:00,0.171,,,,,,,,,,,
15-04-2019 22:00,0.153,,,,,,,,,,,
15-04-2019 23:00,0.12,,,,,,,,,,,
16-04-2019 00:00,0.079,,,,,,,,,,,
16-04-2019 01:00,0.033,,,,,,,,,,,
16-04-2019 02:00,0.06,,,,,,,,,,,
16-04-2019 03:00,0.1,,,,,,,,,,,
16-04-2019 04:00,0.063,,,,,,,,,,,
16-04-2019 05:00,0.013,,,,,,,,,,,
16-04-2019 06:00,0,,,,,,,,,,,
16-04-2019 07:00,0,,,,,,,,,,,
16-04-2019 08:00,0,,,,,,,,,,,
16-04-2019 09:00,0,,,,,,,,,,,
16-04-2019 10:00,0,,,,,,,,,,,
16-04-2019 11:00,0.007,,,,,,,,,,,
16-04-2019 12:00,0.009,,,,,,,,,,,
16-04-2019 13:00,0.069,,,,,,,,,,,
16-04-2019 14:00,0.189,,,,,,,,,,,
16-04-2019 15:00,0.289,,,,,,,,,,,
16-04-2019 16:00,0.235,,,,,,,,,,,
16-04-2019 17:00,0.036,,,,,,,,,,,
16-04-2019 18:00,0,,,,,,,,,,,
16-04-2019 19:00,0.008,,,,,,,,,,,
16-04-2019 20:00,0.084,,,,,,,,,,,
16-04-2019 21:00,0.018,,,,,,,,,,,
16-04-2019 22:00,0.002,,,,,,,,,,,
16-04-2019 23:00,0.005,,,,,,,,,,,
17-04-2019 00:00,0.005,,,,,,,,,,,
17-04-2019 01:00,0.007,,,,,,,,,,,
17-04-2019 02:00,0.06,,,,,,,,,,,
17-04-2019 03:00,0.181,,,,,,,,,,,
17-04-2019 04:00,0.337,,,,,,,,,,,
17-04-2019 05:00,0.459,,,,,,,,,,,
17-04-2019 06:00,0.474,,,,,,,,,,,
17-04-2019 07:00,0.422,,,,,,,,,,,
17-04-2019 08:00,0.36,,,,,,,,,,,
17-04-2019 09:00,0.317,,,,,,,,,,,
17-04-2019 10:00,0.264,,,,,,,,,,,
17-04-2019 11:00,0.195,,,,,,,,,,,
17-04-2019 12:00,0.117,,,,,,,,,,,
17-04-2019 13:00,0.072,,,,,,,,,,,
17-04-2019 14:00,0.068,,,,,,,,,,,
17-04-2019 15:00,0.122,,,,,,,,,,,
17-04-2019 16:00,0.236,,,,,,,,,,,
17-04-2019 17:00,0.366,,,,,,,,,,,
17-04-2019 18:00,0.446,,,,,,,,,,,
17-04-2019 19:00,0.458,,,,,,,,,,,
17-04-2019 20:00,0.422,,,,,,,,,,,
17-04-2019 21:00,0.358,,,,,,,,,,,
17-04-2019 22:00,0.262,,,,,,,,,,,
17-04-2019 23:00,0.205,,,,,,,,,,,
18-04-2019 00:00,0.175,,,,,,,,,,,
18-04-2019 01:00,0.093,,,,,,,,,,,
18-04-2019 02:00,0.079,,,,,,,,,,,
18-04-2019 03:00,0.053,,,,,,,,,,,
18-04-2019 04:00,0.003,,,,,,,,,,,
18-04-2019 05:00,0.003,,,,,,,,,,,
18-04-2019 06:00,0.017,,,,,,,,,,,
18-04-2019 07:00,0.05,,,,,,,,,,,
18-04-2019 08:00,0.085,,,,,,,,,,,
18-04-2019 09:00,0.099,,,,,,,,,,,
18-04-2019 10:00,0.094,,,,,,,,,,,
18-04-2019 11:00,0.081,,,,,,,,,,,
18-04-2019 12:00,0.079,,,,,,,,,,,
18-04-2019 13:00,0.101,,,,,,,,,,,
18-04-2019 14:00,0.104,,,,,,,,,,,
18-04-2019 15:00,0.107,,,,,,,,,,,
18-04-2019 16:00,0.101,,,,,,,,,,,
18-04-2019 17:00,0.084,,,,,,,,,,,
18-04-2019 18:00,0.077,,,,,,,,,,,
18-04-2019 19:00,0.085,,,,,,,,,,,
18-04-2019 20:00,0.116,,,,,,,,,,,
18-04-2019 21:00,0.117,,,,,,,,,,,
18-04-2019 22:00,0.086,,,,,,,,,,,
18-04-2019 23:00,0.06,,,,,,,,,,,
19-04-2019 00:00,0.041,,,,,,,,,,,
19-04-2019 01:00,0.013,,,,,,,,,,,
19-04-2019 02:00,0.005,,,,,,,,,,,
19-04-2019 03:00,0,,,,,,,,,,,
19-04-2019 04:00,0,,,,,,,,,,,
19-04-2019 05:00,0.002,,,,,,,,,,,
19-04-2019 06:00,0.01,,,,,,,,,,,
19-04-2019 07:00,0.027,,,,,,,,,,,
19-04-2019 08:00,0.053,,,,,,,,,,,
19-04-2019 09:00,0.086,,,,,,,,,,,
19-04-2019 10:00,0.127,,,,,,,,,,,
19-04-2019 11:00,0.16,,,,,,,,,,,
19-04-2019 12:00,0.186,,,,,,,,,,,
19-04-2019 13:00,0.233,,,,,,,,,,,
19-04-2019 14:00,0.228,,,,,,,,,,,
19-04-2019 15:00,0.189,,,,,,,,,,,
19-04-2019 16:00,0.163,,,,,,,,,,,
19-04-2019 17:00,0.178,,,,,,,,,,,
19-04-2019 18:00,0.223,,,,,,,,,,,
19-04-2019 19:00,0.284,,,,,,,,,,,
19-04-2019 20:00,0.355,,,,,,,,,,,
19-04-2019 21:00,0.352,,,,,,,,,,,
19-04-2019 22:00,0.307,,,,,,,,,,,
19-04-2019 23:00,0.263,,,,,,,,,,,
20-04-2019 00:00,0.213,,,,,,,,,,,
20-04-2019 01:00,0.088,,,,,,,,,,,
20-04-2019 02:00,0.021,,,,,,,,,,,
20-04-2019 03:00,0.001,,,,,,,,,,,
20-04-2019 04:00,0,,,,,,,,,,,
20-04-2019 05:00,0.001,,,,,,,,,,,
20-04-2019 06:00,0.008,,,,,,,,,,,
20-04-2019 07:00,0.025,,,,,,,,,,,
20-04-2019 08:00,0.047,,,,,,,,,,,
20-04-2019 09:00,0.073,,,,,,,,,,,
20-04-2019 10:00,0.099,,,,,,,,,,,
20-04-2019 11:00,0.115,,,,,,,,,,,
20-04-2019 12:00,0.13,,,,,,,,,,,
20-04-2019 13:00,0.176,,,,,,,,,,,
20-04-2019 14:00,0.204,,,,,,,,,,,
20-04-2019 15:00,0.163,,,,,,,,,,,
20-04-2019 16:00,0.107,,,,,,,,,,,
20-04-2019 17:00,0.079,,,,,,,,,,,
20-04-2019 18:00,0.076,,,,,,,,,,,
20-04-2019 19:00,0.085,,,,,,,,,,,
20-04-2019 20:00,0.103,,,,,,,,,,,
20-04-2019 21:00,0.119,,,,,,,,,,,
20-04-2019 22:00,0.141,,,,,,,,,,,
20-04-2019 23:00,0.172,,,,,,,,,,,
21-04-2019 00:00,0.2,,,,,,,,,,,
21-04-2019 01:00,0.123,,,,,,,,,,,
21-04-2019 02:00,0.107,,,,,,,,,,,
21-04-2019 03:00,0.101,,,,,,,,,,,
21-04-2019 04:00,0.039,,,,,,,,,,,
21-04-2019 05:00,0.008,,,,,,,,,,,
21-04-2019 06:00,0.005,,,,,,,,,,,
21-04-2019 07:00,0.015,,,,,,,,,,,
21-04-2019 08:00,0.047,,,,,,,,,,,
21-04-2019 09:00,0.087,,,,,,,,,,,
21-04-2019 10:00,0.13,,,,,,,,,,,
21-04-2019 11:00,0.155,,,,,,,,,,,
21-04-2019 12:00,0.135,,,,,,,,,,,
21-04-2019 13:00,0.093,,,,,,,,,,,
21-04-2019 14:00,0.046,,,,,,,,,,,
21-04-2019 15:00,0.016,,,,,,,,,,,
21-04-2019 16:00,0.003,,,,,,,,,,,
21-04-2019 17:00,0,,,,,,,,,,,
21-04-2019 18:00,0,,,,,,,,,,,
21-04-2019 19:00,0,,,,,,,,,,,
21-04-2019 20:00,0,,,,,,,,,,,
21-04-2019 21:00,0.001,,,,,,,,,,,
21-04-2019 22:00,0.002,,,,,,,,,,,
21-04-2019 23:00,0.002,,,,,,,,,,,
22-04-2019 00:00,0.001,,,,,,,,,,,
22-04-2019 01:00,0,,,,,,,,,,,
22-04-2019 02:00,0,,,,,,,,,,,
22-04-2019 03:00,0,,,,,,,,,,,
22-04-2019 04:00,0,,,,,,,,,,,
22-04-2019 05:00,0.001,,,,,,,,,,,
22-04-2019 06:00,0.011,,,,,,,,,,,
22-04-2019 07:00,0.039,,,,,,,,,,,
22-04-2019 08:00,0.074,,,,,,,,,,,
22-04-2019 09:00,0.112,,,,,,,,,,,
22-04-2019 10:00,0.138,,,,,,,,,,,
22-04-2019 11:00,0.149,,,,,,,,,,,
22-04-2019 12:00,0.137,,,,,,,,,,,
22-04-2019 13:00,0.11,,,,,,,,,,,
22-04-2019 14:00,0.072,,,,,,,,,,,
22-04-2019 15:00,0.025,,,,,,,,,,,
22-04-2019 16:00,0.009,,,,,,,,,,,
22-04-2019 17:00,0.017,,,,,,,,,,,
22-04-2019 18:00,0.042,,,,,,,,,,,
22-04-2019 19:00,0.071,,,,,,,,,,,
22-04-2019 20:00,0.091,,,,,,,,,,,
22-04-2019 21:00,0.081,,,,,,,,,,,
22-04-2019 22:00,0.05,,,,,,,,,,,
22-04-2019 23:00,0.02,,,,,,,,,,,
23-04-2019 00:00,0.004,,,,,,,,,,,
23-04-2019 01:00,0,,,,,,,,,,,
23-04-2019 02:00,0,,,,,,,,,,,
23-04-2019 03:00,0.046,,,,,,,,,,,
23-04-2019 04:00,0.053,,,,,,,,,,,
23-04-2019 05:00,0.038,,,,,,,,,,,
23-04-2019 06:00,0.027,,,,,,,,,,,
23-04-2019 07:00,0.022,,,,,,,,,,,
23-04-2019 08:00,0.021,,,,,,,,,,,
23-04-2019 09:00,0.029,,,,,,,,,,,
23-04-2019 10:00,0.041,,,,,,,,,,,
23-04-2019 11:00,0.048,,,,,,,,,,,
23-04-2019 12:00,0.038,,,,,,,,,,,
23-04-2019 13:00,0.013,,,,,,,,,,,
23-04-2019 14:00,0.002,,,,,,,,,,,
23-04-2019 15:00,0,,,,,,,,,,,
23-04-2019 16:00,0,,,,,,,,,,,
23-04-2019 17:00,0,,,,,,,,,,,
23-04-2019 18:00,0,,,,,,,,,,,
23-04-2019 19:00,0,,,,,,,,,,,
23-04-2019 20:00,0,,,,,,,,,,,
23-04-2019 21:00,0,,,,,,,,,,,
23-04-2019 22:00,0,,,,,,,,,,,
23-04-2019 23:00,0.002,,,,,,,,,,,
24-04-2019 00:00,0.008,,,,,,,,,,,
24-04-2019 01:00,0.014,,,,,,,,,,,
24-04-2019 02:00,0.005,,,,,,,,,,,
24-04-2019 03:00,0,,,,,,,,,,,
24-04-2019 04:00,0,,,,,,,,,,,
24-04-2019 05:00,0,,,,,,,,,,,
24-04-2019 06:00,0,,,,,,,,,,,
24-04-2019 07:00,0,,,,,,,,,,,
24-04-2019 08:00,0.001,,,,,,,,,,,
24-04-2019 09:00,0.006,,,,,,,,,,,
24-04-2019 10:00,0.014,,,,,,,,,,,
24-04-2019 11:00,0.022,,,,,,,,,,,
24-04-2019 12:00,0.026,,,,,,,,,,,
24-04-2019 13:00,0.019,,,,,,,,,,,
24-04-2019 14:00,0.005,,,,,,,,,,,
24-04-2019 15:00,0,,,,,,,,,,,
24-04-2019 16:00,0,,,,,,,,,,,
24-04-2019 17:00,0,,,,,,,,,,,
24-04-2019 18:00,0.001,,,,,,,,,,,
24-04-2019 19:00,0.003,,,,,,,,,,,
24-04-2019 20:00,0.003,,,,,,,,,,,
24-04-2019 21:00,0.003,,,,,,,,,,,
24-04-2019 22:00,0.002,,,,,,,,,,,
24-04-2019 23:00,0.003,,,,,,,,,,,
25-04-2019 00:00,0.005,,,,,,,,,,,
25-04-2019 01:00,0.007,,,,,,,,,,,
25-04-2019 02:00,0.004,,,,,,,,,,,
25-04-2019 03:00,0.002,,,,,,,,,,,
25-04-2019 04:00,0.001,,,,,,,,,,,
25-04-2019 05:00,0,,,,,,,,,,,
25-04-2019 06:00,0,,,,,,,,,,,
25-04-2019 07:00,0,,,,,,,,,,,
25-04-2019 08:00,0.001,,,,,,,,,,,
25-04-2019 09:00,0.002,,,,,,,,,,,
25-04-2019 10:00,0.003,,,,,,,,,,,
25-04-2019 11:00,0.005,,,,,,,,,,,
25-04-2019 12:00,0.006,,,,,,,,,,,
25-04-2019 13:00,0.004,,,,,,,,,,,
25-04-2019 14:00,0.005,,,,,,,,,,,
25-04-2019 15:00,0.005,,,,,,,,,,,
25-04-2019 16:00,0.007,,,,,,,,,,,
25-04-2019 17:00,0.009,,,,,,,,,,,
25-04-2019 18:00,0.011,,,,,,,,,,,
25-04-2019 19:00,0.009,,,,,,,,,,,
25-04-2019 20:00,0.005,,,,,,,,,,,
25-04-2019 21:00,0.005,,,,,,,,,,,
25-04-2019 22:00,0.024,,,,,,,,,,,
25-04-2019 23:00,0.065,,,,,,,,,,,
26-04-2019 00:00,0.11,,,,,,,,,,,
26-04-2019 01:00,0.092,,,,,,,,,,,
26-04-2019 02:00,0.08,,,,,,,,,,,
26-04-2019 03:00,0.128,,,,,,,,,,,
26-04-2019 04:00,0.096,,,,,,,,,,,
26-04-2019 05:00,0.072,,,,,,,,,,,
26-04-2019 06:00,0.07,,,,,,,,,,,
26-04-2019 07:00,0.084,,,,,,,,,,,
26-04-2019 08:00,0.118,,,,,,,,,,,
26-04-2019 09:00,0.141,,,,,,,,,,,
26-04-2019 10:00,0.14,,,,,,,,,,,
26-04-2019 11:00,0.131,,,,,,,,,,,
26-04-2019 12:00,0.113,,,,,,,,,,,
26-04-2019 13:00,0.092,,,,,,,,,,,
26-04-2019 14:00,0.059,,,,,,,,,,,
26-04-2019 15:00,0.046,,,,,,,,,,,
26-04-2019 16:00,0.046,,,,,,,,,,,
26-04-2019 17:00,0.043,,,,,,,,,,,
26-04-2019 18:00,0.043,,,,,,,,,,,
26-04-2019 19:00,0.05,,,,,,,,,,,
26-04-2019 20:00,0.068,,,,,,,,,,,
26-04-2019 21:00,0.062,,,,,,,,,,,
26-04-2019 22:00,0.042,,,,,,,,,,,
26-04-2019 23:00,0.024,,,,,,,,,,,
27-04-2019 00:00,0.009,,,,,,,,,,,
27-04-2019 01:00,0.001,,,,,,,,,,,
27-04-2019 02:00,0,,,,,,,,,,,
27-04-2019 03:00,0.005,,,,,,,,,,,
27-04-2019 04:00,0.014,,,,,,,,,,,
27-04-2019 05:00,0.025,,,,,,,,,,,
27-04-2019 06:00,0.045,,,,,,,,,,,
27-04-2019 07:00,0.076,,,,,,,,,,,
27-04-2019 08:00,0.115,,,,,,,,,,,
27-04-2019 09:00,0.148,,,,,,,,,,,
27-04-2019 10:00,0.168,,,,,,,,,,,
27-04-2019 11:00,0.168,,,,,,,,,,,
27-04-2019 12:00,0.133,,,,,,,,,,,
27-04-2019 13:00,0.085,,,,,,,,,,,
27-04-2019 14:00,0.058,,,,,,,,,,,
27-04-2019 15:00,0.035,,,,,,,,,,,
27-04-2019 16:00,0.018,,,,,,,,,,,
27-04-2019 17:00,0.013,,,,,,,,,,,
27-04-2019 18:00,0.013,,,,,,,,,,,
27-04-2019 19:00,0.014,,,,,,,,,,,
27-04-2019 20:00,0.017,,,,,,,,,,,
27-04-2019 21:00,0.027,,,,,,,,,,,
27-04-2019 22:00,0.053,,,,,,,,,,,
27-04-2019 23:00,0.098,,,,,,,,,,,
28-04-2019 00:00,0.164,,,,,,,,,,,
28-04-2019 01:00,0.155,,,,,,,,,,,
28-04-2019 02:00,0.087,,,,,,,,,,,
28-04-2019 03:00,0.008,,,,,,,,,,,
28-04-2019 04:00,0,,,,,,,,,,,
28-04-2019 05:00,0,,,,,,,,,,,
28-04-2019 06:00,0.003,,,,,,,,,,,
28-04-2019 07:00,0.026,,,,,,,,,,,
28-04-2019 08:00,0.075,,,,,,,,,,,
28-04-2019 09:00,0.111,,,,,,,,,,,
28-04-2019 10:00,0.123,,,,,,,,,,,
28-04-2019 11:00,0.119,,,,,,,,,,,
28-04-2019 12:00,0.094,,,,,,,,,,,
28-04-2019 13:00,0.054,,,,,,,,,,,
28-04-2019 14:00,0.017,,,,,,,,,,,
28-04-2019 15:00,0.001,,,,,,,,,,,
28-04-2019 16:00,0,,,,,,,,,,,
28-04-2019 17:00,0,,,,,,,,,,,
28-04-2019 18:00,0.002,,,,,,,,,,,
28-04-2019 19:00,0.027,,,,,,,,,,,
28-04-2019 20:00,0.084,,,,,,,,,,,
28-04-2019 21:00,0.14,,,,,,,,,,,
28-04-2019 22:00,0.165,,,,,,,,,,,
28-04-2019 23:00,0.16,,,,,,,,,,,
29-04-2019 00:00,0.147,,,,,,,,,,,
29-04-2019 01:00,0.093,,,,,,,,,,,
29-04-2019 02:00,0.042,,,,,,,,,,,
29-04-2019 03:00,0.073,,,,,,,,,,,
29-04-2019 04:00,0.075,,,,,,,,,,,
29-04-2019 05:00,0.062,,,,,,,,,,,
29-04-2019 06:00,0.056,,,,,,,,,,,
29-04-2019 07:00,0.058,,,,,,,,,,,
29-04-2019 08:00,0.066,,,,,,,,,,,
29-04-2019 09:00,0.088,,,,,,,,,,,
29-04-2019 10:00,0.115,,,,,,,,,,,
29-04-2019 11:00,0.125,,,,,,,,,,,
29-04-2019 12:00,0.104,,,,,,,,,,,
29-04-2019 13:00,0.059,,,,,,,,,,,
29-04-2019 14:00,0.031,,,,,,,,,,,
29-04-2019 15:00,0.026,,,,,,,,,,,
29-04-2019 16:00,0.049,,,,,,,,,,,
29-04-2019 17:00,0.124,,,,,,,,,,,
29-04-2019 18:00,0.261,,,,,,,,,,,
29-04-2019 19:00,0.413,,,,,,,,,,,
29-04-2019 20:00,0.526,,,,,,,,,,,
29-04-2019 21:00,0.579,,,,,,,,,,,
29-04-2019 22:00,0.564,,,,,,,,,,,
29-04-2019 23:00,0.452,,,,,,,,,,,
30-04-2019 00:00,0.388,,,,,,,,,,,
30-04-2019 01:00,0.247,,,,,,,,,,,
30-04-2019 02:00,0.298,,,,,,,,,,,
30-04-2019 03:00,0.436,,,,,,,,,,,
30-04-2019 04:00,0.333,,,,,,,,,,,
30-04-2019 05:00,0.266,,,,,,,,,,,
30-04-2019 06:00,0.25,,,,,,,,,,,
30-04-2019 07:00,0.274,,,,,,,,,,,
30-04-2019 08:00,0.32,,,,,,,,,,,
30-04-2019 09:00,0.374,,,,,,,,,,,
30-04-2019 10:00,0.408,,,,,,,,,,,
30-04-2019 11:00,0.428,,,,,,,,,,,
30-04-2019 12:00,0.41,,,,,,,,,,,
30-04-2019 13:00,0.447,,,,,,,,,,,
30-04-2019 14:00,0.506,,,,,,,,,,,
30-04-2019 15:00,0.583,,,,,,,,,,,
30-04-2019 16:00,0.672,,,,,,,,,,,
30-04-2019 17:00,0.729,,,,,,,,,,,
30-04-2019 18:00,0.721,,,,,,,,,,,
30-04-2019 19:00,0.697,,,,,,,,,,,
30-04-2019 20:00,0.671,,,,,,,,,,,
30-04-2019 21:00,0.603,,,,,,,,,,,
30-04-2019 22:00,0.466,,,,,,,,,,,
30-04-2019 23:00,0.348,,,,,,,,,,,
01-05-2019 00:00,0.282,,,,,,,,,,,
01-05-2019 01:00,0.144,,,,,,,,,,,
01-05-2019 02:00,0.13,,,,,,,,,,,
01-05-2019 03:00,0.165,,,,,,,,,,,
01-05-2019 04:00,0.155,,,,,,,,,,,
01-05-2019 05:00,0.172,,,,,,,,,,,
01-05-2019 06:00,0.206,,,,,,,,,,,
01-05-2019 07:00,0.241,,,,,,,,,,,
01-05-2019 08:00,0.28,,,,,,,,,,,
01-05-2019 09:00,0.32,,,,,,,,,,,
01-05-2019 10:00,0.362,,,,,,,,,,,
01-05-2019 11:00,0.4,,,,,,,,,,,
01-05-2019 12:00,0.41,,,,,,,,,,,
01-05-2019 13:00,0.474,,,,,,,,,,,
01-05-2019 14:00,0.525,,,,,,,,,,,
01-05-2019 15:00,0.547,,,,,,,,,,,
01-05-2019 16:00,0.564,,,,,,,,,,,
01-05-2019 17:00,0.59,,,,,,,,,,,
01-05-2019 18:00,0.602,,,,,,,,,,,
01-05-2019 19:00,0.586,,,,,,,,,,,
01-05-2019 20:00,0.547,,,,,,,,,,,
01-05-2019 21:00,0.512,,,,,,,,,,,
01-05-2019 22:00,0.484,,,,,,,,,,,
01-05-2019 23:00,0.464,,,,,,,,,,,
02-05-2019 00:00,0.43,,,,,,,,,,,
02-05-2019 01:00,0.271,,,,,,,,,,,
02-05-2019 02:00,0.382,,,,,,,,,,,
02-05-2019 03:00,0.379,,,,,,,,,,,
02-05-2019 04:00,0.223,,,,,,,,,,,
02-05-2019 05:00,0.123,,,,,,,,,,,
02-05-2019 06:00,0.081,,,,,,,,,,,
02-05-2019 07:00,0.076,,,,,,,,,,,
02-05-2019 08:00,0.087,,,,,,,,,,,
02-05-2019 09:00,0.095,,,,,,,,,,,
02-05-2019 10:00,0.09,,,,,,,,,,,
02-05-2019 11:00,0.081,,,,,,,,,,,
02-05-2019 12:00,0.076,,,,,,,,,,,
02-05-2019 13:00,0.087,,,,,,,,,,,
02-05-2019 14:00,0.085,,,,,,,,,,,
02-05-2019 15:00,0.078,,,,,,,,,,,
02-05-2019 16:00,0.095,,,,,,,,,,,
02-05-2019 17:00,0.148,,,,,,,,,,,
02-05-2019 18:00,0.216,,,,,,,,,,,
02-05-2019 19:00,0.247,,,,,,,,,,,
02-05-2019 20:00,0.205,,,,,,,,,,,
02-05-2019 21:00,0.129,,,,,,,,,,,
02-05-2019 22:00,0.062,,,,,,,,,,,
02-05-2019 23:00,0.029,,,,,,,,,,,
03-05-2019 00:00,0.023,,,,,,,,,,,
03-05-2019 01:00,0.035,,,,,,,,,,,
03-05-2019 02:00,0.182,,,,,,,,,,,
03-05-2019 03:00,0.37,,,,,,,,,,,
03-05-2019 04:00,0.335,,,,,,,,,,,
03-05-2019 05:00,0.237,,,,,,,,,,,
03-05-2019 06:00,0.159,,,,,,,,,,,
03-05-2019 07:00,0.122,,,,,,,,,,,
03-05-2019 08:00,0.112,,,,,,,,,,,
03-05-2019 09:00,0.118,,,,,,,,,,,
03-05-2019 10:00,0.124,,,,,,,,,,,
03-05-2019 11:00,0.125,,,,,,,,,,,
03-05-2019 12:00,0.131,,,,,,,,,,,
03-05-2019 13:00,0.166,,,,,,,,,,,
03-05-2019 14:00,0.201,,,,,,,,,,,
03-05-2019 15:00,0.296,,,,,,,,,,,
03-05-2019 16:00,0.461,,,,,,,,,,,
03-05-2019 17:00,0.61,,,,,,,,,,,
03-05-2019 18:00,0.705,,,,,,,,,,,
03-05-2019 19:00,0.757,,,,,,,,,,,
03-05-2019 20:00,0.794,,,,,,,,,,,
03-05-2019 21:00,0.674,,,,,,,,,,,
03-05-2019 22:00,0.601,,,,,,,,,,,
03-05-2019 23:00,0.613,,,,,,,,,,,
04-05-2019 00:00,0.59,,,,,,,,,,,
04-05-2019 01:00,0.725,,,,,,,,,,,
04-05-2019 02:00,0.763,,,,,,,,,,,
04-05-2019 03:00,0.603,,,,,,,,,,,
04-05-2019 04:00,0.374,,,,,,,,,,,
04-05-2019 05:00,0.207,,,,,,,,,,,
04-05-2019 06:00,0.113,,,,,,,,,,,
04-05-2019 07:00,0.066,,,,,,,,,,,
04-05-2019 08:00,0.047,,,,,,,,,,,
04-05-2019 09:00,0.049,,,,,,,,,,,
04-05-2019 10:00,0.068,,,,,,,,,,,
04-05-2019 11:00,0.097,,,,,,,,,,,
04-05-2019 12:00,0.132,,,,,,,,,,,
04-05-2019 13:00,0.194,,,,,,,,,,,
04-05-2019 14:00,0.219,,,,,,,,,,,
04-05-2019 15:00,0.21,,,,,,,,,,,
04-05-2019 16:00,0.194,,,,,,,,,,,
04-05-2019 17:00,0.188,,,,,,,,,,,
04-05-2019 18:00,0.207,,,,,,,,,,,
04-05-2019 19:00,0.266,,,,,,,,,,,
04-05-2019 20:00,0.366,,,,,,,,,,,
04-05-2019 21:00,0.442,,,,,,,,,,,
04-05-2019 22:00,0.477,,,,,,,,,,,
04-05-2019 23:00,0.518,,,,,,,,,,,
05-05-2019 00:00,0.527,,,,,,,,,,,
05-05-2019 01:00,0.466,,,,,,,,,,,
05-05-2019 02:00,0.657,,,,,,,,,,,
05-05-2019 03:00,0.576,,,,,,,,,,,
05-05-2019 04:00,0.391,,,,,,,,,,,
05-05-2019 05:00,0.241,,,,,,,,,,,
05-05-2019 06:00,0.182,,,,,,,,,,,
05-05-2019 07:00,0.199,,,,,,,,,,,
05-05-2019 08:00,0.264,,,,,,,,,,,
05-05-2019 09:00,0.334,,,,,,,,,,,
05-05-2019 10:00,0.386,,,,,,,,,,,
05-05-2019 11:00,0.395,,,,,,,,,,,
05-05-2019 12:00,0.348,,,,,,,,,,,
05-05-2019 13:00,0.282,,,,,,,,,,,
05-05-2019 14:00,0.207,,,,,,,,,,,
05-05-2019 15:00,0.171,,,,,,,,,,,
05-05-2019 16:00,0.169,,,,,,,,,,,
05-05-2019 17:00,0.198,,,,,,,,,,,
05-05-2019 18:00,0.249,,,,,,,,,,,
05-05-2019 19:00,0.308,,,,,,,,,,,
05-05-2019 20:00,0.345,,,,,,,,,,,
05-05-2019 21:00,0.323,,,,,,,,,,,
05-05-2019 22:00,0.278,,,,,,,,,,,
05-05-2019 23:00,0.243,,,,,,,,,,,
06-05-2019 00:00,0.212,,,,,,,,,,,
06-05-2019 01:00,0.096,,,,,,,,,,,
06-05-2019 02:00,0.146,,,,,,,,,,,
06-05-2019 03:00,0.177,,,,,,,,,,,
06-05-2019 04:00,0.101,,,,,,,,,,,
06-05-2019 05:00,0.061,,,,,,,,,,,
06-05-2019 06:00,0.041,,,,,,,,,,,
06-05-2019 07:00,0.034,,,,,,,,,,,
06-05-2019 08:00,0.035,,,,,,,,,,,
06-05-2019 09:00,0.043,,,,,,,,,,,
06-05-2019 10:00,0.053,,,,,,,,,,,
06-05-2019 11:00,0.061,,,,,,,,,,,
06-05-2019 12:00,0.06,,,,,,,,,,,
06-05-2019 13:00,0.047,,,,,,,,,,,
06-05-2019 14:00,0.037,,,,,,,,,,,
06-05-2019 15:00,0.058,,,,,,,,,,,
06-05-2019 16:00,0.112,,,,,,,,,,,
06-05-2019 17:00,0.193,,,,,,,,,,,
06-05-2019 18:00,0.299,,,,,,,,,,,
06-05-2019 19:00,0.395,,,,,,,,,,,
06-05-2019 20:00,0.45,,,,,,,,,,,
06-05-2019 21:00,0.462,,,,,,,,,,,
06-05-2019 22:00,0.416,,,,,,,,,,,
06-05-2019 23:00,0.352,,,,,,,,,,,
07-05-2019 00:00,0.285,,,,,,,,,,,
07-05-2019 01:00,0.148,,,,,,,,,,,
07-05-2019 02:00,0.2,,,,,,,,,,,
07-05-2019 03:00,0.498,,,,,,,,,,,
07-05-2019 04:00,0.418,,,,,,,,,,,
07-05-2019 05:00,0.285,,,,,,,,,,,
07-05-2019 06:00,0.215,,,,,,,,,,,
07-05-2019 07:00,0.203,,,,,,,,,,,
07-05-2019 08:00,0.218,,,,,,,,,,,
07-05-2019 09:00,0.21,,,,,,,,,,,
07-05-2019 10:00,0.212,,,,,,,,,,,
07-05-2019 11:00,0.236,,,,,,,,,,,
07-05-2019 12:00,0.274,,,,,,,,,,,
07-05-2019 13:00,0.386,,,,,,,,,,,
07-05-2019 14:00,0.45,,,,,,,,,,,
07-05-2019 15:00,0.466,,,,,,,,,,,
07-05-2019 16:00,0.477,,,,,,,,,,,
07-05-2019 17:00,0.532,,,,,,,,,,,
07-05-2019 18:00,0.64,,,,,,,,,,,
07-05-2019 19:00,0.738,,,,,,,,,,,
07-05-2019 20:00,0.777,,,,,,,,,,,
07-05-2019 21:00,0.778,,,,,,,,,,,
07-05-2019 22:00,0.754,,,,,,,,,,,
07-05-2019 23:00,0.714,,,,,,,,,,,
08-05-2019 00:00,0.651,,,,,,,,,,,
08-05-2019 01:00,0.498,,,,,,,,,,,
08-05-2019 02:00,0.613,,,,,,,,,,,
08-05-2019 03:00,0.532,,,,,,,,,,,
08-05-2019 04:00,0.341,,,,,,,,,,,
08-05-2019 05:00,0.236,,,,,,,,,,,
08-05-2019 06:00,0.213,,,,,,,,,,,
08-05-2019 07:00,0.225,,,,,,,,,,,
08-05-2019 08:00,0.251,,,,,,,,,,,
08-05-2019 09:00,0.286,,,,,,,,,,,
08-05-2019 10:00,0.332,,,,,,,,,,,
08-05-2019 11:00,0.388,,,,,,,,,,,
08-05-2019 12:00,0.435,,,,,,,,,,,
08-05-2019 13:00,0.531,,,,,,,,,,,
08-05-2019 14:00,0.644,,,,,,,,,,,
08-05-2019 15:00,0.712,,,,,,,,,,,
08-05-2019 16:00,0.751,,,,,,,,,,,
08-05-2019 17:00,0.774,,,,,,,,,,,
08-05-2019 18:00,0.792,,,,,,,,,,,
08-05-2019 19:00,0.811,,,,,,,,,,,
08-05-2019 20:00,0.827,,,,,,,,,,,
08-05-2019 21:00,0.829,,,,,,,,,,,
08-05-2019 22:00,0.812,,,,,,,,,,,
08-05-2019 23:00,0.756,,,,,,,,,,,
09-05-2019 00:00,0.666,,,,,,,,,,,
09-05-2019 01:00,0.414,,,,,,,,,,,
09-05-2019 02:00,0.65,,,,,,,,,,,
09-05-2019 03:00,0.63,,,,,,,,,,,
09-05-2019 04:00,0.507,,,,,,,,,,,
09-05-2019 05:00,0.476,,,,,,,,,,,
09-05-2019 06:00,0.498,,,,,,,,,,,
09-05-2019 07:00,0.547,,,,,,,,,,,
09-05-2019 08:00,0.602,,,,,,,,,,,
09-05-2019 09:00,0.65,,,,,,,,,,,
09-05-2019 10:00,0.656,,,,,,,,,,,
09-05-2019 11:00,0.635,,,,,,,,,,,
09-05-2019 12:00,0.575,,,,,,,,,,,
09-05-2019 13:00,0.54,,,,,,,,,,,
09-05-2019 14:00,0.574,,,,,,,,,,,
09-05-2019 15:00,0.64,,,,,,,,,,,
09-05-2019 16:00,0.707,,,,,,,,,,,
09-05-2019 17:00,0.74,,,,,,,,,,,
09-05-2019 18:00,0.754,,,,,,,,,,,
09-05-2019 19:00,0.757,,,,,,,,,,,
09-05-2019 20:00,0.757,,,,,,,,,,,
09-05-2019 21:00,0.711,,,,,,,,,,,
09-05-2019 22:00,0.635,,,,,,,,,,,
09-05-2019 23:00,0.547,,,,,,,,,,,
10-05-2019 00:00,0.432,,,,,,,,,,,
10-05-2019 01:00,0.264,,,,,,,,,,,
10-05-2019 02:00,0.343,,,,,,,,,,,
10-05-2019 03:00,0.196,,,,,,,,,,,
10-05-2019 04:00,0.096,,,,,,,,,,,
10-05-2019 05:00,0.06,,,,,,,,,,,
10-05-2019 06:00,0.062,,,,,,,,,,,
10-05-2019 07:00,0.087,,,,,,,,,,,
10-05-2019 08:00,0.124,,,,,,,,,,,
10-05-2019 09:00,0.16,,,,,,,,,,,
10-05-2019 10:00,0.189,,,,,,,,,,,
10-05-2019 11:00,0.209,,,,,,,,,,,
10-05-2019 12:00,0.214,,,,,,,,,,,
10-05-2019 13:00,0.221,,,,,,,,,,,
10-05-2019 14:00,0.24,,,,,,,,,,,
10-05-2019 15:00,0.272,,,,,,,,,,,
10-05-2019 16:00,0.323,,,,,,,,,,,
10-05-2019 17:00,0.386,,,,,,,,,,,
10-05-2019 18:00,0.448,,,,,,,,,,,
10-05-2019 19:00,0.494,,,,,,,,,,,
10-05-2019 20:00,0.519,,,,,,,,,,,
10-05-2019 21:00,0.53,,,,,,,,,,,
10-05-2019 22:00,0.522,,,,,,,,,,,
10-05-2019 23:00,0.479,,,,,,,,,,,
11-05-2019 00:00,0.407,,,,,,,,,,,
11-05-2019 01:00,0.301,,,,,,,,,,,
11-05-2019 02:00,0.341,,,,,,,,,,,
11-05-2019 03:00,0.218,,,,,,,,,,,
11-05-2019 04:00,0.134,,,,,,,,,,,
11-05-2019 05:00,0.149,,,,,,,,,,,
11-05-2019 06:00,0.233,,,,,,,,,,,
11-05-2019 07:00,0.366,,,,,,,,,,,
11-05-2019 08:00,0.51,,,,,,,,,,,
11-05-2019 09:00,0.601,,,,,,,,,,,
11-05-2019 10:00,0.641,,,,,,,,,,,
11-05-2019 11:00,0.649,,,,,,,,,,,
11-05-2019 12:00,0.617,,,,,,,,,,,
11-05-2019 13:00,0.545,,,,,,,,,,,
11-05-2019 14:00,0.54,,,,,,,,,,,
11-05-2019 15:00,0.618,,,,,,,,,,,
11-05-2019 16:00,0.671,,,,,,,,,,,
11-05-2019 17:00,0.682,,,,,,,,,,,
11-05-2019 18:00,0.685,,,,,,,,,,,
11-05-2019 19:00,0.673,,,,,,,,,,,
11-05-2019 20:00,0.648,,,,,,,,,,,
11-05-2019 21:00,0.532,,,,,,,,,,,
11-05-2019 22:00,0.398,,,,,,,,,,,
11-05-2019 23:00,0.291,,,,,,,,,,,
12-05-2019 00:00,0.183,,,,,,,,,,,
12-05-2019 01:00,0.075,,,,,,,,,,,
12-05-2019 02:00,0.235,,,,,,,,,,,
12-05-2019 03:00,0.192,,,,,,,,,,,
12-05-2019 04:00,0.125,,,,,,,,,,,
12-05-2019 05:00,0.073,,,,,,,,,,,
12-05-2019 06:00,0.044,,,,,,,,,,,
12-05-2019 07:00,0.034,,,,,,,,,,,
12-05-2019 08:00,0.034,,,,,,,,,,,
12-05-2019 09:00,0.041,,,,,,,,,,,
12-05-2019 10:00,0.061,,,,,,,,,,,
12-05-2019 11:00,0.092,,,,,,,,,,,
12-05-2019 12:00,0.127,,,,,,,,,,,
12-05-2019 13:00,0.175,,,,,,,,,,,
12-05-2019 14:00,0.22,,,,,,,,,,,
12-05-2019 15:00,0.219,,,,,,,,,,,
12-05-2019 16:00,0.184,,,,,,,,,,,
12-05-2019 17:00,0.165,,,,,,,,,,,
12-05-2019 18:00,0.161,,,,,,,,,,,
12-05-2019 19:00,0.171,,,,,,,,,,,
12-05-2019 20:00,0.18,,,,,,,,,,,
12-05-2019 21:00,0.196,,,,,,,,,,,
12-05-2019 22:00,0.202,,,,,,,,,,,
12-05-2019 23:00,0.178,,,,,,,,,,,
13-05-2019 00:00,0.152,,,,,,,,,,,
13-05-2019 01:00,0.108,,,,,,,,,,,
13-05-2019 02:00,0.204,,,,,,,,,,,
13-05-2019 03:00,0.162,,,,,,,,,,,
13-05-2019 04:00,0.141,,,,,,,,,,,
13-05-2019 05:00,0.152,,,,,,,,,,,
13-05-2019 06:00,0.183,,,,,,,,,,,
13-05-2019 07:00,0.223,,,,,,,,,,,
13-05-2019 08:00,0.265,,,,,,,,,,,
13-05-2019 09:00,0.313,,,,,,,,,,,
13-05-2019 10:00,0.351,,,,,,,,,,,
13-05-2019 11:00,0.359,,,,,,,,,,,
13-05-2019 12:00,0.336,,,,,,,,,,,
13-05-2019 13:00,0.3,,,,,,,,,,,
13-05-2019 14:00,0.334,,,,,,,,,,,
13-05-2019 15:00,0.464,,,,,,,,,,,
13-05-2019 16:00,0.627,,,,,,,,,,,
13-05-2019 17:00,0.701,,,,,,,,,,,
13-05-2019 18:00,0.615,,,,,,,,,,,
13-05-2019 19:00,0.381,,,,,,,,,,,
13-05-2019 20:00,0.217,,,,,,,,,,,
13-05-2019 21:00,0.062,,,,,,,,,,,
13-05-2019 22:00,0.003,,,,,,,,,,,
13-05-2019 23:00,0.01,,,,,,,,,,,
14-05-2019 00:00,0.027,,,,,,,,,,,
14-05-2019 01:00,0.03,,,,,,,,,,,
14-05-2019 02:00,0.1,,,,,,,,,,,
14-05-2019 03:00,0.122,,,,,,,,,,,
14-05-2019 04:00,0.136,,,,,,,,,,,
14-05-2019 05:00,0.173,,,,,,,,,,,
14-05-2019 06:00,0.236,,,,,,,,,,,
14-05-2019 07:00,0.324,,,,,,,,,,,
14-05-2019 08:00,0.407,,,,,,,,,,,
14-05-2019 09:00,0.444,,,,,,,,,,,
14-05-2019 10:00,0.435,,,,,,,,,,,
14-05-2019 11:00,0.401,,,,,,,,,,,
14-05-2019 12:00,0.334,,,,,,,,,,,
14-05-2019 13:00,0.253,,,,,,,,,,,
14-05-2019 14:00,0.189,,,,,,,,,,,
14-05-2019 15:00,0.147,,,,,,,,,,,
14-05-2019 16:00,0.134,,,,,,,,,,,
14-05-2019 17:00,0.144,,,,,,,,,,,
14-05-2019 18:00,0.177,,,,,,,,,,,
14-05-2019 19:00,0.223,,,,,,,,,,,
14-05-2019 20:00,0.278,,,,,,,,,,,
14-05-2019 21:00,0.283,,,,,,,,,,,
14-05-2019 22:00,0.241,,,,,,,,,,,
14-05-2019 23:00,0.186,,,,,,,,,,,
15-05-2019 00:00,0.126,,,,,,,,,,,
15-05-2019 01:00,0.046,,,,,,,,,,,
15-05-2019 02:00,0.073,,,,,,,,,,,
15-05-2019 03:00,0.064,,,,,,,,,,,
15-05-2019 04:00,0.028,,,,,,,,,,,
15-05-2019 05:00,0.009,,,,,,,,,,,
15-05-2019 06:00,0.005,,,,,,,,,,,
15-05-2019 07:00,0.009,,,,,,,,,,,
15-05-2019 08:00,0.026,,,,,,,,,,,
15-05-2019 09:00,0.058,,,,,,,,,,,
15-05-2019 10:00,0.099,,,,,,,,,,,
15-05-2019 11:00,0.134,,,,,,,,,,,
15-05-2019 12:00,0.155,,,,,,,,,,,
15-05-2019 13:00,0.18,,,,,,,,,,,
15-05-2019 14:00,0.183,,,,,,,,,,,
15-05-2019 15:00,0.195,,,,,,,,,,,
15-05-2019 16:00,0.22,,,,,,,,,,,
15-05-2019 17:00,0.253,,,,,,,,,,,
15-05-2019 18:00,0.31,,,,,,,,,,,
15-05-2019 19:00,0.4,,,,,,,,,,,
15-05-2019 20:00,0.516,,,,,,,,,,,
15-05-2019 21:00,0.59,,,,,,,,,,,
15-05-2019 22:00,0.618,,,,,,,,,,,
15-05-2019 23:00,0.616,,,,,,,,,,,
16-05-2019 00:00,0.535,,,,,,,,,,,
16-05-2019 01:00,0.374,,,,,,,,,,,
16-05-2019 02:00,0.582,,,,,,,,,,,
16-05-2019 03:00,0.459,,,,,,,,,,,
16-05-2019 04:00,0.261,,,,,,,,,,,
16-05-2019 05:00,0.153,,,,,,,,,,,
16-05-2019 06:00,0.137,,,,,,,,,,,
16-05-2019 07:00,0.185,,,,,,,,,,,
16-05-2019 08:00,0.272,,,,,,,,,,,
16-05-2019 09:00,0.368,,,,,,,,,,,
16-05-2019 10:00,0.441,,,,,,,,,,,
16-05-2019 11:00,0.487,,,,,,,,,,,
16-05-2019 12:00,0.489,,,,,,,,,,,
16-05-2019 13:00,0.473,,,,,,,,,,,
16-05-2019 14:00,0.502,,,,,,,,,,,
16-05-2019 15:00,0.479,,,,,,,,,,,
16-05-2019 16:00,0.463,,,,,,,,,,,
16-05-2019 17:00,0.482,,,,,,,,,,,
16-05-2019 18:00,0.512,,,,,,,,,,,
16-05-2019 19:00,0.535,,,,,,,,,,,
16-05-2019 20:00,0.549,,,,,,,,,,,
16-05-2019 21:00,0.544,,,,,,,,,,,
16-05-2019 22:00,0.516,,,,,,,,,,,
16-05-2019 23:00,0.468,,,,,,,,,,,
17-05-2019 00:00,0.395,,,,,,,,,,,
17-05-2019 01:00,0.367,,,,,,,,,,,
17-05-2019 02:00,0.532,,,,,,,,,,,
17-05-2019 03:00,0.348,,,,,,,,,,,
17-05-2019 04:00,0.212,,,,,,,,,,,
17-05-2019 05:00,0.174,,,,,,,,,,,
17-05-2019 06:00,0.181,,,,,,,,,,,
17-05-2019 07:00,0.212,,,,,,,,,,,
17-05-2019 08:00,0.252,,,,,,,,,,,
17-05-2019 09:00,0.3,,,,,,,,,,,
17-05-2019 10:00,0.341,,,,,,,,,,,
17-05-2019 11:00,0.368,,,,,,,,,,,
17-05-2019 12:00,0.364,,,,,,,,,,,
17-05-2019 13:00,0.359,,,,,,,,,,,
17-05-2019 14:00,0.408,,,,,,,,,,,
17-05-2019 15:00,0.525,,,,,,,,,,,
17-05-2019 16:00,0.664,,,,,,,,,,,
17-05-2019 17:00,0.748,,,,,,,,,,,
17-05-2019 18:00,0.78,,,,,,,,,,,
17-05-2019 19:00,0.751,,,,,,,,,,,
17-05-2019 20:00,0.684,,,,,,,,,,,
17-05-2019 21:00,0.619,,,,,,,,,,,
17-05-2019 22:00,0.575,,,,,,,,,,,
17-05-2019 23:00,0.516,,,,,,,,,,,
18-05-2019 00:00,0.401,,,,,,,,,,,
18-05-2019 01:00,0.552,,,,,,,,,,,
18-05-2019 02:00,0.649,,,,,,,,,,,
18-05-2019 03:00,0.552,,,,,,,,,,,
18-05-2019 04:00,0.435,,,,,,,,,,,
18-05-2019 05:00,0.349,,,,,,,,,,,
18-05-2019 06:00,0.314,,,,,,,,,,,
18-05-2019 07:00,0.334,,,,,,,,,,,
18-05-2019 08:00,0.379,,,,,,,,,,,
18-05-2019 09:00,0.411,,,,,,,,,,,
18-05-2019 10:00,0.416,,,,,,,,,,,
18-05-2019 11:00,0.41,,,,,,,,,,,
18-05-2019 12:00,0.37,,,,,,,,,,,
18-05-2019 13:00,0.297,,,,,,,,,,,
18-05-2019 14:00,0.25,,,,,,,,,,,
18-05-2019 15:00,0.214,,,,,,,,,,,
18-05-2019 16:00,0.201,,,,,,,,,,,
18-05-2019 17:00,0.212,,,,,,,,,,,
18-05-2019 18:00,0.227,,,,,,,,,,,
18-05-2019 19:00,0.22,,,,,,,,,,,
18-05-2019 20:00,0.192,,,,,,,,,,,
18-05-2019 21:00,0.125,,,,,,,,,,,
18-05-2019 22:00,0.064,,,,,,,,,,,
18-05-2019 23:00,0.033,,,,,,,,,,,
19-05-2019 00:00,0.013,,,,,,,,,,,
19-05-2019 01:00,0.005,,,,,,,,,,,
19-05-2019 02:00,0.03,,,,,,,,,,,
19-05-2019 03:00,0.03,,,,,,,,,,,
19-05-2019 04:00,0.024,,,,,,,,,,,
19-05-2019 05:00,0.026,,,,,,,,,,,
19-05-2019 06:00,0.04,,,,,,,,,,,
19-05-2019 07:00,0.063,,,,,,,,,,,
19-05-2019 08:00,0.09,,,,,,,,,,,
19-05-2019 09:00,0.125,,,,,,,,,,,
19-05-2019 10:00,0.16,,,,,,,,,,,
19-05-2019 11:00,0.179,,,,,,,,,,,
19-05-2019 12:00,0.174,,,,,,,,,,,
19-05-2019 13:00,0.156,,,,,,,,,,,
19-05-2019 14:00,0.118,,,,,,,,,,,
19-05-2019 15:00,0.078,,,,,,,,,,,
19-05-2019 16:00,0.054,,,,,,,,,,,
19-05-2019 17:00,0.044,,,,,,,,,,,
19-05-2019 18:00,0.044,,,,,,,,,,,
19-05-2019 19:00,0.051,,,,,,,,,,,
19-05-2019 20:00,0.06,,,,,,,,,,,
19-05-2019 21:00,0.048,,,,,,,,,,,
19-05-2019 22:00,0.025,,,,,,,,,,,
19-05-2019 23:00,0.012,,,,,,,,,,,
20-05-2019 00:00,0.006,,,,,,,,,,,
20-05-2019 01:00,0.004,,,,,,,,,,,
20-05-2019 02:00,0.005,,,,,,,,,,,
20-05-2019 03:00,0,,,,,,,,,,,
20-05-2019 04:00,0,,,,,,,,,,,
20-05-2019 05:00,0,,,,,,,,,,,
20-05-2019 06:00,0,,,,,,,,,,,
20-05-2019 07:00,0,,,,,,,,,,,
20-05-2019 08:00,0,,,,,,,,,,,
20-05-2019 09:00,0.002,,,,,,,,,,,
20-05-2019 10:00,0.006,,,,,,,,,,,
20-05-2019 11:00,0.012,,,,,,,,,,,
20-05-2019 12:00,0.021,,,,,,,,,,,
20-05-2019 13:00,0.046,,,,,,,,,,,
20-05-2019 14:00,0.055,,,,,,,,,,,
20-05-2019 15:00,0.046,,,,,,,,,,,
20-05-2019 16:00,0.035,,,,,,,,,,,
20-05-2019 17:00,0.027,,,,,,,,,,,
20-05-2019 18:00,0.023,,,,,,,,,,,
20-05-2019 19:00,0.021,,,,,,,,,,,
20-05-2019 20:00,0.018,,,,,,,,,,,
20-05-2019 21:00,0.014,,,,,,,,,,,
20-05-2019 22:00,0.01,,,,,,,,,,,
20-05-2019 23:00,0.006,,,,,,,,,,,
21-05-2019 00:00,0.003,,,,,,,,,,,
21-05-2019 01:00,0.001,,,,,,,,,,,
21-05-2019 02:00,0,,,,,,,,,,,
21-05-2019 03:00,0,,,,,,,,,,,
21-05-2019 04:00,0,,,,,,,,,,,
21-05-2019 05:00,0,,,,,,,,,,,
21-05-2019 06:00,0.001,,,,,,,,,,,
21-05-2019 07:00,0.004,,,,,,,,,,,
21-05-2019 08:00,0.01,,,,,,,,,,,
21-05-2019 09:00,0.018,,,,,,,,,,,
21-05-2019 10:00,0.035,,,,,,,,,,,
21-05-2019 11:00,0.067,,,,,,,,,,,
21-05-2019 12:00,0.103,,,,,,,,,,,
21-05-2019 13:00,0.137,,,,,,,,,,,
21-05-2019 14:00,0.143,,,,,,,,,,,
21-05-2019 15:00,0.132,,,,,,,,,,,
21-05-2019 16:00,0.16,,,,,,,,,,,
21-05-2019 17:00,0.252,,,,,,,,,,,
21-05-2019 18:00,0.38,,,,,,,,,,,
21-05-2019 19:00,0.476,,,,,,,,,,,
21-05-2019 20:00,0.513,,,,,,,,,,,
21-05-2019 21:00,0.504,,,,,,,,,,,
21-05-2019 22:00,0.476,,,,,,,,,,,
21-05-2019 23:00,0.408,,,,,,,,,,,
22-05-2019 00:00,0.281,,,,,,,,,,,
22-05-2019 01:00,0.176,,,,,,,,,,,
22-05-2019 02:00,0.352,,,,,,,,,,,
22-05-2019 03:00,0.245,,,,,,,,,,,
22-05-2019 04:00,0.158,,,,,,,,,,,
22-05-2019 05:00,0.123,,,,,,,,,,,
22-05-2019 06:00,0.134,,,,,,,,,,,
22-05-2019 07:00,0.179,,,,,,,,,,,
22-05-2019 08:00,0.239,,,,,,,,,,,
22-05-2019 09:00,0.274,,,,,,,,,,,
22-05-2019 10:00,0.279,,,,,,,,,,,
22-05-2019 11:00,0.275,,,,,,,,,,,
22-05-2019 12:00,0.259,,,,,,,,,,,
22-05-2019 13:00,0.247,,,,,,,,,,,
22-05-2019 14:00,0.263,,,,,,,,,,,
22-05-2019 15:00,0.333,,,,,,,,,,,
22-05-2019 16:00,0.459,,,,,,,,,,,
22-05-2019 17:00,0.591,,,,,,,,,,,
22-05-2019 18:00,0.67,,,,,,,,,,,
22-05-2019 19:00,0.698,,,,,,,,,,,
22-05-2019 20:00,0.697,,,,,,,,,,,
22-05-2019 21:00,0.661,,,,,,,,,,,
22-05-2019 22:00,0.564,,,,,,,,,,,
22-05-2019 23:00,0.494,,,,,,,,,,,
23-05-2019 00:00,0.383,,,,,,,,,,,
23-05-2019 01:00,0.172,,,,,,,,,,,
23-05-2019 02:00,0.307,,,,,,,,,,,
23-05-2019 03:00,0.244,,,,,,,,,,,
23-05-2019 04:00,0.157,,,,,,,,,,,
23-05-2019 05:00,0.155,,,,,,,,,,,
23-05-2019 06:00,0.19,,,,,,,,,,,
23-05-2019 07:00,0.223,,,,,,,,,,,
23-05-2019 08:00,0.244,,,,,,,,,,,
23-05-2019 09:00,0.261,,,,,,,,,,,
23-05-2019 10:00,0.3,,,,,,,,,,,
23-05-2019 11:00,0.341,,,,,,,,,,,
23-05-2019 12:00,0.362,,,,,,,,,,,
23-05-2019 13:00,0.362,,,,,,,,,,,
23-05-2019 14:00,0.395,,,,,,,,,,,
23-05-2019 15:00,0.464,,,,,,,,,,,
23-05-2019 16:00,0.526,,,,,,,,,,,
23-05-2019 17:00,0.595,,,,,,,,,,,
23-05-2019 18:00,0.626,,,,,,,,,,,
23-05-2019 19:00,0.623,,,,,,,,,,,
23-05-2019 20:00,0.63,,,,,,,,,,,
23-05-2019 21:00,0.611,,,,,,,,,,,
23-05-2019 22:00,0.584,,,,,,,,,,,
23-05-2019 23:00,0.571,,,,,,,,,,,
24-05-2019 00:00,0.532,,,,,,,,,,,
24-05-2019 01:00,0.618,,,,,,,,,,,
24-05-2019 02:00,0.696,,,,,,,,,,,
24-05-2019 03:00,0.51,,,,,,,,,,,
24-05-2019 04:00,0.332,,,,,,,,,,,
24-05-2019 05:00,0.233,,,,,,,,,,,
24-05-2019 06:00,0.195,,,,,,,,,,,
24-05-2019 07:00,0.188,,,,,,,,,,,
24-05-2019 08:00,0.192,,,,,,,,,,,
24-05-2019 09:00,0.217,,,,,,,,,,,
24-05-2019 10:00,0.264,,,,,,,,,,,
24-05-2019 11:00,0.316,,,,,,,,,,,
24-05-2019 12:00,0.367,,,,,,,,,,,
24-05-2019 13:00,0.431,,,,,,,,,,,
24-05-2019 14:00,0.547,,,,,,,,,,,
24-05-2019 15:00,0.621,,,,,,,,,,,
24-05-2019 16:00,0.658,,,,,,,,,,,
24-05-2019 17:00,0.682,,,,,,,,,,,
24-05-2019 18:00,0.7,,,,,,,,,,,
24-05-2019 19:00,0.706,,,,,,,,,,,
24-05-2019 20:00,0.697,,,,,,,,,,,
24-05-2019 21:00,0.683,,,,,,,,,,,
24-05-2019 22:00,0.655,,,,,,,,,,,
24-05-2019 23:00,0.635,,,,,,,,,,,
25-05-2019 00:00,0.58,,,,,,,,,,,
25-05-2019 01:00,0.417,,,,,,,,,,,
25-05-2019 02:00,0.447,,,,,,,,,,,
25-05-2019 03:00,0.287,,,,,,,,,,,
25-05-2019 04:00,0.169,,,,,,,,,,,
25-05-2019 05:00,0.116,,,,,,,,,,,
25-05-2019 06:00,0.099,,,,,,,,,,,
25-05-2019 07:00,0.104,,,,,,,,,,,
25-05-2019 08:00,0.115,,,,,,,,,,,
25-05-2019 09:00,0.136,,,,,,,,,,,
25-05-2019 10:00,0.17,,,,,,,,,,,
25-05-2019 11:00,0.193,,,,,,,,,,,
25-05-2019 12:00,0.207,,,,,,,,,,,
25-05-2019 13:00,0.209,,,,,,,,,,,
25-05-2019 14:00,0.203,,,,,,,,,,,
25-05-2019 15:00,0.235,,,,,,,,,,,
25-05-2019 16:00,0.31,,,,,,,,,,,
25-05-2019 17:00,0.376,,,,,,,,,,,
25-05-2019 18:00,0.435,,,,,,,,,,,
25-05-2019 19:00,0.484,,,,,,,,,,,
25-05-2019 20:00,0.51,,,,,,,,,,,
25-05-2019 21:00,0.441,,,,,,,,,,,
25-05-2019 22:00,0.317,,,,,,,,,,,
25-05-2019 23:00,0.203,,,,,,,,,,,
26-05-2019 00:00,0.109,,,,,,,,,,,
26-05-2019 01:00,0.042,,,,,,,,,,,
26-05-2019 02:00,0.036,,,,,,,,,,,
26-05-2019 03:00,0.009,,,,,,,,,,,
26-05-2019 04:00,0.004,,,,,,,,,,,
26-05-2019 05:00,0.004,,,,,,,,,,,
26-05-2019 06:00,0.007,,,,,,,,,,,
26-05-2019 07:00,0.012,,,,,,,,,,,
26-05-2019 08:00,0.017,,,,,,,,,,,
26-05-2019 09:00,0.036,,,,,,,,,,,
26-05-2019 10:00,0.068,,,,,,,,,,,
26-05-2019 11:00,0.099,,,,,,,,,,,
26-05-2019 12:00,0.123,,,,,,,,,,,
26-05-2019 13:00,0.152,,,,,,,,,,,
26-05-2019 14:00,0.159,,,,,,,,,,,
26-05-2019 15:00,0.134,,,,,,,,,,,
26-05-2019 16:00,0.11,,,,,,,,,,,
26-05-2019 17:00,0.104,,,,,,,,,,,
26-05-2019 18:00,0.107,,,,,,,,,,,
26-05-2019 19:00,0.105,,,,,,,,,,,
26-05-2019 20:00,0.093,,,,,,,,,,,
26-05-2019 21:00,0.072,,,,,,,,,,,
26-05-2019 22:00,0.046,,,,,,,,,,,
26-05-2019 23:00,0.025,,,,,,,,,,,
27-05-2019 00:00,0.01,,,,,,,,,,,
27-05-2019 01:00,0.003,,,,,,,,,,,
27-05-2019 02:00,0.01,,,,,,,,,,,
27-05-2019 03:00,0.005,,,,,,,,,,,
27-05-2019 04:00,0.001,,,,,,,,,,,
27-05-2019 05:00,0,,,,,,,,,,,
27-05-2019 06:00,0.002,,,,,,,,,,,
27-05-2019 07:00,0.013,,,,,,,,,,,
27-05-2019 08:00,0.034,,,,,,,,,,,
27-05-2019 09:00,0.064,,,,,,,,,,,
27-05-2019 10:00,0.098,,,,,,,,,,,
27-05-2019 11:00,0.121,,,,,,,,,,,
27-05-2019 12:00,0.136,,,,,,,,,,,
27-05-2019 13:00,0.161,,,,,,,,,,,
27-05-2019 14:00,0.183,,,,,,,,,,,
27-05-2019 15:00,0.234,,,,,,,,,,,
27-05-2019 16:00,0.336,,,,,,,,,,,
27-05-2019 17:00,0.463,,,,,,,,,,,
27-05-2019 18:00,0.576,,,,,,,,,,,
27-05-2019 19:00,0.631,,,,,,,,,,,
27-05-2019 20:00,0.645,,,,,,,,,,,
27-05-2019 21:00,0.607,,,,,,,,,,,
27-05-2019 22:00,0.54,,,,,,,,,,,
27-05-2019 23:00,0.479,,,,,,,,,,,
28-05-2019 00:00,0.401,,,,,,,,,,,
28-05-2019 01:00,0.302,,,,,,,,,,,
28-05-2019 02:00,0.272,,,,,,,,,,,
28-05-2019 03:00,0.159,,,,,,,,,,,
28-05-2019 04:00,0.073,,,,,,,,,,,
28-05-2019 05:00,0.027,,,,,,,,,,,
28-05-2019 06:00,0.012,,,,,,,,,,,
28-05-2019 07:00,0.01,,,,,,,,,,,
28-05-2019 08:00,0.018,,,,,,,,,,,
28-05-2019 09:00,0.042,,,,,,,,,,,
28-05-2019 10:00,0.082,,,,,,,,,,,
28-05-2019 11:00,0.13,,,,,,,,,,,
28-05-2019 12:00,0.17,,,,,,,,,,,
28-05-2019 13:00,0.2,,,,,,,,,,,
28-05-2019 14:00,0.194,,,,,,,,,,,
28-05-2019 15:00,0.139,,,,,,,,,,,
28-05-2019 16:00,0.077,,,,,,,,,,,
28-05-2019 17:00,0.034,,,,,,,,,,,
28-05-2019 18:00,0.014,,,,,,,,,,,
28-05-2019 19:00,0.011,,,,,,,,,,,
28-05-2019 20:00,0.029,,,,,,,,,,,
28-05-2019 21:00,0.068,,,,,,,,,,,
28-05-2019 22:00,0.104,,,,,,,,,,,
28-05-2019 23:00,0.115,,,,,,,,,,,
29-05-2019 00:00,0.092,,,,,,,,,,,
29-05-2019 01:00,0.03,,,,,,,,,,,
29-05-2019 02:00,0.002,,,,,,,,,,,
29-05-2019 03:00,0.001,,,,,,,,,,,
29-05-2019 04:00,0.004,,,,,,,,,,,
29-05-2019 05:00,0.005,,,,,,,,,,,
29-05-2019 06:00,0.002,,,,,,,,,,,
29-05-2019 07:00,0,,,,,,,,,,,
29-05-2019 08:00,0,,,,,,,,,,,
29-05-2019 09:00,0,,,,,,,,,,,
29-05-2019 10:00,0,,,,,,,,,,,
29-05-2019 11:00,0,,,,,,,,,,,
29-05-2019 12:00,0,,,,,,,,,,,
29-05-2019 13:00,0.001,,,,,,,,,,,
29-05-2019 14:00,0.021,,,,,,,,,,,
29-05-2019 15:00,0.107,,,,,,,,,,,
29-05-2019 16:00,0.281,,,,,,,,,,,
29-05-2019 17:00,0.46,,,,,,,,,,,
29-05-2019 18:00,0.551,,,,,,,,,,,
29-05-2019 19:00,0.576,,,,,,,,,,,
29-05-2019 20:00,0.58,,,,,,,,,,,
29-05-2019 21:00,0.531,,,,,,,,,,,
29-05-2019 22:00,0.519,,,,,,,,,,,
29-05-2019 23:00,0.592,,,,,,,,,,,
30-05-2019 00:00,0.635,,,,,,,,,,,
30-05-2019 01:00,0.698,,,,,,,,,,,
30-05-2019 02:00,0.675,,,,,,,,,,,
30-05-2019 03:00,0.566,,,,,,,,,,,
30-05-2019 04:00,0.43,,,,,,,,,,,
30-05-2019 05:00,0.272,,,,,,,,,,,
30-05-2019 06:00,0.151,,,,,,,,,,,
30-05-2019 07:00,0.072,,,,,,,,,,,
30-05-2019 08:00,0.029,,,,,,,,,,,
30-05-2019 09:00,0.012,,,,,,,,,,,
30-05-2019 10:00,0.005,,,,,,,,,,,
30-05-2019 11:00,0.001,,,,,,,,,,,
30-05-2019 12:00,0,,,,,,,,,,,
30-05-2019 13:00,0,,,,,,,,,,,
30-05-2019 14:00,0,,,,,,,,,,,
30-05-2019 15:00,0.008,,,,,,,,,,,
30-05-2019 16:00,0.058,,,,,,,,,,,
30-05-2019 17:00,0.154,,,,,,,,,,,
30-05-2019 18:00,0.261,,,,,,,,,,,
30-05-2019 19:00,0.387,,,,,,,,,,,
30-05-2019 20:00,0.507,,,,,,,,,,,
30-05-2019 21:00,0.561,,,,,,,,,,,
30-05-2019 22:00,0.572,,,,,,,,,,,
30-05-2019 23:00,0.534,,,,,,,,,,,
31-05-2019 00:00,0.459,,,,,,,,,,,
31-05-2019 01:00,0.445,,,,,,,,,,,
31-05-2019 02:00,0.395,,,,,,,,,,,
31-05-2019 03:00,0.225,,,,,,,,,,,
31-05-2019 04:00,0.093,,,,,,,,,,,
31-05-2019 05:00,0.026,,,,,,,,,,,
31-05-2019 06:00,0.005,,,,,,,,,,,
31-05-2019 07:00,0.001,,,,,,,,,,,
31-05-2019 08:00,0,,,,,,,,,,,
31-05-2019 09:00,0,,,,,,,,,,,
31-05-2019 10:00,0,,,,,,,,,,,
31-05-2019 11:00,0.001,,,,,,,,,,,
31-05-2019 12:00,0.003,,,,,,,,,,,
31-05-2019 13:00,0.007,,,,,,,,,,,
31-05-2019 14:00,0.013,,,,,,,,,,,
31-05-2019 15:00,0.013,,,,,,,,,,,
31-05-2019 16:00,0.016,,,,,,,,,,,
31-05-2019 17:00,0.027,,,,,,,,,,,
31-05-2019 18:00,0.05,,,,,,,,,,,
31-05-2019 19:00,0.087,,,,,,,,,,,
31-05-2019 20:00,0.136,,,,,,,,,,,
31-05-2019 21:00,0.177,,,,,,,,,,,
31-05-2019 22:00,0.196,,,,,,,,,,,
31-05-2019 23:00,0.176,,,,,,,,,,,
01-06-2019 00:00,0.127,,,,,,,,,,,
01-06-2019 01:00,0.093,,,,,,,,,,,
01-06-2019 02:00,0.176,,,,,,,,,,,
01-06-2019 03:00,0.195,,,,,,,,,,,
01-06-2019 04:00,0.182,,,,,,,,,,,
01-06-2019 05:00,0.181,,,,,,,,,,,
01-06-2019 06:00,0.175,,,,,,,,,,,
01-06-2019 07:00,0.159,,,,,,,,,,,
01-06-2019 08:00,0.135,,,,,,,,,,,
01-06-2019 09:00,0.093,,,,,,,,,,,
01-06-2019 10:00,0.061,,,,,,,,,,,
01-06-2019 11:00,0.045,,,,,,,,,,,
01-06-2019 12:00,0.045,,,,,,,,,,,
01-06-2019 13:00,0.083,,,,,,,,,,,
01-06-2019 14:00,0.169,,,,,,,,,,,
01-06-2019 15:00,0.274,,,,,,,,,,,
01-06-2019 16:00,0.374,,,,,,,,,,,
01-06-2019 17:00,0.448,,,,,,,,,,,
01-06-2019 18:00,0.501,,,,,,,,,,,
01-06-2019 19:00,0.525,,,,,,,,,,,
01-06-2019 20:00,0.533,,,,,,,,,,,
01-06-2019 21:00,0.532,,,,,,,,,,,
01-06-2019 22:00,0.536,,,,,,,,,,,
01-06-2019 23:00,0.527,,,,,,,,,,,
02-06-2019 00:00,0.418,,,,,,,,,,,
02-06-2019 01:00,0.358,,,,,,,,,,,
02-06-2019 02:00,0.476,,,,,,,,,,,
02-06-2019 03:00,0.34,,,,,,,,,,,
02-06-2019 04:00,0.164,,,,,,,,,,,
02-06-2019 05:00,0.081,,,,,,,,,,,
02-06-2019 06:00,0.054,,,,,,,,,,,
02-06-2019 07:00,0.058,,,,,,,,,,,
02-06-2019 08:00,0.077,,,,,,,,,,,
02-06-2019 09:00,0.088,,,,,,,,,,,
02-06-2019 10:00,0.086,,,,,,,,,,,
02-06-2019 11:00,0.095,,,,,,,,,,,
02-06-2019 12:00,0.115,,,,,,,,,,,
02-06-2019 13:00,0.167,,,,,,,,,,,
02-06-2019 14:00,0.228,,,,,,,,,,,
02-06-2019 15:00,0.294,,,,,,,,,,,
02-06-2019 16:00,0.362,,,,,,,,,,,
02-06-2019 17:00,0.441,,,,,,,,,,,
02-06-2019 18:00,0.545,,,,,,,,,,,
02-06-2019 19:00,0.578,,,,,,,,,,,
02-06-2019 20:00,0.588,,,,,,,,,,,
02-06-2019 21:00,0.55,,,,,,,,,,,
02-06-2019 22:00,0.497,,,,,,,,,,,
02-06-2019 23:00,0.481,,,,,,,,,,,
03-06-2019 00:00,0.435,,,,,,,,,,,
03-06-2019 01:00,0.669,,,,,,,,,,,
03-06-2019 02:00,0.735,,,,,,,,,,,
03-06-2019 03:00,0.606,,,,,,,,,,,
03-06-2019 04:00,0.38,,,,,,,,,,,
03-06-2019 05:00,0.223,,,,,,,,,,,
03-06-2019 06:00,0.157,,,,,,,,,,,
03-06-2019 07:00,0.149,,,,,,,,,,,
03-06-2019 08:00,0.179,,,,,,,,,,,
03-06-2019 09:00,0.211,,,,,,,,,,,
03-06-2019 10:00,0.248,,,,,,,,,,,
03-06-2019 11:00,0.277,,,,,,,,,,,
03-06-2019 12:00,0.252,,,,,,,,,,,
03-06-2019 13:00,0.171,,,,,,,,,,,
03-06-2019 14:00,0.086,,,,,,,,,,,
03-06-2019 15:00,0.044,,,,,,,,,,,
03-06-2019 16:00,0.025,,,,,,,,,,,
03-06-2019 17:00,0.011,,,,,,,,,,,
03-06-2019 18:00,0.008,,,,,,,,,,,
03-06-2019 19:00,0.019,,,,,,,,,,,
03-06-2019 20:00,0.051,,,,,,,,,,,
03-06-2019 21:00,0.072,,,,,,,,,,,
03-06-2019 22:00,0.071,,,,,,,,,,,
03-06-2019 23:00,0.065,,,,,,,,,,,
04-06-2019 00:00,0.068,,,,,,,,,,,
04-06-2019 01:00,0.05,,,,,,,,,,,
04-06-2019 02:00,0.05,,,,,,,,,,,
04-06-2019 03:00,0.112,,,,,,,,,,,
04-06-2019 04:00,0.115,,,,,,,,,,,
04-06-2019 05:00,0.092,,,,,,,,,,,
04-06-2019 06:00,0.078,,,,,,,,,,,
04-06-2019 07:00,0.079,,,,,,,,,,,
04-06-2019 08:00,0.088,,,,,,,,,,,
04-06-2019 09:00,0.096,,,,,,,,,,,
04-06-2019 10:00,0.104,,,,,,,,,,,
04-06-2019 11:00,0.115,,,,,,,,,,,
04-06-2019 12:00,0.123,,,,,,,,,,,
04-06-2019 13:00,0.137,,,,,,,,,,,
04-06-2019 14:00,0.163,,,,,,,,,,,
04-06-2019 15:00,0.185,,,,,,,,,,,
04-06-2019 16:00,0.188,,,,,,,,,,,
04-06-2019 17:00,0.174,,,,,,,,,,,
04-06-2019 18:00,0.151,,,,,,,,,,,
04-06-2019 19:00,0.138,,,,,,,,,,,
04-06-2019 20:00,0.154,,,,,,,,,,,
04-06-2019 21:00,0.209,,,,,,,,,,,
04-06-2019 22:00,0.252,,,,,,,,,,,
04-06-2019 23:00,0.289,,,,,,,,,,,
05-06-2019 00:00,0.345,,,,,,,,,,,
05-06-2019 01:00,0.682,,,,,,,,,,,
05-06-2019 02:00,0.799,,,,,,,,,,,
05-06-2019 03:00,0.668,,,,,,,,,,,
05-06-2019 04:00,0.432,,,,,,,,,,,
05-06-2019 05:00,0.257,,,,,,,,,,,
05-06-2019 06:00,0.165,,,,,,,,,,,
05-06-2019 07:00,0.142,,,,,,,,,,,
05-06-2019 08:00,0.155,,,,,,,,,,,
05-06-2019 09:00,0.192,,,,,,,,,,,
05-06-2019 10:00,0.22,,,,,,,,,,,
05-06-2019 11:00,0.235,,,,,,,,,,,
05-06-2019 12:00,0.232,,,,,,,,,,,
05-06-2019 13:00,0.232,,,,,,,,,,,
05-06-2019 14:00,0.245,,,,,,,,,,,
05-06-2019 15:00,0.255,,,,,,,,,,,
05-06-2019 16:00,0.269,,,,,,,,,,,
05-06-2019 17:00,0.274,,,,,,,,,,,
05-06-2019 18:00,0.291,,,,,,,,,,,
05-06-2019 19:00,0.337,,,,,,,,,,,
05-06-2019 20:00,0.404,,,,,,,,,,,
05-06-2019 21:00,0.459,,,,,,,,,,,
05-06-2019 22:00,0.498,,,,,,,,,,,
05-06-2019 23:00,0.513,,,,,,,,,,,
06-06-2019 00:00,0.471,,,,,,,,,,,
06-06-2019 01:00,0.344,,,,,,,,,,,
06-06-2019 02:00,0.475,,,,,,,,,,,
06-06-2019 03:00,0.513,,,,,,,,,,,
06-06-2019 04:00,0.367,,,,,,,,,,,
06-06-2019 05:00,0.217,,,,,,,,,,,
06-06-2019 06:00,0.118,,,,,,,,,,,
06-06-2019 07:00,0.067,,,,,,,,,,,
06-06-2019 08:00,0.049,,,,,,,,,,,
06-06-2019 09:00,0.054,,,,,,,,,,,
06-06-2019 10:00,0.063,,,,,,,,,,,
06-06-2019 11:00,0.079,,,,,,,,,,,
06-06-2019 12:00,0.089,,,,,,,,,,,
06-06-2019 13:00,0.104,,,,,,,,,,,
06-06-2019 14:00,0.123,,,,,,,,,,,
06-06-2019 15:00,0.197,,,,,,,,,,,
06-06-2019 16:00,0.319,,,,,,,,,,,
06-06-2019 17:00,0.391,,,,,,,,,,,
06-06-2019 18:00,0.42,,,,,,,,,,,
06-06-2019 19:00,0.449,,,,,,,,,,,
06-06-2019 20:00,0.529,,,,,,,,,,,
06-06-2019 21:00,0.466,,,,,,,,,,,
06-06-2019 22:00,0.376,,,,,,,,,,,
06-06-2019 23:00,0.35,,,,,,,,,,,
07-06-2019 00:00,0.291,,,,,,,,,,,
07-06-2019 01:00,0.326,,,,,,,,,,,
07-06-2019 02:00,0.328,,,,,,,,,,,
07-06-2019 03:00,0.2,,,,,,,,,,,
07-06-2019 04:00,0.107,,,,,,,,,,,
07-06-2019 05:00,0.054,,,,,,,,,,,
07-06-2019 06:00,0.027,,,,,,,,,,,
07-06-2019 07:00,0.017,,,,,,,,,,,
07-06-2019 08:00,0.016,,,,,,,,,,,
07-06-2019 09:00,0.037,,,,,,,,,,,
07-06-2019 10:00,0.077,,,,,,,,,,,
07-06-2019 11:00,0.112,,,,,,,,,,,
07-06-2019 12:00,0.13,,,,,,,,,,,
07-06-2019 13:00,0.125,,,,,,,,,,,
07-06-2019 14:00,0.11,,,,,,,,,,,
07-06-2019 15:00,0.076,,,,,,,,,,,
07-06-2019 16:00,0.042,,,,,,,,,,,
07-06-2019 17:00,0.016,,,,,,,,,,,
07-06-2019 18:00,0.004,,,,,,,,,,,
07-06-2019 19:00,0.003,,,,,,,,,,,
07-06-2019 20:00,0.008,,,,,,,,,,,
07-06-2019 21:00,0.025,,,,,,,,,,,
07-06-2019 22:00,0.054,,,,,,,,,,,
07-06-2019 23:00,0.071,,,,,,,,,,,
08-06-2019 00:00,0.07,,,,,,,,,,,
08-06-2019 01:00,0.047,,,,,,,,,,,
08-06-2019 02:00,0.037,,,,,,,,,,,
08-06-2019 03:00,0.045,,,,,,,,,,,
08-06-2019 04:00,0.044,,,,,,,,,,,
08-06-2019 05:00,0.048,,,,,,,,,,,
08-06-2019 06:00,0.055,,,,,,,,,,,
08-06-2019 07:00,0.061,,,,,,,,,,,
08-06-2019 08:00,0.056,,,,,,,,,,,
08-06-2019 09:00,0.045,,,,,,,,,,,
08-06-2019 10:00,0.034,,,,,,,,,,,
08-06-2019 11:00,0.023,,,,,,,,,,,
08-06-2019 12:00,0.009,,,,,,,,,,,
08-06-2019 13:00,0.001,,,,,,,,,,,
08-06-2019 14:00,0.001,,,,,,,,,,,
08-06-2019 15:00,0.005,,,,,,,,,,,
08-06-2019 16:00,0.01,,,,,,,,,,,
08-06-2019 17:00,0.005,,,,,,,,,,,
08-06-2019 18:00,0.019,,,,,,,,,,,
08-06-2019 19:00,0.065,,,,,,,,,,,
08-06-2019 20:00,0.128,,,,,,,,,,,
08-06-2019 21:00,0.18,,,,,,,,,,,
08-06-2019 22:00,0.2,,,,,,,,,,,
08-06-2019 23:00,0.202,,,,,,,,,,,
09-06-2019 00:00,0.178,,,,,,,,,,,
09-06-2019 01:00,0.108,,,,,,,,,,,
09-06-2019 02:00,0.002,,,,,,,,,,,
09-06-2019 03:00,0.005,,,,,,,,,,,
09-06-2019 04:00,0.005,,,,,,,,,,,
09-06-2019 05:00,0.013,,,,,,,,,,,
09-06-2019 06:00,0.028,,,,,,,,,,,
09-06-2019 07:00,0.043,,,,,,,,,,,
09-06-2019 08:00,0.055,,,,,,,,,,,
09-06-2019 09:00,0.057,,,,,,,,,,,
09-06-2019 10:00,0.051,,,,,,,,,,,
09-06-2019 11:00,0.037,,,,,,,,,,,
09-06-2019 12:00,0.02,,,,,,,,,,,
09-06-2019 13:00,0.009,,,,,,,,,,,
09-06-2019 14:00,0.003,,,,,,,,,,,
09-06-2019 15:00,0.001,,,,,,,,,,,
09-06-2019 16:00,0.002,,,,,,,,,,,
09-06-2019 17:00,0.018,,,,,,,,,,,
09-06-2019 18:00,0.053,,,,,,,,,,,
09-06-2019 19:00,0.084,,,,,,,,,,,
09-06-2019 20:00,0.103,,,,,,,,,,,
09-06-2019 21:00,0.17,,,,,,,,,,,
09-06-2019 22:00,0.325,,,,,,,,,,,
09-06-2019 23:00,0.528,,,,,,,,,,,
10-06-2019 00:00,0.601,,,,,,,,,,,
10-06-2019 01:00,0.759,,,,,,,,,,,
10-06-2019 02:00,0.745,,,,,,,,,,,
10-06-2019 03:00,0.568,,,,,,,,,,,
10-06-2019 04:00,0.318,,,,,,,,,,,
10-06-2019 05:00,0.139,,,,,,,,,,,
10-06-2019 06:00,0.062,,,,,,,,,,,
10-06-2019 07:00,0.036,,,,,,,,,,,
10-06-2019 08:00,0.029,,,,,,,,,,,
10-06-2019 09:00,0.03,,,,,,,,,,,
10-06-2019 10:00,0.027,,,,,,,,,,,
10-06-2019 11:00,0.018,,,,,,,,,,,
10-06-2019 12:00,0.011,,,,,,,,,,,
10-06-2019 13:00,0.013,,,,,,,,,,,
10-06-2019 14:00,0.041,,,,,,,,,,,
10-06-2019 15:00,0.105,,,,,,,,,,,
10-06-2019 16:00,0.201,,,,,,,,,,,
10-06-2019 17:00,0.311,,,,,,,,,,,
10-06-2019 18:00,0.413,,,,,,,,,,,
10-06-2019 19:00,0.527,,,,,,,,,,,
10-06-2019 20:00,0.654,,,,,,,,,,,
10-06-2019 21:00,0.698,,,,,,,,,,,
10-06-2019 22:00,0.67,,,,,,,,,,,
10-06-2019 23:00,0.634,,,,,,,,,,,
11-06-2019 00:00,0.579,,,,,,,,,,,
11-06-2019 01:00,0.737,,,,,,,,,,,
11-06-2019 02:00,0.719,,,,,,,,,,,
11-06-2019 03:00,0.538,,,,,,,,,,,
11-06-2019 04:00,0.31,,,,,,,,,,,
11-06-2019 05:00,0.14,,,,,,,,,,,
11-06-2019 06:00,0.05,,,,,,,,,,,
11-06-2019 07:00,0.013,,,,,,,,,,,
11-06-2019 08:00,0.003,,,,,,,,,,,
11-06-2019 09:00,0.001,,,,,,,,,,,
11-06-2019 10:00,0.004,,,,,,,,,,,
11-06-2019 11:00,0.013,,,,,,,,,,,
11-06-2019 12:00,0.045,,,,,,,,,,,
11-06-2019 13:00,0.173,,,,,,,,,,,
11-06-2019 14:00,0.38,,,,,,,,,,,
11-06-2019 15:00,0.488,,,,,,,,,,,
11-06-2019 16:00,0.521,,,,,,,,,,,
11-06-2019 17:00,0.535,,,,,,,,,,,
11-06-2019 18:00,0.54,,,,,,,,,,,
11-06-2019 19:00,0.552,,,,,,,,,,,
11-06-2019 20:00,0.569,,,,,,,,,,,
11-06-2019 21:00,0.637,,,,,,,,,,,
11-06-2019 22:00,0.732,,,,,,,,,,,
11-06-2019 23:00,0.647,,,,,,,,,,,
12-06-2019 00:00,0.635,,,,,,,,,,,
12-06-2019 01:00,0.719,,,,,,,,,,,
12-06-2019 02:00,0.613,,,,,,,,,,,
12-06-2019 03:00,0.403,,,,,,,,,,,
12-06-2019 04:00,0.196,,,,,,,,,,,
12-06-2019 05:00,0.086,,,,,,,,,,,
12-06-2019 06:00,0.05,,,,,,,,,,,
12-06-2019 07:00,0.05,,,,,,,,,,,
12-06-2019 08:00,0.057,,,,,,,,,,,
12-06-2019 09:00,0.061,,,,,,,,,,,
12-06-2019 10:00,0.076,,,,,,,,,,,
12-06-2019 11:00,0.112,,,,,,,,,,,
12-06-2019 12:00,0.192,,,,,,,,,,,
12-06-2019 13:00,0.343,,,,,,,,,,,
12-06-2019 14:00,0.516,,,,,,,,,,,
12-06-2019 15:00,0.548,,,,,,,,,,,
12-06-2019 16:00,0.523,,,,,,,,,,,
12-06-2019 17:00,0.54,,,,,,,,,,,
12-06-2019 18:00,0.589,,,,,,,,,,,
12-06-2019 19:00,0.625,,,,,,,,,,,
12-06-2019 20:00,0.693,,,,,,,,,,,
12-06-2019 21:00,0.8,,,,,,,,,,,
12-06-2019 22:00,0.867,,,,,,,,,,,
12-06-2019 23:00,0.804,,,,,,,,,,,
13-06-2019 00:00,0.694,,,,,,,,,,,
13-06-2019 01:00,0.525,,,,,,,,,,,
13-06-2019 02:00,0.32,,,,,,,,,,,
13-06-2019 03:00,0.21,,,,,,,,,,,
13-06-2019 04:00,0.177,,,,,,,,,,,
13-06-2019 05:00,0.153,,,,,,,,,,,
13-06-2019 06:00,0.134,,,,,,,,,,,
13-06-2019 07:00,0.13,,,,,,,,,,,
13-06-2019 08:00,0.136,,,,,,,,,,,
13-06-2019 09:00,0.154,,,,,,,,,,,
13-06-2019 10:00,0.185,,,,,,,,,,,
13-06-2019 11:00,0.228,,,,,,,,,,,
13-06-2019 12:00,0.286,,,,,,,,,,,
13-06-2019 13:00,0.337,,,,,,,,,,,
13-06-2019 14:00,0.329,,,,,,,,,,,
13-06-2019 15:00,0.302,,,,,,,,,,,
13-06-2019 16:00,0.304,,,,,,,,,,,
13-06-2019 17:00,0.315,,,,,,,,,,,
13-06-2019 18:00,0.401,,,,,,,,,,,
13-06-2019 19:00,0.457,,,,,,,,,,,
13-06-2019 20:00,0.573,,,,,,,,,,,
13-06-2019 21:00,0.513,,,,,,,,,,,
13-06-2019 22:00,0.442,,,,,,,,,,,
13-06-2019 23:00,0.404,,,,,,,,,,,
14-06-2019 00:00,0.462,,,,,,,,,,,
14-06-2019 01:00,0.586,,,,,,,,,,,
14-06-2019 02:00,0.457,,,,,,,,,,,
14-06-2019 03:00,0.324,,,,,,,,,,,
14-06-2019 04:00,0.243,,,,,,,,,,,
14-06-2019 05:00,0.198,,,,,,,,,,,
14-06-2019 06:00,0.179,,,,,,,,,,,
14-06-2019 07:00,0.176,,,,,,,,,,,
14-06-2019 08:00,0.18,,,,,,,,,,,
14-06-2019 09:00,0.172,,,,,,,,,,,
14-06-2019 10:00,0.155,,,,,,,,,,,
14-06-2019 11:00,0.149,,,,,,,,,,,
14-06-2019 12:00,0.159,,,,,,,,,,,
14-06-2019 13:00,0.173,,,,,,,,,,,
14-06-2019 14:00,0.186,,,,,,,,,,,
14-06-2019 15:00,0.171,,,,,,,,,,,
14-06-2019 16:00,0.139,,,,,,,,,,,
14-06-2019 17:00,0.112,,,,,,,,,,,
14-06-2019 18:00,0.092,,,,,,,,,,,
14-06-2019 19:00,0.085,,,,,,,,,,,
14-06-2019 20:00,0.097,,,,,,,,,,,
14-06-2019 21:00,0.152,,,,,,,,,,,
14-06-2019 22:00,0.223,,,,,,,,,,,
14-06-2019 23:00,0.314,,,,,,,,,,,
15-06-2019 00:00,0.394,,,,,,,,,,,
15-06-2019 01:00,0.561,,,,,,,,,,,
15-06-2019 02:00,0.586,,,,,,,,,,,
15-06-2019 03:00,0.556,,,,,,,,,,,
15-06-2019 04:00,0.504,,,,,,,,,,,
15-06-2019 05:00,0.431,,,,,,,,,,,
15-06-2019 06:00,0.358,,,,,,,,,,,
15-06-2019 07:00,0.317,,,,,,,,,,,
15-06-2019 08:00,0.294,,,,,,,,,,,
15-06-2019 09:00,0.286,,,,,,,,,,,
15-06-2019 10:00,0.288,,,,,,,,,,,
15-06-2019 11:00,0.284,,,,,,,,,,,
15-06-2019 12:00,0.258,,,,,,,,,,,
15-06-2019 13:00,0.211,,,,,,,,,,,
15-06-2019 14:00,0.179,,,,,,,,,,,
15-06-2019 15:00,0.111,,,,,,,,,,,
15-06-2019 16:00,0.058,,,,,,,,,,,
15-06-2019 17:00,0.054,,,,,,,,,,,
15-06-2019 18:00,0.099,,,,,,,,,,,
15-06-2019 19:00,0.212,,,,,,,,,,,
15-06-2019 20:00,0.338,,,,,,,,,,,
15-06-2019 21:00,0.491,,,,,,,,,,,
15-06-2019 22:00,0.514,,,,,,,,,,,
15-06-2019 23:00,0.447,,,,,,,,,,,
16-06-2019 00:00,0.43,,,,,,,,,,,
16-06-2019 01:00,0.744,,,,,,,,,,,
16-06-2019 02:00,0.75,,,,,,,,,,,
16-06-2019 03:00,0.697,,,,,,,,,,,
16-06-2019 04:00,0.637,,,,,,,,,,,
16-06-2019 05:00,0.585,,,,,,,,,,,
16-06-2019 06:00,0.549,,,,,,,,,,,
16-06-2019 07:00,0.535,,,,,,,,,,,
16-06-2019 08:00,0.538,,,,,,,,,,,
16-06-2019 09:00,0.547,,,,,,,,,,,
16-06-2019 10:00,0.548,,,,,,,,,,,
16-06-2019 11:00,0.532,,,,,,,,,,,
16-06-2019 12:00,0.481,,,,,,,,,,,
16-06-2019 13:00,0.386,,,,,,,,,,,
16-06-2019 14:00,0.3,,,,,,,,,,,
16-06-2019 15:00,0.218,,,,,,,,,,,
16-06-2019 16:00,0.15,,,,,,,,,,,
16-06-2019 17:00,0.143,,,,,,,,,,,
16-06-2019 18:00,0.207,,,,,,,,,,,
16-06-2019 19:00,0.325,,,,,,,,,,,
16-06-2019 20:00,0.431,,,,,,,,,,,
16-06-2019 21:00,0.484,,,,,,,,,,,
16-06-2019 22:00,0.523,,,,,,,,,,,
16-06-2019 23:00,0.429,,,,,,,,,,,
17-06-2019 00:00,0.425,,,,,,,,,,,
17-06-2019 01:00,0.635,,,,,,,,,,,
17-06-2019 02:00,0.606,,,,,,,,,,,
17-06-2019 03:00,0.583,,,,,,,,,,,
17-06-2019 04:00,0.588,,,,,,,,,,,
17-06-2019 05:00,0.604,,,,,,,,,,,
17-06-2019 06:00,0.621,,,,,,,,,,,
17-06-2019 07:00,0.637,,,,,,,,,,,
17-06-2019 08:00,0.656,,,,,,,,,,,
17-06-2019 09:00,0.655,,,,,,,,,,,
17-06-2019 10:00,0.635,,,,,,,,,,,
17-06-2019 11:00,0.595,,,,,,,,,,,
17-06-2019 12:00,0.503,,,,,,,,,,,
17-06-2019 13:00,0.37,,,,,,,,,,,
17-06-2019 14:00,0.307,,,,,,,,,,,
17-06-2019 15:00,0.311,,,,,,,,,,,
17-06-2019 16:00,0.355,,,,,,,,,,,
17-06-2019 17:00,0.422,,,,,,,,,,,
17-06-2019 18:00,0.519,,,,,,,,,,,
17-06-2019 19:00,0.633,,,,,,,,,,,
17-06-2019 20:00,0.668,,,,,,,,,,,
17-06-2019 21:00,0.655,,,,,,,,,,,
17-06-2019 22:00,0.58,,,,,,,,,,,
17-06-2019 23:00,0.499,,,,,,,,,,,
18-06-2019 00:00,0.474,,,,,,,,,,,
18-06-2019 01:00,0.626,,,,,,,,,,,
18-06-2019 02:00,0.59,,,,,,,,,,,
18-06-2019 03:00,0.482,,,,,,,,,,,
18-06-2019 04:00,0.369,,,,,,,,,,,
18-06-2019 05:00,0.286,,,,,,,,,,,
18-06-2019 06:00,0.244,,,,,,,,,,,
18-06-2019 07:00,0.236,,,,,,,,,,,
18-06-2019 08:00,0.251,,,,,,,,,,,
18-06-2019 09:00,0.276,,,,,,,,,,,
18-06-2019 10:00,0.277,,,,,,,,,,,
18-06-2019 11:00,0.253,,,,,,,,,,,
18-06-2019 12:00,0.207,,,,,,,,,,,
18-06-2019 13:00,0.153,,,,,,,,,,,
18-06-2019 14:00,0.1,,,,,,,,,,,
18-06-2019 15:00,0.027,,,,,,,,,,,
18-06-2019 16:00,0.001,,,,,,,,,,,
18-06-2019 17:00,0,,,,,,,,,,,
18-06-2019 18:00,0,,,,,,,,,,,
18-06-2019 19:00,0.008,,,,,,,,,,,
18-06-2019 20:00,0.093,,,,,,,,,,,
18-06-2019 21:00,0.281,,,,,,,,,,,
18-06-2019 22:00,0.367,,,,,,,,,,,
18-06-2019 23:00,0.318,,,,,,,,,,,
19-06-2019 00:00,0.361,,,,,,,,,,,
19-06-2019 01:00,0.544,,,,,,,,,,,
19-06-2019 02:00,0.547,,,,,,,,,,,
19-06-2019 03:00,0.447,,,,,,,,,,,
19-06-2019 04:00,0.314,,,,,,,,,,,
19-06-2019 05:00,0.234,,,,,,,,,,,
19-06-2019 06:00,0.201,,,,,,,,,,,
19-06-2019 07:00,0.194,,,,,,,,,,,
19-06-2019 08:00,0.202,,,,,,,,,,,
19-06-2019 09:00,0.233,,,,,,,,,,,
19-06-2019 10:00,0.265,,,,,,,,,,,
19-06-2019 11:00,0.288,,,,,,,,,,,
19-06-2019 12:00,0.315,,,,,,,,,,,
19-06-2019 13:00,0.338,,,,,,,,,,,
19-06-2019 14:00,0.348,,,,,,,,,,,
19-06-2019 15:00,0.284,,,,,,,,,,,
19-06-2019 16:00,0.22,,,,,,,,,,,
19-06-2019 17:00,0.192,,,,,,,,,,,
19-06-2019 18:00,0.185,,,,,,,,,,,
19-06-2019 19:00,0.192,,,,,,,,,,,
19-06-2019 20:00,0.194,,,,,,,,,,,
19-06-2019 21:00,0.161,,,,,,,,,,,
19-06-2019 22:00,0.104,,,,,,,,,,,
19-06-2019 23:00,0.07,,,,,,,,,,,
20-06-2019 00:00,0.114,,,,,,,,,,,
20-06-2019 01:00,0.304,,,,,,,,,,,
20-06-2019 02:00,0.35,,,,,,,,,,,
20-06-2019 03:00,0.38,,,,,,,,,,,
20-06-2019 04:00,0.421,,,,,,,,,,,
20-06-2019 05:00,0.464,,,,,,,,,,,
20-06-2019 06:00,0.508,,,,,,,,,,,
20-06-2019 07:00,0.55,,,,,,,,,,,
20-06-2019 08:00,0.578,,,,,,,,,,,
20-06-2019 09:00,0.591,,,,,,,,,,,
20-06-2019 10:00,0.557,,,,,,,,,,,
20-06-2019 11:00,0.472,,,,,,,,,,,
20-06-2019 12:00,0.367,,,,,,,,,,,
20-06-2019 13:00,0.278,,,,,,,,,,,
20-06-2019 14:00,0.228,,,,,,,,,,,
20-06-2019 15:00,0.175,,,,,,,,,,,
20-06-2019 16:00,0.153,,,,,,,,,,,
20-06-2019 17:00,0.162,,,,,,,,,,,
20-06-2019 18:00,0.149,,,,,,,,,,,
20-06-2019 19:00,0.113,,,,,,,,,,,
20-06-2019 20:00,0.087,,,,,,,,,,,
20-06-2019 21:00,0.066,,,,,,,,,,,
20-06-2019 22:00,0.045,,,,,,,,,,,
20-06-2019 23:00,0.032,,,,,,,,,,,
21-06-2019 00:00,0.018,,,,,,,,,,,
21-06-2019 01:00,0.018,,,,,,,,,,,
21-06-2019 02:00,0.019,,,,,,,,,,,
21-06-2019 03:00,0.057,,,,,,,,,,,
21-06-2019 04:00,0.127,,,,,,,,,,,
21-06-2019 05:00,0.191,,,,,,,,,,,
21-06-2019 06:00,0.23,,,,,,,,,,,
21-06-2019 07:00,0.256,,,,,,,,,,,
21-06-2019 08:00,0.278,,,,,,,,,,,
21-06-2019 09:00,0.281,,,,,,,,,,,
21-06-2019 10:00,0.268,,,,,,,,,,,
21-06-2019 11:00,0.246,,,,,,,,,,,
21-06-2019 12:00,0.223,,,,,,,,,,,
21-06-2019 13:00,0.196,,,,,,,,,,,
21-06-2019 14:00,0.193,,,,,,,,,,,
21-06-2019 15:00,0.194,,,,,,,,,,,
21-06-2019 16:00,0.192,,,,,,,,,,,
21-06-2019 17:00,0.18,,,,,,,,,,,
21-06-2019 18:00,0.158,,,,,,,,,,,
21-06-2019 19:00,0.125,,,,,,,,,,,
21-06-2019 20:00,0.092,,,,,,,,,,,
21-06-2019 21:00,0.075,,,,,,,,,,,
21-06-2019 22:00,0.074,,,,,,,,,,,
21-06-2019 23:00,0.084,,,,,,,,,,,
22-06-2019 00:00,0.083,,,,,,,,,,,
22-06-2019 01:00,0.144,,,,,,,,,,,
22-06-2019 02:00,0.252,,,,,,,,,,,
22-06-2019 03:00,0.301,,,,,,,,,,,
22-06-2019 04:00,0.329,,,,,,,,,,,
22-06-2019 05:00,0.319,,,,,,,,,,,
22-06-2019 06:00,0.277,,,,,,,,,,,
22-06-2019 07:00,0.227,,,,,,,,,,,
22-06-2019 08:00,0.184,,,,,,,,,,,
22-06-2019 09:00,0.144,,,,,,,,,,,
22-06-2019 10:00,0.107,,,,,,,,,,,
22-06-2019 11:00,0.061,,,,,,,,,,,
22-06-2019 12:00,0.024,,,,,,,,,,,
22-06-2019 13:00,0.017,,,,,,,,,,,
22-06-2019 14:00,0.047,,,,,,,,,,,
22-06-2019 15:00,0.148,,,,,,,,,,,
22-06-2019 16:00,0.237,,,,,,,,,,,
22-06-2019 17:00,0.26,,,,,,,,,,,
22-06-2019 18:00,0.241,,,,,,,,,,,
22-06-2019 19:00,0.214,,,,,,,,,,,
22-06-2019 20:00,0.218,,,,,,,,,,,
22-06-2019 21:00,0.172,,,,,,,,,,,
22-06-2019 22:00,0.096,,,,,,,,,,,
22-06-2019 23:00,0.061,,,,,,,,,,,
23-06-2019 00:00,0.031,,,,,,,,,,,
23-06-2019 01:00,0.052,,,,,,,,,,,
23-06-2019 02:00,0.112,,,,,,,,,,,
23-06-2019 03:00,0.151,,,,,,,,,,,
23-06-2019 04:00,0.178,,,,,,,,,,,
23-06-2019 05:00,0.197,,,,,,,,,,,
23-06-2019 06:00,0.212,,,,,,,,,,,
23-06-2019 07:00,0.214,,,,,,,,,,,
23-06-2019 08:00,0.201,,,,,,,,,,,
23-06-2019 09:00,0.193,,,,,,,,,,,
23-06-2019 10:00,0.183,,,,,,,,,,,
23-06-2019 11:00,0.164,,,,,,,,,,,
23-06-2019 12:00,0.137,,,,,,,,,,,
23-06-2019 13:00,0.119,,,,,,,,,,,
23-06-2019 14:00,0.111,,,,,,,,,,,
23-06-2019 15:00,0.114,,,,,,,,,,,
23-06-2019 16:00,0.114,,,,,,,,,,,
23-06-2019 17:00,0.101,,,,,,,,,,,
23-06-2019 18:00,0.089,,,,,,,,,,,
23-06-2019 19:00,0.087,,,,,,,,,,,
23-06-2019 20:00,0.104,,,,,,,,,,,
23-06-2019 21:00,0.118,,,,,,,,,,,
23-06-2019 22:00,0.128,,,,,,,,,,,
23-06-2019 23:00,0.123,,,,,,,,,,,
24-06-2019 00:00,0.118,,,,,,,,,,,
24-06-2019 01:00,0.183,,,,,,,,,,,
24-06-2019 02:00,0.119,,,,,,,,,,,
24-06-2019 03:00,0.059,,,,,,,,,,,
24-06-2019 04:00,0.031,,,,,,,,,,,
24-06-2019 05:00,0.018,,,,,,,,,,,
24-06-2019 06:00,0.011,,,,,,,,,,,
24-06-2019 07:00,0.007,,,,,,,,,,,
24-06-2019 08:00,0.005,,,,,,,,,,,
24-06-2019 09:00,0.003,,,,,,,,,,,
24-06-2019 10:00,0.004,,,,,,,,,,,
24-06-2019 11:00,0.007,,,,,,,,,,,
24-06-2019 12:00,0.022,,,,,,,,,,,
24-06-2019 13:00,0.08,,,,,,,,,,,
24-06-2019 14:00,0.179,,,,,,,,,,,
24-06-2019 15:00,0.255,,,,,,,,,,,
24-06-2019 16:00,0.3,,,,,,,,,,,
24-06-2019 17:00,0.305,,,,,,,,,,,
24-06-2019 18:00,0.278,,,,,,,,,,,
24-06-2019 19:00,0.236,,,,,,,,,,,
24-06-2019 20:00,0.188,,,,,,,,,,,
24-06-2019 21:00,0.133,,,,,,,,,,,
24-06-2019 22:00,0.095,,,,,,,,,,,
24-06-2019 23:00,0.076,,,,,,,,,,,
25-06-2019 00:00,0.053,,,,,,,,,,,
25-06-2019 01:00,0.101,,,,,,,,,,,
25-06-2019 02:00,0.101,,,,,,,,,,,
25-06-2019 03:00,0.09,,,,,,,,,,,
25-06-2019 04:00,0.084,,,,,,,,,,,
25-06-2019 05:00,0.083,,,,,,,,,,,
25-06-2019 06:00,0.092,,,,,,,,,,,
25-06-2019 07:00,0.11,,,,,,,,,,,
25-06-2019 08:00,0.136,,,,,,,,,,,
25-06-2019 09:00,0.151,,,,,,,,,,,
25-06-2019 10:00,0.159,,,,,,,,,,,
25-06-2019 11:00,0.194,,,,,,,,,,,
25-06-2019 12:00,0.254,,,,,,,,,,,
25-06-2019 13:00,0.303,,,,,,,,,,,
25-06-2019 14:00,0.311,,,,,,,,,,,
25-06-2019 15:00,0.308,,,,,,,,,,,
25-06-2019 16:00,0.304,,,,,,,,,,,
25-06-2019 17:00,0.303,,,,,,,,,,,
25-06-2019 18:00,0.283,,,,,,,,,,,
25-06-2019 19:00,0.267,,,,,,,,,,,
25-06-2019 20:00,0.25,,,,,,,,,,,
25-06-2019 21:00,0.227,,,,,,,,,,,
25-06-2019 22:00,0.181,,,,,,,,,,,
25-06-2019 23:00,0.13,,,,,,,,,,,
26-06-2019 00:00,0.085,,,,,,,,,,,
26-06-2019 01:00,0.09,,,,,,,,,,,
26-06-2019 02:00,0.068,,,,,,,,,,,
26-06-2019 03:00,0.056,,,,,,,,,,,
26-06-2019 04:00,0.061,,,,,,,,,,,
26-06-2019 05:00,0.078,,,,,,,,,,,
26-06-2019 06:00,0.096,,,,,,,,,,,
26-06-2019 07:00,0.108,,,,,,,,,,,
26-06-2019 08:00,0.119,,,,,,,,,,,
26-06-2019 09:00,0.133,,,,,,,,,,,
26-06-2019 10:00,0.148,,,,,,,,,,,
26-06-2019 11:00,0.178,,,,,,,,,,,
26-06-2019 12:00,0.236,,,,,,,,,,,
26-06-2019 13:00,0.3,,,,,,,,,,,
26-06-2019 14:00,0.365,,,,,,,,,,,
26-06-2019 15:00,0.376,,,,,,,,,,,
26-06-2019 16:00,0.365,,,,,,,,,,,
26-06-2019 17:00,0.374,,,,,,,,,,,
26-06-2019 18:00,0.357,,,,,,,,,,,
26-06-2019 19:00,0.281,,,,,,,,,,,
26-06-2019 20:00,0.162,,,,,,,,,,,
26-06-2019 21:00,0.111,,,,,,,,,,,
26-06-2019 22:00,0.148,,,,,,,,,,,
26-06-2019 23:00,0.223,,,,,,,,,,,
27-06-2019 00:00,0.274,,,,,,,,,,,
27-06-2019 01:00,0.447,,,,,,,,,,,
27-06-2019 02:00,0.53,,,,,,,,,,,
27-06-2019 03:00,0.503,,,,,,,,,,,
27-06-2019 04:00,0.444,,,,,,,,,,,
27-06-2019 05:00,0.374,,,,,,,,,,,
27-06-2019 06:00,0.291,,,,,,,,,,,
27-06-2019 07:00,0.217,,,,,,,,,,,
27-06-2019 08:00,0.156,,,,,,,,,,,
27-06-2019 09:00,0.117,,,,,,,,,,,
27-06-2019 10:00,0.085,,,,,,,,,,,
27-06-2019 11:00,0.056,,,,,,,,,,,
27-06-2019 12:00,0.026,,,,,,,,,,,
27-06-2019 13:00,0.011,,,,,,,,,,,
27-06-2019 14:00,0.007,,,,,,,,,,,
27-06-2019 15:00,0.013,,,,,,,,,,,
27-06-2019 16:00,0.036,,,,,,,,,,,
27-06-2019 17:00,0.083,,,,,,,,,,,
27-06-2019 18:00,0.118,,,,,,,,,,,
27-06-2019 19:00,0.133,,,,,,,,,,,
27-06-2019 20:00,0.144,,,,,,,,,,,
27-06-2019 21:00,0.155,,,,,,,,,,,
27-06-2019 22:00,0.124,,,,,,,,,,,
27-06-2019 23:00,0.118,,,,,,,,,,,
28-06-2019 00:00,0.104,,,,,,,,,,,
28-06-2019 01:00,0.141,,,,,,,,,,,
28-06-2019 02:00,0.211,,,,,,,,,,,
28-06-2019 03:00,0.199,,,,,,,,,,,
28-06-2019 04:00,0.126,,,,,,,,,,,
28-06-2019 05:00,0.072,,,,,,,,,,,
28-06-2019 06:00,0.042,,,,,,,,,,,
28-06-2019 07:00,0.029,,,,,,,,,,,
28-06-2019 08:00,0.023,,,,,,,,,,,
28-06-2019 09:00,0.016,,,,,,,,,,,
28-06-2019 10:00,0.009,,,,,,,,,,,
28-06-2019 11:00,0.004,,,,,,,,,,,
28-06-2019 12:00,0.004,,,,,,,,,,,
28-06-2019 13:00,0.02,,,,,,,,,,,
28-06-2019 14:00,0.063,,,,,,,,,,,
28-06-2019 15:00,0.094,,,,,,,,,,,
28-06-2019 16:00,0.103,,,,,,,,,,,
28-06-2019 17:00,0.103,,,,,,,,,,,
28-06-2019 18:00,0.114,,,,,,,,,,,
28-06-2019 19:00,0.133,,,,,,,,,,,
28-06-2019 20:00,0.155,,,,,,,,,,,
28-06-2019 21:00,0.195,,,,,,,,,,,
28-06-2019 22:00,0.227,,,,,,,,,,,
28-06-2019 23:00,0.243,,,,,,,,,,,
29-06-2019 00:00,0.274,,,,,,,,,,,
29-06-2019 01:00,0.39,,,,,,,,,,,
29-06-2019 02:00,0.359,,,,,,,,,,,
29-06-2019 03:00,0.272,,,,,,,,,,,
29-06-2019 04:00,0.217,,,,,,,,,,,
29-06-2019 05:00,0.182,,,,,,,,,,,
29-06-2019 06:00,0.155,,,,,,,,,,,
29-06-2019 07:00,0.133,,,,,,,,,,,
29-06-2019 08:00,0.113,,,,,,,,,,,
29-06-2019 09:00,0.089,,,,,,,,,,,
29-06-2019 10:00,0.054,,,,,,,,,,,
29-06-2019 11:00,0.022,,,,,,,,,,,
29-06-2019 12:00,0.005,,,,,,,,,,,
29-06-2019 13:00,0.001,,,,,,,,,,,
29-06-2019 14:00,0,,,,,,,,,,,
29-06-2019 15:00,0.011,,,,,,,,,,,
29-06-2019 16:00,0.076,,,,,,,,,,,
29-06-2019 17:00,0.162,,,,,,,,,,,
29-06-2019 18:00,0.223,,,,,,,,,,,
29-06-2019 19:00,0.283,,,,,,,,,,,
29-06-2019 20:00,0.358,,,,,,,,,,,
29-06-2019 21:00,0.41,,,,,,,,,,,
29-06-2019 22:00,0.423,,,,,,,,,,,
29-06-2019 23:00,0.41,,,,,,,,,,,
30-06-2019 00:00,0.375,,,,,,,,,,,
30-06-2019 01:00,0.453,,,,,,,,,,,
30-06-2019 02:00,0.498,,,,,,,,,,,
30-06-2019 03:00,0.498,,,,,,,,,,,
30-06-2019 04:00,0.513,,,,,,,,,,,
30-06-2019 05:00,0.471,,,,,,,,,,,
30-06-2019 06:00,0.404,,,,,,,,,,,
30-06-2019 07:00,0.345,,,,,,,,,,,
30-06-2019 08:00,0.307,,,,,,,,,,,
30-06-2019 09:00,0.286,,,,,,,,,,,
30-06-2019 10:00,0.28,,,,,,,,,,,
30-06-2019 11:00,0.273,,,,,,,,,,,
30-06-2019 12:00,0.224,,,,,,,,,,,
30-06-2019 13:00,0.192,,,,,,,,,,,
30-06-2019 14:00,0.17,,,,,,,,,,,
30-06-2019 15:00,0.159,,,,,,,,,,,
30-06-2019 16:00,0.179,,,,,,,,,,,
30-06-2019 17:00,0.223,,,,,,,,,,,
30-06-2019 18:00,0.254,,,,,,,,,,,
30-06-2019 19:00,0.265,,,,,,,,,,,
30-06-2019 20:00,0.263,,,,,,,,,,,
30-06-2019 21:00,0.253,,,,,,,,,,,
30-06-2019 22:00,0.258,,,,,,,,,,,
30-06-2019 23:00,0.228,,,,,,,,,,,
01-07-2019 00:00,0.204,,,,,,,,,,,
01-07-2019 01:00,0.252,,,,,,,,,,,
01-07-2019 02:00,0.225,,,,,,,,,,,
01-07-2019 03:00,0.193,,,,,,,,,,,
01-07-2019 04:00,0.196,,,,,,,,,,,
01-07-2019 05:00,0.206,,,,,,,,,,,
01-07-2019 06:00,0.214,,,,,,,,,,,
01-07-2019 07:00,0.223,,,,,,,,,,,
01-07-2019 08:00,0.237,,,,,,,,,,,
01-07-2019 09:00,0.221,,,,,,,,,,,
01-07-2019 10:00,0.163,,,,,,,,,,,
01-07-2019 11:00,0.098,,,,,,,,,,,
01-07-2019 12:00,0.056,,,,,,,,,,,
01-07-2019 13:00,0.063,,,,,,,,,,,
01-07-2019 14:00,0.136,,,,,,,,,,,
01-07-2019 15:00,0.225,,,,,,,,,,,
01-07-2019 16:00,0.282,,,,,,,,,,,
01-07-2019 17:00,0.333,,,,,,,,,,,
01-07-2019 18:00,0.379,,,,,,,,,,,
01-07-2019 19:00,0.429,,,,,,,,,,,
01-07-2019 20:00,0.514,,,,,,,,,,,
01-07-2019 21:00,0.501,,,,,,,,,,,
01-07-2019 22:00,0.491,,,,,,,,,,,
01-07-2019 23:00,0.361,,,,,,,,,,,
02-07-2019 00:00,0.254,,,,,,,,,,,
02-07-2019 01:00,0.241,,,,,,,,,,,
02-07-2019 02:00,0.418,,,,,,,,,,,
02-07-2019 03:00,0.54,,,,,,,,,,,
02-07-2019 04:00,0.628,,,,,,,,,,,
02-07-2019 05:00,0.639,,,,,,,,,,,
02-07-2019 06:00,0.596,,,,,,,,,,,
02-07-2019 07:00,0.523,,,,,,,,,,,
02-07-2019 08:00,0.448,,,,,,,,,,,
02-07-2019 09:00,0.313,,,,,,,,,,,
02-07-2019 10:00,0.187,,,,,,,,,,,
02-07-2019 11:00,0.099,,,,,,,,,,,
02-07-2019 12:00,0.044,,,,,,,,,,,
02-07-2019 13:00,0.047,,,,,,,,,,,
02-07-2019 14:00,0.111,,,,,,,,,,,
02-07-2019 15:00,0.172,,,,,,,,,,,
02-07-2019 16:00,0.179,,,,,,,,,,,
02-07-2019 17:00,0.266,,,,,,,,,,,
02-07-2019 18:00,0.459,,,,,,,,,,,
02-07-2019 19:00,0.515,,,,,,,,,,,
02-07-2019 20:00,0.565,,,,,,,,,,,
02-07-2019 21:00,0.605,,,,,,,,,,,
02-07-2019 22:00,0.601,,,,,,,,,,,
02-07-2019 23:00,0.568,,,,,,,,,,,
03-07-2019 00:00,0.55,,,,,,,,,,,
03-07-2019 01:00,0.675,,,,,,,,,,,
03-07-2019 02:00,0.769,,,,,,,,,,,
03-07-2019 03:00,0.772,,,,,,,,,,,
03-07-2019 04:00,0.761,,,,,,,,,,,
03-07-2019 05:00,0.748,,,,,,,,,,,
03-07-2019 06:00,0.737,,,,,,,,,,,
03-07-2019 07:00,0.721,,,,,,,,,,,
03-07-2019 08:00,0.677,,,,,,,,,,,
03-07-2019 09:00,0.637,,,,,,,,,,,
03-07-2019 10:00,0.574,,,,,,,,,,,
03-07-2019 11:00,0.484,,,,,,,,,,,
03-07-2019 12:00,0.379,,,,,,,,,,,
03-07-2019 13:00,0.385,,,,,,,,,,,
03-07-2019 14:00,0.391,,,,,,,,,,,
03-07-2019 15:00,0.376,,,,,,,,,,,
03-07-2019 16:00,0.365,,,,,,,,,,,
03-07-2019 17:00,0.376,,,,,,,,,,,
03-07-2019 18:00,0.394,,,,,,,,,,,
03-07-2019 19:00,0.413,,,,,,,,,,,
03-07-2019 20:00,0.51,,,,,,,,,,,
03-07-2019 21:00,0.457,,,,,,,,,,,
03-07-2019 22:00,0.376,,,,,,,,,,,
03-07-2019 23:00,0.327,,,,,,,,,,,
04-07-2019 00:00,0.35,,,,,,,,,,,
04-07-2019 01:00,0.362,,,,,,,,,,,
04-07-2019 02:00,0.509,,,,,,,,,,,
04-07-2019 03:00,0.654,,,,,,,,,,,
04-07-2019 04:00,0.724,,,,,,,,,,,
04-07-2019 05:00,0.744,,,,,,,,,,,
04-07-2019 06:00,0.744,,,,,,,,,,,
04-07-2019 07:00,0.753,,,,,,,,,,,
04-07-2019 08:00,0.779,,,,,,,,,,,
04-07-2019 09:00,0.796,,,,,,,,,,,
04-07-2019 10:00,0.793,,,,,,,,,,,
04-07-2019 11:00,0.768,,,,,,,,,,,
04-07-2019 12:00,0.687,,,,,,,,,,,
04-07-2019 13:00,0.644,,,,,,,,,,,
04-07-2019 14:00,0.62,,,,,,,,,,,
04-07-2019 15:00,0.647,,,,,,,,,,,
04-07-2019 16:00,0.689,,,,,,,,,,,
04-07-2019 17:00,0.753,,,,,,,,,,,
04-07-2019 18:00,0.849,,,,,,,,,,,
04-07-2019 19:00,0.852,,,,,,,,,,,
04-07-2019 20:00,0.812,,,,,,,,,,,
04-07-2019 21:00,0.722,,,,,,,,,,,
04-07-2019 22:00,0.615,,,,,,,,,,,
04-07-2019 23:00,0.556,,,,,,,,,,,
05-07-2019 00:00,0.447,,,,,,,,,,,
05-07-2019 01:00,0.341,,,,,,,,,,,
05-07-2019 02:00,0.305,,,,,,,,,,,
05-07-2019 03:00,0.433,,,,,,,,,,,
05-07-2019 04:00,0.495,,,,,,,,,,,
05-07-2019 05:00,0.516,,,,,,,,,,,
05-07-2019 06:00,0.491,,,,,,,,,,,
05-07-2019 07:00,0.448,,,,,,,,,,,
05-07-2019 08:00,0.479,,,,,,,,,,,
05-07-2019 09:00,0.574,,,,,,,,,,,
05-07-2019 10:00,0.669,,,,,,,,,,,
05-07-2019 11:00,0.714,,,,,,,,,,,
05-07-2019 12:00,0.712,,,,,,,,,,,
05-07-2019 13:00,0.724,,,,,,,,,,,
05-07-2019 14:00,0.773,,,,,,,,,,,
05-07-2019 15:00,0.77,,,,,,,,,,,
05-07-2019 16:00,0.724,,,,,,,,,,,
05-07-2019 17:00,0.683,,,,,,,,,,,
05-07-2019 18:00,0.633,,,,,,,,,,,
05-07-2019 19:00,0.639,,,,,,,,,,,
05-07-2019 20:00,0.72,,,,,,,,,,,
05-07-2019 21:00,0.702,,,,,,,,,,,
05-07-2019 22:00,0.622,,,,,,,,,,,
05-07-2019 23:00,0.574,,,,,,,,,,,
06-07-2019 00:00,0.575,,,,,,,,,,,
06-07-2019 01:00,0.668,,,,,,,,,,,
06-07-2019 02:00,0.763,,,,,,,,,,,
06-07-2019 03:00,0.71,,,,,,,,,,,
06-07-2019 04:00,0.727,,,,,,,,,,,
06-07-2019 05:00,0.778,,,,,,,,,,,
06-07-2019 06:00,0.831,,,,,,,,,,,
06-07-2019 07:00,0.877,,,,,,,,,,,
06-07-2019 08:00,0.917,,,,,,,,,,,
06-07-2019 09:00,0.931,,,,,,,,,,,
06-07-2019 10:00,0.923,,,,,,,,,,,
06-07-2019 11:00,0.907,,,,,,,,,,,
06-07-2019 12:00,0.92,,,,,,,,,,,
06-07-2019 13:00,0.964,,,,,,,,,,,
06-07-2019 14:00,0.961,,,,,,,,,,,
06-07-2019 15:00,0.934,,,,,,,,,,,
06-07-2019 16:00,0.866,,,,,,,,,,,
06-07-2019 17:00,0.658,,,,,,,,,,,
06-07-2019 18:00,0.513,,,,,,,,,,,
06-07-2019 19:00,0.423,,,,,,,,,,,
06-07-2019 20:00,0.374,,,,,,,,,,,
06-07-2019 21:00,0.349,,,,,,,,,,,
06-07-2019 22:00,0.378,,,,,,,,,,,
06-07-2019 23:00,0.398,,,,,,,,,,,
07-07-2019 00:00,0.443,,,,,,,,,,,
07-07-2019 01:00,0.516,,,,,,,,,,,
07-07-2019 02:00,0.642,,,,,,,,,,,
07-07-2019 03:00,0.682,,,,,,,,,,,
07-07-2019 04:00,0.725,,,,,,,,,,,
07-07-2019 05:00,0.724,,,,,,,,,,,
07-07-2019 06:00,0.68,,,,,,,,,,,
07-07-2019 07:00,0.63,,,,,,,,,,,
07-07-2019 08:00,0.561,,,,,,,,,,,
07-07-2019 09:00,0.506,,,,,,,,,,,
07-07-2019 10:00,0.473,,,,,,,,,,,
07-07-2019 11:00,0.415,,,,,,,,,,,
07-07-2019 12:00,0.345,,,,,,,,,,,
07-07-2019 13:00,0.4,,,,,,,,,,,
07-07-2019 14:00,0.469,,,,,,,,,,,
07-07-2019 15:00,0.527,,,,,,,,,,,
07-07-2019 16:00,0.564,,,,,,,,,,,
07-07-2019 17:00,0.595,,,,,,,,,,,
07-07-2019 18:00,0.605,,,,,,,,,,,
07-07-2019 19:00,0.607,,,,,,,,,,,
07-07-2019 20:00,0.517,,,,,,,,,,,
07-07-2019 21:00,0.422,,,,,,,,,,,
07-07-2019 22:00,0.381,,,,,,,,,,,
07-07-2019 23:00,0.399,,,,,,,,,,,
08-07-2019 00:00,0.464,,,,,,,,,,,
08-07-2019 01:00,0.436,,,,,,,,,,,
08-07-2019 02:00,0.541,,,,,,,,,,,
08-07-2019 03:00,0.563,,,,,,,,,,,
08-07-2019 04:00,0.555,,,,,,,,,,,
08-07-2019 05:00,0.559,,,,,,,,,,,
08-07-2019 06:00,0.573,,,,,,,,,,,
08-07-2019 07:00,0.599,,,,,,,,,,,
08-07-2019 08:00,0.633,,,,,,,,,,,
08-07-2019 09:00,0.622,,,,,,,,,,,
08-07-2019 10:00,0.555,,,,,,,,,,,
08-07-2019 11:00,0.512,,,,,,,,,,,
08-07-2019 12:00,0.51,,,,,,,,,,,
08-07-2019 13:00,0.472,,,,,,,,,,,
08-07-2019 14:00,0.416,,,,,,,,,,,
08-07-2019 15:00,0.442,,,,,,,,,,,
08-07-2019 16:00,0.498,,,,,,,,,,,
08-07-2019 17:00,0.562,,,,,,,,,,,
08-07-2019 18:00,0.62,,,,,,,,,,,
08-07-2019 19:00,0.675,,,,,,,,,,,
08-07-2019 20:00,0.724,,,,,,,,,,,
08-07-2019 21:00,0.684,,,,,,,,,,,
08-07-2019 22:00,0.6,,,,,,,,,,,
08-07-2019 23:00,0.557,,,,,,,,,,,
09-07-2019 00:00,0.523,,,,,,,,,,,
09-07-2019 01:00,0.466,,,,,,,,,,,
09-07-2019 02:00,0.566,,,,,,,,,,,
09-07-2019 03:00,0.589,,,,,,,,,,,
09-07-2019 04:00,0.599,,,,,,,,,,,
09-07-2019 05:00,0.615,,,,,,,,,,,
09-07-2019 06:00,0.621,,,,,,,,,,,
09-07-2019 07:00,0.599,,,,,,,,,,,
09-07-2019 08:00,0.565,,,,,,,,,,,
09-07-2019 09:00,0.526,,,,,,,,,,,
09-07-2019 10:00,0.488,,,,,,,,,,,
09-07-2019 11:00,0.418,,,,,,,,,,,
09-07-2019 12:00,0.302,,,,,,,,,,,
09-07-2019 13:00,0.294,,,,,,,,,,,
09-07-2019 14:00,0.336,,,,,,,,,,,
09-07-2019 15:00,0.405,,,,,,,,,,,
09-07-2019 16:00,0.449,,,,,,,,,,,
09-07-2019 17:00,0.454,,,,,,,,,,,
09-07-2019 18:00,0.466,,,,,,,,,,,
09-07-2019 19:00,0.471,,,,,,,,,,,
09-07-2019 20:00,0.454,,,,,,,,,,,
09-07-2019 21:00,0.388,,,,,,,,,,,
09-07-2019 22:00,0.322,,,,,,,,,,,
09-07-2019 23:00,0.311,,,,,,,,,,,
10-07-2019 00:00,0.379,,,,,,,,,,,
10-07-2019 01:00,0.497,,,,,,,,,,,
10-07-2019 02:00,0.63,,,,,,,,,,,
10-07-2019 03:00,0.682,,,,,,,,,,,
10-07-2019 04:00,0.69,,,,,,,,,,,
10-07-2019 05:00,0.688,,,,,,,,,,,
10-07-2019 06:00,0.695,,,,,,,,,,,
10-07-2019 07:00,0.697,,,,,,,,,,,
10-07-2019 08:00,0.686,,,,,,,,,,,
10-07-2019 09:00,0.646,,,,,,,,,,,
10-07-2019 10:00,0.564,,,,,,,,,,,
10-07-2019 11:00,0.442,,,,,,,,,,,
10-07-2019 12:00,0.289,,,,,,,,,,,
10-07-2019 13:00,0.259,,,,,,,,,,,
10-07-2019 14:00,0.272,,,,,,,,,,,
10-07-2019 15:00,0.341,,,,,,,,,,,
10-07-2019 16:00,0.42,,,,,,,,,,,
10-07-2019 17:00,0.491,,,,,,,,,,,
10-07-2019 18:00,0.523,,,,,,,,,,,
10-07-2019 19:00,0.501,,,,,,,,,,,
10-07-2019 20:00,0.454,,,,,,,,,,,
10-07-2019 21:00,0.379,,,,,,,,,,,
10-07-2019 22:00,0.355,,,,,,,,,,,
10-07-2019 23:00,0.317,,,,,,,,,,,
11-07-2019 00:00,0.376,,,,,,,,,,,
11-07-2019 01:00,0.457,,,,,,,,,,,
11-07-2019 02:00,0.53,,,,,,,,,,,
11-07-2019 03:00,0.488,,,,,,,,,,,
11-07-2019 04:00,0.419,,,,,,,,,,,
11-07-2019 05:00,0.367,,,,,,,,,,,
11-07-2019 06:00,0.351,,,,,,,,,,,
11-07-2019 07:00,0.355,,,,,,,,,,,
11-07-2019 08:00,0.364,,,,,,,,,,,
11-07-2019 09:00,0.355,,,,,,,,,,,
11-07-2019 10:00,0.32,,,,,,,,,,,
11-07-2019 11:00,0.252,,,,,,,,,,,
11-07-2019 12:00,0.196,,,,,,,,,,,
11-07-2019 13:00,0.22,,,,,,,,,,,
11-07-2019 14:00,0.271,,,,,,,,,,,
11-07-2019 15:00,0.343,,,,,,,,,,,
11-07-2019 16:00,0.428,,,,,,,,,,,
11-07-2019 17:00,0.476,,,,,,,,,,,
11-07-2019 18:00,0.52,,,,,,,,,,,
11-07-2019 19:00,0.574,,,,,,,,,,,
11-07-2019 20:00,0.58,,,,,,,,,,,
11-07-2019 21:00,0.535,,,,,,,,,,,
11-07-2019 22:00,0.519,,,,,,,,,,,
11-07-2019 23:00,0.513,,,,,,,,,,,
12-07-2019 00:00,0.442,,,,,,,,,,,
12-07-2019 01:00,0.53,,,,,,,,,,,
12-07-2019 02:00,0.578,,,,,,,,,,,
12-07-2019 03:00,0.538,,,,,,,,,,,
12-07-2019 04:00,0.481,,,,,,,,,,,
12-07-2019 05:00,0.447,,,,,,,,,,,
12-07-2019 06:00,0.423,,,,,,,,,,,
12-07-2019 07:00,0.396,,,,,,,,,,,
12-07-2019 08:00,0.379,,,,,,,,,,,
12-07-2019 09:00,0.369,,,,,,,,,,,
12-07-2019 10:00,0.348,,,,,,,,,,,
12-07-2019 11:00,0.294,,,,,,,,,,,
12-07-2019 12:00,0.194,,,,,,,,,,,
12-07-2019 13:00,0.163,,,,,,,,,,,
12-07-2019 14:00,0.192,,,,,,,,,,,
12-07-2019 15:00,0.264,,,,,,,,,,,
12-07-2019 16:00,0.355,,,,,,,,,,,
12-07-2019 17:00,0.42,,,,,,,,,,,
12-07-2019 18:00,0.444,,,,,,,,,,,
12-07-2019 19:00,0.446,,,,,,,,,,,
12-07-2019 20:00,0.44,,,,,,,,,,,
12-07-2019 21:00,0.407,,,,,,,,,,,
12-07-2019 22:00,0.37,,,,,,,,,,,
12-07-2019 23:00,0.345,,,,,,,,,,,
13-07-2019 00:00,0.39,,,,,,,,,,,
13-07-2019 01:00,0.591,,,,,,,,,,,
13-07-2019 02:00,0.69,,,,,,,,,,,
13-07-2019 03:00,0.693,,,,,,,,,,,
13-07-2019 04:00,0.656,,,,,,,,,,,
13-07-2019 05:00,0.604,,,,,,,,,,,
13-07-2019 06:00,0.556,,,,,,,,,,,
13-07-2019 07:00,0.516,,,,,,,,,,,
13-07-2019 08:00,0.498,,,,,,,,,,,
13-07-2019 09:00,0.508,,,,,,,,,,,
13-07-2019 10:00,0.533,,,,,,,,,,,
13-07-2019 11:00,0.538,,,,,,,,,,,
13-07-2019 12:00,0.453,,,,,,,,,,,
13-07-2019 13:00,0.413,,,,,,,,,,,
13-07-2019 14:00,0.429,,,,,,,,,,,
13-07-2019 15:00,0.425,,,,,,,,,,,
13-07-2019 16:00,0.447,,,,,,,,,,,
13-07-2019 17:00,0.437,,,,,,,,,,,
13-07-2019 18:00,0.42,,,,,,,,,,,
13-07-2019 19:00,0.416,,,,,,,,,,,
13-07-2019 20:00,0.43,,,,,,,,,,,
13-07-2019 21:00,0.464,,,,,,,,,,,
13-07-2019 22:00,0.626,,,,,,,,,,,
13-07-2019 23:00,0.674,,,,,,,,,,,
14-07-2019 00:00,0.666,,,,,,,,,,,
14-07-2019 01:00,0.776,,,,,,,,,,,
14-07-2019 02:00,0.866,,,,,,,,,,,
14-07-2019 03:00,0.88,,,,,,,,,,,
14-07-2019 04:00,0.871,,,,,,,,,,,
14-07-2019 05:00,0.865,,,,,,,,,,,
14-07-2019 06:00,0.859,,,,,,,,,,,
14-07-2019 07:00,0.84,,,,,,,,,,,
14-07-2019 08:00,0.807,,,,,,,,,,,
14-07-2019 09:00,0.769,,,,,,,,,,,
14-07-2019 10:00,0.712,,,,,,,,,,,
14-07-2019 11:00,0.621,,,,,,,,,,,
14-07-2019 12:00,0.457,,,,,,,,,,,
14-07-2019 13:00,0.291,,,,,,,,,,,
14-07-2019 14:00,0.214,,,,,,,,,,,
14-07-2019 15:00,0.205,,,,,,,,,,,
14-07-2019 16:00,0.261,,,,,,,,,,,
14-07-2019 17:00,0.342,,,,,,,,,,,
14-07-2019 18:00,0.369,,,,,,,,,,,
14-07-2019 19:00,0.432,,,,,,,,,,,
14-07-2019 20:00,0.401,,,,,,,,,,,
14-07-2019 21:00,0.384,,,,,,,,,,,
14-07-2019 22:00,0.398,,,,,,,,,,,
14-07-2019 23:00,0.437,,,,,,,,,,,
15-07-2019 00:00,0.529,,,,,,,,,,,
15-07-2019 01:00,0.674,,,,,,,,,,,
15-07-2019 02:00,0.75,,,,,,,,,,,
15-07-2019 03:00,0.737,,,,,,,,,,,
15-07-2019 04:00,0.705,,,,,,,,,,,
15-07-2019 05:00,0.692,,,,,,,,,,,
15-07-2019 06:00,0.686,,,,,,,,,,,
15-07-2019 07:00,0.683,,,,,,,,,,,
15-07-2019 08:00,0.674,,,,,,,,,,,
15-07-2019 09:00,0.633,,,,,,,,,,,
15-07-2019 10:00,0.566,,,,,,,,,,,
15-07-2019 11:00,0.46,,,,,,,,,,,
15-07-2019 12:00,0.3,,,,,,,,,,,
15-07-2019 13:00,0.246,,,,,,,,,,,
15-07-2019 14:00,0.311,,,,,,,,,,,
15-07-2019 15:00,0.405,,,,,,,,,,,
15-07-2019 16:00,0.484,,,,,,,,,,,
15-07-2019 17:00,0.539,,,,,,,,,,,
15-07-2019 18:00,0.556,,,,,,,,,,,
15-07-2019 19:00,0.566,,,,,,,,,,,
15-07-2019 20:00,0.618,,,,,,,,,,,
15-07-2019 21:00,0.608,,,,,,,,,,,
15-07-2019 22:00,0.523,,,,,,,,,,,
15-07-2019 23:00,0.445,,,,,,,,,,,
16-07-2019 00:00,0.367,,,,,,,,,,,
16-07-2019 01:00,0.523,,,,,,,,,,,
16-07-2019 02:00,0.575,,,,,,,,,,,
16-07-2019 03:00,0.47,,,,,,,,,,,
16-07-2019 04:00,0.379,,,,,,,,,,,
16-07-2019 05:00,0.346,,,,,,,,,,,
16-07-2019 06:00,0.358,,,,,,,,,,,
16-07-2019 07:00,0.372,,,,,,,,,,,
16-07-2019 08:00,0.377,,,,,,,,,,,
16-07-2019 09:00,0.4,,,,,,,,,,,
16-07-2019 10:00,0.395,,,,,,,,,,,
16-07-2019 11:00,0.341,,,,,,,,,,,
16-07-2019 12:00,0.231,,,,,,,,,,,
16-07-2019 13:00,0.153,,,,,,,,,,,
16-07-2019 14:00,0.156,,,,,,,,,,,
16-07-2019 15:00,0.195,,,,,,,,,,,
16-07-2019 16:00,0.248,,,,,,,,,,,
16-07-2019 17:00,0.297,,,,,,,,,,,
16-07-2019 18:00,0.325,,,,,,,,,,,
16-07-2019 19:00,0.341,,,,,,,,,,,
16-07-2019 20:00,0.331,,,,,,,,,,,
16-07-2019 21:00,0.332,,,,,,,,,,,
16-07-2019 22:00,0.322,,,,,,,,,,,
16-07-2019 23:00,0.323,,,,,,,,,,,
17-07-2019 00:00,0.338,,,,,,,,,,,
17-07-2019 01:00,0.464,,,,,,,,,,,
17-07-2019 02:00,0.489,,,,,,,,,,,
17-07-2019 03:00,0.402,,,,,,,,,,,
17-07-2019 04:00,0.273,,,,,,,,,,,
17-07-2019 05:00,0.177,,,,,,,,,,,
17-07-2019 06:00,0.12,,,,,,,,,,,
17-07-2019 07:00,0.094,,,,,,,,,,,
17-07-2019 08:00,0.082,,,,,,,,,,,
17-07-2019 09:00,0.082,,,,,,,,,,,
17-07-2019 10:00,0.089,,,,,,,,,,,
17-07-2019 11:00,0.089,,,,,,,,,,,
17-07-2019 12:00,0.087,,,,,,,,,,,
17-07-2019 13:00,0.082,,,,,,,,,,,
17-07-2019 14:00,0.077,,,,,,,,,,,
17-07-2019 15:00,0.083,,,,,,,,,,,
17-07-2019 16:00,0.094,,,,,,,,,,,
17-07-2019 17:00,0.116,,,,,,,,,,,
17-07-2019 18:00,0.155,,,,,,,,,,,
17-07-2019 19:00,0.197,,,,,,,,,,,
17-07-2019 20:00,0.243,,,,,,,,,,,
17-07-2019 21:00,0.233,,,,,,,,,,,
17-07-2019 22:00,0.183,,,,,,,,,,,
17-07-2019 23:00,0.146,,,,,,,,,,,
18-07-2019 00:00,0.097,,,,,,,,,,,
18-07-2019 01:00,0.058,,,,,,,,,,,
18-07-2019 02:00,0.096,,,,,,,,,,,
18-07-2019 03:00,0.122,,,,,,,,,,,
18-07-2019 04:00,0.111,,,,,,,,,,,
18-07-2019 05:00,0.084,,,,,,,,,,,
18-07-2019 06:00,0.06,,,,,,,,,,,
18-07-2019 07:00,0.039,,,,,,,,,,,
18-07-2019 08:00,0.025,,,,,,,,,,,
18-07-2019 09:00,0.015,,,,,,,,,,,
18-07-2019 10:00,0.009,,,,,,,,,,,
18-07-2019 11:00,0.005,,,,,,,,,,,
18-07-2019 12:00,0.003,,,,,,,,,,,
18-07-2019 13:00,0.005,,,,,,,,,,,
18-07-2019 14:00,0.014,,,,,,,,,,,
18-07-2019 15:00,0.031,,,,,,,,,,,
18-07-2019 16:00,0.052,,,,,,,,,,,
18-07-2019 17:00,0.071,,,,,,,,,,,
18-07-2019 18:00,0.082,,,,,,,,,,,
18-07-2019 19:00,0.082,,,,,,,,,,,
18-07-2019 20:00,0.071,,,,,,,,,,,
18-07-2019 21:00,0.051,,,,,,,,,,,
18-07-2019 22:00,0.03,,,,,,,,,,,
18-07-2019 23:00,0.015,,,,,,,,,,,
19-07-2019 00:00,0.007,,,,,,,,,,,
19-07-2019 01:00,0.001,,,,,,,,,,,
19-07-2019 02:00,0,,,,,,,,,,,
19-07-2019 03:00,0.004,,,,,,,,,,,
19-07-2019 04:00,0.006,,,,,,,,,,,
19-07-2019 05:00,0.007,,,,,,,,,,,
19-07-2019 06:00,0.007,,,,,,,,,,,
19-07-2019 07:00,0.008,,,,,,,,,,,
19-07-2019 08:00,0.011,,,,,,,,,,,
19-07-2019 09:00,0.017,,,,,,,,,,,
19-07-2019 10:00,0.025,,,,,,,,,,,
19-07-2019 11:00,0.031,,,,,,,,,,,
19-07-2019 12:00,0.037,,,,,,,,,,,
19-07-2019 13:00,0.043,,,,,,,,,,,
19-07-2019 14:00,0.048,,,,,,,,,,,
19-07-2019 15:00,0.052,,,,,,,,,,,
19-07-2019 16:00,0.055,,,,,,,,,,,
19-07-2019 17:00,0.065,,,,,,,,,,,
19-07-2019 18:00,0.085,,,,,,,,,,,
19-07-2019 19:00,0.098,,,,,,,,,,,
19-07-2019 20:00,0.083,,,,,,,,,,,
19-07-2019 21:00,0.055,,,,,,,,,,,
19-07-2019 22:00,0.037,,,,,,,,,,,
19-07-2019 23:00,0.025,,,,,,,,,,,
20-07-2019 00:00,0.014,,,,,,,,,,,
20-07-2019 01:00,0.011,,,,,,,,,,,
20-07-2019 02:00,0.038,,,,,,,,,,,
20-07-2019 03:00,0.058,,,,,,,,,,,
20-07-2019 04:00,0.053,,,,,,,,,,,
20-07-2019 05:00,0.054,,,,,,,,,,,
20-07-2019 06:00,0.059,,,,,,,,,,,
20-07-2019 07:00,0.067,,,,,,,,,,,
20-07-2019 08:00,0.074,,,,,,,,,,,
20-07-2019 09:00,0.087,,,,,,,,,,,
20-07-2019 10:00,0.096,,,,,,,,,,,
20-07-2019 11:00,0.098,,,,,,,,,,,
20-07-2019 12:00,0.086,,,,,,,,,,,
20-07-2019 13:00,0.068,,,,,,,,,,,
20-07-2019 14:00,0.056,,,,,,,,,,,
20-07-2019 15:00,0.057,,,,,,,,,,,
20-07-2019 16:00,0.077,,,,,,,,,,,
20-07-2019 17:00,0.101,,,,,,,,,,,
20-07-2019 18:00,0.114,,,,,,,,,,,
20-07-2019 19:00,0.108,,,,,,,,,,,
20-07-2019 20:00,0.089,,,,,,,,,,,
20-07-2019 21:00,0.064,,,,,,,,,,,
20-07-2019 22:00,0.045,,,,,,,,,,,
20-07-2019 23:00,0.034,,,,,,,,,,,
21-07-2019 00:00,0.022,,,,,,,,,,,
21-07-2019 01:00,0.017,,,,,,,,,,,
21-07-2019 02:00,0.029,,,,,,,,,,,
21-07-2019 03:00,0.036,,,,,,,,,,,
21-07-2019 04:00,0.046,,,,,,,,,,,
21-07-2019 05:00,0.06,,,,,,,,,,,
21-07-2019 06:00,0.068,,,,,,,,,,,
21-07-2019 07:00,0.059,,,,,,,,,,,
21-07-2019 08:00,0.049,,,,,,,,,,,
21-07-2019 09:00,0.04,,,,,,,,,,,
21-07-2019 10:00,0.04,,,,,,,,,,,
21-07-2019 11:00,0.053,,,,,,,,,,,
21-07-2019 12:00,0.087,,,,,,,,,,,
21-07-2019 13:00,0.155,,,,,,,,,,,
21-07-2019 14:00,0.267,,,,,,,,,,,
21-07-2019 15:00,0.354,,,,,,,,,,,
21-07-2019 16:00,0.386,,,,,,,,,,,
21-07-2019 17:00,0.364,,,,,,,,,,,
21-07-2019 18:00,0.317,,,,,,,,,,,
21-07-2019 19:00,0.274,,,,,,,,,,,
21-07-2019 20:00,0.25,,,,,,,,,,,
21-07-2019 21:00,0.219,,,,,,,,,,,
21-07-2019 22:00,0.182,,,,,,,,,,,
21-07-2019 23:00,0.161,,,,,,,,,,,
22-07-2019 00:00,0.144,,,,,,,,,,,
22-07-2019 01:00,0.165,,,,,,,,,,,
22-07-2019 02:00,0.213,,,,,,,,,,,
22-07-2019 03:00,0.17,,,,,,,,,,,
22-07-2019 04:00,0.138,,,,,,,,,,,
22-07-2019 05:00,0.118,,,,,,,,,,,
22-07-2019 06:00,0.1,,,,,,,,,,,
22-07-2019 07:00,0.083,,,,,,,,,,,
22-07-2019 08:00,0.07,,,,,,,,,,,
22-07-2019 09:00,0.064,,,,,,,,,,,
22-07-2019 10:00,0.062,,,,,,,,,,,
22-07-2019 11:00,0.073,,,,,,,,,,,
22-07-2019 12:00,0.11,,,,,,,,,,,
22-07-2019 13:00,0.188,,,,,,,,,,,
22-07-2019 14:00,0.294,,,,,,,,,,,
22-07-2019 15:00,0.368,,,,,,,,,,,
22-07-2019 16:00,0.401,,,,,,,,,,,
22-07-2019 17:00,0.407,,,,,,,,,,,
22-07-2019 18:00,0.386,,,,,,,,,,,
22-07-2019 19:00,0.358,,,,,,,,,,,
22-07-2019 20:00,0.332,,,,,,,,,,,
22-07-2019 21:00,0.291,,,,,,,,,,,
22-07-2019 22:00,0.257,,,,,,,,,,,
22-07-2019 23:00,0.245,,,,,,,,,,,
23-07-2019 00:00,0.207,,,,,,,,,,,
23-07-2019 01:00,0.214,,,,,,,,,,,
23-07-2019 02:00,0.233,,,,,,,,,,,
23-07-2019 03:00,0.16,,,,,,,,,,,
23-07-2019 04:00,0.119,,,,,,,,,,,
23-07-2019 05:00,0.094,,,,,,,,,,,
23-07-2019 06:00,0.071,,,,,,,,,,,
23-07-2019 07:00,0.047,,,,,,,,,,,
23-07-2019 08:00,0.029,,,,,,,,,,,
23-07-2019 09:00,0.014,,,,,,,,,,,
23-07-2019 10:00,0.009,,,,,,,,,,,
23-07-2019 11:00,0.012,,,,,,,,,,,
23-07-2019 12:00,0.025,,,,,,,,,,,
23-07-2019 13:00,0.045,,,,,,,,,,,
23-07-2019 14:00,0.058,,,,,,,,,,,
23-07-2019 15:00,0.064,,,,,,,,,,,
23-07-2019 16:00,0.072,,,,,,,,,,,
23-07-2019 17:00,0.09,,,,,,,,,,,
23-07-2019 18:00,0.113,,,,,,,,,,,
23-07-2019 19:00,0.144,,,,,,,,,,,
23-07-2019 20:00,0.158,,,,,,,,,,,
23-07-2019 21:00,0.143,,,,,,,,,,,
23-07-2019 22:00,0.149,,,,,,,,,,,
23-07-2019 23:00,0.192,,,,,,,,,,,
24-07-2019 00:00,0.194,,,,,,,,,,,
24-07-2019 01:00,0.132,,,,,,,,,,,
24-07-2019 02:00,0.167,,,,,,,,,,,
24-07-2019 03:00,0.187,,,,,,,,,,,
24-07-2019 04:00,0.152,,,,,,,,,,,
24-07-2019 05:00,0.108,,,,,,,,,,,
24-07-2019 06:00,0.074,,,,,,,,,,,
24-07-2019 07:00,0.051,,,,,,,,,,,
24-07-2019 08:00,0.035,,,,,,,,,,,
24-07-2019 09:00,0.025,,,,,,,,,,,
24-07-2019 10:00,0.025,,,,,,,,,,,
24-07-2019 11:00,0.042,,,,,,,,,,,
24-07-2019 12:00,0.055,,,,,,,,,,,
24-07-2019 13:00,0.059,,,,,,,,,,,
24-07-2019 14:00,0.076,,,,,,,,,,,
24-07-2019 15:00,0.127,,,,,,,,,,,
24-07-2019 16:00,0.217,,,,,,,,,,,
24-07-2019 17:00,0.294,,,,,,,,,,,
24-07-2019 18:00,0.328,,,,,,,,,,,
24-07-2019 19:00,0.291,,,,,,,,,,,
24-07-2019 20:00,0.252,,,,,,,,,,,
24-07-2019 21:00,0.207,,,,,,,,,,,
24-07-2019 22:00,0.177,,,,,,,,,,,
24-07-2019 23:00,0.196,,,,,,,,,,,
25-07-2019 00:00,0.206,,,,,,,,,,,
25-07-2019 01:00,0.286,,,,,,,,,,,
25-07-2019 02:00,0.376,,,,,,,,,,,
25-07-2019 03:00,0.37,,,,,,,,,,,
25-07-2019 04:00,0.313,,,,,,,,,,,
25-07-2019 05:00,0.243,,,,,,,,,,,
25-07-2019 06:00,0.164,,,,,,,,,,,
25-07-2019 07:00,0.085,,,,,,,,,,,
25-07-2019 08:00,0.03,,,,,,,,,,,
25-07-2019 09:00,0.006,,,,,,,,,,,
25-07-2019 10:00,0.023,,,,,,,,,,,
25-07-2019 11:00,0.046,,,,,,,,,,,
25-07-2019 12:00,0.104,,,,,,,,,,,
25-07-2019 13:00,0.123,,,,,,,,,,,
25-07-2019 14:00,0.105,,,,,,,,,,,
25-07-2019 15:00,0.088,,,,,,,,,,,
25-07-2019 16:00,0.1,,,,,,,,,,,
25-07-2019 17:00,0.156,,,,,,,,,,,
25-07-2019 18:00,0.238,,,,,,,,,,,
25-07-2019 19:00,0.367,,,,,,,,,,,
25-07-2019 20:00,0.453,,,,,,,,,,,
25-07-2019 21:00,0.519,,,,,,,,,,,
25-07-2019 22:00,0.532,,,,,,,,,,,
25-07-2019 23:00,0.563,,,,,,,,,,,
26-07-2019 00:00,0.629,,,,,,,,,,,
26-07-2019 01:00,0.695,,,,,,,,,,,
26-07-2019 02:00,0.786,,,,,,,,,,,
26-07-2019 03:00,0.838,,,,,,,,,,,
26-07-2019 04:00,0.84,,,,,,,,,,,
26-07-2019 05:00,0.82,,,,,,,,,,,
26-07-2019 06:00,0.785,,,,,,,,,,,
26-07-2019 07:00,0.74,,,,,,,,,,,
26-07-2019 08:00,0.697,,,,,,,,,,,
26-07-2019 09:00,0.641,,,,,,,,,,,
26-07-2019 10:00,0.563,,,,,,,,,,,
26-07-2019 11:00,0.398,,,,,,,,,,,
26-07-2019 12:00,0.231,,,,,,,,,,,
26-07-2019 13:00,0.233,,,,,,,,,,,
26-07-2019 14:00,0.286,,,,,,,,,,,
26-07-2019 15:00,0.304,,,,,,,,,,,
26-07-2019 16:00,0.363,,,,,,,,,,,
26-07-2019 17:00,0.418,,,,,,,,,,,
26-07-2019 18:00,0.521,,,,,,,,,,,
26-07-2019 19:00,0.599,,,,,,,,,,,
26-07-2019 20:00,0.653,,,,,,,,,,,
26-07-2019 21:00,0.728,,,,,,,,,,,
26-07-2019 22:00,0.705,,,,,,,,,,,
26-07-2019 23:00,0.67,,,,,,,,,,,
27-07-2019 00:00,0.611,,,,,,,,,,,
27-07-2019 01:00,0.603,,,,,,,,,,,
27-07-2019 02:00,0.715,,,,,,,,,,,
27-07-2019 03:00,0.821,,,,,,,,,,,
27-07-2019 04:00,0.856,,,,,,,,,,,
27-07-2019 05:00,0.862,,,,,,,,,,,
27-07-2019 06:00,0.829,,,,,,,,,,,
27-07-2019 07:00,0.811,,,,,,,,,,,
27-07-2019 08:00,0.763,,,,,,,,,,,
27-07-2019 09:00,0.682,,,,,,,,,,,
27-07-2019 10:00,0.552,,,,,,,,,,,
27-07-2019 11:00,0.416,,,,,,,,,,,
27-07-2019 12:00,0.362,,,,,,,,,,,
27-07-2019 13:00,0.43,,,,,,,,,,,
27-07-2019 14:00,0.447,,,,,,,,,,,
27-07-2019 15:00,0.42,,,,,,,,,,,
27-07-2019 16:00,0.34,,,,,,,,,,,
27-07-2019 17:00,0.278,,,,,,,,,,,
27-07-2019 18:00,0.263,,,,,,,,,,,
27-07-2019 19:00,0.29,,,,,,,,,,,
27-07-2019 20:00,0.276,,,,,,,,,,,
27-07-2019 21:00,0.252,,,,,,,,,,,
27-07-2019 22:00,0.256,,,,,,,,,,,
27-07-2019 23:00,0.217,,,,,,,,,,,
28-07-2019 00:00,0.21,,,,,,,,,,,
28-07-2019 01:00,0.241,,,,,,,,,,,
28-07-2019 02:00,0.491,,,,,,,,,,,
28-07-2019 03:00,0.733,,,,,,,,,,,
28-07-2019 04:00,0.82,,,,,,,,,,,
28-07-2019 05:00,0.862,,,,,,,,,,,
28-07-2019 06:00,0.874,,,,,,,,,,,
28-07-2019 07:00,0.859,,,,,,,,,,,
28-07-2019 08:00,0.82,,,,,,,,,,,
28-07-2019 09:00,0.755,,,,,,,,,,,
28-07-2019 10:00,0.667,,,,,,,,,,,
28-07-2019 11:00,0.488,,,,,,,,,,,
28-07-2019 12:00,0.289,,,,,,,,,,,
28-07-2019 13:00,0.271,,,,,,,,,,,
28-07-2019 14:00,0.298,,,,,,,,,,,
28-07-2019 15:00,0.294,,,,,,,,,,,
28-07-2019 16:00,0.297,,,,,,,,,,,
28-07-2019 17:00,0.283,,,,,,,,,,,
28-07-2019 18:00,0.261,,,,,,,,,,,
28-07-2019 19:00,0.261,,,,,,,,,,,
28-07-2019 20:00,0.262,,,,,,,,,,,
28-07-2019 21:00,0.243,,,,,,,,,,,
28-07-2019 22:00,0.22,,,,,,,,,,,
28-07-2019 23:00,0.188,,,,,,,,,,,
29-07-2019 00:00,0.142,,,,,,,,,,,
29-07-2019 01:00,0.101,,,,,,,,,,,
29-07-2019 02:00,0.143,,,,,,,,,,,
29-07-2019 03:00,0.121,,,,,,,,,,,
29-07-2019 04:00,0.077,,,,,,,,,,,
29-07-2019 05:00,0.051,,,,,,,,,,,
29-07-2019 06:00,0.05,,,,,,,,,,,
29-07-2019 07:00,0.062,,,,,,,,,,,
29-07-2019 08:00,0.087,,,,,,,,,,,
29-07-2019 09:00,0.135,,,,,,,,,,,
29-07-2019 10:00,0.186,,,,,,,,,,,
29-07-2019 11:00,0.223,,,,,,,,,,,
29-07-2019 12:00,0.238,,,,,,,,,,,
29-07-2019 13:00,0.311,,,,,,,,,,,
29-07-2019 14:00,0.408,,,,,,,,,,,
29-07-2019 15:00,0.423,,,,,,,,,,,
29-07-2019 16:00,0.379,,,,,,,,,,,
29-07-2019 17:00,0.29,,,,,,,,,,,
29-07-2019 18:00,0.252,,,,,,,,,,,
29-07-2019 19:00,0.244,,,,,,,,,,,
29-07-2019 20:00,0.233,,,,,,,,,,,
29-07-2019 21:00,0.22,,,,,,,,,,,
29-07-2019 22:00,0.212,,,,,,,,,,,
29-07-2019 23:00,0.201,,,,,,,,,,,
30-07-2019 00:00,0.167,,,,,,,,,,,
30-07-2019 01:00,0.11,,,,,,,,,,,
30-07-2019 02:00,0.096,,,,,,,,,,,
30-07-2019 03:00,0.092,,,,,,,,,,,
30-07-2019 04:00,0.085,,,,,,,,,,,
30-07-2019 05:00,0.071,,,,,,,,,,,
30-07-2019 06:00,0.061,,,,,,,,,,,
30-07-2019 07:00,0.069,,,,,,,,,,,
30-07-2019 08:00,0.117,,,,,,,,,,,
30-07-2019 09:00,0.201,,,,,,,,,,,
30-07-2019 10:00,0.274,,,,,,,,,,,
30-07-2019 11:00,0.287,,,,,,,,,,,
30-07-2019 12:00,0.297,,,,,,,,,,,
30-07-2019 13:00,0.417,,,,,,,,,,,
30-07-2019 14:00,0.514,,,,,,,,,,,
30-07-2019 15:00,0.621,,,,,,,,,,,
30-07-2019 16:00,0.666,,,,,,,,,,,
30-07-2019 17:00,0.704,,,,,,,,,,,
30-07-2019 18:00,0.72,,,,,,,,,,,
30-07-2019 19:00,0.766,,,,,,,,,,,
30-07-2019 20:00,0.782,,,,,,,,,,,
30-07-2019 21:00,0.76,,,,,,,,,,,
30-07-2019 22:00,0.716,,,,,,,,,,,
30-07-2019 23:00,0.663,,,,,,,,,,,
31-07-2019 00:00,0.62,,,,,,,,,,,
31-07-2019 01:00,0.601,,,,,,,,,,,
31-07-2019 02:00,0.753,,,,,,,,,,,
31-07-2019 03:00,0.812,,,,,,,,,,,
31-07-2019 04:00,0.807,,,,,,,,,,,
31-07-2019 05:00,0.766,,,,,,,,,,,
31-07-2019 06:00,0.714,,,,,,,,,,,
31-07-2019 07:00,0.695,,,,,,,,,,,
31-07-2019 08:00,0.7,,,,,,,,,,,
31-07-2019 09:00,0.715,,,,,,,,,,,
31-07-2019 10:00,0.722,,,,,,,,,,,
31-07-2019 11:00,0.68,,,,,,,,,,,
31-07-2019 12:00,0.586,,,,,,,,,,,
31-07-2019 13:00,0.597,,,,,,,,,,,
31-07-2019 14:00,0.647,,,,,,,,,,,
31-07-2019 15:00,0.698,,,,,,,,,,,
31-07-2019 16:00,0.724,,,,,,,,,,,
31-07-2019 17:00,0.752,,,,,,,,,,,
31-07-2019 18:00,0.788,,,,,,,,,,,
31-07-2019 19:00,0.792,,,,,,,,,,,
31-07-2019 20:00,0.785,,,,,,,,,,,
31-07-2019 21:00,0.767,,,,,,,,,,,
31-07-2019 22:00,0.749,,,,,,,,,,,
31-07-2019 23:00,0.667,,,,,,,,,,,
01-08-2019 00:00,0.712,,,,,,,,,,,
01-08-2019 01:00,0.703,,,,,,,,,,,
01-08-2019 02:00,0.757,,,,,,,,,,,
01-08-2019 03:00,0.844,,,,,,,,,,,
01-08-2019 04:00,0.856,,,,,,,,,,,
01-08-2019 05:00,0.84,,,,,,,,,,,
01-08-2019 06:00,0.819,,,,,,,,,,,
01-08-2019 07:00,0.814,,,,,,,,,,,
01-08-2019 08:00,0.814,,,,,,,,,,,
01-08-2019 09:00,0.808,,,,,,,,,,,
01-08-2019 10:00,0.779,,,,,,,,,,,
01-08-2019 11:00,0.702,,,,,,,,,,,
01-08-2019 12:00,0.558,,,,,,,,,,,
01-08-2019 13:00,0.513,,,,,,,,,,,
01-08-2019 14:00,0.501,,,,,,,,,,,
01-08-2019 15:00,0.63,,,,,,,,,,,
01-08-2019 16:00,0.687,,,,,,,,,,,
01-08-2019 17:00,0.733,,,,,,,,,,,
01-08-2019 18:00,0.718,,,,,,,,,,,
01-08-2019 19:00,0.757,,,,,,,,,,,
01-08-2019 20:00,0.666,,,,,,,,,,,
01-08-2019 21:00,0.655,,,,,,,,,,,
01-08-2019 22:00,0.59,,,,,,,,,,,
01-08-2019 23:00,0.481,,,,,,,,,,,
02-08-2019 00:00,0.407,,,,,,,,,,,
02-08-2019 01:00,0.352,,,,,,,,,,,
02-08-2019 02:00,0.571,,,,,,,,,,,
02-08-2019 03:00,0.702,,,,,,,,,,,
02-08-2019 04:00,0.714,,,,,,,,,,,
02-08-2019 05:00,0.71,,,,,,,,,,,
02-08-2019 06:00,0.713,,,,,,,,,,,
02-08-2019 07:00,0.718,,,,,,,,,,,
02-08-2019 08:00,0.712,,,,,,,,,,,
02-08-2019 09:00,0.671,,,,,,,,,,,
02-08-2019 10:00,0.566,,,,,,,,,,,
02-08-2019 11:00,0.378,,,,,,,,,,,
02-08-2019 12:00,0.225,,,,,,,,,,,
02-08-2019 13:00,0.216,,,,,,,,,,,
02-08-2019 14:00,0.241,,,,,,,,,,,
02-08-2019 15:00,0.302,,,,,,,,,,,
02-08-2019 16:00,0.367,,,,,,,,,,,
02-08-2019 17:00,0.414,,,,,,,,,,,
02-08-2019 18:00,0.479,,,,,,,,,,,
02-08-2019 19:00,0.539,,,,,,,,,,,
02-08-2019 20:00,0.705,,,,,,,,,,,
02-08-2019 21:00,0.682,,,,,,,,,,,
02-08-2019 22:00,0.664,,,,,,,,,,,
02-08-2019 23:00,0.692,,,,,,,,,,,
03-08-2019 00:00,0.69,,,,,,,,,,,
03-08-2019 01:00,0.693,,,,,,,,,,,
03-08-2019 02:00,0.748,,,,,,,,,,,
03-08-2019 03:00,0.807,,,,,,,,,,,
03-08-2019 04:00,0.842,,,,,,,,,,,
03-08-2019 05:00,0.854,,,,,,,,,,,
03-08-2019 06:00,0.85,,,,,,,,,,,
03-08-2019 07:00,0.837,,,,,,,,,,,
03-08-2019 08:00,0.815,,,,,,,,,,,
03-08-2019 09:00,0.777,,,,,,,,,,,
03-08-2019 10:00,0.71,,,,,,,,,,,
03-08-2019 11:00,0.615,,,,,,,,,,,
03-08-2019 12:00,0.506,,,,,,,,,,,
03-08-2019 13:00,0.482,,,,,,,,,,,
03-08-2019 14:00,0.467,,,,,,,,,,,
03-08-2019 15:00,0.467,,,,,,,,,,,
03-08-2019 16:00,0.565,,,,,,,,,,,
03-08-2019 17:00,0.555,,,,,,,,,,,
03-08-2019 18:00,0.529,,,,,,,,,,,
03-08-2019 19:00,0.507,,,,,,,,,,,
03-08-2019 20:00,0.478,,,,,,,,,,,
03-08-2019 21:00,0.474,,,,,,,,,,,
03-08-2019 22:00,0.459,,,,,,,,,,,
03-08-2019 23:00,0.374,,,,,,,,,,,
04-08-2019 00:00,0.31,,,,,,,,,,,
04-08-2019 01:00,0.318,,,,,,,,,,,
04-08-2019 02:00,0.361,,,,,,,,,,,
04-08-2019 03:00,0.355,,,,,,,,,,,
04-08-2019 04:00,0.31,,,,,,,,,,,
04-08-2019 05:00,0.242,,,,,,,,,,,
04-08-2019 06:00,0.163,,,,,,,,,,,
04-08-2019 07:00,0.112,,,,,,,,,,,
04-08-2019 08:00,0.085,,,,,,,,,,,
04-08-2019 09:00,0.069,,,,,,,,,,,
04-08-2019 10:00,0.054,,,,,,,,,,,
04-08-2019 11:00,0.041,,,,,,,,,,,
04-08-2019 12:00,0.032,,,,,,,,,,,
04-08-2019 13:00,0.024,,,,,,,,,,,
04-08-2019 14:00,0.019,,,,,,,,,,,
04-08-2019 15:00,0.034,,,,,,,,,,,
04-08-2019 16:00,0.075,,,,,,,,,,,
04-08-2019 17:00,0.119,,,,,,,,,,,
04-08-2019 18:00,0.143,,,,,,,,,,,
04-08-2019 19:00,0.147,,,,,,,,,,,
04-08-2019 20:00,0.138,,,,,,,,,,,
04-08-2019 21:00,0.125,,,,,,,,,,,
04-08-2019 22:00,0.136,,,,,,,,,,,
04-08-2019 23:00,0.19,,,,,,,,,,,
05-08-2019 00:00,0.259,,,,,,,,,,,
05-08-2019 01:00,0.323,,,,,,,,,,,
05-08-2019 02:00,0.461,,,,,,,,,,,
05-08-2019 03:00,0.505,,,,,,,,,,,
05-08-2019 04:00,0.476,,,,,,,,,,,
05-08-2019 05:00,0.4,,,,,,,,,,,
05-08-2019 06:00,0.367,,,,,,,,,,,
05-08-2019 07:00,0.418,,,,,,,,,,,
05-08-2019 08:00,0.481,,,,,,,,,,,
05-08-2019 09:00,0.447,,,,,,,,,,,
05-08-2019 10:00,0.393,,,,,,,,,,,
05-08-2019 11:00,0.296,,,,,,,,,,,
05-08-2019 12:00,0.179,,,,,,,,,,,
05-08-2019 13:00,0.156,,,,,,,,,,,
05-08-2019 14:00,0.192,,,,,,,,,,,
05-08-2019 15:00,0.22,,,,,,,,,,,
05-08-2019 16:00,0.21,,,,,,,,,,,
05-08-2019 17:00,0.214,,,,,,,,,,,
05-08-2019 18:00,0.253,,,,,,,,,,,
05-08-2019 19:00,0.431,,,,,,,,,,,
05-08-2019 20:00,0.522,,,,,,,,,,,
05-08-2019 21:00,0.477,,,,,,,,,,,
05-08-2019 22:00,0.395,,,,,,,,,,,
05-08-2019 23:00,0.338,,,,,,,,,,,
06-08-2019 00:00,0.27,,,,,,,,,,,
06-08-2019 01:00,0.247,,,,,,,,,,,
06-08-2019 02:00,0.324,,,,,,,,,,,
06-08-2019 03:00,0.441,,,,,,,,,,,
06-08-2019 04:00,0.54,,,,,,,,,,,
06-08-2019 05:00,0.595,,,,,,,,,,,
06-08-2019 06:00,0.62,,,,,,,,,,,
06-08-2019 07:00,0.592,,,,,,,,,,,
06-08-2019 08:00,0.519,,,,,,,,,,,
06-08-2019 09:00,0.447,,,,,,,,,,,
06-08-2019 10:00,0.38,,,,,,,,,,,
06-08-2019 11:00,0.315,,,,,,,,,,,
06-08-2019 12:00,0.294,,,,,,,,,,,
06-08-2019 13:00,0.355,,,,,,,,,,,
06-08-2019 14:00,0.398,,,,,,,,,,,
06-08-2019 15:00,0.383,,,,,,,,,,,
06-08-2019 16:00,0.342,,,,,,,,,,,
06-08-2019 17:00,0.345,,,,,,,,,,,
06-08-2019 18:00,0.367,,,,,,,,,,,
06-08-2019 19:00,0.438,,,,,,,,,,,
06-08-2019 20:00,0.479,,,,,,,,,,,
06-08-2019 21:00,0.532,,,,,,,,,,,
06-08-2019 22:00,0.554,,,,,,,,,,,
06-08-2019 23:00,0.491,,,,,,,,,,,
07-08-2019 00:00,0.416,,,,,,,,,,,
07-08-2019 01:00,0.495,,,,,,,,,,,
07-08-2019 02:00,0.727,,,,,,,,,,,
07-08-2019 03:00,0.812,,,,,,,,,,,
07-08-2019 04:00,0.834,,,,,,,,,,,
07-08-2019 05:00,0.849,,,,,,,,,,,
07-08-2019 06:00,0.863,,,,,,,,,,,
07-08-2019 07:00,0.884,,,,,,,,,,,
07-08-2019 08:00,0.896,,,,,,,,,,,
07-08-2019 09:00,0.888,,,,,,,,,,,
07-08-2019 10:00,0.872,,,,,,,,,,,
07-08-2019 11:00,0.828,,,,,,,,,,,
07-08-2019 12:00,0.764,,,,,,,,,,,
07-08-2019 13:00,0.684,,,,,,,,,,,
07-08-2019 14:00,0.656,,,,,,,,,,,
07-08-2019 15:00,0.607,,,,,,,,,,,
07-08-2019 16:00,0.54,,,,,,,,,,,
07-08-2019 17:00,0.522,,,,,,,,,,,
07-08-2019 18:00,0.515,,,,,,,,,,,
07-08-2019 19:00,0.444,,,,,,,,,,,
07-08-2019 20:00,0.39,,,,,,,,,,,
07-08-2019 21:00,0.408,,,,,,,,,,,
07-08-2019 22:00,0.31,,,,,,,,,,,
07-08-2019 23:00,0.297,,,,,,,,,,,
08-08-2019 00:00,0.374,,,,,,,,,,,
08-08-2019 01:00,0.402,,,,,,,,,,,
08-08-2019 02:00,0.302,,,,,,,,,,,
08-08-2019 03:00,0.401,,,,,,,,,,,
08-08-2019 04:00,0.431,,,,,,,,,,,
08-08-2019 05:00,0.431,,,,,,,,,,,
08-08-2019 06:00,0.439,,,,,,,,,,,
08-08-2019 07:00,0.445,,,,,,,,,,,
08-08-2019 08:00,0.443,,,,,,,,,,,
08-08-2019 09:00,0.398,,,,,,,,,,,
08-08-2019 10:00,0.304,,,,,,,,,,,
08-08-2019 11:00,0.204,,,,,,,,,,,
08-08-2019 12:00,0.181,,,,,,,,,,,
08-08-2019 13:00,0.231,,,,,,,,,,,
08-08-2019 14:00,0.264,,,,,,,,,,,
08-08-2019 15:00,0.279,,,,,,,,,,,
08-08-2019 16:00,0.282,,,,,,,,,,,
08-08-2019 17:00,0.289,,,,,,,,,,,
08-08-2019 18:00,0.309,,,,,,,,,,,
08-08-2019 19:00,0.353,,,,,,,,,,,
08-08-2019 20:00,0.403,,,,,,,,,,,
08-08-2019 21:00,0.438,,,,,,,,,,,
08-08-2019 22:00,0.481,,,,,,,,,,,
08-08-2019 23:00,0.578,,,,,,,,,,,
09-08-2019 00:00,0.785,,,,,,,,,,,
09-08-2019 01:00,0.903,,,,,,,,,,,
09-08-2019 02:00,0.939,,,,,,,,,,,
09-08-2019 03:00,0.969,,,,,,,,,,,
09-08-2019 04:00,0.979,,,,,,,,,,,
09-08-2019 05:00,0.983,,,,,,,,,,,
09-08-2019 06:00,0.984,,,,,,,,,,,
09-08-2019 07:00,0.979,,,,,,,,,,,
09-08-2019 08:00,0.97,,,,,,,,,,,
09-08-2019 09:00,0.956,,,,,,,,,,,
09-08-2019 10:00,0.934,,,,,,,,,,,
09-08-2019 11:00,0.902,,,,,,,,,,,
09-08-2019 12:00,0.877,,,,,,,,,,,
09-08-2019 13:00,0.876,,,,,,,,,,,
09-08-2019 14:00,0.871,,,,,,,,,,,
09-08-2019 15:00,0.867,,,,,,,,,,,
09-08-2019 16:00,0.864,,,,,,,,,,,
09-08-2019 17:00,0.856,,,,,,,,,,,
09-08-2019 18:00,0.838,,,,,,,,,,,
09-08-2019 19:00,0.795,,,,,,,,,,,
09-08-2019 20:00,0.733,,,,,,,,,,,
09-08-2019 21:00,0.647,,,,,,,,,,,
09-08-2019 22:00,0.509,,,,,,,,,,,
09-08-2019 23:00,0.364,,,,,,,,,,,
10-08-2019 00:00,0.278,,,,,,,,,,,
10-08-2019 01:00,0.236,,,,,,,,,,,
10-08-2019 02:00,0.328,,,,,,,,,,,
10-08-2019 03:00,0.354,,,,,,,,,,,
10-08-2019 04:00,0.358,,,,,,,,,,,
10-08-2019 05:00,0.358,,,,,,,,,,,
10-08-2019 06:00,0.362,,,,,,,,,,,
10-08-2019 07:00,0.362,,,,,,,,,,,
10-08-2019 08:00,0.376,,,,,,,,,,,
10-08-2019 09:00,0.372,,,,,,,,,,,
10-08-2019 10:00,0.324,,,,,,,,,,,
10-08-2019 11:00,0.238,,,,,,,,,,,
10-08-2019 12:00,0.146,,,,,,,,,,,
10-08-2019 13:00,0.111,,,,,,,,,,,
10-08-2019 14:00,0.117,,,,,,,,,,,
10-08-2019 15:00,0.143,,,,,,,,,,,
10-08-2019 16:00,0.168,,,,,,,,,,,
10-08-2019 17:00,0.185,,,,,,,,,,,
10-08-2019 18:00,0.227,,,,,,,,,,,
10-08-2019 19:00,0.264,,,,,,,,,,,
10-08-2019 20:00,0.235,,,,,,,,,,,
10-08-2019 21:00,0.222,,,,,,,,,,,
10-08-2019 22:00,0.235,,,,,,,,,,,
10-08-2019 23:00,0.231,,,,,,,,,,,
11-08-2019 00:00,0.226,,,,,,,,,,,
11-08-2019 01:00,0.218,,,,,,,,,,,
11-08-2019 02:00,0.334,,,,,,,,,,,
11-08-2019 03:00,0.304,,,,,,,,,,,
11-08-2019 04:00,0.218,,,,,,,,,,,
11-08-2019 05:00,0.152,,,,,,,,,,,
11-08-2019 06:00,0.119,,,,,,,,,,,
11-08-2019 07:00,0.112,,,,,,,,,,,
11-08-2019 08:00,0.112,,,,,,,,,,,
11-08-2019 09:00,0.126,,,,,,,,,,,
11-08-2019 10:00,0.141,,,,,,,,,,,
11-08-2019 11:00,0.14,,,,,,,,,,,
11-08-2019 12:00,0.127,,,,,,,,,,,
11-08-2019 13:00,0.11,,,,,,,,,,,
11-08-2019 14:00,0.116,,,,,,,,,,,
11-08-2019 15:00,0.125,,,,,,,,,,,
11-08-2019 16:00,0.147,,,,,,,,,,,
11-08-2019 17:00,0.176,,,,,,,,,,,
11-08-2019 18:00,0.205,,,,,,,,,,,
11-08-2019 19:00,0.256,,,,,,,,,,,
11-08-2019 20:00,0.332,,,,,,,,,,,
11-08-2019 21:00,0.392,,,,,,,,,,,
11-08-2019 22:00,0.481,,,,,,,,,,,
11-08-2019 23:00,0.46,,,,,,,,,,,
12-08-2019 00:00,0.366,,,,,,,,,,,
12-08-2019 01:00,0.414,,,,,,,,,,,
12-08-2019 02:00,0.574,,,,,,,,,,,
12-08-2019 03:00,0.588,,,,,,,,,,,
12-08-2019 04:00,0.534,,,,,,,,,,,
12-08-2019 05:00,0.454,,,,,,,,,,,
12-08-2019 06:00,0.394,,,,,,,,,,,
12-08-2019 07:00,0.367,,,,,,,,,,,
12-08-2019 08:00,0.352,,,,,,,,,,,
12-08-2019 09:00,0.32,,,,,,,,,,,
12-08-2019 10:00,0.289,,,,,,,,,,,
12-08-2019 11:00,0.253,,,,,,,,,,,
12-08-2019 12:00,0.202,,,,,,,,,,,
12-08-2019 13:00,0.225,,,,,,,,,,,
12-08-2019 14:00,0.263,,,,,,,,,,,
12-08-2019 15:00,0.3,,,,,,,,,,,
12-08-2019 16:00,0.338,,,,,,,,,,,
12-08-2019 17:00,0.376,,,,,,,,,,,
12-08-2019 18:00,0.408,,,,,,,,,,,
12-08-2019 19:00,0.439,,,,,,,,,,,
12-08-2019 20:00,0.442,,,,,,,,,,,
12-08-2019 21:00,0.397,,,,,,,,,,,
12-08-2019 22:00,0.36,,,,,,,,,,,
12-08-2019 23:00,0.354,,,,,,,,,,,
13-08-2019 00:00,0.368,,,,,,,,,,,
13-08-2019 01:00,0.323,,,,,,,,,,,
13-08-2019 02:00,0.417,,,,,,,,,,,
13-08-2019 03:00,0.548,,,,,,,,,,,
13-08-2019 04:00,0.552,,,,,,,,,,,
13-08-2019 05:00,0.516,,,,,,,,,,,
13-08-2019 06:00,0.457,,,,,,,,,,,
13-08-2019 07:00,0.367,,,,,,,,,,,
13-08-2019 08:00,0.286,,,,,,,,,,,
13-08-2019 09:00,0.251,,,,,,,,,,,
13-08-2019 10:00,0.252,,,,,,,,,,,
13-08-2019 11:00,0.27,,,,,,,,,,,
13-08-2019 12:00,0.294,,,,,,,,,,,
13-08-2019 13:00,0.372,,,,,,,,,,,
13-08-2019 14:00,0.422,,,,,,,,,,,
13-08-2019 15:00,0.488,,,,,,,,,,,
13-08-2019 16:00,0.519,,,,,,,,,,,
13-08-2019 17:00,0.523,,,,,,,,,,,
13-08-2019 18:00,0.538,,,,,,,,,,,
13-08-2019 19:00,0.447,,,,,,,,,,,
13-08-2019 20:00,0.466,,,,,,,,,,,
13-08-2019 21:00,0.494,,,,,,,,,,,
13-08-2019 22:00,0.501,,,,,,,,,,,
13-08-2019 23:00,0.508,,,,,,,,,,,
14-08-2019 00:00,0.526,,,,,,,,,,,
14-08-2019 01:00,0.519,,,,,,,,,,,
14-08-2019 02:00,0.655,,,,,,,,,,,
14-08-2019 03:00,0.692,,,,,,,,,,,
14-08-2019 04:00,0.661,,,,,,,,,,,
14-08-2019 05:00,0.633,,,,,,,,,,,
14-08-2019 06:00,0.633,,,,,,,,,,,
14-08-2019 07:00,0.663,,,,,,,,,,,
14-08-2019 08:00,0.687,,,,,,,,,,,
14-08-2019 09:00,0.696,,,,,,,,,,,
14-08-2019 10:00,0.646,,,,,,,,,,,
14-08-2019 11:00,0.603,,,,,,,,,,,
14-08-2019 12:00,0.631,,,,,,,,,,,
14-08-2019 13:00,0.65,,,,,,,,,,,
14-08-2019 14:00,0.668,,,,,,,,,,,
14-08-2019 15:00,0.676,,,,,,,,,,,
14-08-2019 16:00,0.648,,,,,,,,,,,
14-08-2019 17:00,0.556,,,,,,,,,,,
14-08-2019 18:00,0.587,,,,,,,,,,,
14-08-2019 19:00,0.646,,,,,,,,,,,
14-08-2019 20:00,0.701,,,,,,,,,,,
14-08-2019 21:00,0.697,,,,,,,,,,,
14-08-2019 22:00,0.753,,,,,,,,,,,
14-08-2019 23:00,0.73,,,,,,,,,,,
15-08-2019 00:00,0.672,,,,,,,,,,,
15-08-2019 01:00,0.657,,,,,,,,,,,
15-08-2019 02:00,0.775,,,,,,,,,,,
15-08-2019 03:00,0.819,,,,,,,,,,,
15-08-2019 04:00,0.827,,,,,,,,,,,
15-08-2019 05:00,0.829,,,,,,,,,,,
15-08-2019 06:00,0.828,,,,,,,,,,,
15-08-2019 07:00,0.833,,,,,,,,,,,
15-08-2019 08:00,0.839,,,,,,,,,,,
15-08-2019 09:00,0.84,,,,,,,,,,,
15-08-2019 10:00,0.826,,,,,,,,,,,
15-08-2019 11:00,0.726,,,,,,,,,,,
15-08-2019 12:00,0.592,,,,,,,,,,,
15-08-2019 13:00,0.579,,,,,,,,,,,
15-08-2019 14:00,0.574,,,,,,,,,,,
15-08-2019 15:00,0.625,,,,,,,,,,,
15-08-2019 16:00,0.668,,,,,,,,,,,
15-08-2019 17:00,0.724,,,,,,,,,,,
15-08-2019 18:00,0.757,,,,,,,,,,,
15-08-2019 19:00,0.788,,,,,,,,,,,
15-08-2019 20:00,0.809,,,,,,,,,,,
15-08-2019 21:00,0.777,,,,,,,,,,,
15-08-2019 22:00,0.714,,,,,,,,,,,
15-08-2019 23:00,0.655,,,,,,,,,,,
16-08-2019 00:00,0.566,,,,,,,,,,,
16-08-2019 01:00,0.532,,,,,,,,,,,
16-08-2019 02:00,0.738,,,,,,,,,,,
16-08-2019 03:00,0.819,,,,,,,,,,,
16-08-2019 04:00,0.84,,,,,,,,,,,
16-08-2019 05:00,0.837,,,,,,,,,,,
16-08-2019 06:00,0.824,,,,,,,,,,,
16-08-2019 07:00,0.802,,,,,,,,,,,
16-08-2019 08:00,0.762,,,,,,,,,,,
16-08-2019 09:00,0.678,,,,,,,,,,,
16-08-2019 10:00,0.55,,,,,,,,,,,
16-08-2019 11:00,0.343,,,,,,,,,,,
16-08-2019 12:00,0.175,,,,,,,,,,,
16-08-2019 13:00,0.145,,,,,,,,,,,
16-08-2019 14:00,0.176,,,,,,,,,,,
16-08-2019 15:00,0.249,,,,,,,,,,,
16-08-2019 16:00,0.371,,,,,,,,,,,
16-08-2019 17:00,0.467,,,,,,,,,,,
16-08-2019 18:00,0.54,,,,,,,,,,,
16-08-2019 19:00,0.595,,,,,,,,,,,
16-08-2019 20:00,0.583,,,,,,,,,,,
16-08-2019 21:00,0.501,,,,,,,,,,,
16-08-2019 22:00,0.466,,,,,,,,,,,
16-08-2019 23:00,0.424,,,,,,,,,,,
17-08-2019 00:00,0.395,,,,,,,,,,,
17-08-2019 01:00,0.358,,,,,,,,,,,
17-08-2019 02:00,0.447,,,,,,,,,,,
17-08-2019 03:00,0.486,,,,,,,,,,,
17-08-2019 04:00,0.511,,,,,,,,,,,
17-08-2019 05:00,0.49,,,,,,,,,,,
17-08-2019 06:00,0.426,,,,,,,,,,,
17-08-2019 07:00,0.352,,,,,,,,,,,
17-08-2019 08:00,0.294,,,,,,,,,,,
17-08-2019 09:00,0.254,,,,,,,,,,,
17-08-2019 10:00,0.214,,,,,,,,,,,
17-08-2019 11:00,0.155,,,,,,,,,,,
17-08-2019 12:00,0.104,,,,,,,,,,,
17-08-2019 13:00,0.08,,,,,,,,,,,
17-08-2019 14:00,0.079,,,,,,,,,,,
17-08-2019 15:00,0.1,,,,,,,,,,,
17-08-2019 16:00,0.133,,,,,,,,,,,
17-08-2019 17:00,0.171,,,,,,,,,,,
17-08-2019 18:00,0.2,,,,,,,,,,,
17-08-2019 19:00,0.219,,,,,,,,,,,
17-08-2019 20:00,0.237,,,,,,,,,,,
17-08-2019 21:00,0.239,,,,,,,,,,,
17-08-2019 22:00,0.239,,,,,,,,,,,
17-08-2019 23:00,0.246,,,,,,,,,,,
18-08-2019 00:00,0.249,,,,,,,,,,,
18-08-2019 01:00,0.278,,,,,,,,,,,
18-08-2019 02:00,0.362,,,,,,,,,,,
18-08-2019 03:00,0.349,,,,,,,,,,,
18-08-2019 04:00,0.284,,,,,,,,,,,
18-08-2019 05:00,0.2,,,,,,,,,,,
18-08-2019 06:00,0.151,,,,,,,,,,,
18-08-2019 07:00,0.143,,,,,,,,,,,
18-08-2019 08:00,0.154,,,,,,,,,,,
18-08-2019 09:00,0.16,,,,,,,,,,,
18-08-2019 10:00,0.148,,,,,,,,,,,
18-08-2019 11:00,0.131,,,,,,,,,,,
18-08-2019 12:00,0.106,,,,,,,,,,,
18-08-2019 13:00,0.11,,,,,,,,,,,
18-08-2019 14:00,0.147,,,,,,,,,,,
18-08-2019 15:00,0.179,,,,,,,,,,,
18-08-2019 16:00,0.196,,,,,,,,,,,
18-08-2019 17:00,0.231,,,,,,,,,,,
18-08-2019 18:00,0.274,,,,,,,,,,,
18-08-2019 19:00,0.309,,,,,,,,,,,
18-08-2019 20:00,0.305,,,,,,,,,,,
18-08-2019 21:00,0.281,,,,,,,,,,,
18-08-2019 22:00,0.325,,,,,,,,,,,
18-08-2019 23:00,0.332,,,,,,,,,,,
19-08-2019 00:00,0.315,,,,,,,,,,,
19-08-2019 01:00,0.305,,,,,,,,,,,
19-08-2019 02:00,0.43,,,,,,,,,,,
19-08-2019 03:00,0.478,,,,,,,,,,,
19-08-2019 04:00,0.442,,,,,,,,,,,
19-08-2019 05:00,0.403,,,,,,,,,,,
19-08-2019 06:00,0.372,,,,,,,,,,,
19-08-2019 07:00,0.355,,,,,,,,,,,
19-08-2019 08:00,0.325,,,,,,,,,,,
19-08-2019 09:00,0.294,,,,,,,,,,,
19-08-2019 10:00,0.235,,,,,,,,,,,
19-08-2019 11:00,0.179,,,,,,,,,,,
19-08-2019 12:00,0.2,,,,,,,,,,,
19-08-2019 13:00,0.202,,,,,,,,,,,
19-08-2019 14:00,0.202,,,,,,,,,,,
19-08-2019 15:00,0.193,,,,,,,,,,,
19-08-2019 16:00,0.184,,,,,,,,,,,
19-08-2019 17:00,0.188,,,,,,,,,,,
19-08-2019 18:00,0.205,,,,,,,,,,,
19-08-2019 19:00,0.225,,,,,,,,,,,
19-08-2019 20:00,0.245,,,,,,,,,,,
19-08-2019 21:00,0.264,,,,,,,,,,,
19-08-2019 22:00,0.272,,,,,,,,,,,
19-08-2019 23:00,0.264,,,,,,,,,,,
20-08-2019 00:00,0.225,,,,,,,,,,,
20-08-2019 01:00,0.183,,,,,,,,,,,
20-08-2019 02:00,0.26,,,,,,,,,,,
20-08-2019 03:00,0.347,,,,,,,,,,,
20-08-2019 04:00,0.385,,,,,,,,,,,
20-08-2019 05:00,0.413,,,,,,,,,,,
20-08-2019 06:00,0.432,,,,,,,,,,,
20-08-2019 07:00,0.416,,,,,,,,,,,
20-08-2019 08:00,0.391,,,,,,,,,,,
20-08-2019 09:00,0.311,,,,,,,,,,,
20-08-2019 10:00,0.231,,,,,,,,,,,
20-08-2019 11:00,0.216,,,,,,,,,,,
20-08-2019 12:00,0.194,,,,,,,,,,,
20-08-2019 13:00,0.186,,,,,,,,,,,
20-08-2019 14:00,0.191,,,,,,,,,,,
20-08-2019 15:00,0.198,,,,,,,,,,,
20-08-2019 16:00,0.213,,,,,,,,,,,
20-08-2019 17:00,0.235,,,,,,,,,,,
20-08-2019 18:00,0.252,,,,,,,,,,,
20-08-2019 19:00,0.258,,,,,,,,,,,
20-08-2019 20:00,0.271,,,,,,,,,,,
20-08-2019 21:00,0.295,,,,,,,,,,,
20-08-2019 22:00,0.302,,,,,,,,,,,
20-08-2019 23:00,0.311,,,,,,,,,,,
21-08-2019 00:00,0.316,,,,,,,,,,,
21-08-2019 01:00,0.287,,,,,,,,,,,
21-08-2019 02:00,0.426,,,,,,,,,,,
21-08-2019 03:00,0.544,,,,,,,,,,,
21-08-2019 04:00,0.568,,,,,,,,,,,
21-08-2019 05:00,0.535,,,,,,,,,,,
21-08-2019 06:00,0.476,,,,,,,,,,,
21-08-2019 07:00,0.43,,,,,,,,,,,
21-08-2019 08:00,0.402,,,,,,,,,,,
21-08-2019 09:00,0.352,,,,,,,,,,,
21-08-2019 10:00,0.259,,,,,,,,,,,
21-08-2019 11:00,0.195,,,,,,,,,,,
21-08-2019 12:00,0.187,,,,,,,,,,,
21-08-2019 13:00,0.182,,,,,,,,,,,
21-08-2019 14:00,0.164,,,,,,,,,,,
21-08-2019 15:00,0.179,,,,,,,,,,,
21-08-2019 16:00,0.232,,,,,,,,,,,
21-08-2019 17:00,0.292,,,,,,,,,,,
21-08-2019 18:00,0.355,,,,,,,,,,,
21-08-2019 19:00,0.385,,,,,,,,,,,
21-08-2019 20:00,0.355,,,,,,,,,,,
21-08-2019 21:00,0.352,,,,,,,,,,,
21-08-2019 22:00,0.376,,,,,,,,,,,
21-08-2019 23:00,0.387,,,,,,,,,,,
22-08-2019 00:00,0.362,,,,,,,,,,,
22-08-2019 01:00,0.3,,,,,,,,,,,
22-08-2019 02:00,0.348,,,,,,,,,,,
22-08-2019 03:00,0.422,,,,,,,,,,,
22-08-2019 04:00,0.492,,,,,,,,,,,
22-08-2019 05:00,0.521,,,,,,,,,,,
22-08-2019 06:00,0.519,,,,,,,,,,,
22-08-2019 07:00,0.519,,,,,,,,,,,
22-08-2019 08:00,0.527,,,,,,,,,,,
22-08-2019 09:00,0.484,,,,,,,,,,,
22-08-2019 10:00,0.364,,,,,,,,,,,
22-08-2019 11:00,0.22,,,,,,,,,,,
22-08-2019 12:00,0.148,,,,,,,,,,,
22-08-2019 13:00,0.144,,,,,,,,,,,
22-08-2019 14:00,0.123,,,,,,,,,,,
22-08-2019 15:00,0.127,,,,,,,,,,,
22-08-2019 16:00,0.162,,,,,,,,,,,
22-08-2019 17:00,0.196,,,,,,,,,,,
22-08-2019 18:00,0.223,,,,,,,,,,,
22-08-2019 19:00,0.229,,,,,,,,,,,
22-08-2019 20:00,0.236,,,,,,,,,,,
22-08-2019 21:00,0.229,,,,,,,,,,,
22-08-2019 22:00,0.235,,,,,,,,,,,
22-08-2019 23:00,0.306,,,,,,,,,,,
23-08-2019 00:00,0.345,,,,,,,,,,,
23-08-2019 01:00,0.337,,,,,,,,,,,
23-08-2019 02:00,0.399,,,,,,,,,,,
23-08-2019 03:00,0.459,,,,,,,,,,,
23-08-2019 04:00,0.444,,,,,,,,,,,
23-08-2019 05:00,0.401,,,,,,,,,,,
23-08-2019 06:00,0.364,,,,,,,,,,,
23-08-2019 07:00,0.355,,,,,,,,,,,
23-08-2019 08:00,0.345,,,,,,,,,,,
23-08-2019 09:00,0.32,,,,,,,,,,,
23-08-2019 10:00,0.263,,,,,,,,,,,
23-08-2019 11:00,0.218,,,,,,,,,,,
23-08-2019 12:00,0.201,,,,,,,,,,,
23-08-2019 13:00,0.213,,,,,,,,,,,
23-08-2019 14:00,0.21,,,,,,,,,,,
23-08-2019 15:00,0.241,,,,,,,,,,,
23-08-2019 16:00,0.27,,,,,,,,,,,
23-08-2019 17:00,0.273,,,,,,,,,,,
23-08-2019 18:00,0.317,,,,,,,,,,,
23-08-2019 19:00,0.337,,,,,,,,,,,
23-08-2019 20:00,0.325,,,,,,,,,,,
23-08-2019 21:00,0.334,,,,,,,,,,,
23-08-2019 22:00,0.379,,,,,,,,,,,
23-08-2019 23:00,0.432,,,,,,,,,,,
24-08-2019 00:00,0.436,,,,,,,,,,,
24-08-2019 01:00,0.35,,,,,,,,,,,
24-08-2019 02:00,0.253,,,,,,,,,,,
24-08-2019 03:00,0.29,,,,,,,,,,,
24-08-2019 04:00,0.201,,,,,,,,,,,
24-08-2019 05:00,0.113,,,,,,,,,,,
24-08-2019 06:00,0.072,,,,,,,,,,,
24-08-2019 07:00,0.039,,,,,,,,,,,
24-08-2019 08:00,0.012,,,,,,,,,,,
24-08-2019 09:00,0.004,,,,,,,,,,,
24-08-2019 10:00,0.003,,,,,,,,,,,
24-08-2019 11:00,0.003,,,,,,,,,,,
24-08-2019 12:00,0.004,,,,,,,,,,,
24-08-2019 13:00,0.008,,,,,,,,,,,
24-08-2019 14:00,0.021,,,,,,,,,,,
24-08-2019 15:00,0.046,,,,,,,,,,,
24-08-2019 16:00,0.087,,,,,,,,,,,
24-08-2019 17:00,0.112,,,,,,,,,,,
24-08-2019 18:00,0.124,,,,,,,,,,,
24-08-2019 19:00,0.192,,,,,,,,,,,
24-08-2019 20:00,0.302,,,,,,,,,,,
24-08-2019 21:00,0.325,,,,,,,,,,,
24-08-2019 22:00,0.35,,,,,,,,,,,
24-08-2019 23:00,0.327,,,,,,,,,,,
25-08-2019 00:00,0.311,,,,,,,,,,,
25-08-2019 01:00,0.271,,,,,,,,,,,
25-08-2019 02:00,0.181,,,,,,,,,,,
25-08-2019 03:00,0.188,,,,,,,,,,,
25-08-2019 04:00,0.198,,,,,,,,,,,
25-08-2019 05:00,0.185,,,,,,,,,,,
25-08-2019 06:00,0.155,,,,,,,,,,,
25-08-2019 07:00,0.126,,,,,,,,,,,
25-08-2019 08:00,0.109,,,,,,,,,,,
25-08-2019 09:00,0.112,,,,,,,,,,,
25-08-2019 10:00,0.124,,,,,,,,,,,
25-08-2019 11:00,0.143,,,,,,,,,,,
25-08-2019 12:00,0.185,,,,,,,,,,,
25-08-2019 13:00,0.196,,,,,,,,,,,
25-08-2019 14:00,0.179,,,,,,,,,,,
25-08-2019 15:00,0.187,,,,,,,,,,,
25-08-2019 16:00,0.207,,,,,,,,,,,
25-08-2019 17:00,0.218,,,,,,,,,,,
25-08-2019 18:00,0.22,,,,,,,,,,,
25-08-2019 19:00,0.215,,,,,,,,,,,
25-08-2019 20:00,0.207,,,,,,,,,,,
25-08-2019 21:00,0.218,,,,,,,,,,,
25-08-2019 22:00,0.229,,,,,,,,,,,
25-08-2019 23:00,0.249,,,,,,,,,,,
26-08-2019 00:00,0.283,,,,,,,,,,,
26-08-2019 01:00,0.274,,,,,,,,,,,
26-08-2019 02:00,0.288,,,,,,,,,,,
26-08-2019 03:00,0.339,,,,,,,,,,,
26-08-2019 04:00,0.374,,,,,,,,,,,
26-08-2019 05:00,0.371,,,,,,,,,,,
26-08-2019 06:00,0.37,,,,,,,,,,,
26-08-2019 07:00,0.376,,,,,,,,,,,
26-08-2019 08:00,0.372,,,,,,,,,,,
26-08-2019 09:00,0.345,,,,,,,,,,,
26-08-2019 10:00,0.282,,,,,,,,,,,
26-08-2019 11:00,0.226,,,,,,,,,,,
26-08-2019 12:00,0.241,,,,,,,,,,,
26-08-2019 13:00,0.235,,,,,,,,,,,
26-08-2019 14:00,0.206,,,,,,,,,,,
26-08-2019 15:00,0.165,,,,,,,,,,,
26-08-2019 16:00,0.146,,,,,,,,,,,
26-08-2019 17:00,0.131,,,,,,,,,,,
26-08-2019 18:00,0.126,,,,,,,,,,,
26-08-2019 19:00,0.112,,,,,,,,,,,
26-08-2019 20:00,0.081,,,,,,,,,,,
26-08-2019 21:00,0.052,,,,,,,,,,,
26-08-2019 22:00,0.042,,,,,,,,,,,
26-08-2019 23:00,0.06,,,,,,,,,,,
27-08-2019 00:00,0.078,,,,,,,,,,,
27-08-2019 01:00,0.068,,,,,,,,,,,
27-08-2019 02:00,0.071,,,,,,,,,,,
27-08-2019 03:00,0.106,,,,,,,,,,,
27-08-2019 04:00,0.124,,,,,,,,,,,
27-08-2019 05:00,0.114,,,,,,,,,,,
27-08-2019 06:00,0.096,,,,,,,,,,,
27-08-2019 07:00,0.078,,,,,,,,,,,
27-08-2019 08:00,0.079,,,,,,,,,,,
27-08-2019 09:00,0.099,,,,,,,,,,,
27-08-2019 10:00,0.108,,,,,,,,,,,
27-08-2019 11:00,0.092,,,,,,,,,,,
27-08-2019 12:00,0.069,,,,,,,,,,,
27-08-2019 13:00,0.069,,,,,,,,,,,
27-08-2019 14:00,0.084,,,,,,,,,,,
27-08-2019 15:00,0.122,,,,,,,,,,,
27-08-2019 16:00,0.179,,,,,,,,,,,
27-08-2019 17:00,0.238,,,,,,,,,,,
27-08-2019 18:00,0.26,,,,,,,,,,,
27-08-2019 19:00,0.277,,,,,,,,,,,
27-08-2019 20:00,0.289,,,,,,,,,,,
27-08-2019 21:00,0.311,,,,,,,,,,,
27-08-2019 22:00,0.343,,,,,,,,,,,
27-08-2019 23:00,0.374,,,,,,,,,,,
28-08-2019 00:00,0.401,,,,,,,,,,,
28-08-2019 01:00,0.386,,,,,,,,,,,
28-08-2019 02:00,0.516,,,,,,,,,,,
28-08-2019 03:00,0.566,,,,,,,,,,,
28-08-2019 04:00,0.552,,,,,,,,,,,
28-08-2019 05:00,0.517,,,,,,,,,,,
28-08-2019 06:00,0.486,,,,,,,,,,,
28-08-2019 07:00,0.485,,,,,,,,,,,
28-08-2019 08:00,0.492,,,,,,,,,,,
28-08-2019 09:00,0.476,,,,,,,,,,,
28-08-2019 10:00,0.425,,,,,,,,,,,
28-08-2019 11:00,0.323,,,,,,,,,,,
28-08-2019 12:00,0.259,,,,,,,,,,,
28-08-2019 13:00,0.27,,,,,,,,,,,
28-08-2019 14:00,0.283,,,,,,,,,,,
28-08-2019 15:00,0.249,,,,,,,,,,,
28-08-2019 16:00,0.229,,,,,,,,,,,
28-08-2019 17:00,0.241,,,,,,,,,,,
28-08-2019 18:00,0.256,,,,,,,,,,,
28-08-2019 19:00,0.251,,,,,,,,,,,
28-08-2019 20:00,0.241,,,,,,,,,,,
28-08-2019 21:00,0.203,,,,,,,,,,,
28-08-2019 22:00,0.192,,,,,,,,,,,
28-08-2019 23:00,0.226,,,,,,,,,,,
29-08-2019 00:00,0.187,,,,,,,,,,,
29-08-2019 01:00,0.139,,,,,,,,,,,
29-08-2019 02:00,0.206,,,,,,,,,,,
29-08-2019 03:00,0.219,,,,,,,,,,,
29-08-2019 04:00,0.205,,,,,,,,,,,
29-08-2019 05:00,0.203,,,,,,,,,,,
29-08-2019 06:00,0.216,,,,,,,,,,,
29-08-2019 07:00,0.214,,,,,,,,,,,
29-08-2019 08:00,0.197,,,,,,,,,,,
29-08-2019 09:00,0.163,,,,,,,,,,,
29-08-2019 10:00,0.127,,,,,,,,,,,
29-08-2019 11:00,0.101,,,,,,,,,,,
29-08-2019 12:00,0.101,,,,,,,,,,,
29-08-2019 13:00,0.115,,,,,,,,,,,
29-08-2019 14:00,0.126,,,,,,,,,,,
29-08-2019 15:00,0.139,,,,,,,,,,,
29-08-2019 16:00,0.151,,,,,,,,,,,
29-08-2019 17:00,0.152,,,,,,,,,,,
29-08-2019 18:00,0.151,,,,,,,,,,,
29-08-2019 19:00,0.148,,,,,,,,,,,
29-08-2019 20:00,0.144,,,,,,,,,,,
29-08-2019 21:00,0.115,,,,,,,,,,,
29-08-2019 22:00,0.064,,,,,,,,,,,
29-08-2019 23:00,0.036,,,,,,,,,,,
30-08-2019 00:00,0.038,,,,,,,,,,,
30-08-2019 01:00,0.03,,,,,,,,,,,
30-08-2019 02:00,0.059,,,,,,,,,,,
30-08-2019 03:00,0.1,,,,,,,,,,,
30-08-2019 04:00,0.126,,,,,,,,,,,
30-08-2019 05:00,0.155,,,,,,,,,,,
30-08-2019 06:00,0.189,,,,,,,,,,,
30-08-2019 07:00,0.226,,,,,,,,,,,
30-08-2019 08:00,0.259,,,,,,,,,,,
30-08-2019 09:00,0.259,,,,,,,,,,,
30-08-2019 10:00,0.227,,,,,,,,,,,
30-08-2019 11:00,0.18,,,,,,,,,,,
30-08-2019 12:00,0.17,,,,,,,,,,,
30-08-2019 13:00,0.179,,,,,,,,,,,
30-08-2019 14:00,0.188,,,,,,,,,,,
30-08-2019 15:00,0.187,,,,,,,,,,,
30-08-2019 16:00,0.193,,,,,,,,,,,
30-08-2019 17:00,0.201,,,,,,,,,,,
30-08-2019 18:00,0.195,,,,,,,,,,,
30-08-2019 19:00,0.192,,,,,,,,,,,
30-08-2019 20:00,0.197,,,,,,,,,,,
30-08-2019 21:00,0.182,,,,,,,,,,,
30-08-2019 22:00,0.149,,,,,,,,,,,
30-08-2019 23:00,0.101,,,,,,,,,,,
31-08-2019 00:00,0.052,,,,,,,,,,,
31-08-2019 01:00,0.018,,,,,,,,,,,
31-08-2019 02:00,0.02,,,,,,,,,,,
31-08-2019 03:00,0.015,,,,,,,,,,,
31-08-2019 04:00,0.006,,,,,,,,,,,
31-08-2019 05:00,0.003,,,,,,,,,,,
31-08-2019 06:00,0.005,,,,,,,,,,,
31-08-2019 07:00,0.009,,,,,,,,,,,
31-08-2019 08:00,0.012,,,,,,,,,,,
31-08-2019 09:00,0.009,,,,,,,,,,,
31-08-2019 10:00,0.005,,,,,,,,,,,
31-08-2019 11:00,0.003,,,,,,,,,,,
31-08-2019 12:00,0.001,,,,,,,,,,,
31-08-2019 13:00,0,,,,,,,,,,,
31-08-2019 14:00,0,,,,,,,,,,,
31-08-2019 15:00,0,,,,,,,,,,,
31-08-2019 16:00,0,,,,,,,,,,,
31-08-2019 17:00,0.001,,,,,,,,,,,
31-08-2019 18:00,0.003,,,,,,,,,,,
31-08-2019 19:00,0.005,,,,,,,,,,,
31-08-2019 20:00,0.013,,,,,,,,,,,
31-08-2019 21:00,0.025,,,,,,,,,,,
31-08-2019 22:00,0.036,,,,,,,,,,,
31-08-2019 23:00,0.043,,,,,,,,,,,
01-09-2019 00:00,0.041,,,,,,,,,,,
01-09-2019 01:00,0.021,,,,,,,,,,,
01-09-2019 02:00,0.011,,,,,,,,,,,
01-09-2019 03:00,0.022,,,,,,,,,,,
01-09-2019 04:00,0.031,,,,,,,,,,,
01-09-2019 05:00,0.027,,,,,,,,,,,
01-09-2019 06:00,0.019,,,,,,,,,,,
01-09-2019 07:00,0.014,,,,,,,,,,,
01-09-2019 08:00,0.01,,,,,,,,,,,
01-09-2019 09:00,0.009,,,,,,,,,,,
01-09-2019 10:00,0.012,,,,,,,,,,,
01-09-2019 11:00,0.015,,,,,,,,,,,
01-09-2019 12:00,0.027,,,,,,,,,,,
01-09-2019 13:00,0.062,,,,,,,,,,,
01-09-2019 14:00,0.11,,,,,,,,,,,
01-09-2019 15:00,0.154,,,,,,,,,,,
01-09-2019 16:00,0.181,,,,,,,,,,,
01-09-2019 17:00,0.183,,,,,,,,,,,
01-09-2019 18:00,0.155,,,,,,,,,,,
01-09-2019 19:00,0.157,,,,,,,,,,,
01-09-2019 20:00,0.17,,,,,,,,,,,
01-09-2019 21:00,0.177,,,,,,,,,,,
01-09-2019 22:00,0.193,,,,,,,,,,,
01-09-2019 23:00,0.223,,,,,,,,,,,
02-09-2019 00:00,0.219,,,,,,,,,,,
02-09-2019 01:00,0.187,,,,,,,,,,,
02-09-2019 02:00,0.126,,,,,,,,,,,
02-09-2019 03:00,0.103,,,,,,,,,,,
02-09-2019 04:00,0.081,,,,,,,,,,,
02-09-2019 05:00,0.066,,,,,,,,,,,
02-09-2019 06:00,0.055,,,,,,,,,,,
02-09-2019 07:00,0.049,,,,,,,,,,,
02-09-2019 08:00,0.051,,,,,,,,,,,
02-09-2019 09:00,0.056,,,,,,,,,,,
02-09-2019 10:00,0.047,,,,,,,,,,,
02-09-2019 11:00,0.03,,,,,,,,,,,
02-09-2019 12:00,0.026,,,,,,,,,,,
02-09-2019 13:00,0.036,,,,,,,,,,,
02-09-2019 14:00,0.044,,,,,,,,,,,
02-09-2019 15:00,0.053,,,,,,,,,,,
02-09-2019 16:00,0.072,,,,,,,,,,,
02-09-2019 17:00,0.103,,,,,,,,,,,
02-09-2019 18:00,0.135,,,,,,,,,,,
02-09-2019 19:00,0.153,,,,,,,,,,,
02-09-2019 20:00,0.168,,,,,,,,,,,
02-09-2019 21:00,0.214,,,,,,,,,,,
02-09-2019 22:00,0.257,,,,,,,,,,,
02-09-2019 23:00,0.311,,,,,,,,,,,
03-09-2019 00:00,0.307,,,,,,,,,,,
03-09-2019 01:00,0.302,,,,,,,,,,,
03-09-2019 02:00,0.315,,,,,,,,,,,
03-09-2019 03:00,0.323,,,,,,,,,,,
03-09-2019 04:00,0.266,,,,,,,,,,,
03-09-2019 05:00,0.212,,,,,,,,,,,
03-09-2019 06:00,0.163,,,,,,,,,,,
03-09-2019 07:00,0.128,,,,,,,,,,,
03-09-2019 08:00,0.131,,,,,,,,,,,
03-09-2019 09:00,0.161,,,,,,,,,,,
03-09-2019 10:00,0.188,,,,,,,,,,,
03-09-2019 11:00,0.217,,,,,,,,,,,
03-09-2019 12:00,0.255,,,,,,,,,,,
03-09-2019 13:00,0.292,,,,,,,,,,,
03-09-2019 14:00,0.284,,,,,,,,,,,
03-09-2019 15:00,0.265,,,,,,,,,,,
03-09-2019 16:00,0.21,,,,,,,,,,,
03-09-2019 17:00,0.159,,,,,,,,,,,
03-09-2019 18:00,0.149,,,,,,,,,,,
03-09-2019 19:00,0.157,,,,,,,,,,,
03-09-2019 20:00,0.162,,,,,,,,,,,
03-09-2019 21:00,0.13,,,,,,,,,,,
03-09-2019 22:00,0.139,,,,,,,,,,,
03-09-2019 23:00,0.155,,,,,,,,,,,
04-09-2019 00:00,0.161,,,,,,,,,,,
04-09-2019 01:00,0.131,,,,,,,,,,,
04-09-2019 02:00,0.108,,,,,,,,,,,
04-09-2019 03:00,0.191,,,,,,,,,,,
04-09-2019 04:00,0.224,,,,,,,,,,,
04-09-2019 05:00,0.187,,,,,,,,,,,
04-09-2019 06:00,0.175,,,,,,,,,,,
04-09-2019 07:00,0.163,,,,,,,,,,,
04-09-2019 08:00,0.148,,,,,,,,,,,
04-09-2019 09:00,0.12,,,,,,,,,,,
04-09-2019 10:00,0.084,,,,,,,,,,,
04-09-2019 11:00,0.063,,,,,,,,,,,
04-09-2019 12:00,0.052,,,,,,,,,,,
04-09-2019 13:00,0.061,,,,,,,,,,,
04-09-2019 14:00,0.068,,,,,,,,,,,
04-09-2019 15:00,0.076,,,,,,,,,,,
04-09-2019 16:00,0.076,,,,,,,,,,,
04-09-2019 17:00,0.067,,,,,,,,,,,
04-09-2019 18:00,0.042,,,,,,,,,,,
04-09-2019 19:00,0.018,,,,,,,,,,,
04-09-2019 20:00,0.004,,,,,,,,,,,
04-09-2019 21:00,0.001,,,,,,,,,,,
04-09-2019 22:00,0.003,,,,,,,,,,,
04-09-2019 23:00,0.012,,,,,,,,,,,
05-09-2019 00:00,0.023,,,,,,,,,,,
05-09-2019 01:00,0.014,,,,,,,,,,,
05-09-2019 02:00,0.014,,,,,,,,,,,
05-09-2019 03:00,0.016,,,,,,,,,,,
05-09-2019 04:00,0.009,,,,,,,,,,,
05-09-2019 05:00,0.005,,,,,,,,,,,
05-09-2019 06:00,0.003,,,,,,,,,,,
05-09-2019 07:00,0.004,,,,,,,,,,,
05-09-2019 08:00,0.006,,,,,,,,,,,
05-09-2019 09:00,0.01,,,,,,,,,,,
05-09-2019 10:00,0.015,,,,,,,,,,,
05-09-2019 11:00,0.021,,,,,,,,,,,
05-09-2019 12:00,0.019,,,,,,,,,,,
05-09-2019 13:00,0.017,,,,,,,,,,,
05-09-2019 14:00,0.014,,,,,,,,,,,
05-09-2019 15:00,0.017,,,,,,,,,,,
05-09-2019 16:00,0.036,,,,,,,,,,,
05-09-2019 17:00,0.074,,,,,,,,,,,
05-09-2019 18:00,0.11,,,,,,,,,,,
05-09-2019 19:00,0.135,,,,,,,,,,,
05-09-2019 20:00,0.155,,,,,,,,,,,
05-09-2019 21:00,0.165,,,,,,,,,,,
05-09-2019 22:00,0.166,,,,,,,,,,,
05-09-2019 23:00,0.171,,,,,,,,,,,
06-09-2019 00:00,0.193,,,,,,,,,,,
06-09-2019 01:00,0.171,,,,,,,,,,,
06-09-2019 02:00,0.152,,,,,,,,,,,
06-09-2019 03:00,0.168,,,,,,,,,,,
06-09-2019 04:00,0.161,,,,,,,,,,,
06-09-2019 05:00,0.135,,,,,,,,,,,
06-09-2019 06:00,0.097,,,,,,,,,,,
06-09-2019 07:00,0.073,,,,,,,,,,,
06-09-2019 08:00,0.053,,,,,,,,,,,
06-09-2019 09:00,0.034,,,,,,,,,,,
06-09-2019 10:00,0.034,,,,,,,,,,,
06-09-2019 11:00,0.053,,,,,,,,,,,
06-09-2019 12:00,0.073,,,,,,,,,,,
06-09-2019 13:00,0.092,,,,,,,,,,,
06-09-2019 14:00,0.112,,,,,,,,,,,
06-09-2019 15:00,0.139,,,,,,,,,,,
06-09-2019 16:00,0.156,,,,,,,,,,,
06-09-2019 17:00,0.164,,,,,,,,,,,
06-09-2019 18:00,0.182,,,,,,,,,,,
06-09-2019 19:00,0.203,,,,,,,,,,,
06-09-2019 20:00,0.228,,,,,,,,,,,
06-09-2019 21:00,0.284,,,,,,,,,,,
06-09-2019 22:00,0.278,,,,,,,,,,,
06-09-2019 23:00,0.265,,,,,,,,,,,
07-09-2019 00:00,0.205,,,,,,,,,,,
07-09-2019 01:00,0.133,,,,,,,,,,,
07-09-2019 02:00,0.085,,,,,,,,,,,
07-09-2019 03:00,0.09,,,,,,,,,,,
07-09-2019 04:00,0.083,,,,,,,,,,,
07-09-2019 05:00,0.064,,,,,,,,,,,
07-09-2019 06:00,0.029,,,,,,,,,,,
07-09-2019 07:00,0.01,,,,,,,,,,,
07-09-2019 08:00,0.004,,,,,,,,,,,
07-09-2019 09:00,0.002,,,,,,,,,,,
07-09-2019 10:00,0.005,,,,,,,,,,,
07-09-2019 11:00,0.033,,,,,,,,,,,
07-09-2019 12:00,0.096,,,,,,,,,,,
07-09-2019 13:00,0.168,,,,,,,,,,,
07-09-2019 14:00,0.219,,,,,,,,,,,
07-09-2019 15:00,0.228,,,,,,,,,,,
07-09-2019 16:00,0.213,,,,,,,,,,,
07-09-2019 17:00,0.241,,,,,,,,,,,
07-09-2019 18:00,0.236,,,,,,,,,,,
07-09-2019 19:00,0.231,,,,,,,,,,,
07-09-2019 20:00,0.192,,,,,,,,,,,
07-09-2019 21:00,0.121,,,,,,,,,,,
07-09-2019 22:00,0.063,,,,,,,,,,,
07-09-2019 23:00,0.03,,,,,,,,,,,
08-09-2019 00:00,0.051,,,,,,,,,,,
08-09-2019 01:00,0.11,,,,,,,,,,,
08-09-2019 02:00,0.155,,,,,,,,,,,
08-09-2019 03:00,0.21,,,,,,,,,,,
08-09-2019 04:00,0.338,,,,,,,,,,,
08-09-2019 05:00,0.386,,,,,,,,,,,
08-09-2019 06:00,0.407,,,,,,,,,,,
08-09-2019 07:00,0.397,,,,,,,,,,,
08-09-2019 08:00,0.334,,,,,,,,,,,
08-09-2019 09:00,0.26,,,,,,,,,,,
08-09-2019 10:00,0.207,,,,,,,,,,,
08-09-2019 11:00,0.164,,,,,,,,,,,
08-09-2019 12:00,0.196,,,,,,,,,,,
08-09-2019 13:00,0.29,,,,,,,,,,,
08-09-2019 14:00,0.277,,,,,,,,,,,
08-09-2019 15:00,0.253,,,,,,,,,,,
08-09-2019 16:00,0.237,,,,,,,,,,,
08-09-2019 17:00,0.224,,,,,,,,,,,
08-09-2019 18:00,0.203,,,,,,,,,,,
08-09-2019 19:00,0.195,,,,,,,,,,,
08-09-2019 20:00,0.212,,,,,,,,,,,
08-09-2019 21:00,0.244,,,,,,,,,,,
08-09-2019 22:00,0.3,,,,,,,,,,,
08-09-2019 23:00,0.367,,,,,,,,,,,
09-09-2019 00:00,0.374,,,,,,,,,,,
09-09-2019 01:00,0.334,,,,,,,,,,,
09-09-2019 02:00,0.289,,,,,,,,,,,
09-09-2019 03:00,0.457,,,,,,,,,,,
09-09-2019 04:00,0.536,,,,,,,,,,,
09-09-2019 05:00,0.491,,,,,,,,,,,
09-09-2019 06:00,0.406,,,,,,,,,,,
09-09-2019 07:00,0.334,,,,,,,,,,,
09-09-2019 08:00,0.272,,,,,,,,,,,
09-09-2019 09:00,0.223,,,,,,,,,,,
09-09-2019 10:00,0.163,,,,,,,,,,,
09-09-2019 11:00,0.11,,,,,,,,,,,
09-09-2019 12:00,0.092,,,,,,,,,,,
09-09-2019 13:00,0.101,,,,,,,,,,,
09-09-2019 14:00,0.087,,,,,,,,,,,
09-09-2019 15:00,0.068,,,,,,,,,,,
09-09-2019 16:00,0.052,,,,,,,,,,,
09-09-2019 17:00,0.037,,,,,,,,,,,
09-09-2019 18:00,0.021,,,,,,,,,,,
09-09-2019 19:00,0.011,,,,,,,,,,,
09-09-2019 20:00,0.005,,,,,,,,,,,
09-09-2019 21:00,0.003,,,,,,,,,,,
09-09-2019 22:00,0.005,,,,,,,,,,,
09-09-2019 23:00,0.007,,,,,,,,,,,
10-09-2019 00:00,0.021,,,,,,,,,,,
10-09-2019 01:00,0.017,,,,,,,,,,,
10-09-2019 02:00,0.02,,,,,,,,,,,
10-09-2019 03:00,0.01,,,,,,,,,,,
10-09-2019 04:00,0.002,,,,,,,,,,,
10-09-2019 05:00,0.001,,,,,,,,,,,
10-09-2019 06:00,0.001,,,,,,,,,,,
10-09-2019 07:00,0.001,,,,,,,,,,,
10-09-2019 08:00,0.002,,,,,,,,,,,
10-09-2019 09:00,0.004,,,,,,,,,,,
10-09-2019 10:00,0.005,,,,,,,,,,,
10-09-2019 11:00,0.003,,,,,,,,,,,
10-09-2019 12:00,0.002,,,,,,,,,,,
10-09-2019 13:00,0.001,,,,,,,,,,,
10-09-2019 14:00,0.002,,,,,,,,,,,
10-09-2019 15:00,0.006,,,,,,,,,,,
10-09-2019 16:00,0.019,,,,,,,,,,,
10-09-2019 17:00,0.041,,,,,,,,,,,
10-09-2019 18:00,0.061,,,,,,,,,,,
10-09-2019 19:00,0.061,,,,,,,,,,,
10-09-2019 20:00,0.045,,,,,,,,,,,
10-09-2019 21:00,0.025,,,,,,,,,,,
10-09-2019 22:00,0.011,,,,,,,,,,,
10-09-2019 23:00,0.034,,,,,,,,,,,
11-09-2019 00:00,0.058,,,,,,,,,,,
11-09-2019 01:00,0.067,,,,,,,,,,,
11-09-2019 02:00,0.093,,,,,,,,,,,
11-09-2019 03:00,0.162,,,,,,,,,,,
11-09-2019 04:00,0.201,,,,,,,,,,,
11-09-2019 05:00,0.221,,,,,,,,,,,
11-09-2019 06:00,0.23,,,,,,,,,,,
11-09-2019 07:00,0.231,,,,,,,,,,,
11-09-2019 08:00,0.247,,,,,,,,,,,
11-09-2019 09:00,0.241,,,,,,,,,,,
11-09-2019 10:00,0.21,,,,,,,,,,,
11-09-2019 11:00,0.179,,,,,,,,,,,
11-09-2019 12:00,0.186,,,,,,,,,,,
11-09-2019 13:00,0.2,,,,,,,,,,,
11-09-2019 14:00,0.206,,,,,,,,,,,
11-09-2019 15:00,0.225,,,,,,,,,,,
11-09-2019 16:00,0.238,,,,,,,,,,,
11-09-2019 17:00,0.248,,,,,,,,,,,
11-09-2019 18:00,0.249,,,,,,,,,,,
11-09-2019 19:00,0.293,,,,,,,,,,,
11-09-2019 20:00,0.341,,,,,,,,,,,
11-09-2019 21:00,0.246,,,,,,,,,,,
11-09-2019 22:00,0.255,,,,,,,,,,,
11-09-2019 23:00,0.373,,,,,,,,,,,
12-09-2019 00:00,0.402,,,,,,,,,,,
12-09-2019 01:00,0.347,,,,,,,,,,,
12-09-2019 02:00,0.246,,,,,,,,,,,
12-09-2019 03:00,0.311,,,,,,,,,,,
12-09-2019 04:00,0.378,,,,,,,,,,,
12-09-2019 05:00,0.361,,,,,,,,,,,
12-09-2019 06:00,0.36,,,,,,,,,,,
12-09-2019 07:00,0.357,,,,,,,,,,,
12-09-2019 08:00,0.341,,,,,,,,,,,
12-09-2019 09:00,0.309,,,,,,,,,,,
12-09-2019 10:00,0.238,,,,,,,,,,,
12-09-2019 11:00,0.233,,,,,,,,,,,
12-09-2019 12:00,0.238,,,,,,,,,,,
12-09-2019 13:00,0.318,,,,,,,,,,,
12-09-2019 14:00,0.334,,,,,,,,,,,
12-09-2019 15:00,0.311,,,,,,,,,,,
12-09-2019 16:00,0.245,,,,,,,,,,,
12-09-2019 17:00,0.194,,,,,,,,,,,
12-09-2019 18:00,0.186,,,,,,,,,,,
12-09-2019 19:00,0.207,,,,,,,,,,,
12-09-2019 20:00,0.224,,,,,,,,,,,
12-09-2019 21:00,0.213,,,,,,,,,,,
12-09-2019 22:00,0.194,,,,,,,,,,,
12-09-2019 23:00,0.158,,,,,,,,,,,
13-09-2019 00:00,0.142,,,,,,,,,,,
13-09-2019 01:00,0.109,,,,,,,,,,,
13-09-2019 02:00,0.09,,,,,,,,,,,
13-09-2019 03:00,0.107,,,,,,,,,,,
13-09-2019 04:00,0.118,,,,,,,,,,,
13-09-2019 05:00,0.116,,,,,,,,,,,
13-09-2019 06:00,0.115,,,,,,,,,,,
13-09-2019 07:00,0.119,,,,,,,,,,,
13-09-2019 08:00,0.139,,,,,,,,,,,
13-09-2019 09:00,0.163,,,,,,,,,,,
13-09-2019 10:00,0.18,,,,,,,,,,,
13-09-2019 11:00,0.177,,,,,,,,,,,
13-09-2019 12:00,0.19,,,,,,,,,,,
13-09-2019 13:00,0.253,,,,,,,,,,,
13-09-2019 14:00,0.243,,,,,,,,,,,
13-09-2019 15:00,0.309,,,,,,,,,,,
13-09-2019 16:00,0.361,,,,,,,,,,,
13-09-2019 17:00,0.432,,,,,,,,,,,
13-09-2019 18:00,0.491,,,,,,,,,,,
13-09-2019 19:00,0.503,,,,,,,,,,,
13-09-2019 20:00,0.47,,,,,,,,,,,
13-09-2019 21:00,0.427,,,,,,,,,,,
13-09-2019 22:00,0.415,,,,,,,,,,,
13-09-2019 23:00,0.386,,,,,,,,,,,
14-09-2019 00:00,0.41,,,,,,,,,,,
14-09-2019 01:00,0.417,,,,,,,,,,,
14-09-2019 02:00,0.425,,,,,,,,,,,
14-09-2019 03:00,0.502,,,,,,,,,,,
14-09-2019 04:00,0.454,,,,,,,,,,,
14-09-2019 05:00,0.317,,,,,,,,,,,
14-09-2019 06:00,0.352,,,,,,,,,,,
14-09-2019 07:00,0.412,,,,,,,,,,,
14-09-2019 08:00,0.44,,,,,,,,,,,
14-09-2019 09:00,0.442,,,,,,,,,,,
14-09-2019 10:00,0.448,,,,,,,,,,,
14-09-2019 11:00,0.44,,,,,,,,,,,
14-09-2019 12:00,0.403,,,,,,,,,,,
14-09-2019 13:00,0.332,,,,,,,,,,,
14-09-2019 14:00,0.313,,,,,,,,,,,
14-09-2019 15:00,0.302,,,,,,,,,,,
14-09-2019 16:00,0.372,,,,,,,,,,,
14-09-2019 17:00,0.433,,,,,,,,,,,
14-09-2019 18:00,0.415,,,,,,,,,,,
14-09-2019 19:00,0.358,,,,,,,,,,,
14-09-2019 20:00,0.368,,,,,,,,,,,
14-09-2019 21:00,0.379,,,,,,,,,,,
14-09-2019 22:00,0.381,,,,,,,,,,,
14-09-2019 23:00,0.431,,,,,,,,,,,
15-09-2019 00:00,0.403,,,,,,,,,,,
15-09-2019 01:00,0.328,,,,,,,,,,,
15-09-2019 02:00,0.362,,,,,,,,,,,
15-09-2019 03:00,0.4,,,,,,,,,,,
15-09-2019 04:00,0.414,,,,,,,,,,,
15-09-2019 05:00,0.441,,,,,,,,,,,
15-09-2019 06:00,0.476,,,,,,,,,,,
15-09-2019 07:00,0.506,,,,,,,,,,,
15-09-2019 08:00,0.538,,,,,,,,,,,
15-09-2019 09:00,0.556,,,,,,,,,,,
15-09-2019 10:00,0.53,,,,,,,,,,,
15-09-2019 11:00,0.466,,,,,,,,,,,
15-09-2019 12:00,0.484,,,,,,,,,,,
15-09-2019 13:00,0.645,,,,,,,,,,,
15-09-2019 14:00,0.578,,,,,,,,,,,
15-09-2019 15:00,0.591,,,,,,,,,,,
15-09-2019 16:00,0.649,,,,,,,,,,,
15-09-2019 17:00,0.655,,,,,,,,,,,
15-09-2019 18:00,0.635,,,,,,,,,,,
15-09-2019 19:00,0.658,,,,,,,,,,,
15-09-2019 20:00,0.69,,,,,,,,,,,
15-09-2019 21:00,0.701,,,,,,,,,,,
15-09-2019 22:00,0.703,,,,,,,,,,,
15-09-2019 23:00,0.695,,,,,,,,,,,
16-09-2019 00:00,0.659,,,,,,,,,,,
16-09-2019 01:00,0.551,,,,,,,,,,,
16-09-2019 02:00,0.49,,,,,,,,,,,
16-09-2019 03:00,0.437,,,,,,,,,,,
16-09-2019 04:00,0.367,,,,,,,,,,,
16-09-2019 05:00,0.391,,,,,,,,,,,
16-09-2019 06:00,0.41,,,,,,,,,,,
16-09-2019 07:00,0.403,,,,,,,,,,,
16-09-2019 08:00,0.386,,,,,,,,,,,
16-09-2019 09:00,0.338,,,,,,,,,,,
16-09-2019 10:00,0.247,,,,,,,,,,,
16-09-2019 11:00,0.159,,,,,,,,,,,
16-09-2019 12:00,0.161,,,,,,,,,,,
16-09-2019 13:00,0.238,,,,,,,,,,,
16-09-2019 14:00,0.266,,,,,,,,,,,
16-09-2019 15:00,0.272,,,,,,,,,,,
16-09-2019 16:00,0.261,,,,,,,,,,,
16-09-2019 17:00,0.264,,,,,,,,,,,
16-09-2019 18:00,0.272,,,,,,,,,,,
16-09-2019 19:00,0.279,,,,,,,,,,,
16-09-2019 20:00,0.283,,,,,,,,,,,
16-09-2019 21:00,0.264,,,,,,,,,,,
16-09-2019 22:00,0.256,,,,,,,,,,,
16-09-2019 23:00,0.22,,,,,,,,,,,
17-09-2019 00:00,0.17,,,,,,,,,,,
17-09-2019 01:00,0.111,,,,,,,,,,,
17-09-2019 02:00,0.083,,,,,,,,,,,
17-09-2019 03:00,0.082,,,,,,,,,,,
17-09-2019 04:00,0.08,,,,,,,,,,,
17-09-2019 05:00,0.067,,,,,,,,,,,
17-09-2019 06:00,0.063,,,,,,,,,,,
17-09-2019 07:00,0.068,,,,,,,,,,,
17-09-2019 08:00,0.068,,,,,,,,,,,
17-09-2019 09:00,0.083,,,,,,,,,,,
17-09-2019 10:00,0.121,,,,,,,,,,,
17-09-2019 11:00,0.188,,,,,,,,,,,
17-09-2019 12:00,0.29,,,,,,,,,,,
17-09-2019 13:00,0.355,,,,,,,,,,,
17-09-2019 14:00,0.367,,,,,,,,,,,
17-09-2019 15:00,0.35,,,,,,,,,,,
17-09-2019 16:00,0.341,,,,,,,,,,,
17-09-2019 17:00,0.343,,,,,,,,,,,
17-09-2019 18:00,0.343,,,,,,,,,,,
17-09-2019 19:00,0.333,,,,,,,,,,,
17-09-2019 20:00,0.341,,,,,,,,,,,
17-09-2019 21:00,0.343,,,,,,,,,,,
17-09-2019 22:00,0.416,,,,,,,,,,,
17-09-2019 23:00,0.39,,,,,,,,,,,
18-09-2019 00:00,0.358,,,,,,,,,,,
18-09-2019 01:00,0.313,,,,,,,,,,,
18-09-2019 02:00,0.216,,,,,,,,,,,
18-09-2019 03:00,0.233,,,,,,,,,,,
18-09-2019 04:00,0.372,,,,,,,,,,,
18-09-2019 05:00,0.424,,,,,,,,,,,
18-09-2019 06:00,0.371,,,,,,,,,,,
18-09-2019 07:00,0.273,,,,,,,,,,,
18-09-2019 08:00,0.184,,,,,,,,,,,
18-09-2019 09:00,0.107,,,,,,,,,,,
18-09-2019 10:00,0.084,,,,,,,,,,,
18-09-2019 11:00,0.087,,,,,,,,,,,
18-09-2019 12:00,0.1,,,,,,,,,,,
18-09-2019 13:00,0.141,,,,,,,,,,,
18-09-2019 14:00,0.157,,,,,,,,,,,
18-09-2019 15:00,0.162,,,,,,,,,,,
18-09-2019 16:00,0.149,,,,,,,,,,,
18-09-2019 17:00,0.14,,,,,,,,,,,
18-09-2019 18:00,0.13,,,,,,,,,,,
18-09-2019 19:00,0.124,,,,,,,,,,,
18-09-2019 20:00,0.129,,,,,,,,,,,
18-09-2019 21:00,0.136,,,,,,,,,,,
18-09-2019 22:00,0.146,,,,,,,,,,,
18-09-2019 23:00,0.152,,,,,,,,,,,
19-09-2019 00:00,0.147,,,,,,,,,,,
19-09-2019 01:00,0.108,,,,,,,,,,,
19-09-2019 02:00,0.112,,,,,,,,,,,
19-09-2019 03:00,0.206,,,,,,,,,,,
19-09-2019 04:00,0.255,,,,,,,,,,,
19-09-2019 05:00,0.216,,,,,,,,,,,
19-09-2019 06:00,0.187,,,,,,,,,,,
19-09-2019 07:00,0.157,,,,,,,,,,,
19-09-2019 08:00,0.13,,,,,,,,,,,
19-09-2019 09:00,0.101,,,,,,,,,,,
19-09-2019 10:00,0.084,,,,,,,,,,,
19-09-2019 11:00,0.086,,,,,,,,,,,
19-09-2019 12:00,0.087,,,,,,,,,,,
19-09-2019 13:00,0.1,,,,,,,,,,,
19-09-2019 14:00,0.114,,,,,,,,,,,
19-09-2019 15:00,0.141,,,,,,,,,,,
19-09-2019 16:00,0.173,,,,,,,,,,,
19-09-2019 17:00,0.192,,,,,,,,,,,
19-09-2019 18:00,0.188,,,,,,,,,,,
19-09-2019 19:00,0.163,,,,,,,,,,,
19-09-2019 20:00,0.153,,,,,,,,,,,
19-09-2019 21:00,0.144,,,,,,,,,,,
19-09-2019 22:00,0.133,,,,,,,,,,,
19-09-2019 23:00,0.122,,,,,,,,,,,
20-09-2019 00:00,0.092,,,,,,,,,,,
20-09-2019 01:00,0.068,,,,,,,,,,,
20-09-2019 02:00,0.118,,,,,,,,,,,
20-09-2019 03:00,0.252,,,,,,,,,,,
20-09-2019 04:00,0.279,,,,,,,,,,,
20-09-2019 05:00,0.223,,,,,,,,,,,
20-09-2019 06:00,0.136,,,,,,,,,,,
20-09-2019 07:00,0.092,,,,,,,,,,,
20-09-2019 08:00,0.088,,,,,,,,,,,
20-09-2019 09:00,0.078,,,,,,,,,,,
20-09-2019 10:00,0.068,,,,,,,,,,,
20-09-2019 11:00,0.063,,,,,,,,,,,
20-09-2019 12:00,0.071,,,,,,,,,,,
20-09-2019 13:00,0.101,,,,,,,,,,,
20-09-2019 14:00,0.124,,,,,,,,,,,
20-09-2019 15:00,0.151,,,,,,,,,,,
20-09-2019 16:00,0.179,,,,,,,,,,,
20-09-2019 17:00,0.191,,,,,,,,,,,
20-09-2019 18:00,0.188,,,,,,,,,,,
20-09-2019 19:00,0.181,,,,,,,,,,,
20-09-2019 20:00,0.2,,,,,,,,,,,
20-09-2019 21:00,0.207,,,,,,,,,,,
20-09-2019 22:00,0.2,,,,,,,,,,,
20-09-2019 23:00,0.202,,,,,,,,,,,
21-09-2019 00:00,0.199,,,,,,,,,,,
21-09-2019 01:00,0.155,,,,,,,,,,,
21-09-2019 02:00,0.139,,,,,,,,,,,
21-09-2019 03:00,0.171,,,,,,,,,,,
21-09-2019 04:00,0.144,,,,,,,,,,,
21-09-2019 05:00,0.099,,,,,,,,,,,
21-09-2019 06:00,0.066,,,,,,,,,,,
21-09-2019 07:00,0.041,,,,,,,,,,,
21-09-2019 08:00,0.025,,,,,,,,,,,
21-09-2019 09:00,0.014,,,,,,,,,,,
21-09-2019 10:00,0.01,,,,,,,,,,,
21-09-2019 11:00,0.008,,,,,,,,,,,
21-09-2019 12:00,0.007,,,,,,,,,,,
21-09-2019 13:00,0.005,,,,,,,,,,,
21-09-2019 14:00,0.003,,,,,,,,,,,
21-09-2019 15:00,0.002,,,,,,,,,,,
21-09-2019 16:00,0.001,,,,,,,,,,,
21-09-2019 17:00,0.001,,,,,,,,,,,
21-09-2019 18:00,0,,,,,,,,,,,
21-09-2019 19:00,0,,,,,,,,,,,
21-09-2019 20:00,0,,,,,,,,,,,
21-09-2019 21:00,0.004,,,,,,,,,,,
21-09-2019 22:00,0.026,,,,,,,,,,,
21-09-2019 23:00,0.112,,,,,,,,,,,
22-09-2019 00:00,0.204,,,,,,,,,,,
22-09-2019 01:00,0.187,,,,,,,,,,,
22-09-2019 02:00,0.144,,,,,,,,,,,
22-09-2019 03:00,0.161,,,,,,,,,,,
22-09-2019 04:00,0.113,,,,,,,,,,,
22-09-2019 05:00,0.073,,,,,,,,,,,
22-09-2019 06:00,0.054,,,,,,,,,,,
22-09-2019 07:00,0.038,,,,,,,,,,,
22-09-2019 08:00,0.019,,,,,,,,,,,
22-09-2019 09:00,0.007,,,,,,,,,,,
22-09-2019 10:00,0.003,,,,,,,,,,,
22-09-2019 11:00,0.004,,,,,,,,,,,
22-09-2019 12:00,0.012,,,,,,,,,,,
22-09-2019 13:00,0.028,,,,,,,,,,,
22-09-2019 14:00,0.041,,,,,,,,,,,
22-09-2019 15:00,0.055,,,,,,,,,,,
22-09-2019 16:00,0.064,,,,,,,,,,,
22-09-2019 17:00,0.065,,,,,,,,,,,
22-09-2019 18:00,0.068,,,,,,,,,,,
22-09-2019 19:00,0.069,,,,,,,,,,,
22-09-2019 20:00,0.062,,,,,,,,,,,
22-09-2019 21:00,0.054,,,,,,,,,,,
22-09-2019 22:00,0.05,,,,,,,,,,,
22-09-2019 23:00,0.052,,,,,,,,,,,
23-09-2019 00:00,0.062,,,,,,,,,,,
23-09-2019 01:00,0.065,,,,,,,,,,,
23-09-2019 02:00,0.043,,,,,,,,,,,
23-09-2019 03:00,0.029,,,,,,,,,,,
23-09-2019 04:00,0.014,,,,,,,,,,,
23-09-2019 05:00,0.003,,,,,,,,,,,
23-09-2019 06:00,0,,,,,,,,,,,
23-09-2019 07:00,0,,,,,,,,,,,
23-09-2019 08:00,0,,,,,,,,,,,
23-09-2019 09:00,0,,,,,,,,,,,
23-09-2019 10:00,0,,,,,,,,,,,
23-09-2019 11:00,0,,,,,,,,,,,
23-09-2019 12:00,0,,,,,,,,,,,
23-09-2019 13:00,0.002,,,,,,,,,,,
23-09-2019 14:00,0.008,,,,,,,,,,,
23-09-2019 15:00,0.024,,,,,,,,,,,
23-09-2019 16:00,0.043,,,,,,,,,,,
23-09-2019 17:00,0.041,,,,,,,,,,,
23-09-2019 18:00,0.029,,,,,,,,,,,
23-09-2019 19:00,0.034,,,,,,,,,,,
23-09-2019 20:00,0.054,,,,,,,,,,,
23-09-2019 21:00,0.061,,,,,,,,,,,
23-09-2019 22:00,0.059,,,,,,,,,,,
23-09-2019 23:00,0.062,,,,,,,,,,,
24-09-2019 00:00,0.073,,,,,,,,,,,
24-09-2019 01:00,0.067,,,,,,,,,,,
24-09-2019 02:00,0.053,,,,,,,,,,,
24-09-2019 03:00,0.069,,,,,,,,,,,
24-09-2019 04:00,0.067,,,,,,,,,,,
24-09-2019 05:00,0.058,,,,,,,,,,,
24-09-2019 06:00,0.05,,,,,,,,,,,
24-09-2019 07:00,0.043,,,,,,,,,,,
24-09-2019 08:00,0.041,,,,,,,,,,,
24-09-2019 09:00,0.04,,,,,,,,,,,
24-09-2019 10:00,0.042,,,,,,,,,,,
24-09-2019 11:00,0.048,,,,,,,,,,,
24-09-2019 12:00,0.054,,,,,,,,,,,
24-09-2019 13:00,0.053,,,,,,,,,,,
24-09-2019 14:00,0.051,,,,,,,,,,,
24-09-2019 15:00,0.056,,,,,,,,,,,
24-09-2019 16:00,0.07,,,,,,,,,,,
24-09-2019 17:00,0.105,,,,,,,,,,,
24-09-2019 18:00,0.151,,,,,,,,,,,
24-09-2019 19:00,0.157,,,,,,,,,,,
24-09-2019 20:00,0.131,,,,,,,,,,,
24-09-2019 21:00,0.088,,,,,,,,,,,
24-09-2019 22:00,0.056,,,,,,,,,,,
24-09-2019 23:00,0.046,,,,,,,,,,,
25-09-2019 00:00,0.056,,,,,,,,,,,
25-09-2019 01:00,0.056,,,,,,,,,,,
25-09-2019 02:00,0.062,,,,,,,,,,,
25-09-2019 03:00,0.095,,,,,,,,,,,
25-09-2019 04:00,0.093,,,,,,,,,,,
25-09-2019 05:00,0.081,,,,,,,,,,,
25-09-2019 06:00,0.065,,,,,,,,,,,
25-09-2019 07:00,0.052,,,,,,,,,,,
25-09-2019 08:00,0.045,,,,,,,,,,,
25-09-2019 09:00,0.038,,,,,,,,,,,
25-09-2019 10:00,0.034,,,,,,,,,,,
25-09-2019 11:00,0.036,,,,,,,,,,,
25-09-2019 12:00,0.048,,,,,,,,,,,
25-09-2019 13:00,0.082,,,,,,,,,,,
25-09-2019 14:00,0.114,,,,,,,,,,,
25-09-2019 15:00,0.128,,,,,,,,,,,
25-09-2019 16:00,0.131,,,,,,,,,,,
25-09-2019 17:00,0.138,,,,,,,,,,,
25-09-2019 18:00,0.176,,,,,,,,,,,
25-09-2019 19:00,0.248,,,,,,,,,,,
25-09-2019 20:00,0.261,,,,,,,,,,,
25-09-2019 21:00,0.241,,,,,,,,,,,
25-09-2019 22:00,0.219,,,,,,,,,,,
25-09-2019 23:00,0.229,,,,,,,,,,,
26-09-2019 00:00,0.364,,,,,,,,,,,
26-09-2019 01:00,0.374,,,,,,,,,,,
26-09-2019 02:00,0.492,,,,,,,,,,,
26-09-2019 03:00,0.568,,,,,,,,,,,
26-09-2019 04:00,0.583,,,,,,,,,,,
26-09-2019 05:00,0.538,,,,,,,,,,,
26-09-2019 06:00,0.435,,,,,,,,,,,
26-09-2019 07:00,0.338,,,,,,,,,,,
26-09-2019 08:00,0.268,,,,,,,,,,,
26-09-2019 09:00,0.207,,,,,,,,,,,
26-09-2019 10:00,0.156,,,,,,,,,,,
26-09-2019 11:00,0.121,,,,,,,,,,,
26-09-2019 12:00,0.113,,,,,,,,,,,
26-09-2019 13:00,0.153,,,,,,,,,,,
26-09-2019 14:00,0.19,,,,,,,,,,,
26-09-2019 15:00,0.227,,,,,,,,,,,
26-09-2019 16:00,0.255,,,,,,,,,,,
26-09-2019 17:00,0.286,,,,,,,,,,,
26-09-2019 18:00,0.327,,,,,,,,,,,
26-09-2019 19:00,0.374,,,,,,,,,,,
26-09-2019 20:00,0.423,,,,,,,,,,,
26-09-2019 21:00,0.479,,,,,,,,,,,
26-09-2019 22:00,0.459,,,,,,,,,,,
26-09-2019 23:00,0.432,,,,,,,,,,,
27-09-2019 00:00,0.405,,,,,,,,,,,
27-09-2019 01:00,0.351,,,,,,,,,,,
27-09-2019 02:00,0.4,,,,,,,,,,,
27-09-2019 03:00,0.596,,,,,,,,,,,
27-09-2019 04:00,0.636,,,,,,,,,,,
27-09-2019 05:00,0.613,,,,,,,,,,,
27-09-2019 06:00,0.565,,,,,,,,,,,
27-09-2019 07:00,0.484,,,,,,,,,,,
27-09-2019 08:00,0.389,,,,,,,,,,,
27-09-2019 09:00,0.274,,,,,,,,,,,
27-09-2019 10:00,0.164,,,,,,,,,,,
27-09-2019 11:00,0.104,,,,,,,,,,,
27-09-2019 12:00,0.105,,,,,,,,,,,
27-09-2019 13:00,0.154,,,,,,,,,,,
27-09-2019 14:00,0.201,,,,,,,,,,,
27-09-2019 15:00,0.236,,,,,,,,,,,
27-09-2019 16:00,0.267,,,,,,,,,,,
27-09-2019 17:00,0.289,,,,,,,,,,,
27-09-2019 18:00,0.302,,,,,,,,,,,
27-09-2019 19:00,0.296,,,,,,,,,,,
27-09-2019 20:00,0.283,,,,,,,,,,,
27-09-2019 21:00,0.256,,,,,,,,,,,
27-09-2019 22:00,0.222,,,,,,,,,,,
27-09-2019 23:00,0.192,,,,,,,,,,,
28-09-2019 00:00,0.171,,,,,,,,,,,
28-09-2019 01:00,0.144,,,,,,,,,,,
28-09-2019 02:00,0.103,,,,,,,,,,,
28-09-2019 03:00,0.137,,,,,,,,,,,
28-09-2019 04:00,0.261,,,,,,,,,,,
28-09-2019 05:00,0.374,,,,,,,,,,,
28-09-2019 06:00,0.463,,,,,,,,,,,
28-09-2019 07:00,0.503,,,,,,,,,,,
28-09-2019 08:00,0.455,,,,,,,,,,,
28-09-2019 09:00,0.344,,,,,,,,,,,
28-09-2019 10:00,0.241,,,,,,,,,,,
28-09-2019 11:00,0.198,,,,,,,,,,,
28-09-2019 12:00,0.253,,,,,,,,,,,
28-09-2019 13:00,0.337,,,,,,,,,,,
28-09-2019 14:00,0.358,,,,,,,,,,,
28-09-2019 15:00,0.354,,,,,,,,,,,
28-09-2019 16:00,0.355,,,,,,,,,,,
28-09-2019 17:00,0.341,,,,,,,,,,,
28-09-2019 18:00,0.301,,,,,,,,,,,
28-09-2019 19:00,0.282,,,,,,,,,,,
28-09-2019 20:00,0.261,,,,,,,,,,,
28-09-2019 21:00,0.24,,,,,,,,,,,
28-09-2019 22:00,0.245,,,,,,,,,,,
28-09-2019 23:00,0.245,,,,,,,,,,,
29-09-2019 00:00,0.22,,,,,,,,,,,
29-09-2019 01:00,0.167,,,,,,,,,,,
29-09-2019 02:00,0.154,,,,,,,,,,,
29-09-2019 03:00,0.231,,,,,,,,,,,
29-09-2019 04:00,0.233,,,,,,,,,,,
29-09-2019 05:00,0.234,,,,,,,,,,,
29-09-2019 06:00,0.261,,,,,,,,,,,
29-09-2019 07:00,0.3,,,,,,,,,,,
29-09-2019 08:00,0.322,,,,,,,,,,,
29-09-2019 09:00,0.291,,,,,,,,,,,
29-09-2019 10:00,0.216,,,,,,,,,,,
29-09-2019 11:00,0.144,,,,,,,,,,,
29-09-2019 12:00,0.085,,,,,,,,,,,
29-09-2019 13:00,0.062,,,,,,,,,,,
29-09-2019 14:00,0.039,,,,,,,,,,,
29-09-2019 15:00,0.03,,,,,,,,,,,
29-09-2019 16:00,0.028,,,,,,,,,,,
29-09-2019 17:00,0.031,,,,,,,,,,,
29-09-2019 18:00,0.033,,,,,,,,,,,
29-09-2019 19:00,0.035,,,,,,,,,,,
29-09-2019 20:00,0.036,,,,,,,,,,,
29-09-2019 21:00,0.037,,,,,,,,,,,
29-09-2019 22:00,0.04,,,,,,,,,,,
29-09-2019 23:00,0.042,,,,,,,,,,,
30-09-2019 00:00,0.047,,,,,,,,,,,
30-09-2019 01:00,0.042,,,,,,,,,,,
30-09-2019 02:00,0.051,,,,,,,,,,,
30-09-2019 03:00,0.093,,,,,,,,,,,
30-09-2019 04:00,0.12,,,,,,,,,,,
30-09-2019 05:00,0.13,,,,,,,,,,,
30-09-2019 06:00,0.126,,,,,,,,,,,
30-09-2019 07:00,0.117,,,,,,,,,,,
30-09-2019 08:00,0.112,,,,,,,,,,,
30-09-2019 09:00,0.094,,,,,,,,,,,
30-09-2019 10:00,0.071,,,,,,,,,,,
30-09-2019 11:00,0.06,,,,,,,,,,,
30-09-2019 12:00,0.047,,,,,,,,,,,
30-09-2019 13:00,0.036,,,,,,,,,,,
30-09-2019 14:00,0.026,,,,,,,,,,,
30-09-2019 15:00,0.03,,,,,,,,,,,
30-09-2019 16:00,0.057,,,,,,,,,,,
30-09-2019 17:00,0.084,,,,,,,,,,,
30-09-2019 18:00,0.098,,,,,,,,,,,
30-09-2019 19:00,0.112,,,,,,,,,,,
30-09-2019 20:00,0.124,,,,,,,,,,,
30-09-2019 21:00,0.133,,,,,,,,,,,
30-09-2019 22:00,0.139,,,,,,,,,,,
30-09-2019 23:00,0.158,,,,,,,,,,,
01-10-2019 00:00,0.177,,,,,,,,,,,
01-10-2019 01:00,0.151,,,,,,,,,,,
01-10-2019 02:00,0.149,,,,,,,,,,,
01-10-2019 03:00,0.225,,,,,,,,,,,
01-10-2019 04:00,0.27,,,,,,,,,,,
01-10-2019 05:00,0.274,,,,,,,,,,,
01-10-2019 06:00,0.267,,,,,,,,,,,
01-10-2019 07:00,0.262,,,,,,,,,,,
01-10-2019 08:00,0.258,,,,,,,,,,,
01-10-2019 09:00,0.233,,,,,,,,,,,
01-10-2019 10:00,0.2,,,,,,,,,,,
01-10-2019 11:00,0.176,,,,,,,,,,,
01-10-2019 12:00,0.195,,,,,,,,,,,
01-10-2019 13:00,0.304,,,,,,,,,,,
01-10-2019 14:00,0.391,,,,,,,,,,,
01-10-2019 15:00,0.455,,,,,,,,,,,
01-10-2019 16:00,0.505,,,,,,,,,,,
01-10-2019 17:00,0.54,,,,,,,,,,,
01-10-2019 18:00,0.556,,,,,,,,,,,
01-10-2019 19:00,0.504,,,,,,,,,,,
01-10-2019 20:00,0.43,,,,,,,,,,,
01-10-2019 21:00,0.407,,,,,,,,,,,
01-10-2019 22:00,0.382,,,,,,,,,,,
01-10-2019 23:00,0.328,,,,,,,,,,,
02-10-2019 00:00,0.317,,,,,,,,,,,
02-10-2019 01:00,0.278,,,,,,,,,,,
02-10-2019 02:00,0.361,,,,,,,,,,,
02-10-2019 03:00,0.484,,,,,,,,,,,
02-10-2019 04:00,0.522,,,,,,,,,,,
02-10-2019 05:00,0.517,,,,,,,,,,,
02-10-2019 06:00,0.484,,,,,,,,,,,
02-10-2019 07:00,0.442,,,,,,,,,,,
02-10-2019 08:00,0.401,,,,,,,,,,,
02-10-2019 09:00,0.346,,,,,,,,,,,
02-10-2019 10:00,0.278,,,,,,,,,,,
02-10-2019 11:00,0.184,,,,,,,,,,,
02-10-2019 12:00,0.133,,,,,,,,,,,
02-10-2019 13:00,0.106,,,,,,,,,,,
02-10-2019 14:00,0.072,,,,,,,,,,,
02-10-2019 15:00,0.036,,,,,,,,,,,
02-10-2019 16:00,0.014,,,,,,,,,,,
02-10-2019 17:00,0.008,,,,,,,,,,,
02-10-2019 18:00,0.009,,,,,,,,,,,
02-10-2019 19:00,0.014,,,,,,,,,,,
02-10-2019 20:00,0.021,,,,,,,,,,,
02-10-2019 21:00,0.032,,,,,,,,,,,
02-10-2019 22:00,0.048,,,,,,,,,,,
02-10-2019 23:00,0.063,,,,,,,,,,,
03-10-2019 00:00,0.077,,,,,,,,,,,
03-10-2019 01:00,0.065,,,,,,,,,,,
03-10-2019 02:00,0.045,,,,,,,,,,,
03-10-2019 03:00,0.066,,,,,,,,,,,
03-10-2019 04:00,0.063,,,,,,,,,,,
03-10-2019 05:00,0.052,,,,,,,,,,,
03-10-2019 06:00,0.042,,,,,,,,,,,
03-10-2019 07:00,0.036,,,,,,,,,,,
03-10-2019 08:00,0.034,,,,,,,,,,,
03-10-2019 09:00,0.03,,,,,,,,,,,
03-10-2019 10:00,0.022,,,,,,,,,,,
03-10-2019 11:00,0.012,,,,,,,,,,,
03-10-2019 12:00,0.006,,,,,,,,,,,
03-10-2019 13:00,0.002,,,,,,,,,,,
03-10-2019 14:00,0,,,,,,,,,,,
03-10-2019 15:00,0,,,,,,,,,,,
03-10-2019 16:00,0,,,,,,,,,,,
03-10-2019 17:00,0,,,,,,,,,,,
03-10-2019 18:00,0,,,,,,,,,,,
03-10-2019 19:00,0,,,,,,,,,,,
03-10-2019 20:00,0,,,,,,,,,,,
03-10-2019 21:00,0,,,,,,,,,,,
03-10-2019 22:00,0.002,,,,,,,,,,,
03-10-2019 23:00,0.004,,,,,,,,,,,
04-10-2019 00:00,0.005,,,,,,,,,,,
04-10-2019 01:00,0.003,,,,,,,,,,,
04-10-2019 02:00,0.003,,,,,,,,,,,
04-10-2019 03:00,0.013,,,,,,,,,,,
04-10-2019 04:00,0.015,,,,,,,,,,,
04-10-2019 05:00,0.015,,,,,,,,,,,
04-10-2019 06:00,0.016,,,,,,,,,,,
04-10-2019 07:00,0.019,,,,,,,,,,,
04-10-2019 08:00,0.025,,,,,,,,,,,
04-10-2019 09:00,0.029,,,,,,,,,,,
04-10-2019 10:00,0.029,,,,,,,,,,,
04-10-2019 11:00,0.03,,,,,,,,,,,
04-10-2019 12:00,0.034,,,,,,,,,,,
04-10-2019 13:00,0.034,,,,,,,,,,,
04-10-2019 14:00,0.025,,,,,,,,,,,
04-10-2019 15:00,0.013,,,,,,,,,,,
04-10-2019 16:00,0.006,,,,,,,,,,,
04-10-2019 17:00,0.004,,,,,,,,,,,
04-10-2019 18:00,0.004,,,,,,,,,,,
04-10-2019 19:00,0.005,,,,,,,,,,,
04-10-2019 20:00,0.006,,,,,,,,,,,
04-10-2019 21:00,0.003,,,,,,,,,,,
04-10-2019 22:00,0.001,,,,,,,,,,,
04-10-2019 23:00,0,,,,,,,,,,,
05-10-2019 00:00,0,,,,,,,,,,,
05-10-2019 01:00,0,,,,,,,,,,,
05-10-2019 02:00,0,,,,,,,,,,,
05-10-2019 03:00,0.001,,,,,,,,,,,
05-10-2019 04:00,0.002,,,,,,,,,,,
05-10-2019 05:00,0.002,,,,,,,,,,,
05-10-2019 06:00,0.002,,,,,,,,,,,
05-10-2019 07:00,0.003,,,,,,,,,,,
05-10-2019 08:00,0.004,,,,,,,,,,,
05-10-2019 09:00,0.006,,,,,,,,,,,
05-10-2019 10:00,0.01,,,,,,,,,,,
05-10-2019 11:00,0.015,,,,,,,,,,,
05-10-2019 12:00,0.023,,,,,,,,,,,
05-10-2019 13:00,0.032,,,,,,,,,,,
05-10-2019 14:00,0.035,,,,,,,,,,,
05-10-2019 15:00,0.027,,,,,,,,,,,
05-10-2019 16:00,0.014,,,,,,,,,,,
05-10-2019 17:00,0.006,,,,,,,,,,,
05-10-2019 18:00,0.003,,,,,,,,,,,
05-10-2019 19:00,0.001,,,,,,,,,,,
05-10-2019 20:00,0.001,,,,,,,,,,,
05-10-2019 21:00,0.001,,,,,,,,,,,
05-10-2019 22:00,0.001,,,,,,,,,,,
05-10-2019 23:00,0.001,,,,,,,,,,,
06-10-2019 00:00,0.002,,,,,,,,,,,
06-10-2019 01:00,0.005,,,,,,,,,,,
06-10-2019 02:00,0.003,,,,,,,,,,,
06-10-2019 03:00,0.001,,,,,,,,,,,
06-10-2019 04:00,0.001,,,,,,,,,,,
06-10-2019 05:00,0.001,,,,,,,,,,,
06-10-2019 06:00,0,,,,,,,,,,,
06-10-2019 07:00,0,,,,,,,,,,,
06-10-2019 08:00,0,,,,,,,,,,,
06-10-2019 09:00,0,,,,,,,,,,,
06-10-2019 10:00,0,,,,,,,,,,,
06-10-2019 11:00,0.001,,,,,,,,,,,
06-10-2019 12:00,0.002,,,,,,,,,,,
06-10-2019 13:00,0.008,,,,,,,,,,,
06-10-2019 14:00,0.017,,,,,,,,,,,
06-10-2019 15:00,0.024,,,,,,,,,,,
06-10-2019 16:00,0.022,,,,,,,,,,,
06-10-2019 17:00,0.015,,,,,,,,,,,
06-10-2019 18:00,0.007,,,,,,,,,,,
06-10-2019 19:00,0.003,,,,,,,,,,,
06-10-2019 20:00,0.002,,,,,,,,,,,
06-10-2019 21:00,0.001,,,,,,,,,,,
06-10-2019 22:00,0.002,,,,,,,,,,,
06-10-2019 23:00,0.002,,,,,,,,,,,
07-10-2019 00:00,0.004,,,,,,,,,,,
07-10-2019 01:00,0.006,,,,,,,,,,,
07-10-2019 02:00,0.002,,,,,,,,,,,
07-10-2019 03:00,0.002,,,,,,,,,,,
07-10-2019 04:00,0.002,,,,,,,,,,,
07-10-2019 05:00,0.005,,,,,,,,,,,
07-10-2019 06:00,0.011,,,,,,,,,,,
07-10-2019 07:00,0.017,,,,,,,,,,,
07-10-2019 08:00,0.024,,,,,,,,,,,
07-10-2019 09:00,0.03,,,,,,,,,,,
07-10-2019 10:00,0.036,,,,,,,,,,,
07-10-2019 11:00,0.041,,,,,,,,,,,
07-10-2019 12:00,0.041,,,,,,,,,,,
07-10-2019 13:00,0.041,,,,,,,,,,,
07-10-2019 14:00,0.04,,,,,,,,,,,
07-10-2019 15:00,0.043,,,,,,,,,,,
07-10-2019 16:00,0.046,,,,,,,,,,,
07-10-2019 17:00,0.051,,,,,,,,,,,
07-10-2019 18:00,0.058,,,,,,,,,,,
07-10-2019 19:00,0.068,,,,,,,,,,,
07-10-2019 20:00,0.086,,,,,,,,,,,
07-10-2019 21:00,0.108,,,,,,,,,,,
07-10-2019 22:00,0.13,,,,,,,,,,,
07-10-2019 23:00,0.144,,,,,,,,,,,
08-10-2019 00:00,0.158,,,,,,,,,,,
08-10-2019 01:00,0.124,,,,,,,,,,,
08-10-2019 02:00,0.09,,,,,,,,,,,
08-10-2019 03:00,0.103,,,,,,,,,,,
08-10-2019 04:00,0.074,,,,,,,,,,,
08-10-2019 05:00,0.061,,,,,,,,,,,
08-10-2019 06:00,0.056,,,,,,,,,,,
08-10-2019 07:00,0.052,,,,,,,,,,,
08-10-2019 08:00,0.048,,,,,,,,,,,
08-10-2019 09:00,0.047,,,,,,,,,,,
08-10-2019 10:00,0.052,,,,,,,,,,,
08-10-2019 11:00,0.062,,,,,,,,,,,
08-10-2019 12:00,0.076,,,,,,,,,,,
08-10-2019 13:00,0.085,,,,,,,,,,,
08-10-2019 14:00,0.083,,,,,,,,,,,
08-10-2019 15:00,0.084,,,,,,,,,,,
08-10-2019 16:00,0.085,,,,,,,,,,,
08-10-2019 17:00,0.084,,,,,,,,,,,
08-10-2019 18:00,0.08,,,,,,,,,,,
08-10-2019 19:00,0.077,,,,,,,,,,,
08-10-2019 20:00,0.077,,,,,,,,,,,
08-10-2019 21:00,0.079,,,,,,,,,,,
08-10-2019 22:00,0.083,,,,,,,,,,,
08-10-2019 23:00,0.094,,,,,,,,,,,
09-10-2019 00:00,0.112,,,,,,,,,,,
09-10-2019 01:00,0.115,,,,,,,,,,,
09-10-2019 02:00,0.05,,,,,,,,,,,
09-10-2019 03:00,0.071,,,,,,,,,,,
09-10-2019 04:00,0.06,,,,,,,,,,,
09-10-2019 05:00,0.035,,,,,,,,,,,
09-10-2019 06:00,0.017,,,,,,,,,,,
09-10-2019 07:00,0.007,,,,,,,,,,,
09-10-2019 08:00,0.003,,,,,,,,,,,
09-10-2019 09:00,0.003,,,,,,,,,,,
09-10-2019 10:00,0.008,,,,,,,,,,,
09-10-2019 11:00,0.02,,,,,,,,,,,
09-10-2019 12:00,0.046,,,,,,,,,,,
09-10-2019 13:00,0.074,,,,,,,,,,,
09-10-2019 14:00,0.087,,,,,,,,,,,
09-10-2019 15:00,0.081,,,,,,,,,,,
09-10-2019 16:00,0.068,,,,,,,,,,,
09-10-2019 17:00,0.054,,,,,,,,,,,
09-10-2019 18:00,0.043,,,,,,,,,,,
09-10-2019 19:00,0.035,,,,,,,,,,,
09-10-2019 20:00,0.027,,,,,,,,,,,
09-10-2019 21:00,0.024,,,,,,,,,,,
09-10-2019 22:00,0.025,,,,,,,,,,,
09-10-2019 23:00,0.029,,,,,,,,,,,
10-10-2019 00:00,0.037,,,,,,,,,,,
10-10-2019 01:00,0.043,,,,,,,,,,,
10-10-2019 02:00,0.016,,,,,,,,,,,
10-10-2019 03:00,0.017,,,,,,,,,,,
10-10-2019 04:00,0.015,,,,,,,,,,,
10-10-2019 05:00,0.012,,,,,,,,,,,
10-10-2019 06:00,0.008,,,,,,,,,,,
10-10-2019 07:00,0.005,,,,,,,,,,,
10-10-2019 08:00,0.004,,,,,,,,,,,
10-10-2019 09:00,0.008,,,,,,,,,,,
10-10-2019 10:00,0.02,,,,,,,,,,,
10-10-2019 11:00,0.038,,,,,,,,,,,
10-10-2019 12:00,0.055,,,,,,,,,,,
10-10-2019 13:00,0.064,,,,,,,,,,,
10-10-2019 14:00,0.06,,,,,,,,,,,
10-10-2019 15:00,0.045,,,,,,,,,,,
10-10-2019 16:00,0.036,,,,,,,,,,,
10-10-2019 17:00,0.037,,,,,,,,,,,
10-10-2019 18:00,0.039,,,,,,,,,,,
10-10-2019 19:00,0.039,,,,,,,,,,,
10-10-2019 20:00,0.043,,,,,,,,,,,
10-10-2019 21:00,0.046,,,,,,,,,,,
10-10-2019 22:00,0.036,,,,,,,,,,,
10-10-2019 23:00,0.023,,,,,,,,,,,
11-10-2019 00:00,0.015,,,,,,,,,,,
11-10-2019 01:00,0.013,,,,,,,,,,,
11-10-2019 02:00,0.004,,,,,,,,,,,
11-10-2019 03:00,0.001,,,,,,,,,,,
11-10-2019 04:00,0.001,,,,,,,,,,,
11-10-2019 05:00,0.002,,,,,,,,,,,
11-10-2019 06:00,0.001,,,,,,,,,,,
11-10-2019 07:00,0,,,,,,,,,,,
11-10-2019 08:00,0,,,,,,,,,,,
11-10-2019 09:00,0,,,,,,,,,,,
11-10-2019 10:00,0,,,,,,,,,,,
11-10-2019 11:00,0,,,,,,,,,,,
11-10-2019 12:00,0.001,,,,,,,,,,,
11-10-2019 13:00,0.007,,,,,,,,,,,
11-10-2019 14:00,0.02,,,,,,,,,,,
11-10-2019 15:00,0.033,,,,,,,,,,,
11-10-2019 16:00,0.044,,,,,,,,,,,
11-10-2019 17:00,0.054,,,,,,,,,,,
11-10-2019 18:00,0.06,,,,,,,,,,,
11-10-2019 19:00,0.058,,,,,,,,,,,
11-10-2019 20:00,0.054,,,,,,,,,,,
11-10-2019 21:00,0.042,,,,,,,,,,,
11-10-2019 22:00,0.028,,,,,,,,,,,
11-10-2019 23:00,0.02,,,,,,,,,,,
12-10-2019 00:00,0.017,,,,,,,,,,,
12-10-2019 01:00,0.015,,,,,,,,,,,
12-10-2019 02:00,0.004,,,,,,,,,,,
12-10-2019 03:00,0.001,,,,,,,,,,,
12-10-2019 04:00,0,,,,,,,,,,,
12-10-2019 05:00,0,,,,,,,,,,,
12-10-2019 06:00,0,,,,,,,,,,,
12-10-2019 07:00,0,,,,,,,,,,,
12-10-2019 08:00,0.001,,,,,,,,,,,
12-10-2019 09:00,0.002,,,,,,,,,,,
12-10-2019 10:00,0.005,,,,,,,,,,,
12-10-2019 11:00,0.009,,,,,,,,,,,
12-10-2019 12:00,0.012,,,,,,,,,,,
12-10-2019 13:00,0.015,,,,,,,,,,,
12-10-2019 14:00,0.015,,,,,,,,,,,
12-10-2019 15:00,0.013,,,,,,,,,,,
12-10-2019 16:00,0.01,,,,,,,,,,,
12-10-2019 17:00,0.008,,,,,,,,,,,
12-10-2019 18:00,0.007,,,,,,,,,,,
12-10-2019 19:00,0.005,,,,,,,,,,,
12-10-2019 20:00,0.003,,,,,,,,,,,
12-10-2019 21:00,0.002,,,,,,,,,,,
12-10-2019 22:00,0.001,,,,,,,,,,,
12-10-2019 23:00,0,,,,,,,,,,,
13-10-2019 00:00,0,,,,,,,,,,,
13-10-2019 01:00,0,,,,,,,,,,,
13-10-2019 02:00,0,,,,,,,,,,,
13-10-2019 03:00,0,,,,,,,,,,,
13-10-2019 04:00,0,,,,,,,,,,,
13-10-2019 05:00,0,,,,,,,,,,,
13-10-2019 06:00,0,,,,,,,,,,,
13-10-2019 07:00,0,,,,,,,,,,,
13-10-2019 08:00,0.001,,,,,,,,,,,
13-10-2019 09:00,0.006,,,,,,,,,,,
13-10-2019 10:00,0.018,,,,,,,,,,,
13-10-2019 11:00,0.034,,,,,,,,,,,
13-10-2019 12:00,0.048,,,,,,,,,,,
13-10-2019 13:00,0.05,,,,,,,,,,,
13-10-2019 14:00,0.044,,,,,,,,,,,
13-10-2019 15:00,0.035,,,,,,,,,,,
13-10-2019 16:00,0.023,,,,,,,,,,,
13-10-2019 17:00,0.013,,,,,,,,,,,
13-10-2019 18:00,0.008,,,,,,,,,,,
13-10-2019 19:00,0.008,,,,,,,,,,,
13-10-2019 20:00,0.009,,,,,,,,,,,
13-10-2019 21:00,0.014,,,,,,,,,,,
13-10-2019 22:00,0.023,,,,,,,,,,,
13-10-2019 23:00,0.035,,,,,,,,,,,
14-10-2019 00:00,0.047,,,,,,,,,,,
14-10-2019 01:00,0.055,,,,,,,,,,,
14-10-2019 02:00,0.026,,,,,,,,,,,
14-10-2019 03:00,0.006,,,,,,,,,,,
14-10-2019 04:00,0.015,,,,,,,,,,,
14-10-2019 05:00,0.044,,,,,,,,,,,
14-10-2019 06:00,0.058,,,,,,,,,,,
14-10-2019 07:00,0.049,,,,,,,,,,,
14-10-2019 08:00,0.029,,,,,,,,,,,
14-10-2019 09:00,0.016,,,,,,,,,,,
14-10-2019 10:00,0.015,,,,,,,,,,,
14-10-2019 11:00,0.025,,,,,,,,,,,
14-10-2019 12:00,0.037,,,,,,,,,,,
14-10-2019 13:00,0.042,,,,,,,,,,,
14-10-2019 14:00,0.043,,,,,,,,,,,
14-10-2019 15:00,0.038,,,,,,,,,,,
14-10-2019 16:00,0.037,,,,,,,,,,,
14-10-2019 17:00,0.044,,,,,,,,,,,
14-10-2019 18:00,0.052,,,,,,,,,,,
14-10-2019 19:00,0.058,,,,,,,,,,,
14-10-2019 20:00,0.064,,,,,,,,,,,
14-10-2019 21:00,0.064,,,,,,,,,,,
14-10-2019 22:00,0.065,,,,,,,,,,,
14-10-2019 23:00,0.073,,,,,,,,,,,
15-10-2019 00:00,0.088,,,,,,,,,,,
15-10-2019 01:00,0.099,,,,,,,,,,,
15-10-2019 02:00,0.056,,,,,,,,,,,
15-10-2019 03:00,0.025,,,,,,,,,,,
15-10-2019 04:00,0.022,,,,,,,,,,,
15-10-2019 05:00,0.019,,,,,,,,,,,
15-10-2019 06:00,0.021,,,,,,,,,,,
15-10-2019 07:00,0.024,,,,,,,,,,,
15-10-2019 08:00,0.027,,,,,,,,,,,
15-10-2019 09:00,0.031,,,,,,,,,,,
15-10-2019 10:00,0.041,,,,,,,,,,,
15-10-2019 11:00,0.054,,,,,,,,,,,
15-10-2019 12:00,0.061,,,,,,,,,,,
15-10-2019 13:00,0.061,,,,,,,,,,,
15-10-2019 14:00,0.059,,,,,,,,,,,
15-10-2019 15:00,0.064,,,,,,,,,,,
15-10-2019 16:00,0.072,,,,,,,,,,,
15-10-2019 17:00,0.075,,,,,,,,,,,
15-10-2019 18:00,0.072,,,,,,,,,,,
15-10-2019 19:00,0.064,,,,,,,,,,,
15-10-2019 20:00,0.051,,,,,,,,,,,
15-10-2019 21:00,0.027,,,,,,,,,,,
15-10-2019 22:00,0.009,,,,,,,,,,,
15-10-2019 23:00,0.002,,,,,,,,,,,
16-10-2019 00:00,0.001,,,,,,,,,,,
16-10-2019 01:00,0,,,,,,,,,,,
16-10-2019 02:00,0,,,,,,,,,,,
16-10-2019 03:00,0,,,,,,,,,,,
16-10-2019 04:00,0.002,,,,,,,,,,,
16-10-2019 05:00,0.008,,,,,,,,,,,
16-10-2019 06:00,0.011,,,,,,,,,,,
16-10-2019 07:00,0.01,,,,,,,,,,,
16-10-2019 08:00,0.007,,,,,,,,,,,
16-10-2019 09:00,0.006,,,,,,,,,,,
16-10-2019 10:00,0.007,,,,,,,,,,,
16-10-2019 11:00,0.012,,,,,,,,,,,
16-10-2019 12:00,0.018,,,,,,,,,,,
16-10-2019 13:00,0.026,,,,,,,,,,,
16-10-2019 14:00,0.032,,,,,,,,,,,
16-10-2019 15:00,0.035,,,,,,,,,,,
16-10-2019 16:00,0.035,,,,,,,,,,,
16-10-2019 17:00,0.039,,,,,,,,,,,
16-10-2019 18:00,0.053,,,,,,,,,,,
16-10-2019 19:00,0.072,,,,,,,,,,,
16-10-2019 20:00,0.085,,,,,,,,,,,
16-10-2019 21:00,0.071,,,,,,,,,,,
16-10-2019 22:00,0.045,,,,,,,,,,,
16-10-2019 23:00,0.027,,,,,,,,,,,
17-10-2019 00:00,0.022,,,,,,,,,,,
17-10-2019 01:00,0.028,,,,,,,,,,,
17-10-2019 02:00,0.015,,,,,,,,,,,
17-10-2019 03:00,0.03,,,,,,,,,,,
17-10-2019 04:00,0.062,,,,,,,,,,,
17-10-2019 05:00,0.054,,,,,,,,,,,
17-10-2019 06:00,0.035,,,,,,,,,,,
17-10-2019 07:00,0.019,,,,,,,,,,,
17-10-2019 08:00,0.01,,,,,,,,,,,
17-10-2019 09:00,0.006,,,,,,,,,,,
17-10-2019 10:00,0.006,,,,,,,,,,,
17-10-2019 11:00,0.01,,,,,,,,,,,
17-10-2019 12:00,0.017,,,,,,,,,,,
17-10-2019 13:00,0.024,,,,,,,,,,,
17-10-2019 14:00,0.027,,,,,,,,,,,
17-10-2019 15:00,0.03,,,,,,,,,,,
17-10-2019 16:00,0.038,,,,,,,,,,,
17-10-2019 17:00,0.05,,,,,,,,,,,
17-10-2019 18:00,0.064,,,,,,,,,,,
17-10-2019 19:00,0.076,,,,,,,,,,,
17-10-2019 20:00,0.084,,,,,,,,,,,
17-10-2019 21:00,0.082,,,,,,,,,,,
17-10-2019 22:00,0.074,,,,,,,,,,,
17-10-2019 23:00,0.07,,,,,,,,,,,
18-10-2019 00:00,0.071,,,,,,,,,,,
18-10-2019 01:00,0.07,,,,,,,,,,,
18-10-2019 02:00,0.029,,,,,,,,,,,
18-10-2019 03:00,0.025,,,,,,,,,,,
18-10-2019 04:00,0.019,,,,,,,,,,,
18-10-2019 05:00,0.005,,,,,,,,,,,
18-10-2019 06:00,0,,,,,,,,,,,
18-10-2019 07:00,0,,,,,,,,,,,
18-10-2019 08:00,0,,,,,,,,,,,
18-10-2019 09:00,0,,,,,,,,,,,
18-10-2019 10:00,0,,,,,,,,,,,
18-10-2019 11:00,0.002,,,,,,,,,,,
18-10-2019 12:00,0.016,,,,,,,,,,,
18-10-2019 13:00,0.043,,,,,,,,,,,
18-10-2019 14:00,0.077,,,,,,,,,,,
18-10-2019 15:00,0.101,,,,,,,,,,,
18-10-2019 16:00,0.105,,,,,,,,,,,
18-10-2019 17:00,0.093,,,,,,,,,,,
18-10-2019 18:00,0.079,,,,,,,,,,,
18-10-2019 19:00,0.067,,,,,,,,,,,
18-10-2019 20:00,0.052,,,,,,,,,,,
18-10-2019 21:00,0.039,,,,,,,,,,,
18-10-2019 22:00,0.03,,,,,,,,,,,
18-10-2019 23:00,0.025,,,,,,,,,,,
19-10-2019 00:00,0.025,,,,,,,,,,,
19-10-2019 01:00,0.022,,,,,,,,,,,
19-10-2019 02:00,0.012,,,,,,,,,,,
19-10-2019 03:00,0.008,,,,,,,,,,,
19-10-2019 04:00,0.002,,,,,,,,,,,
19-10-2019 05:00,0.001,,,,,,,,,,,
19-10-2019 06:00,0,,,,,,,,,,,
19-10-2019 07:00,0,,,,,,,,,,,
19-10-2019 08:00,0,,,,,,,,,,,
19-10-2019 09:00,0.001,,,,,,,,,,,
19-10-2019 10:00,0.002,,,,,,,,,,,
19-10-2019 11:00,0.005,,,,,,,,,,,
19-10-2019 12:00,0.007,,,,,,,,,,,
19-10-2019 13:00,0.01,,,,,,,,,,,
19-10-2019 14:00,0.014,,,,,,,,,,,
19-10-2019 15:00,0.014,,,,,,,,,,,
19-10-2019 16:00,0.007,,,,,,,,,,,
19-10-2019 17:00,0.005,,,,,,,,,,,
19-10-2019 18:00,0.007,,,,,,,,,,,
19-10-2019 19:00,0.009,,,,,,,,,,,
19-10-2019 20:00,0.006,,,,,,,,,,,
19-10-2019 21:00,0.008,,,,,,,,,,,
19-10-2019 22:00,0.021,,,,,,,,,,,
19-10-2019 23:00,0.041,,,,,,,,,,,
20-10-2019 00:00,0.066,,,,,,,,,,,
20-10-2019 01:00,0.079,,,,,,,,,,,
20-10-2019 02:00,0.05,,,,,,,,,,,
20-10-2019 03:00,0.037,,,,,,,,,,,
20-10-2019 04:00,0.026,,,,,,,,,,,
20-10-2019 05:00,0.016,,,,,,,,,,,
20-10-2019 06:00,0.012,,,,,,,,,,,
20-10-2019 07:00,0.014,,,,,,,,,,,
20-10-2019 08:00,0.019,,,,,,,,,,,
20-10-2019 09:00,0.026,,,,,,,,,,,
20-10-2019 10:00,0.032,,,,,,,,,,,
20-10-2019 11:00,0.036,,,,,,,,,,,
20-10-2019 12:00,0.041,,,,,,,,,,,
20-10-2019 13:00,0.054,,,,,,,,,,,
20-10-2019 14:00,0.062,,,,,,,,,,,
20-10-2019 15:00,0.061,,,,,,,,,,,
20-10-2019 16:00,0.06,,,,,,,,,,,
20-10-2019 17:00,0.059,,,,,,,,,,,
20-10-2019 18:00,0.056,,,,,,,,,,,
20-10-2019 19:00,0.058,,,,,,,,,,,
20-10-2019 20:00,0.062,,,,,,,,,,,
20-10-2019 21:00,0.069,,,,,,,,,,,
20-10-2019 22:00,0.079,,,,,,,,,,,
20-10-2019 23:00,0.089,,,,,,,,,,,
21-10-2019 00:00,0.099,,,,,,,,,,,
21-10-2019 01:00,0.089,,,,,,,,,,,
21-10-2019 02:00,0.061,,,,,,,,,,,
21-10-2019 03:00,0.061,,,,,,,,,,,
21-10-2019 04:00,0.043,,,,,,,,,,,
21-10-2019 05:00,0.027,,,,,,,,,,,
21-10-2019 06:00,0.02,,,,,,,,,,,
21-10-2019 07:00,0.023,,,,,,,,,,,
21-10-2019 08:00,0.031,,,,,,,,,,,
21-10-2019 09:00,0.045,,,,,,,,,,,
21-10-2019 10:00,0.062,,,,,,,,,,,
21-10-2019 11:00,0.074,,,,,,,,,,,
21-10-2019 12:00,0.067,,,,,,,,,,,
21-10-2019 13:00,0.057,,,,,,,,,,,
21-10-2019 14:00,0.041,,,,,,,,,,,
21-10-2019 15:00,0.032,,,,,,,,,,,
21-10-2019 16:00,0.026,,,,,,,,,,,
21-10-2019 17:00,0.027,,,,,,,,,,,
21-10-2019 18:00,0.035,,,,,,,,,,,
21-10-2019 19:00,0.045,,,,,,,,,,,
21-10-2019 20:00,0.058,,,,,,,,,,,
21-10-2019 21:00,0.07,,,,,,,,,,,
21-10-2019 22:00,0.077,,,,,,,,,,,
21-10-2019 23:00,0.081,,,,,,,,,,,
22-10-2019 00:00,0.084,,,,,,,,,,,
22-10-2019 01:00,0.072,,,,,,,,,,,
22-10-2019 02:00,0.045,,,,,,,,,,,
22-10-2019 03:00,0.058,,,,,,,,,,,
22-10-2019 04:00,0.067,,,,,,,,,,,
22-10-2019 05:00,0.058,,,,,,,,,,,
22-10-2019 06:00,0.046,,,,,,,,,,,
22-10-2019 07:00,0.041,,,,,,,,,,,
22-10-2019 08:00,0.044,,,,,,,,,,,
22-10-2019 09:00,0.058,,,,,,,,,,,
22-10-2019 10:00,0.092,,,,,,,,,,,
22-10-2019 11:00,0.127,,,,,,,,,,,
22-10-2019 12:00,0.159,,,,,,,,,,,
22-10-2019 13:00,0.187,,,,,,,,,,,
22-10-2019 14:00,0.183,,,,,,,,,,,
22-10-2019 15:00,0.165,,,,,,,,,,,
22-10-2019 16:00,0.125,,,,,,,,,,,
22-10-2019 17:00,0.095,,,,,,,,,,,
22-10-2019 18:00,0.079,,,,,,,,,,,
22-10-2019 19:00,0.083,,,,,,,,,,,
22-10-2019 20:00,0.102,,,,,,,,,,,
22-10-2019 21:00,0.119,,,,,,,,,,,
22-10-2019 22:00,0.13,,,,,,,,,,,
22-10-2019 23:00,0.147,,,,,,,,,,,
23-10-2019 00:00,0.178,,,,,,,,,,,
23-10-2019 01:00,0.193,,,,,,,,,,,
23-10-2019 02:00,0.129,,,,,,,,,,,
23-10-2019 03:00,0.179,,,,,,,,,,,
23-10-2019 04:00,0.234,,,,,,,,,,,
23-10-2019 05:00,0.164,,,,,,,,,,,
23-10-2019 06:00,0.102,,,,,,,,,,,
23-10-2019 07:00,0.068,,,,,,,,,,,
23-10-2019 08:00,0.053,,,,,,,,,,,
23-10-2019 09:00,0.059,,,,,,,,,,,
23-10-2019 10:00,0.084,,,,,,,,,,,
23-10-2019 11:00,0.117,,,,,,,,,,,
23-10-2019 12:00,0.151,,,,,,,,,,,
23-10-2019 13:00,0.177,,,,,,,,,,,
23-10-2019 14:00,0.179,,,,,,,,,,,
23-10-2019 15:00,0.173,,,,,,,,,,,
23-10-2019 16:00,0.17,,,,,,,,,,,
23-10-2019 17:00,0.178,,,,,,,,,,,
23-10-2019 18:00,0.192,,,,,,,,,,,
23-10-2019 19:00,0.216,,,,,,,,,,,
23-10-2019 20:00,0.249,,,,,,,,,,,
23-10-2019 21:00,0.267,,,,,,,,,,,
23-10-2019 22:00,0.266,,,,,,,,,,,
23-10-2019 23:00,0.255,,,,,,,,,,,
24-10-2019 00:00,0.245,,,,,,,,,,,
24-10-2019 01:00,0.205,,,,,,,,,,,
24-10-2019 02:00,0.079,,,,,,,,,,,
24-10-2019 03:00,0.131,,,,,,,,,,,
24-10-2019 04:00,0.144,,,,,,,,,,,
24-10-2019 05:00,0.096,,,,,,,,,,,
24-10-2019 06:00,0.071,,,,,,,,,,,
24-10-2019 07:00,0.076,,,,,,,,,,,
24-10-2019 08:00,0.101,,,,,,,,,,,
24-10-2019 09:00,0.127,,,,,,,,,,,
24-10-2019 10:00,0.151,,,,,,,,,,,
24-10-2019 11:00,0.16,,,,,,,,,,,
24-10-2019 12:00,0.147,,,,,,,,,,,
24-10-2019 13:00,0.139,,,,,,,,,,,
24-10-2019 14:00,0.132,,,,,,,,,,,
24-10-2019 15:00,0.14,,,,,,,,,,,
24-10-2019 16:00,0.155,,,,,,,,,,,
24-10-2019 17:00,0.168,,,,,,,,,,,
24-10-2019 18:00,0.182,,,,,,,,,,,
24-10-2019 19:00,0.194,,,,,,,,,,,
24-10-2019 20:00,0.209,,,,,,,,,,,
24-10-2019 21:00,0.223,,,,,,,,,,,
24-10-2019 22:00,0.227,,,,,,,,,,,
24-10-2019 23:00,0.196,,,,,,,,,,,
25-10-2019 00:00,0.147,,,,,,,,,,,
25-10-2019 01:00,0.084,,,,,,,,,,,
25-10-2019 02:00,0.039,,,,,,,,,,,
25-10-2019 03:00,0.115,,,,,,,,,,,
25-10-2019 04:00,0.182,,,,,,,,,,,
25-10-2019 05:00,0.22,,,,,,,,,,,
25-10-2019 06:00,0.223,,,,,,,,,,,
25-10-2019 07:00,0.204,,,,,,,,,,,
25-10-2019 08:00,0.188,,,,,,,,,,,
25-10-2019 09:00,0.18,,,,,,,,,,,
25-10-2019 10:00,0.183,,,,,,,,,,,
25-10-2019 11:00,0.159,,,,,,,,,,,
25-10-2019 12:00,0.171,,,,,,,,,,,
25-10-2019 13:00,0.217,,,,,,,,,,,
25-10-2019 14:00,0.252,,,,,,,,,,,
25-10-2019 15:00,0.265,,,,,,,,,,,
25-10-2019 16:00,0.247,,,,,,,,,,,
25-10-2019 17:00,0.255,,,,,,,,,,,
25-10-2019 18:00,0.26,,,,,,,,,,,
25-10-2019 19:00,0.234,,,,,,,,,,,
25-10-2019 20:00,0.201,,,,,,,,,,,
25-10-2019 21:00,0.148,,,,,,,,,,,
25-10-2019 22:00,0.135,,,,,,,,,,,
25-10-2019 23:00,0.157,,,,,,,,,,,
26-10-2019 00:00,0.198,,,,,,,,,,,
26-10-2019 01:00,0.193,,,,,,,,,,,
26-10-2019 02:00,0.175,,,,,,,,,,,
26-10-2019 03:00,0.155,,,,,,,,,,,
26-10-2019 04:00,0.086,,,,,,,,,,,
26-10-2019 05:00,0.037,,,,,,,,,,,
26-10-2019 06:00,0.012,,,,,,,,,,,
26-10-2019 07:00,0.004,,,,,,,,,,,
26-10-2019 08:00,0.002,,,,,,,,,,,
26-10-2019 09:00,0.003,,,,,,,,,,,
26-10-2019 10:00,0.003,,,,,,,,,,,
26-10-2019 11:00,0.004,,,,,,,,,,,
26-10-2019 12:00,0.007,,,,,,,,,,,
26-10-2019 13:00,0.019,,,,,,,,,,,
26-10-2019 14:00,0.04,,,,,,,,,,,
26-10-2019 15:00,0.066,,,,,,,,,,,
26-10-2019 16:00,0.095,,,,,,,,,,,
26-10-2019 17:00,0.122,,,,,,,,,,,
26-10-2019 18:00,0.129,,,,,,,,,,,
26-10-2019 19:00,0.107,,,,,,,,,,,
26-10-2019 20:00,0.081,,,,,,,,,,,
26-10-2019 21:00,0.061,,,,,,,,,,,
26-10-2019 22:00,0.058,,,,,,,,,,,
26-10-2019 23:00,0.073,,,,,,,,,,,
27-10-2019 00:00,0.09,,,,,,,,,,,
27-10-2019 01:00,0.092,,,,,,,,,,,
27-10-2019 02:00,0.053,,,,,,,,,,,
27-10-2019 03:00,0.056,,,,,,,,,,,
27-10-2019 04:00,0.063,,,,,,,,,,,
27-10-2019 05:00,0.047,,,,,,,,,,,
27-10-2019 06:00,0.025,,,,,,,,,,,
27-10-2019 07:00,0.006,,,,,,,,,,,
27-10-2019 08:00,0,,,,,,,,,,,
27-10-2019 09:00,0,,,,,,,,,,,
27-10-2019 10:00,0,,,,,,,,,,,
27-10-2019 11:00,0,,,,,,,,,,,
27-10-2019 12:00,0.004,,,,,,,,,,,
27-10-2019 13:00,0.022,,,,,,,,,,,
27-10-2019 14:00,0.058,,,,,,,,,,,
27-10-2019 15:00,0.094,,,,,,,,,,,
27-10-2019 16:00,0.123,,,,,,,,,,,
27-10-2019 17:00,0.152,,,,,,,,,,,
27-10-2019 18:00,0.186,,,,,,,,,,,
27-10-2019 19:00,0.211,,,,,,,,,,,
27-10-2019 20:00,0.192,,,,,,,,,,,
27-10-2019 21:00,0.108,,,,,,,,,,,
27-10-2019 22:00,0.041,,,,,,,,,,,
27-10-2019 23:00,0.015,,,,,,,,,,,
28-10-2019 00:00,0.011,,,,,,,,,,,
28-10-2019 01:00,0.014,,,,,,,,,,,
28-10-2019 02:00,0.007,,,,,,,,,,,
28-10-2019 03:00,0.007,,,,,,,,,,,
28-10-2019 04:00,0.005,,,,,,,,,,,
28-10-2019 05:00,0.001,,,,,,,,,,,
28-10-2019 06:00,0.001,,,,,,,,,,,
28-10-2019 07:00,0.002,,,,,,,,,,,
28-10-2019 08:00,0.003,,,,,,,,,,,
28-10-2019 09:00,0.007,,,,,,,,,,,
28-10-2019 10:00,0.018,,,,,,,,,,,
28-10-2019 11:00,0.039,,,,,,,,,,,
28-10-2019 12:00,0.078,,,,,,,,,,,
28-10-2019 13:00,0.109,,,,,,,,,,,
28-10-2019 14:00,0.11,,,,,,,,,,,
28-10-2019 15:00,0.097,,,,,,,,,,,
28-10-2019 16:00,0.084,,,,,,,,,,,
28-10-2019 17:00,0.072,,,,,,,,,,,
28-10-2019 18:00,0.067,,,,,,,,,,,
28-10-2019 19:00,0.066,,,,,,,,,,,
28-10-2019 20:00,0.074,,,,,,,,,,,
28-10-2019 21:00,0.087,,,,,,,,,,,
28-10-2019 22:00,0.11,,,,,,,,,,,
28-10-2019 23:00,0.124,,,,,,,,,,,
29-10-2019 00:00,0.102,,,,,,,,,,,
29-10-2019 01:00,0.061,,,,,,,,,,,
29-10-2019 02:00,0.015,,,,,,,,,,,
29-10-2019 03:00,0.006,,,,,,,,,,,
29-10-2019 04:00,0.002,,,,,,,,,,,
29-10-2019 05:00,0,,,,,,,,,,,
29-10-2019 06:00,0,,,,,,,,,,,
29-10-2019 07:00,0,,,,,,,,,,,
29-10-2019 08:00,0,,,,,,,,,,,
29-10-2019 09:00,0,,,,,,,,,,,
29-10-2019 10:00,0.001,,,,,,,,,,,
29-10-2019 11:00,0.004,,,,,,,,,,,
29-10-2019 12:00,0.014,,,,,,,,,,,
29-10-2019 13:00,0.042,,,,,,,,,,,
29-10-2019 14:00,0.073,,,,,,,,,,,
29-10-2019 15:00,0.093,,,,,,,,,,,
29-10-2019 16:00,0.093,,,,,,,,,,,
29-10-2019 17:00,0.085,,,,,,,,,,,
29-10-2019 18:00,0.076,,,,,,,,,,,
29-10-2019 19:00,0.072,,,,,,,,,,,
29-10-2019 20:00,0.077,,,,,,,,,,,
29-10-2019 21:00,0.076,,,,,,,,,,,
29-10-2019 22:00,0.062,,,,,,,,,,,
29-10-2019 23:00,0.041,,,,,,,,,,,
30-10-2019 00:00,0.021,,,,,,,,,,,
30-10-2019 01:00,0.01,,,,,,,,,,,
30-10-2019 02:00,0.003,,,,,,,,,,,
30-10-2019 03:00,0.001,,,,,,,,,,,
30-10-2019 04:00,0.007,,,,,,,,,,,
30-10-2019 05:00,0.016,,,,,,,,,,,
30-10-2019 06:00,0.017,,,,,,,,,,,
30-10-2019 07:00,0.014,,,,,,,,,,,
30-10-2019 08:00,0.016,,,,,,,,,,,
30-10-2019 09:00,0.026,,,,,,,,,,,
30-10-2019 10:00,0.043,,,,,,,,,,,
30-10-2019 11:00,0.053,,,,,,,,,,,
30-10-2019 12:00,0.061,,,,,,,,,,,
30-10-2019 13:00,0.062,,,,,,,,,,,
30-10-2019 14:00,0.059,,,,,,,,,,,
30-10-2019 15:00,0.045,,,,,,,,,,,
30-10-2019 16:00,0.028,,,,,,,,,,,
30-10-2019 17:00,0.021,,,,,,,,,,,
30-10-2019 18:00,0.024,,,,,,,,,,,
30-10-2019 19:00,0.03,,,,,,,,,,,
30-10-2019 20:00,0.029,,,,,,,,,,,
30-10-2019 21:00,0.013,,,,,,,,,,,
30-10-2019 22:00,0.001,,,,,,,,,,,
30-10-2019 23:00,0,,,,,,,,,,,
31-10-2019 00:00,0,,,,,,,,,,,
31-10-2019 01:00,0.003,,,,,,,,,,,
31-10-2019 02:00,0.014,,,,,,,,,,,
31-10-2019 03:00,0.011,,,,,,,,,,,
31-10-2019 04:00,0.015,,,,,,,,,,,
31-10-2019 05:00,0.008,,,,,,,,,,,
31-10-2019 06:00,0.005,,,,,,,,,,,
31-10-2019 07:00,0.006,,,,,,,,,,,
31-10-2019 08:00,0.011,,,,,,,,,,,
31-10-2019 09:00,0.017,,,,,,,,,,,
31-10-2019 10:00,0.023,,,,,,,,,,,
31-10-2019 11:00,0.029,,,,,,,,,,,
31-10-2019 12:00,0.041,,,,,,,,,,,
31-10-2019 13:00,0.058,,,,,,,,,,,
31-10-2019 14:00,0.074,,,,,,,,,,,
31-10-2019 15:00,0.076,,,,,,,,,,,
31-10-2019 16:00,0.071,,,,,,,,,,,
31-10-2019 17:00,0.07,,,,,,,,,,,
31-10-2019 18:00,0.073,,,,,,,,,,,
31-10-2019 19:00,0.081,,,,,,,,,,,
31-10-2019 20:00,0.089,,,,,,,,,,,
31-10-2019 21:00,0.089,,,,,,,,,,,
31-10-2019 22:00,0.082,,,,,,,,,,,
31-10-2019 23:00,0.07,,,,,,,,,,,
01-11-2019 00:00,0.058,,,,,,,,,,,
01-11-2019 01:00,0.045,,,,,,,,,,,
01-11-2019 02:00,0.017,,,,,,,,,,,
01-11-2019 03:00,0.01,,,,,,,,,,,
01-11-2019 04:00,0.009,,,,,,,,,,,
01-11-2019 05:00,0.006,,,,,,,,,,,
01-11-2019 06:00,0.003,,,,,,,,,,,
01-11-2019 07:00,0.002,,,,,,,,,,,
01-11-2019 08:00,0.002,,,,,,,,,,,
01-11-2019 09:00,0.001,,,,,,,,,,,
01-11-2019 10:00,0.001,,,,,,,,,,,
01-11-2019 11:00,0.002,,,,,,,,,,,
01-11-2019 12:00,0.005,,,,,,,,,,,
01-11-2019 13:00,0.015,,,,,,,,,,,
01-11-2019 14:00,0.035,,,,,,,,,,,
01-11-2019 15:00,0.057,,,,,,,,,,,
01-11-2019 16:00,0.07,,,,,,,,,,,
01-11-2019 17:00,0.073,,,,,,,,,,,
01-11-2019 18:00,0.069,,,,,,,,,,,
01-11-2019 19:00,0.061,,,,,,,,,,,
01-11-2019 20:00,0.046,,,,,,,,,,,
01-11-2019 21:00,0.032,,,,,,,,,,,
01-11-2019 22:00,0.024,,,,,,,,,,,
01-11-2019 23:00,0.023,,,,,,,,,,,
02-11-2019 00:00,0.03,,,,,,,,,,,
02-11-2019 01:00,0.045,,,,,,,,,,,
02-11-2019 02:00,0.034,,,,,,,,,,,
02-11-2019 03:00,0.038,,,,,,,,,,,
02-11-2019 04:00,0.03,,,,,,,,,,,
02-11-2019 05:00,0.009,,,,,,,,,,,
02-11-2019 06:00,0.003,,,,,,,,,,,
02-11-2019 07:00,0.005,,,,,,,,,,,
02-11-2019 08:00,0.009,,,,,,,,,,,
02-11-2019 09:00,0.01,,,,,,,,,,,
02-11-2019 10:00,0.009,,,,,,,,,,,
02-11-2019 11:00,0.007,,,,,,,,,,,
02-11-2019 12:00,0.005,,,,,,,,,,,
02-11-2019 13:00,0.004,,,,,,,,,,,
02-11-2019 14:00,0.002,,,,,,,,,,,
02-11-2019 15:00,0,,,,,,,,,,,
02-11-2019 16:00,0,,,,,,,,,,,
02-11-2019 17:00,0,,,,,,,,,,,
02-11-2019 18:00,0,,,,,,,,,,,
02-11-2019 19:00,0,,,,,,,,,,,
02-11-2019 20:00,0,,,,,,,,,,,
02-11-2019 21:00,0,,,,,,,,,,,
02-11-2019 22:00,0,,,,,,,,,,,
02-11-2019 23:00,0,,,,,,,,,,,
03-11-2019 00:00,0,,,,,,,,,,,
03-11-2019 01:00,0.001,,,,,,,,,,,
03-11-2019 02:00,0,,,,,,,,,,,
03-11-2019 03:00,0,,,,,,,,,,,
03-11-2019 04:00,0.001,,,,,,,,,,,
03-11-2019 05:00,0.001,,,,,,,,,,,
03-11-2019 06:00,0.001,,,,,,,,,,,
03-11-2019 07:00,0.001,,,,,,,,,,,
03-11-2019 08:00,0.001,,,,,,,,,,,
03-11-2019 09:00,0.001,,,,,,,,,,,
03-11-2019 10:00,0.001,,,,,,,,,,,
03-11-2019 11:00,0.003,,,,,,,,,,,
03-11-2019 12:00,0.007,,,,,,,,,,,
03-11-2019 13:00,0.013,,,,,,,,,,,
03-11-2019 14:00,0.017,,,,,,,,,,,
03-11-2019 15:00,0.018,,,,,,,,,,,
03-11-2019 16:00,0.016,,,,,,,,,,,
03-11-2019 17:00,0.014,,,,,,,,,,,
03-11-2019 18:00,0.011,,,,,,,,,,,
03-11-2019 19:00,0.01,,,,,,,,,,,
03-11-2019 20:00,0.012,,,,,,,,,,,
03-11-2019 21:00,0.017,,,,,,,,,,,
03-11-2019 22:00,0.02,,,,,,,,,,,
03-11-2019 23:00,0.022,,,,,,,,,,,
04-11-2019 00:00,0.021,,,,,,,,,,,
04-11-2019 01:00,0.015,,,,,,,,,,,
04-11-2019 02:00,0.002,,,,,,,,,,,
04-11-2019 03:00,0,,,,,,,,,,,
04-11-2019 04:00,0,,,,,,,,,,,
04-11-2019 05:00,0,,,,,,,,,,,
04-11-2019 06:00,0.001,,,,,,,,,,,
04-11-2019 07:00,0.008,,,,,,,,,,,
04-11-2019 08:00,0.023,,,,,,,,,,,
04-11-2019 09:00,0.039,,,,,,,,,,,
04-11-2019 10:00,0.05,,,,,,,,,,,
04-11-2019 11:00,0.059,,,,,,,,,,,
04-11-2019 12:00,0.063,,,,,,,,,,,
04-11-2019 13:00,0.055,,,,,,,,,,,
04-11-2019 14:00,0.039,,,,,,,,,,,
04-11-2019 15:00,0.021,,,,,,,,,,,
04-11-2019 16:00,0.009,,,,,,,,,,,
04-11-2019 17:00,0.004,,,,,,,,,,,
04-11-2019 18:00,0.001,,,,,,,,,,,
04-11-2019 19:00,0.001,,,,,,,,,,,
04-11-2019 20:00,0.001,,,,,,,,,,,
04-11-2019 21:00,0.002,,,,,,,,,,,
04-11-2019 22:00,0.003,,,,,,,,,,,
04-11-2019 23:00,0.005,,,,,,,,,,,
05-11-2019 00:00,0.007,,,,,,,,,,,
05-11-2019 01:00,0.008,,,,,,,,,,,
05-11-2019 02:00,0.002,,,,,,,,,,,
05-11-2019 03:00,0.001,,,,,,,,,,,
05-11-2019 04:00,0.001,,,,,,,,,,,
05-11-2019 05:00,0.001,,,,,,,,,,,
05-11-2019 06:00,0.001,,,,,,,,,,,
05-11-2019 07:00,0.006,,,,,,,,,,,
05-11-2019 08:00,0.015,,,,,,,,,,,
05-11-2019 09:00,0.028,,,,,,,,,,,
05-11-2019 10:00,0.041,,,,,,,,,,,
05-11-2019 11:00,0.054,,,,,,,,,,,
05-11-2019 12:00,0.065,,,,,,,,,,,
05-11-2019 13:00,0.066,,,,,,,,,,,
05-11-2019 14:00,0.054,,,,,,,,,,,
05-11-2019 15:00,0.038,,,,,,,,,,,
05-11-2019 16:00,0.028,,,,,,,,,,,
05-11-2019 17:00,0.019,,,,,,,,,,,
05-11-2019 18:00,0.013,,,,,,,,,,,
05-11-2019 19:00,0.009,,,,,,,,,,,
05-11-2019 20:00,0.006,,,,,,,,,,,
05-11-2019 21:00,0.005,,,,,,,,,,,
05-11-2019 22:00,0.003,,,,,,,,,,,
05-11-2019 23:00,0.002,,,,,,,,,,,
06-11-2019 00:00,0.002,,,,,,,,,,,
06-11-2019 01:00,0.003,,,,,,,,,,,
06-11-2019 02:00,0.001,,,,,,,,,,,
06-11-2019 03:00,0,,,,,,,,,,,
06-11-2019 04:00,0,,,,,,,,,,,
06-11-2019 05:00,0,,,,,,,,,,,
06-11-2019 06:00,0.003,,,,,,,,,,,
06-11-2019 07:00,0.012,,,,,,,,,,,
06-11-2019 08:00,0.023,,,,,,,,,,,
06-11-2019 09:00,0.031,,,,,,,,,,,
06-11-2019 10:00,0.035,,,,,,,,,,,
06-11-2019 11:00,0.038,,,,,,,,,,,
06-11-2019 12:00,0.044,,,,,,,,,,,
06-11-2019 13:00,0.043,,,,,,,,,,,
06-11-2019 14:00,0.043,,,,,,,,,,,
06-11-2019 15:00,0.057,,,,,,,,,,,
06-11-2019 16:00,0.087,,,,,,,,,,,
06-11-2019 17:00,0.126,,,,,,,,,,,
06-11-2019 18:00,0.169,,,,,,,,,,,
06-11-2019 19:00,0.212,,,,,,,,,,,
06-11-2019 20:00,0.243,,,,,,,,,,,
06-11-2019 21:00,0.249,,,,,,,,,,,
06-11-2019 22:00,0.236,,,,,,,,,,,
06-11-2019 23:00,0.226,,,,,,,,,,,
07-11-2019 00:00,0.231,,,,,,,,,,,
07-11-2019 01:00,0.243,,,,,,,,,,,
07-11-2019 02:00,0.137,,,,,,,,,,,
07-11-2019 03:00,0.126,,,,,,,,,,,
07-11-2019 04:00,0.135,,,,,,,,,,,
07-11-2019 05:00,0.079,,,,,,,,,,,
07-11-2019 06:00,0.035,,,,,,,,,,,
07-11-2019 07:00,0.012,,,,,,,,,,,
07-11-2019 08:00,0.003,,,,,,,,,,,
07-11-2019 09:00,0,,,,,,,,,,,
07-11-2019 10:00,0,,,,,,,,,,,
07-11-2019 11:00,0,,,,,,,,,,,
07-11-2019 12:00,0,,,,,,,,,,,
07-11-2019 13:00,0.004,,,,,,,,,,,
07-11-2019 14:00,0.025,,,,,,,,,,,
07-11-2019 15:00,0.066,,,,,,,,,,,
07-11-2019 16:00,0.12,,,,,,,,,,,
07-11-2019 17:00,0.154,,,,,,,,,,,
07-11-2019 18:00,0.155,,,,,,,,,,,
07-11-2019 19:00,0.145,,,,,,,,,,,
07-11-2019 20:00,0.137,,,,,,,,,,,
07-11-2019 21:00,0.126,,,,,,,,,,,
07-11-2019 22:00,0.116,,,,,,,,,,,
07-11-2019 23:00,0.111,,,,,,,,,,,
08-11-2019 00:00,0.106,,,,,,,,,,,
08-11-2019 01:00,0.094,,,,,,,,,,,
08-11-2019 02:00,0.038,,,,,,,,,,,
08-11-2019 03:00,0.029,,,,,,,,,,,
08-11-2019 04:00,0.01,,,,,,,,,,,
08-11-2019 05:00,0,,,,,,,,,,,
08-11-2019 06:00,0,,,,,,,,,,,
08-11-2019 07:00,0,,,,,,,,,,,
08-11-2019 08:00,0,,,,,,,,,,,
08-11-2019 09:00,0,,,,,,,,,,,
08-11-2019 10:00,0.002,,,,,,,,,,,
08-11-2019 11:00,0.009,,,,,,,,,,,
08-11-2019 12:00,0.03,,,,,,,,,,,
08-11-2019 13:00,0.054,,,,,,,,,,,
08-11-2019 14:00,0.076,,,,,,,,,,,
08-11-2019 15:00,0.106,,,,,,,,,,,
08-11-2019 16:00,0.144,,,,,,,,,,,
08-11-2019 17:00,0.167,,,,,,,,,,,
08-11-2019 18:00,0.17,,,,,,,,,,,
08-11-2019 19:00,0.15,,,,,,,,,,,
08-11-2019 20:00,0.115,,,,,,,,,,,
08-11-2019 21:00,0.101,,,,,,,,,,,
08-11-2019 22:00,0.1,,,,,,,,,,,
08-11-2019 23:00,0.098,,,,,,,,,,,
09-11-2019 00:00,0.096,,,,,,,,,,,
09-11-2019 01:00,0.088,,,,,,,,,,,
09-11-2019 02:00,0.042,,,,,,,,,,,
09-11-2019 03:00,0.019,,,,,,,,,,,
09-11-2019 04:00,0.062,,,,,,,,,,,
09-11-2019 05:00,0.072,,,,,,,,,,,
09-11-2019 06:00,0.079,,,,,,,,,,,
09-11-2019 07:00,0.093,,,,,,,,,,,
09-11-2019 08:00,0.105,,,,,,,,,,,
09-11-2019 09:00,0.114,,,,,,,,,,,
09-11-2019 10:00,0.121,,,,,,,,,,,
09-11-2019 11:00,0.134,,,,,,,,,,,
09-11-2019 12:00,0.164,,,,,,,,,,,
09-11-2019 13:00,0.187,,,,,,,,,,,
09-11-2019 14:00,0.195,,,,,,,,,,,
09-11-2019 15:00,0.187,,,,,,,,,,,
09-11-2019 16:00,0.167,,,,,,,,,,,
09-11-2019 17:00,0.143,,,,,,,,,,,
09-11-2019 18:00,0.119,,,,,,,,,,,
09-11-2019 19:00,0.1,,,,,,,,,,,
09-11-2019 20:00,0.089,,,,,,,,,,,
09-11-2019 21:00,0.097,,,,,,,,,,,
09-11-2019 22:00,0.118,,,,,,,,,,,
09-11-2019 23:00,0.139,,,,,,,,,,,
10-11-2019 00:00,0.16,,,,,,,,,,,
10-11-2019 01:00,0.172,,,,,,,,,,,
10-11-2019 02:00,0.085,,,,,,,,,,,
10-11-2019 03:00,0.075,,,,,,,,,,,
10-11-2019 04:00,0.105,,,,,,,,,,,
10-11-2019 05:00,0.084,,,,,,,,,,,
10-11-2019 06:00,0.064,,,,,,,,,,,
10-11-2019 07:00,0.048,,,,,,,,,,,
10-11-2019 08:00,0.038,,,,,,,,,,,
10-11-2019 09:00,0.036,,,,,,,,,,,
10-11-2019 10:00,0.045,,,,,,,,,,,
10-11-2019 11:00,0.065,,,,,,,,,,,
10-11-2019 12:00,0.095,,,,,,,,,,,
10-11-2019 13:00,0.116,,,,,,,,,,,
10-11-2019 14:00,0.121,,,,,,,,,,,
10-11-2019 15:00,0.114,,,,,,,,,,,
10-11-2019 16:00,0.103,,,,,,,,,,,
10-11-2019 17:00,0.093,,,,,,,,,,,
10-11-2019 18:00,0.085,,,,,,,,,,,
10-11-2019 19:00,0.083,,,,,,,,,,,
10-11-2019 20:00,0.08,,,,,,,,,,,
10-11-2019 21:00,0.093,,,,,,,,,,,
10-11-2019 22:00,0.112,,,,,,,,,,,
10-11-2019 23:00,0.128,,,,,,,,,,,
11-11-2019 00:00,0.147,,,,,,,,,,,
11-11-2019 01:00,0.171,,,,,,,,,,,
11-11-2019 02:00,0.106,,,,,,,,,,,
11-11-2019 03:00,0.066,,,,,,,,,,,
11-11-2019 04:00,0.111,,,,,,,,,,,
11-11-2019 05:00,0.074,,,,,,,,,,,
11-11-2019 06:00,0.025,,,,,,,,,,,
11-11-2019 07:00,0.004,,,,,,,,,,,
11-11-2019 08:00,0.001,,,,,,,,,,,
11-11-2019 09:00,0.001,,,,,,,,,,,
11-11-2019 10:00,0.004,,,,,,,,,,,
11-11-2019 11:00,0.016,,,,,,,,,,,
11-11-2019 12:00,0.045,,,,,,,,,,,
11-11-2019 13:00,0.073,,,,,,,,,,,
11-11-2019 14:00,0.088,,,,,,,,,,,
11-11-2019 15:00,0.086,,,,,,,,,,,
11-11-2019 16:00,0.084,,,,,,,,,,,
11-11-2019 17:00,0.087,,,,,,,,,,,
11-11-2019 18:00,0.095,,,,,,,,,,,
11-11-2019 19:00,0.107,,,,,,,,,,,
11-11-2019 20:00,0.119,,,,,,,,,,,
11-11-2019 21:00,0.127,,,,,,,,,,,
11-11-2019 22:00,0.133,,,,,,,,,,,
11-11-2019 23:00,0.145,,,,,,,,,,,
12-11-2019 00:00,0.164,,,,,,,,,,,
12-11-2019 01:00,0.179,,,,,,,,,,,
12-11-2019 02:00,0.115,,,,,,,,,,,
12-11-2019 03:00,0.042,,,,,,,,,,,
12-11-2019 04:00,0.011,,,,,,,,,,,
12-11-2019 05:00,0.001,,,,,,,,,,,
12-11-2019 06:00,0,,,,,,,,,,,
12-11-2019 07:00,0,,,,,,,,,,,
12-11-2019 08:00,0,,,,,,,,,,,
12-11-2019 09:00,0,,,,,,,,,,,
12-11-2019 10:00,0,,,,,,,,,,,
12-11-2019 11:00,0,,,,,,,,,,,
12-11-2019 12:00,0.001,,,,,,,,,,,
12-11-2019 13:00,0.002,,,,,,,,,,,
12-11-2019 14:00,0.003,,,,,,,,,,,
12-11-2019 15:00,0.006,,,,,,,,,,,
12-11-2019 16:00,0.01,,,,,,,,,,,
12-11-2019 17:00,0.017,,,,,,,,,,,
12-11-2019 18:00,0.029,,,,,,,,,,,
12-11-2019 19:00,0.047,,,,,,,,,,,
12-11-2019 20:00,0.06,,,,,,,,,,,
12-11-2019 21:00,0.062,,,,,,,,,,,
12-11-2019 22:00,0.063,,,,,,,,,,,
12-11-2019 23:00,0.066,,,,,,,,,,,
13-11-2019 00:00,0.067,,,,,,,,,,,
13-11-2019 01:00,0.064,,,,,,,,,,,
13-11-2019 02:00,0.035,,,,,,,,,,,
13-11-2019 03:00,0.012,,,,,,,,,,,
13-11-2019 04:00,0.031,,,,,,,,,,,
13-11-2019 05:00,0.041,,,,,,,,,,,
13-11-2019 06:00,0.042,,,,,,,,,,,
13-11-2019 07:00,0.037,,,,,,,,,,,
13-11-2019 08:00,0.028,,,,,,,,,,,
13-11-2019 09:00,0.028,,,,,,,,,,,
13-11-2019 10:00,0.038,,,,,,,,,,,
13-11-2019 11:00,0.057,,,,,,,,,,,
13-11-2019 12:00,0.085,,,,,,,,,,,
13-11-2019 13:00,0.12,,,,,,,,,,,
13-11-2019 14:00,0.147,,,,,,,,,,,
13-11-2019 15:00,0.164,,,,,,,,,,,
13-11-2019 16:00,0.181,,,,,,,,,,,
13-11-2019 17:00,0.184,,,,,,,,,,,
13-11-2019 18:00,0.188,,,,,,,,,,,
13-11-2019 19:00,0.19,,,,,,,,,,,
13-11-2019 20:00,0.171,,,,,,,,,,,
13-11-2019 21:00,0.14,,,,,,,,,,,
13-11-2019 22:00,0.116,,,,,,,,,,,
13-11-2019 23:00,0.118,,,,,,,,,,,
14-11-2019 00:00,0.132,,,,,,,,,,,
14-11-2019 01:00,0.142,,,,,,,,,,,
14-11-2019 02:00,0.09,,,,,,,,,,,
14-11-2019 03:00,0.058,,,,,,,,,,,
14-11-2019 04:00,0.107,,,,,,,,,,,
14-11-2019 05:00,0.08,,,,,,,,,,,
14-11-2019 06:00,0.049,,,,,,,,,,,
14-11-2019 07:00,0.028,,,,,,,,,,,
14-11-2019 08:00,0.023,,,,,,,,,,,
14-11-2019 09:00,0.029,,,,,,,,,,,
14-11-2019 10:00,0.043,,,,,,,,,,,
14-11-2019 11:00,0.061,,,,,,,,,,,
14-11-2019 12:00,0.078,,,,,,,,,,,
14-11-2019 13:00,0.09,,,,,,,,,,,
14-11-2019 14:00,0.094,,,,,,,,,,,
14-11-2019 15:00,0.095,,,,,,,,,,,
14-11-2019 16:00,0.092,,,,,,,,,,,
14-11-2019 17:00,0.081,,,,,,,,,,,
14-11-2019 18:00,0.068,,,,,,,,,,,
14-11-2019 19:00,0.056,,,,,,,,,,,
14-11-2019 20:00,0.046,,,,,,,,,,,
14-11-2019 21:00,0.033,,,,,,,,,,,
14-11-2019 22:00,0.021,,,,,,,,,,,
14-11-2019 23:00,0.015,,,,,,,,,,,
15-11-2019 00:00,0.011,,,,,,,,,,,
15-11-2019 01:00,0.006,,,,,,,,,,,
15-11-2019 02:00,0.001,,,,,,,,,,,
15-11-2019 03:00,0.001,,,,,,,,,,,
15-11-2019 04:00,0.006,,,,,,,,,,,
15-11-2019 05:00,0.006,,,,,,,,,,,
15-11-2019 06:00,0.003,,,,,,,,,,,
15-11-2019 07:00,0.002,,,,,,,,,,,
15-11-2019 08:00,0.001,,,,,,,,,,,
15-11-2019 09:00,0.001,,,,,,,,,,,
15-11-2019 10:00,0.001,,,,,,,,,,,
15-11-2019 11:00,0.004,,,,,,,,,,,
15-11-2019 12:00,0.009,,,,,,,,,,,
15-11-2019 13:00,0.013,,,,,,,,,,,
15-11-2019 14:00,0.016,,,,,,,,,,,
15-11-2019 15:00,0.018,,,,,,,,,,,
15-11-2019 16:00,0.019,,,,,,,,,,,
15-11-2019 17:00,0.02,,,,,,,,,,,
15-11-2019 18:00,0.021,,,,,,,,,,,
15-11-2019 19:00,0.021,,,,,,,,,,,
15-11-2019 20:00,0.019,,,,,,,,,,,
15-11-2019 21:00,0.015,,,,,,,,,,,
15-11-2019 22:00,0.013,,,,,,,,,,,
15-11-2019 23:00,0.017,,,,,,,,,,,
16-11-2019 00:00,0.027,,,,,,,,,,,
16-11-2019 01:00,0.031,,,,,,,,,,,
16-11-2019 02:00,0.014,,,,,,,,,,,
16-11-2019 03:00,0.001,,,,,,,,,,,
16-11-2019 04:00,0,,,,,,,,,,,
16-11-2019 05:00,0,,,,,,,,,,,
16-11-2019 06:00,0,,,,,,,,,,,
16-11-2019 07:00,0.001,,,,,,,,,,,
16-11-2019 08:00,0.009,,,,,,,,,,,
16-11-2019 09:00,0.022,,,,,,,,,,,
16-11-2019 10:00,0.035,,,,,,,,,,,
16-11-2019 11:00,0.048,,,,,,,,,,,
16-11-2019 12:00,0.055,,,,,,,,,,,
16-11-2019 13:00,0.046,,,,,,,,,,,
16-11-2019 14:00,0.033,,,,,,,,,,,
16-11-2019 15:00,0.024,,,,,,,,,,,
16-11-2019 16:00,0.019,,,,,,,,,,,
16-11-2019 17:00,0.016,,,,,,,,,,,
16-11-2019 18:00,0.013,,,,,,,,,,,
16-11-2019 19:00,0.008,,,,,,,,,,,
16-11-2019 20:00,0.004,,,,,,,,,,,
16-11-2019 21:00,0.004,,,,,,,,,,,
16-11-2019 22:00,0.008,,,,,,,,,,,
16-11-2019 23:00,0.016,,,,,,,,,,,
17-11-2019 00:00,0.032,,,,,,,,,,,
17-11-2019 01:00,0.05,,,,,,,,,,,
17-11-2019 02:00,0.04,,,,,,,,,,,
17-11-2019 03:00,0.018,,,,,,,,,,,
17-11-2019 04:00,0.073,,,,,,,,,,,
17-11-2019 05:00,0.083,,,,,,,,,,,
17-11-2019 06:00,0.069,,,,,,,,,,,
17-11-2019 07:00,0.054,,,,,,,,,,,
17-11-2019 08:00,0.046,,,,,,,,,,,
17-11-2019 09:00,0.048,,,,,,,,,,,
17-11-2019 10:00,0.059,,,,,,,,,,,
17-11-2019 11:00,0.073,,,,,,,,,,,
17-11-2019 12:00,0.069,,,,,,,,,,,
17-11-2019 13:00,0.047,,,,,,,,,,,
17-11-2019 14:00,0.029,,,,,,,,,,,
17-11-2019 15:00,0.024,,,,,,,,,,,
17-11-2019 16:00,0.028,,,,,,,,,,,
17-11-2019 17:00,0.032,,,,,,,,,,,
17-11-2019 18:00,0.034,,,,,,,,,,,
17-11-2019 19:00,0.035,,,,,,,,,,,
17-11-2019 20:00,0.038,,,,,,,,,,,
17-11-2019 21:00,0.038,,,,,,,,,,,
17-11-2019 22:00,0.034,,,,,,,,,,,
17-11-2019 23:00,0.027,,,,,,,,,,,
18-11-2019 00:00,0.025,,,,,,,,,,,
18-11-2019 01:00,0.03,,,,,,,,,,,
18-11-2019 02:00,0.023,,,,,,,,,,,
18-11-2019 03:00,0.014,,,,,,,,,,,
18-11-2019 04:00,0.077,,,,,,,,,,,
18-11-2019 05:00,0.077,,,,,,,,,,,
18-11-2019 06:00,0.049,,,,,,,,,,,
18-11-2019 07:00,0.029,,,,,,,,,,,
18-11-2019 08:00,0.019,,,,,,,,,,,
18-11-2019 09:00,0.016,,,,,,,,,,,
18-11-2019 10:00,0.014,,,,,,,,,,,
18-11-2019 11:00,0.021,,,,,,,,,,,
18-11-2019 12:00,0.042,,,,,,,,,,,
18-11-2019 13:00,0.056,,,,,,,,,,,
18-11-2019 14:00,0.057,,,,,,,,,,,
18-11-2019 15:00,0.054,,,,,,,,,,,
18-11-2019 16:00,0.056,,,,,,,,,,,
18-11-2019 17:00,0.059,,,,,,,,,,,
18-11-2019 18:00,0.059,,,,,,,,,,,
18-11-2019 19:00,0.042,,,,,,,,,,,
18-11-2019 20:00,0.027,,,,,,,,,,,
18-11-2019 21:00,0.036,,,,,,,,,,,
18-11-2019 22:00,0.051,,,,,,,,,,,
18-11-2019 23:00,0.048,,,,,,,,,,,
19-11-2019 00:00,0.045,,,,,,,,,,,
19-11-2019 01:00,0.05,,,,,,,,,,,
19-11-2019 02:00,0.037,,,,,,,,,,,
19-11-2019 03:00,0.006,,,,,,,,,,,
19-11-2019 04:00,0,,,,,,,,,,,
19-11-2019 05:00,0,,,,,,,,,,,
19-11-2019 06:00,0,,,,,,,,,,,
19-11-2019 07:00,0,,,,,,,,,,,
19-11-2019 08:00,0,,,,,,,,,,,
19-11-2019 09:00,0.001,,,,,,,,,,,
19-11-2019 10:00,0.002,,,,,,,,,,,
19-11-2019 11:00,0.002,,,,,,,,,,,
19-11-2019 12:00,0.007,,,,,,,,,,,
19-11-2019 13:00,0.015,,,,,,,,,,,
19-11-2019 14:00,0.026,,,,,,,,,,,
19-11-2019 15:00,0.032,,,,,,,,,,,
19-11-2019 16:00,0.043,,,,,,,,,,,
19-11-2019 17:00,0.058,,,,,,,,,,,
19-11-2019 18:00,0.058,,,,,,,,,,,
19-11-2019 19:00,0.048,,,,,,,,,,,
19-11-2019 20:00,0.036,,,,,,,,,,,
19-11-2019 21:00,0.034,,,,,,,,,,,
19-11-2019 22:00,0.035,,,,,,,,,,,
19-11-2019 23:00,0.04,,,,,,,,,,,
20-11-2019 00:00,0.046,,,,,,,,,,,
20-11-2019 01:00,0.061,,,,,,,,,,,
20-11-2019 02:00,0.041,,,,,,,,,,,
20-11-2019 03:00,0.009,,,,,,,,,,,
20-11-2019 04:00,0.009,,,,,,,,,,,
20-11-2019 05:00,0.004,,,,,,,,,,,
20-11-2019 06:00,0.002,,,,,,,,,,,
20-11-2019 07:00,0.001,,,,,,,,,,,
20-11-2019 08:00,0,,,,,,,,,,,
20-11-2019 09:00,0,,,,,,,,,,,
20-11-2019 10:00,0,,,,,,,,,,,
20-11-2019 11:00,0,,,,,,,,,,,
20-11-2019 12:00,0,,,,,,,,,,,
20-11-2019 13:00,0.001,,,,,,,,,,,
20-11-2019 14:00,0.005,,,,,,,,,,,
20-11-2019 15:00,0.009,,,,,,,,,,,
20-11-2019 16:00,0.012,,,,,,,,,,,
20-11-2019 17:00,0.016,,,,,,,,,,,
20-11-2019 18:00,0.02,,,,,,,,,,,
20-11-2019 19:00,0.026,,,,,,,,,,,
20-11-2019 20:00,0.035,,,,,,,,,,,
20-11-2019 21:00,0.049,,,,,,,,,,,
20-11-2019 22:00,0.071,,,,,,,,,,,
20-11-2019 23:00,0.108,,,,,,,,,,,
21-11-2019 00:00,0.157,,,,,,,,,,,
21-11-2019 01:00,0.195,,,,,,,,,,,
21-11-2019 02:00,0.144,,,,,,,,,,,
21-11-2019 03:00,0.063,,,,,,,,,,,
21-11-2019 04:00,0.072,,,,,,,,,,,
21-11-2019 05:00,0.046,,,,,,,,,,,
21-11-2019 06:00,0.01,,,,,,,,,,,
21-11-2019 07:00,0,,,,,,,,,,,
21-11-2019 08:00,0,,,,,,,,,,,
21-11-2019 09:00,0,,,,,,,,,,,
21-11-2019 10:00,0,,,,,,,,,,,
21-11-2019 11:00,0.007,,,,,,,,,,,
21-11-2019 12:00,0.038,,,,,,,,,,,
21-11-2019 13:00,0.084,,,,,,,,,,,
21-11-2019 14:00,0.115,,,,,,,,,,,
21-11-2019 15:00,0.122,,,,,,,,,,,
21-11-2019 16:00,0.114,,,,,,,,,,,
21-11-2019 17:00,0.103,,,,,,,,,,,
21-11-2019 18:00,0.099,,,,,,,,,,,
21-11-2019 19:00,0.101,,,,,,,,,,,
21-11-2019 20:00,0.105,,,,,,,,,,,
21-11-2019 21:00,0.112,,,,,,,,,,,
21-11-2019 22:00,0.118,,,,,,,,,,,
21-11-2019 23:00,0.123,,,,,,,,,,,
22-11-2019 00:00,0.124,,,,,,,,,,,
22-11-2019 01:00,0.117,,,,,,,,,,,
22-11-2019 02:00,0.057,,,,,,,,,,,
22-11-2019 03:00,0.013,,,,,,,,,,,
22-11-2019 04:00,0.002,,,,,,,,,,,
22-11-2019 05:00,0,,,,,,,,,,,
22-11-2019 06:00,0,,,,,,,,,,,
22-11-2019 07:00,0,,,,,,,,,,,
22-11-2019 08:00,0,,,,,,,,,,,
22-11-2019 09:00,0.001,,,,,,,,,,,
22-11-2019 10:00,0.001,,,,,,,,,,,
22-11-2019 11:00,0.002,,,,,,,,,,,
22-11-2019 12:00,0.003,,,,,,,,,,,
22-11-2019 13:00,0.004,,,,,,,,,,,
22-11-2019 14:00,0.004,,,,,,,,,,,
22-11-2019 15:00,0.004,,,,,,,,,,,
22-11-2019 16:00,0.004,,,,,,,,,,,
22-11-2019 17:00,0.004,,,,,,,,,,,
22-11-2019 18:00,0.004,,,,,,,,,,,
22-11-2019 19:00,0.006,,,,,,,,,,,
22-11-2019 20:00,0.008,,,,,,,,,,,
22-11-2019 21:00,0.009,,,,,,,,,,,
22-11-2019 22:00,0.011,,,,,,,,,,,
22-11-2019 23:00,0.012,,,,,,,,,,,
23-11-2019 00:00,0.014,,,,,,,,,,,
23-11-2019 01:00,0.015,,,,,,,,,,,
23-11-2019 02:00,0.011,,,,,,,,,,,
23-11-2019 03:00,0.001,,,,,,,,,,,
23-11-2019 04:00,0.001,,,,,,,,,,,
23-11-2019 05:00,0.001,,,,,,,,,,,
23-11-2019 06:00,0.001,,,,,,,,,,,
23-11-2019 07:00,0.001,,,,,,,,,,,
23-11-2019 08:00,0.001,,,,,,,,,,,
23-11-2019 09:00,0.001,,,,,,,,,,,
23-11-2019 10:00,0.003,,,,,,,,,,,
23-11-2019 11:00,0.011,,,,,,,,,,,
23-11-2019 12:00,0.034,,,,,,,,,,,
23-11-2019 13:00,0.08,,,,,,,,,,,
23-11-2019 14:00,0.133,,,,,,,,,,,
23-11-2019 15:00,0.146,,,,,,,,,,,
23-11-2019 16:00,0.13,,,,,,,,,,,
23-11-2019 17:00,0.096,,,,,,,,,,,
23-11-2019 18:00,0.057,,,,,,,,,,,
23-11-2019 19:00,0.036,,,,,,,,,,,
23-11-2019 20:00,0.023,,,,,,,,,,,
23-11-2019 21:00,0.019,,,,,,,,,,,
23-11-2019 22:00,0.026,,,,,,,,,,,
23-11-2019 23:00,0.037,,,,,,,,,,,
24-11-2019 00:00,0.054,,,,,,,,,,,
24-11-2019 01:00,0.08,,,,,,,,,,,
24-11-2019 02:00,0.089,,,,,,,,,,,
24-11-2019 03:00,0.039,,,,,,,,,,,
24-11-2019 04:00,0.011,,,,,,,,,,,
24-11-2019 05:00,0.015,,,,,,,,,,,
24-11-2019 06:00,0.012,,,,,,,,,,,
24-11-2019 07:00,0.009,,,,,,,,,,,
24-11-2019 08:00,0.008,,,,,,,,,,,
24-11-2019 09:00,0.006,,,,,,,,,,,
24-11-2019 10:00,0.006,,,,,,,,,,,
24-11-2019 11:00,0.013,,,,,,,,,,,
24-11-2019 12:00,0.021,,,,,,,,,,,
24-11-2019 13:00,0.03,,,,,,,,,,,
24-11-2019 14:00,0.045,,,,,,,,,,,
24-11-2019 15:00,0.056,,,,,,,,,,,
24-11-2019 16:00,0.062,,,,,,,,,,,
24-11-2019 17:00,0.064,,,,,,,,,,,
24-11-2019 18:00,0.064,,,,,,,,,,,
24-11-2019 19:00,0.065,,,,,,,,,,,
24-11-2019 20:00,0.061,,,,,,,,,,,
24-11-2019 21:00,0.059,,,,,,,,,,,
24-11-2019 22:00,0.074,,,,,,,,,,,
24-11-2019 23:00,0.107,,,,,,,,,,,
25-11-2019 00:00,0.142,,,,,,,,,,,
25-11-2019 01:00,0.174,,,,,,,,,,,
25-11-2019 02:00,0.126,,,,,,,,,,,
25-11-2019 03:00,0.043,,,,,,,,,,,
25-11-2019 04:00,0.07,,,,,,,,,,,
25-11-2019 05:00,0.067,,,,,,,,,,,
25-11-2019 06:00,0.071,,,,,,,,,,,
25-11-2019 07:00,0.073,,,,,,,,,,,
25-11-2019 08:00,0.074,,,,,,,,,,,
25-11-2019 09:00,0.069,,,,,,,,,,,
25-11-2019 10:00,0.073,,,,,,,,,,,
25-11-2019 11:00,0.103,,,,,,,,,,,
25-11-2019 12:00,0.155,,,,,,,,,,,
25-11-2019 13:00,0.179,,,,,,,,,,,
25-11-2019 14:00,0.159,,,,,,,,,,,
25-11-2019 15:00,0.139,,,,,,,,,,,
25-11-2019 16:00,0.135,,,,,,,,,,,
25-11-2019 17:00,0.15,,,,,,,,,,,
25-11-2019 18:00,0.175,,,,,,,,,,,
25-11-2019 19:00,0.188,,,,,,,,,,,
25-11-2019 20:00,0.185,,,,,,,,,,,
25-11-2019 21:00,0.157,,,,,,,,,,,
25-11-2019 22:00,0.132,,,,,,,,,,,
25-11-2019 23:00,0.121,,,,,,,,,,,
26-11-2019 00:00,0.123,,,,,,,,,,,
26-11-2019 01:00,0.14,,,,,,,,,,,
26-11-2019 02:00,0.102,,,,,,,,,,,
26-11-2019 03:00,0.062,,,,,,,,,,,
26-11-2019 04:00,0.099,,,,,,,,,,,
26-11-2019 05:00,0.073,,,,,,,,,,,
26-11-2019 06:00,0.067,,,,,,,,,,,
26-11-2019 07:00,0.067,,,,,,,,,,,
26-11-2019 08:00,0.066,,,,,,,,,,,
26-11-2019 09:00,0.048,,,,,,,,,,,
26-11-2019 10:00,0.029,,,,,,,,,,,
26-11-2019 11:00,0.03,,,,,,,,,,,
26-11-2019 12:00,0.05,,,,,,,,,,,
26-11-2019 13:00,0.082,,,,,,,,,,,
26-11-2019 14:00,0.106,,,,,,,,,,,
26-11-2019 15:00,0.134,,,,,,,,,,,
26-11-2019 16:00,0.16,,,,,,,,,,,
26-11-2019 17:00,0.156,,,,,,,,,,,
26-11-2019 18:00,0.149,,,,,,,,,,,
26-11-2019 19:00,0.152,,,,,,,,,,,
26-11-2019 20:00,0.158,,,,,,,,,,,
26-11-2019 21:00,0.173,,,,,,,,,,,
26-11-2019 22:00,0.187,,,,,,,,,,,
26-11-2019 23:00,0.197,,,,,,,,,,,
27-11-2019 00:00,0.217,,,,,,,,,,,
27-11-2019 01:00,0.23,,,,,,,,,,,
27-11-2019 02:00,0.155,,,,,,,,,,,
27-11-2019 03:00,0.048,,,,,,,,,,,
27-11-2019 04:00,0.037,,,,,,,,,,,
27-11-2019 05:00,0.009,,,,,,,,,,,
27-11-2019 06:00,0.002,,,,,,,,,,,
27-11-2019 07:00,0,,,,,,,,,,,
27-11-2019 08:00,0,,,,,,,,,,,
27-11-2019 09:00,0,,,,,,,,,,,
27-11-2019 10:00,0,,,,,,,,,,,
27-11-2019 11:00,0.001,,,,,,,,,,,
27-11-2019 12:00,0.025,,,,,,,,,,,
27-11-2019 13:00,0.107,,,,,,,,,,,
27-11-2019 14:00,0.201,,,,,,,,,,,
27-11-2019 15:00,0.249,,,,,,,,,,,
27-11-2019 16:00,0.265,,,,,,,,,,,
27-11-2019 17:00,0.287,,,,,,,,,,,
27-11-2019 18:00,0.316,,,,,,,,,,,
27-11-2019 19:00,0.349,,,,,,,,,,,
27-11-2019 20:00,0.358,,,,,,,,,,,
27-11-2019 21:00,0.356,,,,,,,,,,,
27-11-2019 22:00,0.352,,,,,,,,,,,
27-11-2019 23:00,0.327,,,,,,,,,,,
28-11-2019 00:00,0.321,,,,,,,,,,,
28-11-2019 01:00,0.285,,,,,,,,,,,
28-11-2019 02:00,0.16,,,,,,,,,,,
28-11-2019 03:00,0.147,,,,,,,,,,,
28-11-2019 04:00,0.104,,,,,,,,,,,
28-11-2019 05:00,0.043,,,,,,,,,,,
28-11-2019 06:00,0.013,,,,,,,,,,,
28-11-2019 07:00,0.004,,,,,,,,,,,
28-11-2019 08:00,0.002,,,,,,,,,,,
28-11-2019 09:00,0.001,,,,,,,,,,,
28-11-2019 10:00,0.003,,,,,,,,,,,
28-11-2019 11:00,0.013,,,,,,,,,,,
28-11-2019 12:00,0.037,,,,,,,,,,,
28-11-2019 13:00,0.059,,,,,,,,,,,
28-11-2019 14:00,0.072,,,,,,,,,,,
28-11-2019 15:00,0.085,,,,,,,,,,,
28-11-2019 16:00,0.097,,,,,,,,,,,
28-11-2019 17:00,0.106,,,,,,,,,,,
28-11-2019 18:00,0.118,,,,,,,,,,,
28-11-2019 19:00,0.134,,,,,,,,,,,
28-11-2019 20:00,0.144,,,,,,,,,,,
28-11-2019 21:00,0.12,,,,,,,,,,,
28-11-2019 22:00,0.084,,,,,,,,,,,
28-11-2019 23:00,0.055,,,,,,,,,,,
29-11-2019 00:00,0.03,,,,,,,,,,,
29-11-2019 01:00,0.014,,,,,,,,,,,
29-11-2019 02:00,0.003,,,,,,,,,,,
29-11-2019 03:00,0,,,,,,,,,,,
29-11-2019 04:00,0,,,,,,,,,,,
29-11-2019 05:00,0,,,,,,,,,,,
29-11-2019 06:00,0,,,,,,,,,,,
29-11-2019 07:00,0,,,,,,,,,,,
29-11-2019 08:00,0,,,,,,,,,,,
29-11-2019 09:00,0,,,,,,,,,,,
29-11-2019 10:00,0,,,,,,,,,,,
29-11-2019 11:00,0,,,,,,,,,,,
29-11-2019 12:00,0.003,,,,,,,,,,,
29-11-2019 13:00,0.018,,,,,,,,,,,
29-11-2019 14:00,0.039,,,,,,,,,,,
29-11-2019 15:00,0.057,,,,,,,,,,,
29-11-2019 16:00,0.074,,,,,,,,,,,
29-11-2019 17:00,0.088,,,,,,,,,,,
29-11-2019 18:00,0.096,,,,,,,,,,,
29-11-2019 19:00,0.108,,,,,,,,,,,
29-11-2019 20:00,0.117,,,,,,,,,,,
29-11-2019 21:00,0.101,,,,,,,,,,,
29-11-2019 22:00,0.078,,,,,,,,,,,
29-11-2019 23:00,0.067,,,,,,,,,,,
30-11-2019 00:00,0.062,,,,,,,,,,,
30-11-2019 01:00,0.059,,,,,,,,,,,
30-11-2019 02:00,0.032,,,,,,,,,,,
30-11-2019 03:00,0.006,,,,,,,,,,,
30-11-2019 04:00,0.003,,,,,,,,,,,
30-11-2019 05:00,0.001,,,,,,,,,,,
30-11-2019 06:00,0,,,,,,,,,,,
30-11-2019 07:00,0,,,,,,,,,,,
30-11-2019 08:00,0,,,,,,,,,,,
30-11-2019 09:00,0,,,,,,,,,,,
30-11-2019 10:00,0.001,,,,,,,,,,,
30-11-2019 11:00,0.008,,,,,,,,,,,
30-11-2019 12:00,0.043,,,,,,,,,,,
30-11-2019 13:00,0.085,,,,,,,,,,,
30-11-2019 14:00,0.123,,,,,,,,,,,
30-11-2019 15:00,0.142,,,,,,,,,,,
30-11-2019 16:00,0.154,,,,,,,,,,,
30-11-2019 17:00,0.172,,,,,,,,,,,
30-11-2019 18:00,0.173,,,,,,,,,,,
30-11-2019 19:00,0.156,,,,,,,,,,,
30-11-2019 20:00,0.125,,,,,,,,,,,
30-11-2019 21:00,0.101,,,,,,,,,,,
30-11-2019 22:00,0.084,,,,,,,,,,,
30-11-2019 23:00,0.073,,,,,,,,,,,
01-12-2019 00:00,0.072,,,,,,,,,,,
01-12-2019 01:00,0.084,,,,,,,,,,,
01-12-2019 02:00,0.061,,,,,,,,,,,
01-12-2019 03:00,0.038,,,,,,,,,,,
01-12-2019 04:00,0.03,,,,,,,,,,,
01-12-2019 05:00,0.006,,,,,,,,,,,
01-12-2019 06:00,0,,,,,,,,,,,
01-12-2019 07:00,0,,,,,,,,,,,
01-12-2019 08:00,0,,,,,,,,,,,
01-12-2019 09:00,0,,,,,,,,,,,
01-12-2019 10:00,0,,,,,,,,,,,
01-12-2019 11:00,0,,,,,,,,,,,
01-12-2019 12:00,0,,,,,,,,,,,
01-12-2019 13:00,0.002,,,,,,,,,,,
01-12-2019 14:00,0.01,,,,,,,,,,,
01-12-2019 15:00,0.023,,,,,,,,,,,
01-12-2019 16:00,0.039,,,,,,,,,,,
01-12-2019 17:00,0.062,,,,,,,,,,,
01-12-2019 18:00,0.089,,,,,,,,,,,
01-12-2019 19:00,0.118,,,,,,,,,,,
01-12-2019 20:00,0.138,,,,,,,,,,,
01-12-2019 21:00,0.137,,,,,,,,,,,
01-12-2019 22:00,0.132,,,,,,,,,,,
01-12-2019 23:00,0.115,,,,,,,,,,,
02-12-2019 00:00,0.095,,,,,,,,,,,
02-12-2019 01:00,0.081,,,,,,,,,,,
02-12-2019 02:00,0.045,,,,,,,,,,,
02-12-2019 03:00,0.016,,,,,,,,,,,
02-12-2019 04:00,0.006,,,,,,,,,,,
02-12-2019 05:00,0.001,,,,,,,,,,,
02-12-2019 06:00,0.001,,,,,,,,,,,
02-12-2019 07:00,0.001,,,,,,,,,,,
02-12-2019 08:00,0.001,,,,,,,,,,,
02-12-2019 09:00,0.001,,,,,,,,,,,
02-12-2019 10:00,0.001,,,,,,,,,,,
02-12-2019 11:00,0.001,,,,,,,,,,,
02-12-2019 12:00,0.005,,,,,,,,,,,
02-12-2019 13:00,0.019,,,,,,,,,,,
02-12-2019 14:00,0.045,,,,,,,,,,,
02-12-2019 15:00,0.069,,,,,,,,,,,
02-12-2019 16:00,0.096,,,,,,,,,,,
02-12-2019 17:00,0.131,,,,,,,,,,,
02-12-2019 18:00,0.158,,,,,,,,,,,
02-12-2019 19:00,0.176,,,,,,,,,,,
02-12-2019 20:00,0.185,,,,,,,,,,,
02-12-2019 21:00,0.161,,,,,,,,,,,
02-12-2019 22:00,0.125,,,,,,,,,,,
02-12-2019 23:00,0.109,,,,,,,,,,,
03-12-2019 00:00,0.111,,,,,,,,,,,
03-12-2019 01:00,0.111,,,,,,,,,,,
03-12-2019 02:00,0.061,,,,,,,,,,,
03-12-2019 03:00,0.06,,,,,,,,,,,
03-12-2019 04:00,0.05,,,,,,,,,,,
03-12-2019 05:00,0.029,,,,,,,,,,,
03-12-2019 06:00,0.014,,,,,,,,,,,
03-12-2019 07:00,0.006,,,,,,,,,,,
03-12-2019 08:00,0.004,,,,,,,,,,,
03-12-2019 09:00,0.005,,,,,,,,,,,
03-12-2019 10:00,0.013,,,,,,,,,,,
03-12-2019 11:00,0.046,,,,,,,,,,,
03-12-2019 12:00,0.113,,,,,,,,,,,
03-12-2019 13:00,0.15,,,,,,,,,,,
03-12-2019 14:00,0.148,,,,,,,,,,,
03-12-2019 15:00,0.126,,,,,,,,,,,
03-12-2019 16:00,0.103,,,,,,,,,,,
03-12-2019 17:00,0.084,,,,,,,,,,,
03-12-2019 18:00,0.072,,,,,,,,,,,
03-12-2019 19:00,0.07,,,,,,,,,,,
03-12-2019 20:00,0.071,,,,,,,,,,,
03-12-2019 21:00,0.07,,,,,,,,,,,
03-12-2019 22:00,0.078,,,,,,,,,,,
03-12-2019 23:00,0.095,,,,,,,,,,,
04-12-2019 00:00,0.12,,,,,,,,,,,
04-12-2019 01:00,0.155,,,,,,,,,,,
04-12-2019 02:00,0.113,,,,,,,,,,,
04-12-2019 03:00,0.063,,,,,,,,,,,
04-12-2019 04:00,0.068,,,,,,,,,,,
04-12-2019 05:00,0.048,,,,,,,,,,,
04-12-2019 06:00,0.038,,,,,,,,,,,
04-12-2019 07:00,0.032,,,,,,,,,,,
04-12-2019 08:00,0.031,,,,,,,,,,,
04-12-2019 09:00,0.032,,,,,,,,,,,
04-12-2019 10:00,0.037,,,,,,,,,,,
04-12-2019 11:00,0.073,,,,,,,,,,,
04-12-2019 12:00,0.155,,,,,,,,,,,
04-12-2019 13:00,0.236,,,,,,,,,,,
04-12-2019 14:00,0.283,,,,,,,,,,,
04-12-2019 15:00,0.306,,,,,,,,,,,
04-12-2019 16:00,0.32,,,,,,,,,,,
04-12-2019 17:00,0.324,,,,,,,,,,,
04-12-2019 18:00,0.309,,,,,,,,,,,
04-12-2019 19:00,0.294,,,,,,,,,,,
04-12-2019 20:00,0.277,,,,,,,,,,,
04-12-2019 21:00,0.248,,,,,,,,,,,
04-12-2019 22:00,0.203,,,,,,,,,,,
04-12-2019 23:00,0.167,,,,,,,,,,,
05-12-2019 00:00,0.154,,,,,,,,,,,
05-12-2019 01:00,0.142,,,,,,,,,,,
05-12-2019 02:00,0.069,,,,,,,,,,,
05-12-2019 03:00,0.017,,,,,,,,,,,
05-12-2019 04:00,0.007,,,,,,,,,,,
05-12-2019 05:00,0.004,,,,,,,,,,,
05-12-2019 06:00,0.007,,,,,,,,,,,
05-12-2019 07:00,0.014,,,,,,,,,,,
05-12-2019 08:00,0.026,,,,,,,,,,,
05-12-2019 09:00,0.047,,,,,,,,,,,
05-12-2019 10:00,0.091,,,,,,,,,,,
05-12-2019 11:00,0.195,,,,,,,,,,,
05-12-2019 12:00,0.358,,,,,,,,,,,
05-12-2019 13:00,0.447,,,,,,,,,,,
05-12-2019 14:00,0.45,,,,,,,,,,,
05-12-2019 15:00,0.429,,,,,,,,,,,
05-12-2019 16:00,0.407,,,,,,,,,,,
05-12-2019 17:00,0.388,,,,,,,,,,,
05-12-2019 18:00,0.37,,,,,,,,,,,
05-12-2019 19:00,0.343,,,,,,,,,,,
05-12-2019 20:00,0.311,,,,,,,,,,,
05-12-2019 21:00,0.288,,,,,,,,,,,
05-12-2019 22:00,0.274,,,,,,,,,,,
05-12-2019 23:00,0.239,,,,,,,,,,,
06-12-2019 00:00,0.189,,,,,,,,,,,
06-12-2019 01:00,0.162,,,,,,,,,,,
06-12-2019 02:00,0.079,,,,,,,,,,,
06-12-2019 03:00,0.019,,,,,,,,,,,
06-12-2019 04:00,0.019,,,,,,,,,,,
06-12-2019 05:00,0.005,,,,,,,,,,,
06-12-2019 06:00,0.004,,,,,,,,,,,
06-12-2019 07:00,0.005,,,,,,,,,,,
06-12-2019 08:00,0.006,,,,,,,,,,,
06-12-2019 09:00,0.006,,,,,,,,,,,
06-12-2019 10:00,0.007,,,,,,,,,,,
06-12-2019 11:00,0.022,,,,,,,,,,,
06-12-2019 12:00,0.057,,,,,,,,,,,
06-12-2019 13:00,0.085,,,,,,,,,,,
06-12-2019 14:00,0.1,,,,,,,,,,,
06-12-2019 15:00,0.115,,,,,,,,,,,
06-12-2019 16:00,0.134,,,,,,,,,,,
06-12-2019 17:00,0.135,,,,,,,,,,,
06-12-2019 18:00,0.117,,,,,,,,,,,
06-12-2019 19:00,0.097,,,,,,,,,,,
06-12-2019 20:00,0.087,,,,,,,,,,,
06-12-2019 21:00,0.084,,,,,,,,,,,
06-12-2019 22:00,0.085,,,,,,,,,,,
06-12-2019 23:00,0.095,,,,,,,,,,,
07-12-2019 00:00,0.114,,,,,,,,,,,
07-12-2019 01:00,0.118,,,,,,,,,,,
07-12-2019 02:00,0.065,,,,,,,,,,,
07-12-2019 03:00,0.043,,,,,,,,,,,
07-12-2019 04:00,0.05,,,,,,,,,,,
07-12-2019 05:00,0.017,,,,,,,,,,,
07-12-2019 06:00,0.007,,,,,,,,,,,
07-12-2019 07:00,0.006,,,,,,,,,,,
07-12-2019 08:00,0.01,,,,,,,,,,,
07-12-2019 09:00,0.017,,,,,,,,,,,
07-12-2019 10:00,0.028,,,,,,,,,,,
07-12-2019 11:00,0.058,,,,,,,,,,,
07-12-2019 12:00,0.099,,,,,,,,,,,
07-12-2019 13:00,0.114,,,,,,,,,,,
07-12-2019 14:00,0.103,,,,,,,,,,,
07-12-2019 15:00,0.086,,,,,,,,,,,
07-12-2019 16:00,0.077,,,,,,,,,,,
07-12-2019 17:00,0.071,,,,,,,,,,,
07-12-2019 18:00,0.059,,,,,,,,,,,
07-12-2019 19:00,0.046,,,,,,,,,,,
07-12-2019 20:00,0.036,,,,,,,,,,,
07-12-2019 21:00,0.022,,,,,,,,,,,
07-12-2019 22:00,0.012,,,,,,,,,,,
07-12-2019 23:00,0.011,,,,,,,,,,,
08-12-2019 00:00,0.013,,,,,,,,,,,
08-12-2019 01:00,0.016,,,,,,,,,,,
08-12-2019 02:00,0.01,,,,,,,,,,,
08-12-2019 03:00,0.002,,,,,,,,,,,
08-12-2019 04:00,0.002,,,,,,,,,,,
08-12-2019 05:00,0.001,,,,,,,,,,,
08-12-2019 06:00,0,,,,,,,,,,,
08-12-2019 07:00,0,,,,,,,,,,,
08-12-2019 08:00,0,,,,,,,,,,,
08-12-2019 09:00,0,,,,,,,,,,,
08-12-2019 10:00,0,,,,,,,,,,,
08-12-2019 11:00,0.001,,,,,,,,,,,
08-12-2019 12:00,0.009,,,,,,,,,,,
08-12-2019 13:00,0.022,,,,,,,,,,,
08-12-2019 14:00,0.034,,,,,,,,,,,
08-12-2019 15:00,0.042,,,,,,,,,,,
08-12-2019 16:00,0.048,,,,,,,,,,,
08-12-2019 17:00,0.047,,,,,,,,,,,
08-12-2019 18:00,0.04,,,,,,,,,,,
08-12-2019 19:00,0.035,,,,,,,,,,,
08-12-2019 20:00,0.033,,,,,,,,,,,
08-12-2019 21:00,0.024,,,,,,,,,,,
08-12-2019 22:00,0.013,,,,,,,,,,,
08-12-2019 23:00,0.008,,,,,,,,,,,
09-12-2019 00:00,0.006,,,,,,,,,,,
09-12-2019 01:00,0.008,,,,,,,,,,,
09-12-2019 02:00,0.007,,,,,,,,,,,
09-12-2019 03:00,0.002,,,,,,,,,,,
09-12-2019 04:00,0.004,,,,,,,,,,,
09-12-2019 05:00,0.002,,,,,,,,,,,
09-12-2019 06:00,0,,,,,,,,,,,
09-12-2019 07:00,0,,,,,,,,,,,
09-12-2019 08:00,0,,,,,,,,,,,
09-12-2019 09:00,0,,,,,,,,,,,
09-12-2019 10:00,0,,,,,,,,,,,
09-12-2019 11:00,0,,,,,,,,,,,
09-12-2019 12:00,0.002,,,,,,,,,,,
09-12-2019 13:00,0.012,,,,,,,,,,,
09-12-2019 14:00,0.03,,,,,,,,,,,
09-12-2019 15:00,0.058,,,,,,,,,,,
09-12-2019 16:00,0.08,,,,,,,,,,,
09-12-2019 17:00,0.078,,,,,,,,,,,
09-12-2019 18:00,0.057,,,,,,,,,,,
09-12-2019 19:00,0.039,,,,,,,,,,,
09-12-2019 20:00,0.031,,,,,,,,,,,
09-12-2019 21:00,0.024,,,,,,,,,,,
09-12-2019 22:00,0.014,,,,,,,,,,,
09-12-2019 23:00,0.006,,,,,,,,,,,
10-12-2019 00:00,0.002,,,,,,,,,,,
10-12-2019 01:00,0.001,,,,,,,,,,,
10-12-2019 02:00,0.001,,,,,,,,,,,
10-12-2019 03:00,0,,,,,,,,,,,
10-12-2019 04:00,0,,,,,,,,,,,
10-12-2019 05:00,0,,,,,,,,,,,
10-12-2019 06:00,0,,,,,,,,,,,
10-12-2019 07:00,0,,,,,,,,,,,
10-12-2019 08:00,0.002,,,,,,,,,,,
10-12-2019 09:00,0.004,,,,,,,,,,,
10-12-2019 10:00,0.004,,,,,,,,,,,
10-12-2019 11:00,0.005,,,,,,,,,,,
10-12-2019 12:00,0.009,,,,,,,,,,,
10-12-2019 13:00,0.013,,,,,,,,,,,
10-12-2019 14:00,0.012,,,,,,,,,,,
10-12-2019 15:00,0.023,,,,,,,,,,,
10-12-2019 16:00,0.068,,,,,,,,,,,
10-12-2019 17:00,0.127,,,,,,,,,,,
10-12-2019 18:00,0.167,,,,,,,,,,,
10-12-2019 19:00,0.192,,,,,,,,,,,
10-12-2019 20:00,0.213,,,,,,,,,,,
10-12-2019 21:00,0.195,,,,,,,,,,,
10-12-2019 22:00,0.148,,,,,,,,,,,
10-12-2019 23:00,0.111,,,,,,,,,,,
11-12-2019 00:00,0.082,,,,,,,,,,,
11-12-2019 01:00,0.061,,,,,,,,,,,
11-12-2019 02:00,0.034,,,,,,,,,,,
11-12-2019 03:00,0.01,,,,,,,,,,,
11-12-2019 04:00,0.011,,,,,,,,,,,
11-12-2019 05:00,0.009,,,,,,,,,,,
11-12-2019 06:00,0.009,,,,,,,,,,,
11-12-2019 07:00,0.008,,,,,,,,,,,
11-12-2019 08:00,0.006,,,,,,,,,,,
11-12-2019 09:00,0.006,,,,,,,,,,,
11-12-2019 10:00,0.009,,,,,,,,,,,
11-12-2019 11:00,0.019,,,,,,,,,,,
11-12-2019 12:00,0.047,,,,,,,,,,,
11-12-2019 13:00,0.109,,,,,,,,,,,
11-12-2019 14:00,0.212,,,,,,,,,,,
11-12-2019 15:00,0.328,,,,,,,,,,,
11-12-2019 16:00,0.395,,,,,,,,,,,
11-12-2019 17:00,0.414,,,,,,,,,,,
11-12-2019 18:00,0.427,,,,,,,,,,,
11-12-2019 19:00,0.445,,,,,,,,,,,
11-12-2019 20:00,0.473,,,,,,,,,,,
11-12-2019 21:00,0.468,,,,,,,,,,,
11-12-2019 22:00,0.474,,,,,,,,,,,
11-12-2019 23:00,0.501,,,,,,,,,,,
12-12-2019 00:00,0.511,,,,,,,,,,,
12-12-2019 01:00,0.51,,,,,,,,,,,
12-12-2019 02:00,0.381,,,,,,,,,,,
12-12-2019 03:00,0.318,,,,,,,,,,,
12-12-2019 04:00,0.544,,,,,,,,,,,
12-12-2019 05:00,0.552,,,,,,,,,,,
12-12-2019 06:00,0.546,,,,,,,,,,,
12-12-2019 07:00,0.547,,,,,,,,,,,
12-12-2019 08:00,0.533,,,,,,,,,,,
12-12-2019 09:00,0.519,,,,,,,,,,,
12-12-2019 10:00,0.486,,,,,,,,,,,
12-12-2019 11:00,0.432,,,,,,,,,,,
12-12-2019 12:00,0.488,,,,,,,,,,,
12-12-2019 13:00,0.547,,,,,,,,,,,
12-12-2019 14:00,0.592,,,,,,,,,,,
12-12-2019 15:00,0.63,,,,,,,,,,,
12-12-2019 16:00,0.63,,,,,,,,,,,
12-12-2019 17:00,0.704,,,,,,,,,,,
12-12-2019 18:00,0.724,,,,,,,,,,,
12-12-2019 19:00,0.75,,,,,,,,,,,
12-12-2019 20:00,0.718,,,,,,,,,,,
12-12-2019 21:00,0.601,,,,,,,,,,,
12-12-2019 22:00,0.41,,,,,,,,,,,
12-12-2019 23:00,0.279,,,,,,,,,,,
13-12-2019 00:00,0.264,,,,,,,,,,,
13-12-2019 01:00,0.239,,,,,,,,,,,
13-12-2019 02:00,0.194,,,,,,,,,,,
13-12-2019 03:00,0.267,,,,,,,,,,,
13-12-2019 04:00,0.323,,,,,,,,,,,
13-12-2019 05:00,0.264,,,,,,,,,,,
13-12-2019 06:00,0.231,,,,,,,,,,,
13-12-2019 07:00,0.219,,,,,,,,,,,
13-12-2019 08:00,0.231,,,,,,,,,,,
13-12-2019 09:00,0.258,,,,,,,,,,,
13-12-2019 10:00,0.237,,,,,,,,,,,
13-12-2019 11:00,0.179,,,,,,,,,,,
13-12-2019 12:00,0.171,,,,,,,,,,,
13-12-2019 13:00,0.145,,,,,,,,,,,
13-12-2019 14:00,0.096,,,,,,,,,,,
13-12-2019 15:00,0.069,,,,,,,,,,,
13-12-2019 16:00,0.064,,,,,,,,,,,
13-12-2019 17:00,0.05,,,,,,,,,,,
13-12-2019 18:00,0.045,,,,,,,,,,,
13-12-2019 19:00,0.044,,,,,,,,,,,
13-12-2019 20:00,0.047,,,,,,,,,,,
13-12-2019 21:00,0.035,,,,,,,,,,,
13-12-2019 22:00,0.018,,,,,,,,,,,
13-12-2019 23:00,0.01,,,,,,,,,,,
14-12-2019 00:00,0.005,,,,,,,,,,,
14-12-2019 01:00,0.003,,,,,,,,,,,
14-12-2019 02:00,0,,,,,,,,,,,
14-12-2019 03:00,0,,,,,,,,,,,
14-12-2019 04:00,0.004,,,,,,,,,,,
14-12-2019 05:00,0.025,,,,,,,,,,,
14-12-2019 06:00,0.058,,,,,,,,,,,
14-12-2019 07:00,0.083,,,,,,,,,,,
14-12-2019 08:00,0.089,,,,,,,,,,,
14-12-2019 09:00,0.083,,,,,,,,,,,
14-12-2019 10:00,0.063,,,,,,,,,,,
14-12-2019 11:00,0.05,,,,,,,,,,,
14-12-2019 12:00,0.054,,,,,,,,,,,
14-12-2019 13:00,0.064,,,,,,,,,,,
14-12-2019 14:00,0.067,,,,,,,,,,,
14-12-2019 15:00,0.048,,,,,,,,,,,
14-12-2019 16:00,0.037,,,,,,,,,,,
14-12-2019 17:00,0.051,,,,,,,,,,,
14-12-2019 18:00,0.083,,,,,,,,,,,
14-12-2019 19:00,0.121,,,,,,,,,,,
14-12-2019 20:00,0.145,,,,,,,,,,,
14-12-2019 21:00,0.128,,,,,,,,,,,
14-12-2019 22:00,0.093,,,,,,,,,,,
14-12-2019 23:00,0.061,,,,,,,,,,,
15-12-2019 00:00,0.032,,,,,,,,,,,
15-12-2019 01:00,0.009,,,,,,,,,,,
15-12-2019 02:00,0,,,,,,,,,,,
15-12-2019 03:00,0,,,,,,,,,,,
15-12-2019 04:00,0.002,,,,,,,,,,,
15-12-2019 05:00,0.012,,,,,,,,,,,
15-12-2019 06:00,0.03,,,,,,,,,,,
15-12-2019 07:00,0.04,,,,,,,,,,,
15-12-2019 08:00,0.048,,,,,,,,,,,
15-12-2019 09:00,0.051,,,,,,,,,,,
15-12-2019 10:00,0.065,,,,,,,,,,,
15-12-2019 11:00,0.101,,,,,,,,,,,
15-12-2019 12:00,0.172,,,,,,,,,,,
15-12-2019 13:00,0.231,,,,,,,,,,,
15-12-2019 14:00,0.244,,,,,,,,,,,
15-12-2019 15:00,0.236,,,,,,,,,,,
15-12-2019 16:00,0.216,,,,,,,,,,,
15-12-2019 17:00,0.192,,,,,,,,,,,
15-12-2019 18:00,0.164,,,,,,,,,,,
15-12-2019 19:00,0.152,,,,,,,,,,,
15-12-2019 20:00,0.151,,,,,,,,,,,
15-12-2019 21:00,0.151,,,,,,,,,,,
15-12-2019 22:00,0.159,,,,,,,,,,,
15-12-2019 23:00,0.173,,,,,,,,,,,
16-12-2019 00:00,0.182,,,,,,,,,,,
16-12-2019 01:00,0.181,,,,,,,,,,,
16-12-2019 02:00,0.172,,,,,,,,,,,
16-12-2019 03:00,0.133,,,,,,,,,,,
16-12-2019 04:00,0.06,,,,,,,,,,,
16-12-2019 05:00,0.005,,,,,,,,,,,
16-12-2019 06:00,0,,,,,,,,,,,
16-12-2019 07:00,0.001,,,,,,,,,,,
16-12-2019 08:00,0.01,,,,,,,,,,,
16-12-2019 09:00,0.019,,,,,,,,,,,
16-12-2019 10:00,0.03,,,,,,,,,,,
16-12-2019 11:00,0.067,,,,,,,,,,,
16-12-2019 12:00,0.168,,,,,,,,,,,
16-12-2019 13:00,0.264,,,,,,,,,,,
16-12-2019 14:00,0.279,,,,,,,,,,,
16-12-2019 15:00,0.248,,,,,,,,,,,
16-12-2019 16:00,0.205,,,,,,,,,,,
16-12-2019 17:00,0.175,,,,,,,,,,,
16-12-2019 18:00,0.149,,,,,,,,,,,
16-12-2019 19:00,0.114,,,,,,,,,,,
16-12-2019 20:00,0.094,,,,,,,,,,,
16-12-2019 21:00,0.084,,,,,,,,,,,
16-12-2019 22:00,0.077,,,,,,,,,,,
16-12-2019 23:00,0.074,,,,,,,,,,,
17-12-2019 00:00,0.068,,,,,,,,,,,
17-12-2019 01:00,0.053,,,,,,,,,,,
17-12-2019 02:00,0.024,,,,,,,,,,,
17-12-2019 03:00,0.019,,,,,,,,,,,
17-12-2019 04:00,0,,,,,,,,,,,
17-12-2019 05:00,0,,,,,,,,,,,
17-12-2019 06:00,0.002,,,,,,,,,,,
17-12-2019 07:00,0.011,,,,,,,,,,,
17-12-2019 08:00,0.019,,,,,,,,,,,
17-12-2019 09:00,0.021,,,,,,,,,,,
17-12-2019 10:00,0.03,,,,,,,,,,,
17-12-2019 11:00,0.105,,,,,,,,,,,
17-12-2019 12:00,0.281,,,,,,,,,,,
17-12-2019 13:00,0.385,,,,,,,,,,,
17-12-2019 14:00,0.394,,,,,,,,,,,
17-12-2019 15:00,0.38,,,,,,,,,,,
17-12-2019 16:00,0.351,,,,,,,,,,,
17-12-2019 17:00,0.33,,,,,,,,,,,
17-12-2019 18:00,0.3,,,,,,,,,,,
17-12-2019 19:00,0.279,,,,,,,,,,,
17-12-2019 20:00,0.264,,,,,,,,,,,
17-12-2019 21:00,0.225,,,,,,,,,,,
17-12-2019 22:00,0.194,,,,,,,,,,,
17-12-2019 23:00,0.171,,,,,,,,,,,
18-12-2019 00:00,0.149,,,,,,,,,,,
18-12-2019 01:00,0.125,,,,,,,,,,,
18-12-2019 02:00,0.045,,,,,,,,,,,
18-12-2019 03:00,0.009,,,,,,,,,,,
18-12-2019 04:00,0,,,,,,,,,,,
18-12-2019 05:00,0.002,,,,,,,,,,,
18-12-2019 06:00,0.036,,,,,,,,,,,
18-12-2019 07:00,0.077,,,,,,,,,,,
18-12-2019 08:00,0.093,,,,,,,,,,,
18-12-2019 09:00,0.086,,,,,,,,,,,
18-12-2019 10:00,0.074,,,,,,,,,,,
18-12-2019 11:00,0.082,,,,,,,,,,,
18-12-2019 12:00,0.122,,,,,,,,,,,
18-12-2019 13:00,0.167,,,,,,,,,,,
18-12-2019 14:00,0.201,,,,,,,,,,,
18-12-2019 15:00,0.227,,,,,,,,,,,
18-12-2019 16:00,0.249,,,,,,,,,,,
18-12-2019 17:00,0.256,,,,,,,,,,,
18-12-2019 18:00,0.252,,,,,,,,,,,
18-12-2019 19:00,0.245,,,,,,,,,,,
18-12-2019 20:00,0.233,,,,,,,,,,,
18-12-2019 21:00,0.187,,,,,,,,,,,
18-12-2019 22:00,0.139,,,,,,,,,,,
18-12-2019 23:00,0.107,,,,,,,,,,,
19-12-2019 00:00,0.079,,,,,,,,,,,
19-12-2019 01:00,0.056,,,,,,,,,,,
19-12-2019 02:00,0.022,,,,,,,,,,,
19-12-2019 03:00,0.002,,,,,,,,,,,
19-12-2019 04:00,0.002,,,,,,,,,,,
19-12-2019 05:00,0.044,,,,,,,,,,,
19-12-2019 06:00,0.069,,,,,,,,,,,
19-12-2019 07:00,0.069,,,,,,,,,,,
19-12-2019 08:00,0.064,,,,,,,,,,,
19-12-2019 09:00,0.061,,,,,,,,,,,
19-12-2019 10:00,0.06,,,,,,,,,,,
19-12-2019 11:00,0.076,,,,,,,,,,,
19-12-2019 12:00,0.117,,,,,,,,,,,
19-12-2019 13:00,0.153,,,,,,,,,,,
19-12-2019 14:00,0.178,,,,,,,,,,,
19-12-2019 15:00,0.188,,,,,,,,,,,
19-12-2019 16:00,0.19,,,,,,,,,,,
19-12-2019 17:00,0.181,,,,,,,,,,,
19-12-2019 18:00,0.165,,,,,,,,,,,
19-12-2019 19:00,0.144,,,,,,,,,,,
19-12-2019 20:00,0.126,,,,,,,,,,,
19-12-2019 21:00,0.099,,,,,,,,,,,
19-12-2019 22:00,0.074,,,,,,,,,,,
19-12-2019 23:00,0.058,,,,,,,,,,,
20-12-2019 00:00,0.045,,,,,,,,,,,
20-12-2019 01:00,0.035,,,,,,,,,,,
20-12-2019 02:00,0.018,,,,,,,,,,,
20-12-2019 03:00,0.001,,,,,,,,,,,
20-12-2019 04:00,0,,,,,,,,,,,
20-12-2019 05:00,0.007,,,,,,,,,,,
20-12-2019 06:00,0.008,,,,,,,,,,,
20-12-2019 07:00,0.007,,,,,,,,,,,
20-12-2019 08:00,0.006,,,,,,,,,,,
20-12-2019 09:00,0.005,,,,,,,,,,,
20-12-2019 10:00,0.005,,,,,,,,,,,
20-12-2019 11:00,0.012,,,,,,,,,,,
20-12-2019 12:00,0.038,,,,,,,,,,,
20-12-2019 13:00,0.067,,,,,,,,,,,
20-12-2019 14:00,0.079,,,,,,,,,,,
20-12-2019 15:00,0.079,,,,,,,,,,,
20-12-2019 16:00,0.08,,,,,,,,,,,
20-12-2019 17:00,0.083,,,,,,,,,,,
20-12-2019 18:00,0.082,,,,,,,,,,,
20-12-2019 19:00,0.08,,,,,,,,,,,
20-12-2019 20:00,0.078,,,,,,,,,,,
20-12-2019 21:00,0.071,,,,,,,,,,,
20-12-2019 22:00,0.064,,,,,,,,,,,
20-12-2019 23:00,0.061,,,,,,,,,,,
21-12-2019 00:00,0.056,,,,,,,,,,,
21-12-2019 01:00,0.048,,,,,,,,,,,
21-12-2019 02:00,0.035,,,,,,,,,,,
21-12-2019 03:00,0.01,,,,,,,,,,,
21-12-2019 04:00,0.001,,,,,,,,,,,
21-12-2019 05:00,0.003,,,,,,,,,,,
21-12-2019 06:00,0.003,,,,,,,,,,,
21-12-2019 07:00,0.001,,,,,,,,,,,
21-12-2019 08:00,0,,,,,,,,,,,
21-12-2019 09:00,0,,,,,,,,,,,
21-12-2019 10:00,0,,,,,,,,,,,
21-12-2019 11:00,0.001,,,,,,,,,,,
21-12-2019 12:00,0.015,,,,,,,,,,,
21-12-2019 13:00,0.051,,,,,,,,,,,
21-12-2019 14:00,0.082,,,,,,,,,,,
21-12-2019 15:00,0.107,,,,,,,,,,,
21-12-2019 16:00,0.137,,,,,,,,,,,
21-12-2019 17:00,0.159,,,,,,,,,,,
21-12-2019 18:00,0.177,,,,,,,,,,,
21-12-2019 19:00,0.187,,,,,,,,,,,
21-12-2019 20:00,0.19,,,,,,,,,,,
21-12-2019 21:00,0.161,,,,,,,,,,,
21-12-2019 22:00,0.12,,,,,,,,,,,
21-12-2019 23:00,0.094,,,,,,,,,,,
22-12-2019 00:00,0.083,,,,,,,,,,,
22-12-2019 01:00,0.078,,,,,,,,,,,
22-12-2019 02:00,0.043,,,,,,,,,,,
22-12-2019 03:00,0.008,,,,,,,,,,,
22-12-2019 04:00,0.001,,,,,,,,,,,
22-12-2019 05:00,0,,,,,,,,,,,
22-12-2019 06:00,0,,,,,,,,,,,
22-12-2019 07:00,0,,,,,,,,,,,
22-12-2019 08:00,0,,,,,,,,,,,
22-12-2019 09:00,0,,,,,,,,,,,
22-12-2019 10:00,0,,,,,,,,,,,
22-12-2019 11:00,0.005,,,,,,,,,,,
22-12-2019 12:00,0.053,,,,,,,,,,,
22-12-2019 13:00,0.116,,,,,,,,,,,
22-12-2019 14:00,0.141,,,,,,,,,,,
22-12-2019 15:00,0.149,,,,,,,,,,,
22-12-2019 16:00,0.168,,,,,,,,,,,
22-12-2019 17:00,0.183,,,,,,,,,,,
22-12-2019 18:00,0.188,,,,,,,,,,,
22-12-2019 19:00,0.19,,,,,,,,,,,
22-12-2019 20:00,0.195,,,,,,,,,,,
22-12-2019 21:00,0.185,,,,,,,,,,,
22-12-2019 22:00,0.173,,,,,,,,,,,
22-12-2019 23:00,0.167,,,,,,,,,,,
23-12-2019 00:00,0.161,,,,,,,,,,,
23-12-2019 01:00,0.167,,,,,,,,,,,
23-12-2019 02:00,0.093,,,,,,,,,,,
23-12-2019 03:00,0.035,,,,,,,,,,,
23-12-2019 04:00,0.025,,,,,,,,,,,
23-12-2019 05:00,0.008,,,,,,,,,,,
23-12-2019 06:00,0.003,,,,,,,,,,,
23-12-2019 07:00,0.001,,,,,,,,,,,
23-12-2019 08:00,0,,,,,,,,,,,
23-12-2019 09:00,0,,,,,,,,,,,
23-12-2019 10:00,0,,,,,,,,,,,
23-12-2019 11:00,0.011,,,,,,,,,,,
23-12-2019 12:00,0.07,,,,,,,,,,,
23-12-2019 13:00,0.098,,,,,,,,,,,
23-12-2019 14:00,0.103,,,,,,,,,,,
23-12-2019 15:00,0.136,,,,,,,,,,,
23-12-2019 16:00,0.184,,,,,,,,,,,
23-12-2019 17:00,0.208,,,,,,,,,,,
23-12-2019 18:00,0.22,,,,,,,,,,,
23-12-2019 19:00,0.227,,,,,,,,,,,
23-12-2019 20:00,0.245,,,,,,,,,,,
23-12-2019 21:00,0.266,,,,,,,,,,,
23-12-2019 22:00,0.301,,,,,,,,,,,
23-12-2019 23:00,0.343,,,,,,,,,,,
24-12-2019 00:00,0.391,,,,,,,,,,,
24-12-2019 01:00,0.432,,,,,,,,,,,
24-12-2019 02:00,0.317,,,,,,,,,,,
24-12-2019 03:00,0.3,,,,,,,,,,,
24-12-2019 04:00,0.329,,,,,,,,,,,
24-12-2019 05:00,0.287,,,,,,,,,,,
24-12-2019 06:00,0.22,,,,,,,,,,,
24-12-2019 07:00,0.175,,,,,,,,,,,
24-12-2019 08:00,0.139,,,,,,,,,,,
24-12-2019 09:00,0.095,,,,,,,,,,,
24-12-2019 10:00,0.051,,,,,,,,,,,
24-12-2019 11:00,0.017,,,,,,,,,,,
24-12-2019 12:00,0.003,,,,,,,,,,,
24-12-2019 13:00,0.001,,,,,,,,,,,
24-12-2019 14:00,0.005,,,,,,,,,,,
24-12-2019 15:00,0.02,,,,,,,,,,,
24-12-2019 16:00,0.045,,,,,,,,,,,
24-12-2019 17:00,0.068,,,,,,,,,,,
24-12-2019 18:00,0.081,,,,,,,,,,,
24-12-2019 19:00,0.08,,,,,,,,,,,
24-12-2019 20:00,0.069,,,,,,,,,,,
24-12-2019 21:00,0.064,,,,,,,,,,,
24-12-2019 22:00,0.071,,,,,,,,,,,
24-12-2019 23:00,0.082,,,,,,,,,,,
25-12-2019 00:00,0.094,,,,,,,,,,,
25-12-2019 01:00,0.097,,,,,,,,,,,
25-12-2019 02:00,0.06,,,,,,,,,,,
25-12-2019 03:00,0.056,,,,,,,,,,,
25-12-2019 04:00,0.082,,,,,,,,,,,
25-12-2019 05:00,0.095,,,,,,,,,,,
25-12-2019 06:00,0.098,,,,,,,,,,,
25-12-2019 07:00,0.112,,,,,,,,,,,
25-12-2019 08:00,0.123,,,,,,,,,,,
25-12-2019 09:00,0.119,,,,,,,,,,,
25-12-2019 10:00,0.079,,,,,,,,,,,
25-12-2019 11:00,0.035,,,,,,,,,,,
25-12-2019 12:00,0.018,,,,,,,,,,,
25-12-2019 13:00,0.013,,,,,,,,,,,
25-12-2019 14:00,0.01,,,,,,,,,,,
25-12-2019 15:00,0.008,,,,,,,,,,,
25-12-2019 16:00,0.006,,,,,,,,,,,
25-12-2019 17:00,0.006,,,,,,,,,,,
25-12-2019 18:00,0.008,,,,,,,,,,,
25-12-2019 19:00,0.013,,,,,,,,,,,
25-12-2019 20:00,0.025,,,,,,,,,,,
25-12-2019 21:00,0.047,,,,,,,,,,,
25-12-2019 22:00,0.07,,,,,,,,,,,
25-12-2019 23:00,0.079,,,,,,,,,,,
26-12-2019 00:00,0.083,,,,,,,,,,,
26-12-2019 01:00,0.082,,,,,,,,,,,
26-12-2019 02:00,0.048,,,,,,,,,,,
26-12-2019 03:00,0.033,,,,,,,,,,,
26-12-2019 04:00,0.012,,,,,,,,,,,
26-12-2019 05:00,0.007,,,,,,,,,,,
26-12-2019 06:00,0.028,,,,,,,,,,,
26-12-2019 07:00,0.07,,,,,,,,,,,
26-12-2019 08:00,0.111,,,,,,,,,,,
26-12-2019 09:00,0.123,,,,,,,,,,,
26-12-2019 10:00,0.122,,,,,,,,,,,
26-12-2019 11:00,0.178,,,,,,,,,,,
26-12-2019 12:00,0.343,,,,,,,,,,,
26-12-2019 13:00,0.442,,,,,,,,,,,
26-12-2019 14:00,0.438,,,,,,,,,,,
26-12-2019 15:00,0.395,,,,,,,,,,,
26-12-2019 16:00,0.362,,,,,,,,,,,
26-12-2019 17:00,0.353,,,,,,,,,,,
26-12-2019 18:00,0.356,,,,,,,,,,,
26-12-2019 19:00,0.371,,,,,,,,,,,
26-12-2019 20:00,0.397,,,,,,,,,,,
26-12-2019 21:00,0.431,,,,,,,,,,,
26-12-2019 22:00,0.453,,,,,,,,,,,
26-12-2019 23:00,0.458,,,,,,,,,,,
27-12-2019 00:00,0.457,,,,,,,,,,,
27-12-2019 01:00,0.442,,,,,,,,,,,
27-12-2019 02:00,0.252,,,,,,,,,,,
27-12-2019 03:00,0.217,,,,,,,,,,,
27-12-2019 04:00,0.286,,,,,,,,,,,
27-12-2019 05:00,0.18,,,,,,,,,,,
27-12-2019 06:00,0.113,,,,,,,,,,,
27-12-2019 07:00,0.076,,,,,,,,,,,
27-12-2019 08:00,0.058,,,,,,,,,,,
27-12-2019 09:00,0.059,,,,,,,,,,,
27-12-2019 10:00,0.073,,,,,,,,,,,
27-12-2019 11:00,0.139,,,,,,,,,,,
27-12-2019 12:00,0.27,,,,,,,,,,,
27-12-2019 13:00,0.364,,,,,,,,,,,
27-12-2019 14:00,0.393,,,,,,,,,,,
27-12-2019 15:00,0.393,,,,,,,,,,,
27-12-2019 16:00,0.376,,,,,,,,,,,
27-12-2019 17:00,0.353,,,,,,,,,,,
27-12-2019 18:00,0.333,,,,,,,,,,,
27-12-2019 19:00,0.31,,,,,,,,,,,
27-12-2019 20:00,0.284,,,,,,,,,,,
27-12-2019 21:00,0.264,,,,,,,,,,,
27-12-2019 22:00,0.259,,,,,,,,,,,
27-12-2019 23:00,0.272,,,,,,,,,,,
28-12-2019 00:00,0.303,,,,,,,,,,,
28-12-2019 01:00,0.341,,,,,,,,,,,
28-12-2019 02:00,0.226,,,,,,,,,,,
28-12-2019 03:00,0.075,,,,,,,,,,,
28-12-2019 04:00,0.119,,,,,,,,,,,
28-12-2019 05:00,0.089,,,,,,,,,,,
28-12-2019 06:00,0.063,,,,,,,,,,,
28-12-2019 07:00,0.047,,,,,,,,,,,
28-12-2019 08:00,0.037,,,,,,,,,,,
28-12-2019 09:00,0.033,,,,,,,,,,,
28-12-2019 10:00,0.04,,,,,,,,,,,
28-12-2019 11:00,0.082,,,,,,,,,,,
28-12-2019 12:00,0.139,,,,,,,,,,,
28-12-2019 13:00,0.174,,,,,,,,,,,
28-12-2019 14:00,0.188,,,,,,,,,,,
28-12-2019 15:00,0.202,,,,,,,,,,,
28-12-2019 16:00,0.22,,,,,,,,,,,
28-12-2019 17:00,0.243,,,,,,,,,,,
28-12-2019 18:00,0.261,,,,,,,,,,,
28-12-2019 19:00,0.265,,,,,,,,,,,
28-12-2019 20:00,0.238,,,,,,,,,,,
28-12-2019 21:00,0.186,,,,,,,,,,,
28-12-2019 22:00,0.14,,,,,,,,,,,
28-12-2019 23:00,0.108,,,,,,,,,,,
29-12-2019 00:00,0.088,,,,,,,,,,,
29-12-2019 01:00,0.087,,,,,,,,,,,
29-12-2019 02:00,0.067,,,,,,,,,,,
29-12-2019 03:00,0.014,,,,,,,,,,,
29-12-2019 04:00,0.014,,,,,,,,,,,
29-12-2019 05:00,0.005,,,,,,,,,,,
29-12-2019 06:00,0.002,,,,,,,,,,,
29-12-2019 07:00,0.001,,,,,,,,,,,
29-12-2019 08:00,0.001,,,,,,,,,,,
29-12-2019 09:00,0.001,,,,,,,,,,,
29-12-2019 10:00,0.003,,,,,,,,,,,
29-12-2019 11:00,0.025,,,,,,,,,,,
29-12-2019 12:00,0.059,,,,,,,,,,,
29-12-2019 13:00,0.082,,,,,,,,,,,
29-12-2019 14:00,0.093,,,,,,,,,,,
29-12-2019 15:00,0.12,,,,,,,,,,,
29-12-2019 16:00,0.164,,,,,,,,,,,
29-12-2019 17:00,0.214,,,,,,,,,,,
29-12-2019 18:00,0.255,,,,,,,,,,,
29-12-2019 19:00,0.3,,,,,,,,,,,
29-12-2019 20:00,0.334,,,,,,,,,,,
29-12-2019 21:00,0.313,,,,,,,,,,,
29-12-2019 22:00,0.31,,,,,,,,,,,
29-12-2019 23:00,0.32,,,,,,,,,,,
30-12-2019 00:00,0.353,,,,,,,,,,,
30-12-2019 01:00,0.395,,,,,,,,,,,
30-12-2019 02:00,0.264,,,,,,,,,,,
30-12-2019 03:00,0.113,,,,,,,,,,,
30-12-2019 04:00,0.179,,,,,,,,,,,
30-12-2019 05:00,0.098,,,,,,,,,,,
30-12-2019 06:00,0.036,,,,,,,,,,,
30-12-2019 07:00,0.008,,,,,,,,,,,
30-12-2019 08:00,0.001,,,,,,,,,,,
30-12-2019 09:00,0,,,,,,,,,,,
30-12-2019 10:00,0,,,,,,,,,,,
30-12-2019 11:00,0.011,,,,,,,,,,,
30-12-2019 12:00,0.057,,,,,,,,,,,
30-12-2019 13:00,0.113,,,,,,,,,,,
30-12-2019 14:00,0.157,,,,,,,,,,,
30-12-2019 15:00,0.2,,,,,,,,,,,
30-12-2019 16:00,0.246,,,,,,,,,,,
30-12-2019 17:00,0.289,,,,,,,,,,,
30-12-2019 18:00,0.337,,,,,,,,,,,
30-12-2019 19:00,0.395,,,,,,,,,,,
30-12-2019 20:00,0.449,,,,,,,,,,,
30-12-2019 21:00,0.472,,,,,,,,,,,
30-12-2019 22:00,0.469,,,,,,,,,,,
30-12-2019 23:00,0.464,,,,,,,,,,,
31-12-2019 00:00,0.436,,,,,,,,,,,
31-12-2019 01:00,0.388,,,,,,,,,,,
31-12-2019 02:00,0.248,,,,,,,,,,,
31-12-2019 03:00,0.174,,,,,,,,,,,
31-12-2019 04:00,0.227,,,,,,,,,,,
31-12-2019 05:00,0.233,,,,,,,,,,,
31-12-2019 06:00,0.213,,,,,,,,,,,
31-12-2019 07:00,0.192,,,,,,,,,,,
31-12-2019 08:00,0.174,,,,,,,,,,,
31-12-2019 09:00,0.163,,,,,,,,,,,
31-12-2019 10:00,0.164,,,,,,,,,,,
31-12-2019 11:00,0.163,,,,,,,,,,,
31-12-2019 12:00,0.205,,,,,,,,,,,
31-12-2019 13:00,0.233,,,,,,,,,,,
31-12-2019 14:00,0.251,,,,,,,,,,,
31-12-2019 15:00,0.272,,,,,,,,,,,
31-12-2019 16:00,0.274,,,,,,,,,,,
31-12-2019 17:00,0.283,,,,,,,,,,,
31-12-2019 18:00,0.284,,,,,,,,,,,
31-12-2019 19:00,0.282,,,,,,,,,,,
31-12-2019 20:00,0.28,,,,,,,,,,,
31-12-2019 21:00,0.279,,,,,,,,,,,
31-12-2019 22:00,0.301,,,,,,,,,,,
31-12-2019 23:00,0.305,,,,,,,,,,,
