timestamp,solar_irradiance,ambient_temperature,module_temperature,humidity,cloud_cover,wind_speed,wind_direction,pv_power,wind_power,total_power
2019-01-01 00:00:00,0.0,10.48,10.48,61.6,20.0,3,63.5,0.0,0.01,0.01
2019-01-01 01:00:00,0.0,9.87,9.87,62.1,20.0,3,57.2,0.0,0.016,0.016
2019-01-01 02:00:00,0.0,9.31,9.31,62.6,20.0,3,65.0,0.0,0.023,0.023
2019-01-01 03:00:00,0.0,8.85,8.85,62.9,20.0,3,73.8,0.0,0.007,0.007
2019-01-01 04:00:00,0.0,8.27,8.27,63.4,20.0,3,56.2,0.0,0.0,0.0
2019-01-01 05:00:00,0.0,8.03,8.03,63.6,20.0,1,56.2,0.0,0.0,0.0
2019-01-01 06:00:00,0.0,7.66,7.66,63.9,20.0,1,74.3,0.0,0.0,0.0
2019-01-01 07:00:00,7.42,9.91,10.21,62.1,20.0,0,66.2,0.0014,0.006,0.0074
2019-01-01 08:00:00,138.05,14.07,19.73,58.7,66.9,0,53.9,0.1091,0.023,0.1321
2019-01-01 09:00:00,280.41,17.97,29.44,55.6,69.0,0,64.0,0.2207,0.043,0.2637
2019-01-01 10:00:00,402.8,23.1,39.55,51.5,69.6,0,53.9,0.3065,0.059,0.3655
2019-01-01 11:00:00,625.99,25.57,51.16,49.5,45.6,0,53.9,0.4602,0.076,0.5362
2019-01-01 12:00:00,726.41,26.52,56.25,48.8,31.4,0,61.0,0.5255,0.076,0.6015
2019-01-01 13:00:00,684.43,26.54,54.58,48.8,29.4,0,39.4,0.5007,0.052,0.5527
2019-01-01 14:00:00,574.66,25.61,49.2,49.5,26.8,0,41.3,0.4323,0.024,0.4563
2019-01-01 15:00:00,371.91,23.58,38.83,51.1,33.2,0,52.9,0.2874,0.005,0.2924
2019-01-01 16:00:00,162.86,19.6,24.44,54.3,53.0,1,48.4,0.1152,0.001,0.1162
2019-01-01 17:00:00,0.0,17.14,17.14,56.3,20.0,1,61.7,0.0,0.002,0.002
2019-01-01 18:00:00,0.0,16.06,16.06,57.2,20.0,1,49.5,0.0,0.011,0.011
2019-01-01 19:00:00,0.0,15.09,15.09,57.9,20.0,1,44.4,0.0,0.04,0.04
2019-01-01 20:00:00,0.0,14.19,14.19,58.6,20.0,1,73.2,0.0,0.089,0.089
2019-01-01 21:00:00,0.0,13.37,13.37,59.3,20.0,1,56.3,0.0,0.109,0.109
2019-01-01 22:00:00,0.0,12.61,12.61,59.9,20.0,1,59.2,0.0,0.084,0.084
2019-01-01 23:00:00,0.0,11.92,11.92,60.5,20.0,2,44.3,0.0,0.051,0.051
2019-01-02 00:00:00,0.0,11.29,11.29,61.0,20.0,2,53.9,0.0,0.035,0.035
2019-01-02 01:00:00,0.0,10.64,10.64,61.5,20.0,2,60.5,0.0,0.035,0.035
2019-01-02 02:00:00,0.0,10.02,10.02,62.0,20.0,2,47.9,0.0,0.042,0.042
2019-01-02 03:00:00,0.0,9.38,9.38,62.5,20.0,2,63.1,0.0,0.016,0.016
2019-01-02 04:00:00,0.0,8.76,8.76,63.0,20.0,1,53.4,0.0,0.04,0.04
2019-01-02 05:00:00,0.0,8.23,8.23,63.4,20.0,1,56.5,0.0,0.093,0.093
2019-01-02 06:00:00,0.0,7.82,7.82,63.7,20.0,1,53.4,0.0,0.139,0.139
2019-01-02 07:00:00,6.49,10.1,10.36,61.9,20.0,0,77.9,0.0007,0.192,0.1927
2019-01-02 08:00:00,138.0,14.18,19.83,58.7,66.9,0,59.2,0.109,0.218,0.327
2019-01-02 09:00:00,292.87,17.91,29.9,55.7,63.0,0,48.8,0.2309,0.205,0.4359
2019-01-02 10:00:00,547.86,22.57,39.31,51.9,44.6,1,67.6,0.4236,0.157,0.5806
2019-01-02 11:00:00,688.88,24.46,45.5,50.4,35.7,1,47.2,0.5207,0.14,0.6607
2019-01-02 12:00:00,758.95,25.23,48.43,49.8,29.4,1,61.5,0.5683,0.136,0.7043
2019-01-02 13:00:00,724.45,25.19,47.36,49.8,25.6,1,39.8,0.5474,0.08,0.6274
2019-01-02 14:00:00,586.38,24.31,42.29,50.6,25.3,1,46.1,0.4544,0.033,0.4874
2019-01-02 15:00:00,389.42,22.43,34.36,52.1,27.9,1,61.3,0.3076,0.011,0.3186
2019-01-02 16:00:00,187.34,18.36,23.93,55.3,37.7,1,66.8,0.1331,0.003,0.1361
2019-01-02 17:00:00,0.0,15.8,15.8,57.4,20.0,1,61.1,0.0,0.002,0.002
2019-01-02 18:00:00,0.0,14.74,14.74,58.2,20.0,1,58.2,0.0,0.003,0.003
2019-01-02 19:00:00,0.0,13.75,13.75,59.0,20.0,0,56.4,0.0,0.003,0.003
2019-01-02 20:00:00,0.0,12.97,12.97,59.6,20.0,0,44.6,0.0,0.006,0.006
2019-01-02 21:00:00,0.0,12.28,12.28,60.2,20.0,0,52.2,0.0,0.011,0.011
2019-01-02 22:00:00,0.0,11.64,11.64,60.7,20.0,1,54.8,0.0,0.01,0.01
2019-01-02 23:00:00,0.0,11.06,11.06,61.2,20.0,1,69.9,0.0,0.011,0.011
2019-01-03 00:00:00,0.0,10.52,10.52,61.6,20.0,1,63.7,0.0,0.012,0.012
2019-01-03 01:00:00,0.0,10.0,10.0,62.0,20.0,1,42.6,0.0,0.007,0.007
2019-01-03 02:00:00,0.0,9.49,9.49,62.4,20.0,1,63.5,0.0,0.004,0.004
2019-01-03 03:00:00,0.0,8.98,8.98,62.8,20.0,2,56.4,0.0,0.001,0.001
2019-01-03 04:00:00,0.0,8.49,8.49,63.2,20.0,2,53.5,0.0,0.0,0.0
2019-01-03 05:00:00,0.0,8.03,8.03,63.6,20.0,1,66.3,0.0,0.0,0.0
2019-01-03 06:00:00,0.0,7.69,7.69,63.8,20.0,1,70.5,0.0,0.0,0.0
2019-01-03 07:00:00,8.34,10.05,10.3,62.0,20.0,1,69.5,0.0021,0.0,0.0021
2019-01-03 08:00:00,216.69,13.95,22.84,58.8,39.9,0,51.8,0.1751,0.0,0.1751
2019-01-03 09:00:00,481.44,17.52,37.28,56.0,29.7,0,57.1,0.3782,0.001,0.3792
2019-01-03 10:00:00,676.6,21.85,49.57,52.5,25.9,0,63.5,0.5056,0.004,0.5096
2019-01-03 11:00:00,781.65,24.66,56.65,50.3,24.7,0,70.0,0.5656,0.025,0.5906
2019-01-03 12:00:00,795.42,25.65,58.21,49.5,24.5,0,55.4,0.5719,0.058,0.6299
2019-01-03 13:00:00,728.27,25.68,55.52,49.5,24.7,0,58.4,0.5315,0.066,0.5975
2019-01-03 14:00:00,587.68,25.01,49.13,50.0,25.1,0,49.2,0.4425,0.069,0.5115
2019-01-03 15:00:00,392.22,23.36,39.45,51.3,27.9,0,48.3,0.3035,0.081,0.3845
2019-01-03 16:00:00,181.45,19.3,26.54,54.6,40.2,0,68.4,0.1282,0.091,0.2192
2019-01-03 17:00:00,0.0,17.07,17.07,56.3,20.0,0,73.8,0.0,0.1,0.1
2019-01-03 18:00:00,0.0,16.18,16.18,57.1,20.0,0,59.5,0.0,0.101,0.101
2019-01-03 19:00:00,0.0,15.36,15.36,57.7,20.0,0,70.3,0.0,0.112,0.112
2019-01-03 20:00:00,0.0,14.56,14.56,58.3,20.0,0,63.8,0.0,0.133,0.133
2019-01-03 21:00:00,0.0,13.78,13.78,59.0,20.0,0,53.8,0.0,0.16,0.16
2019-01-03 22:00:00,0.0,13.02,13.02,59.6,20.0,0,63.8,0.0,0.18,0.18
2019-01-03 23:00:00,0.0,12.33,12.33,60.1,20.0,0,75.6,0.0,0.194,0.194
2019-01-04 00:00:00,0.0,11.7,11.7,60.6,20.0,0,60.7,0.0,0.22,0.22
2019-01-04 01:00:00,0.0,11.07,11.07,61.1,20.0,0,76.7,0.0,0.257,0.257
2019-01-04 02:00:00,0.0,10.47,10.47,61.6,20.0,0,34.9,0.0,0.207,0.207
2019-01-04 03:00:00,0.0,9.9,9.9,62.1,20.0,0,69.3,0.0,0.058,0.058
2019-01-04 04:00:00,0.0,9.33,9.33,62.5,20.0,0,62.0,0.0,0.018,0.018
2019-01-04 05:00:00,0.0,8.77,8.77,63.0,20.0,0,58.1,0.0,0.0,0.0
2019-01-04 06:00:00,0.0,8.33,8.33,63.3,20.0,0,62.0,0.0,0.0,0.0
2019-01-04 07:00:00,8.34,10.55,10.88,61.6,20.0,0,41.2,0.0021,0.0,0.0021
2019-01-04 08:00:00,207.25,14.44,22.95,58.4,40.1,0,58.9,0.167,0.0,0.167
2019-01-04 09:00:00,402.93,18.33,34.85,55.3,39.5,0,64.7,0.3171,0.0,0.3171
2019-01-04 10:00:00,624.83,22.9,42.0,51.7,32.2,1,75.9,0.4805,0.0,0.4805
2019-01-04 11:00:00,767.52,24.54,48.0,50.4,27.1,1,55.9,0.5759,0.0,0.5759
2019-01-04 12:00:00,798.32,25.17,49.58,49.9,24.7,1,53.0,0.5957,0.001,0.5967
2019-01-04 13:00:00,727.29,25.02,47.27,50.0,25.3,1,56.1,0.5497,0.009,0.5587
2019-01-04 14:00:00,590.06,24.28,48.5,50.6,25.1,0,70.3,0.4455,0.035,0.4805
2019-01-04 15:00:00,393.86,22.54,38.71,52.0,27.8,0,64.4,0.3059,0.105,0.4109
2019-01-04 16:00:00,191.87,18.58,26.22,55.1,33.3,0,55.8,0.1359,0.229,0.3649
2019-01-04 17:00:00,0.0,16.36,16.36,56.9,20.0,1,66.2,0.0,0.368,0.368
2019-01-04 18:00:00,0.0,15.43,15.43,57.7,20.0,1,62.1,0.0,0.479,0.479
2019-01-04 19:00:00,0.0,14.53,14.53,58.4,20.0,1,70.8,0.0,0.494,0.494
2019-01-04 20:00:00,0.0,13.71,13.71,59.0,20.0,1,54.1,0.0,0.449,0.449
2019-01-04 21:00:00,0.0,12.98,12.98,59.6,20.0,1,57.8,0.0,0.42,0.42
2019-01-04 22:00:00,0.0,12.28,12.28,60.2,20.0,1,57.2,0.0,0.424,0.424
2019-01-04 23:00:00,0.0,11.61,11.61,60.7,20.0,1,46.5,0.0,0.398,0.398
2019-01-05 00:00:00,0.0,11.0,11.0,61.2,20.0,0,65.0,0.0,0.395,0.395
2019-01-05 01:00:00,0.0,10.42,10.42,61.7,20.0,0,64.6,0.0,0.423,0.423
2019-01-05 02:00:00,0.0,9.88,9.88,62.1,20.0,0,62.0,0.0,0.291,0.291
2019-01-05 03:00:00,0.0,9.32,9.32,62.5,20.0,0,59.6,0.0,0.126,0.126
2019-01-05 04:00:00,0.0,8.75,8.75,63.0,20.0,0,47.8,0.0,0.139,0.139
2019-01-05 05:00:00,0.0,8.23,8.23,63.4,20.0,0,57.8,0.0,0.092,0.092
2019-01-05 06:00:00,0.0,7.83,7.83,63.7,20.0,0,58.6,0.0,0.079,0.079
2019-01-05 07:00:00,5.56,10.15,10.38,61.9,20.0,0,54.0,0.0,0.078,0.078
2019-01-05 08:00:00,249.93,14.15,24.42,58.7,30.4,0,60.4,0.2026,0.077,0.2796
2019-01-05 09:00:00,507.07,18.02,38.83,55.6,25.9,0,66.0,0.3968,0.077,0.4738
2019-01-05 10:00:00,683.44,22.33,43.24,52.1,25.1,1,80.9,0.5246,0.076,0.6006
2019-01-05 11:00:00,783.3,23.85,47.8,50.9,24.7,1,63.7,0.5886,0.075,0.6636
2019-01-05 12:00:00,799.92,24.48,48.93,50.4,24.7,1,64.6,0.5984,0.085,0.6834
2019-01-05 13:00:00,706.51,24.39,46.0,50.5,28.6,1,61.3,0.5361,0.12,0.6561
2019-01-05 14:00:00,573.12,23.63,41.2,51.1,28.4,1,42.8,0.4454,0.199,0.6444
2019-01-05 15:00:00,360.12,21.96,32.99,52.4,34.2,1,61.7,0.2852,0.281,0.5662
2019-01-05 16:00:00,178.55,17.99,25.13,55.6,39.0,0,62.6,0.1278,0.362,0.4898
2019-01-05 17:00:00,0.95,15.56,15.59,57.6,20.0,0,86.6,0.0,0.429,0.429
2019-01-05 18:00:00,0.0,14.56,14.56,58.3,20.0,0,60.1,0.0,0.474,0.474
2019-01-05 19:00:00,0.0,13.68,13.68,59.1,20.0,0,65.0,0.0,0.508,0.508
2019-01-05 20:00:00,0.0,12.88,12.88,59.7,20.0,0,61.6,0.0,0.516,0.516
2019-01-05 21:00:00,0.0,12.06,12.06,60.3,20.0,0,50.3,0.0,0.497,0.497
2019-01-05 22:00:00,0.0,11.27,11.27,61.0,20.0,0,73.4,0.0,0.477,0.477
2019-01-05 23:00:00,0.0,10.54,10.54,61.6,20.0,1,69.5,0.0,0.463,0.463
2019-01-06 00:00:00,0.0,9.88,9.88,62.1,20.0,1,70.8,0.0,0.459,0.459
2019-01-06 01:00:00,0.0,9.3,9.3,62.6,20.0,1,53.8,0.0,0.457,0.457
2019-01-06 02:00:00,0.0,8.83,8.83,62.9,20.0,1,76.9,0.0,0.302,0.302
2019-01-06 03:00:00,0.0,8.47,8.47,63.2,20.0,1,48.9,0.0,0.147,0.147
2019-01-06 04:00:00,0.0,8.13,8.13,63.5,20.0,0,68.8,0.0,0.32,0.32
2019-01-06 05:00:00,0.0,7.8,7.8,63.8,20.0,0,84.8,0.0,0.282,0.282
2019-01-06 06:00:00,0.0,7.56,7.56,64.0,20.0,0,53.0,0.0,0.264,0.264
2019-01-06 07:00:00,7.42,9.76,9.98,62.2,20.0,1,57.2,0.0014,0.258,0.2594
2019-01-06 08:00:00,228.92,13.59,20.61,59.1,34.8,1,63.9,0.1874,0.253,0.4404
2019-01-06 09:00:00,438.95,17.43,30.87,56.1,34.3,1,57.9,0.3525,0.245,0.5975
2019-01-06 10:00:00,644.28,21.95,41.65,52.4,31.7,1,47.4,0.4964,0.227,0.7234
2019-01-06 11:00:00,769.81,23.94,42.7,50.8,26.9,2,63.6,0.5904,0.184,0.7744
2019-01-06 12:00:00,799.21,24.78,44.26,50.2,25.7,2,52.3,0.6094,0.152,0.7614
2019-01-06 13:00:00,710.57,24.82,46.56,50.1,28.4,1,67.6,0.5379,0.122,0.6599
2019-01-06 14:00:00,596.32,24.07,42.35,50.7,25.2,1,53.7,0.4619,0.112,0.5739
2019-01-06 15:00:00,401.48,22.4,34.71,52.1,25.9,1,78.4,0.3177,0.114,0.4317
2019-01-06 16:00:00,198.51,18.58,26.5,55.1,31.2,0,55.1,0.1415,0.111,0.2525
2019-01-06 17:00:00,0.95,16.38,16.41,56.9,20.0,0,59.7,0.0,0.114,0.114
2019-01-06 18:00:00,0.0,15.46,15.46,57.6,20.0,0,71.0,0.0,0.118,0.118
2019-01-06 19:00:00,0.0,14.68,14.68,58.3,20.0,0,50.6,0.0,0.12,0.12
2019-01-06 20:00:00,0.0,13.91,13.91,58.9,20.0,0,65.2,0.0,0.133,0.133
2019-01-06 21:00:00,0.0,13.25,13.25,59.4,20.0,0,76.0,0.0,0.177,0.177
2019-01-06 22:00:00,0.0,12.75,12.75,59.8,20.0,0,46.8,0.0,0.213,0.213
2019-01-06 23:00:00,0.0,12.25,12.25,60.2,20.0,0,64.8,0.0,0.203,0.203
2019-01-07 00:00:00,0.0,11.7,11.7,60.6,20.0,0,66.4,0.0,0.18,0.18
2019-01-07 01:00:00,0.0,11.12,11.12,61.1,20.0,0,71.7,0.0,0.166,0.166
2019-01-07 02:00:00,0.0,10.61,10.61,61.5,20.0,0,51.5,0.0,0.09,0.09
2019-01-07 03:00:00,0.0,10.16,10.16,61.9,20.0,0,50.6,0.0,0.05,0.05
2019-01-07 04:00:00,0.0,9.73,9.73,62.2,20.0,0,69.1,0.0,0.054,0.054
2019-01-07 05:00:00,0.0,9.32,9.32,62.5,20.0,0,66.8,0.0,0.029,0.029
2019-01-07 06:00:00,0.0,8.98,8.98,62.8,20.0,0,66.4,0.0,0.029,0.029
2019-01-07 07:00:00,7.42,11.08,11.38,61.1,20.0,0,67.3,0.0014,0.043,0.0444
2019-01-07 08:00:00,239.31,14.82,24.65,58.1,32.2,0,57.0,0.1933,0.072,0.2653
2019-01-07 09:00:00,499.57,18.53,39.03,55.2,28.0,0,66.2,0.3901,0.106,0.4961
2019-01-07 10:00:00,682.4,22.42,50.38,52.1,25.3,0,66.8,0.5083,0.149,0.6573
2019-01-07 11:00:00,784.72,24.21,56.33,50.6,24.9,0,56.7,0.5684,0.239,0.8074
2019-01-07 12:00:00,804.3,25.06,57.98,50.0,24.7,0,82.5,0.5786,0.358,0.9366
2019-01-07 13:00:00,738.34,25.02,55.28,50.0,24.8,0,68.6,0.5392,0.379,0.9182
2019-01-07 14:00:00,598.3,24.28,48.84,50.6,25.7,0,51.9,0.4509,0.388,0.8389
2019-01-07 15:00:00,396.3,22.63,38.9,51.9,29.0,0,70.4,0.308,0.395,0.703
2019-01-07 16:00:00,186.35,18.82,26.29,54.9,40.4,0,54.1,0.1343,0.386,0.5203
2019-01-07 17:00:00,0.95,16.42,16.45,56.9,20.0,0,71.7,0.0,0.369,0.369
2019-01-07 18:00:00,0.0,15.53,15.53,57.6,20.0,0,75.4,0.0,0.351,0.351
2019-01-07 19:00:00,0.0,14.77,14.77,58.2,20.0,0,55.6,0.0,0.333,0.333
2019-01-07 20:00:00,0.0,14.05,14.05,58.8,20.0,1,73.5,0.0,0.332,0.332
2019-01-07 21:00:00,0.0,13.37,13.37,59.3,20.0,1,68.0,0.0,0.323,0.323
2019-01-07 22:00:00,0.0,12.73,12.73,59.8,20.0,1,72.1,0.0,0.305,0.305
2019-01-07 23:00:00,0.0,12.11,12.11,60.3,20.0,1,82.8,0.0,0.277,0.277
2019-01-08 00:00:00,0.0,11.52,11.52,60.8,20.0,1,62.4,0.0,0.255,0.255
2019-01-08 01:00:00,0.0,10.98,10.98,61.2,20.0,1,57.3,0.0,0.24,0.24
2019-01-08 02:00:00,0.0,10.42,10.42,61.7,20.0,1,55.9,0.0,0.123,0.123
2019-01-08 03:00:00,0.0,9.88,9.88,62.1,20.0,1,56.6,0.0,0.136,0.136
2019-01-08 04:00:00,0.0,9.38,9.38,62.5,20.0,1,64.0,0.0,0.135,0.135
2019-01-08 05:00:00,0.0,8.93,8.93,62.9,20.0,1,68.2,0.0,0.058,0.058
2019-01-08 06:00:00,0.0,8.59,8.59,63.1,20.0,1,67.6,0.0,0.017,0.017
2019-01-08 07:00:00,7.42,11.02,11.24,61.2,20.0,1,73.1,0.0014,0.005,0.0064
2019-01-08 08:00:00,249.29,15.13,22.78,57.9,30.4,1,64.9,0.2034,0.004,0.2074
2019-01-08 09:00:00,507.32,19.05,39.86,54.8,25.8,0,79.3,0.3952,0.008,0.4032
2019-01-08 10:00:00,685.45,23.53,51.61,51.2,25.0,0,62.2,0.5079,0.014,0.5219
2019-01-08 11:00:00,788.42,25.43,57.7,49.7,24.7,0,92.0,0.5677,0.035,0.6027
2019-01-08 12:00:00,805.76,26.3,59.28,49.0,24.6,0,71.1,0.5763,0.057,0.6333
2019-01-08 13:00:00,740.99,26.34,56.7,48.9,24.7,0,56.2,0.5377,0.054,0.5917
2019-01-08 14:00:00,601.22,25.62,50.3,49.5,25.0,0,54.1,0.4503,0.037,0.4873
2019-01-08 15:00:00,406.86,23.9,40.6,50.9,28.0,0,69.6,0.3144,0.02,0.3344
2019-01-08 16:00:00,189.03,19.9,27.47,54.1,39.4,0,62.6,0.136,0.011,0.147
2019-01-08 17:00:00,0.95,17.45,17.48,56.0,20.0,1,71.9,0.0,0.011,0.011
2019-01-08 18:00:00,0.0,16.52,16.52,56.8,20.0,1,69.5,0.0,0.022,0.022
2019-01-08 19:00:00,0.0,15.68,15.68,57.5,20.0,1,64.1,0.0,0.045,0.045
2019-01-08 20:00:00,0.0,14.91,14.91,58.1,20.0,1,56.3,0.0,0.08,0.08
2019-01-08 21:00:00,0.0,14.16,14.16,58.7,20.0,1,49.7,0.0,0.101,0.101
2019-01-08 22:00:00,0.0,13.43,13.43,59.3,20.0,1,60.3,0.0,0.102,0.102
2019-01-08 23:00:00,0.0,12.75,12.75,59.8,20.0,1,73.4,0.0,0.101,0.101
2019-01-09 00:00:00,0.0,12.12,12.12,60.3,20.0,1,67.9,0.0,0.093,0.093
2019-01-09 01:00:00,0.0,11.48,11.48,60.8,20.0,1,53.3,0.0,0.076,0.076
2019-01-09 02:00:00,0.0,10.84,10.84,61.3,20.0,1,67.5,0.0,0.041,0.041
2019-01-09 03:00:00,0.0,10.25,10.25,61.8,20.0,1,69.6,0.0,0.007,0.007
2019-01-09 04:00:00,0.0,9.74,9.74,62.2,20.0,1,56.9,0.0,0.002,0.002
2019-01-09 05:00:00,0.0,9.28,9.28,62.6,20.0,1,67.3,0.0,0.01,0.01
2019-01-09 06:00:00,0.0,8.93,8.93,62.9,20.0,0,66.4,0.0,0.02,0.02
2019-01-09 07:00:00,7.42,11.38,11.68,60.9,20.0,0,54.4,0.0013,0.032,0.0333
2019-01-09 08:00:00,249.1,15.35,22.99,57.7,30.4,1,69.4,0.203,0.046,0.249
2019-01-09 09:00:00,495.6,18.94,34.12,54.9,27.1,1,71.4,0.3948,0.065,0.4598
2019-01-09 10:00:00,666.05,23.63,44.0,51.1,27.2,1,76.6,0.509,0.095,0.604
2019-01-09 11:00:00,779.06,25.56,49.37,49.5,25.7,1,76.3,0.5812,0.161,0.7422
2019-01-09 12:00:00,807.49,26.28,50.96,49.0,24.5,1,52.0,0.5987,0.256,0.8547
2019-01-09 13:00:00,743.94,26.2,48.96,49.0,24.8,1,56.4,0.5581,0.272,0.8301
2019-01-09 14:00:00,604.75,25.44,43.97,49.7,25.1,1,70.9,0.4652,0.245,0.7102
2019-01-09 15:00:00,409.71,23.72,36.28,51.0,28.1,1,70.9,0.3226,0.208,0.5306
2019-01-09 16:00:00,195.08,19.67,25.5,54.3,32.6,1,70.9,0.1412,0.179,0.3202
2019-01-09 17:00:00,0.95,17.07,17.1,56.3,20.0,1,104.3,0.0,0.161,0.161
2019-01-09 18:00:00,0.0,16.08,16.08,57.1,20.0,1,71.5,0.0,0.158,0.158
2019-01-09 19:00:00,0.0,15.21,15.21,57.8,20.0,1,77.1,0.0,0.174,0.174
2019-01-09 20:00:00,0.0,14.27,14.27,58.6,20.0,1,75.3,0.0,0.201,0.201
2019-01-09 21:00:00,0.0,13.32,13.32,59.3,20.0,1,72.3,0.0,0.196,0.196
2019-01-09 22:00:00,0.0,12.42,12.42,60.1,20.0,1,62.6,0.0,0.18,0.18
2019-01-09 23:00:00,0.0,11.6,11.6,60.7,20.0,2,73.4,0.0,0.177,0.177
2019-01-10 00:00:00,0.0,10.94,10.94,61.2,20.0,2,59.1,0.0,0.179,0.179
2019-01-10 01:00:00,0.0,10.15,10.15,61.9,20.0,2,64.4,0.0,0.182,0.182
2019-01-10 02:00:00,0.0,9.43,9.43,62.5,20.0,2,61.9,0.0,0.107,0.107
2019-01-10 03:00:00,0.0,8.98,8.98,62.8,20.0,1,67.6,0.0,0.039,0.039
2019-01-10 04:00:00,0.0,8.88,8.88,62.9,20.0,1,89.9,0.0,0.002,0.002
2019-01-10 05:00:00,0.0,8.88,8.88,62.9,20.0,1,48.1,0.0,0.0,0.0
2019-01-10 06:00:00,0.0,8.58,8.58,63.1,20.0,1,73.6,0.0,0.0,0.0
2019-01-10 07:00:00,5.56,10.82,10.99,61.3,20.0,1,50.7,0.0,0.001,0.001
2019-01-10 08:00:00,182.84,14.44,20.04,58.5,50.0,1,62.1,0.1475,0.003,0.1505
2019-01-10 09:00:00,167.19,18.34,23.44,55.3,88.8,1,77.7,0.1304,0.005,0.1354
2019-01-10 10:00:00,508.16,22.54,38.05,52.0,59.8,1,67.4,0.3926,0.005,0.3976
2019-01-10 11:00:00,259.26,24.64,30.94,50.3,85.1,2,56.0,0.199,0.014,0.213
2019-01-10 12:00:00,590.7,25.59,39.96,49.5,56.2,2,59.6,0.4531,0.03,0.4831
2019-01-10 13:00:00,700.4,25.66,42.74,49.5,33.0,2,73.6,0.5376,0.047,0.5846
2019-01-10 14:00:00,608.18,25.15,40.01,49.9,25.8,2,59.5,0.4754,0.061,0.5364
2019-01-10 15:00:00,411.92,23.73,33.81,51.0,27.9,2,69.0,0.3278,0.07,0.3978
2019-01-10 16:00:00,197.55,19.9,24.62,54.1,38.2,2,67.2,0.1451,0.093,0.2381
2019-01-10 17:00:00,0.95,16.96,16.98,56.4,20.0,2,60.3,0.0,0.117,0.117
2019-01-10 18:00:00,0.0,15.96,15.96,57.2,20.0,2,88.2,0.0,0.114,0.114
2019-01-10 19:00:00,0.0,15.09,15.09,57.9,20.0,2,73.1,0.0,0.106,0.106
2019-01-10 20:00:00,0.0,14.17,14.17,58.7,20.0,2,46.5,0.0,0.101,0.101
2019-01-10 21:00:00,0.0,13.25,13.25,59.4,20.0,2,68.7,0.0,0.086,0.086
2019-01-10 22:00:00,0.0,12.36,12.36,60.1,20.0,3,60.2,0.0,0.062,0.062
2019-01-10 23:00:00,0.0,11.56,11.56,60.8,20.0,3,75.3,0.0,0.053,0.053
2019-01-11 00:00:00,0.0,10.85,10.85,61.3,20.0,3,59.9,0.0,0.051,0.051
2019-01-11 01:00:00,0.0,10.2,10.2,61.8,20.0,3,66.7,0.0,0.062,0.062
2019-01-11 02:00:00,0.0,9.65,9.65,62.3,20.0,3,72.9,0.0,0.058,0.058
2019-01-11 03:00:00,0.0,9.18,9.18,62.7,20.0,3,76.5,0.0,0.021,0.021
2019-01-11 04:00:00,0.0,8.75,8.75,63.0,20.0,3,55.8,0.0,0.022,0.022
2019-01-11 05:00:00,0.0,8.41,8.41,63.3,20.0,3,64.5,0.0,0.025,0.025
2019-01-11 06:00:00,0.0,8.25,8.25,63.4,20.0,3,63.1,0.0,0.046,0.046
2019-01-11 07:00:00,17.72,10.52,10.88,61.6,33.3,3,61.3,0.0088,0.068,0.0768
2019-01-11 08:00:00,249.26,13.95,19.02,58.8,30.4,3,85.5,0.2064,0.078,0.2844
2019-01-11 09:00:00,508.91,18.39,28.74,55.3,25.9,3,71.9,0.4145,0.071,0.4855
2019-01-11 10:00:00,688.08,22.64,36.6,51.9,25.1,3,55.2,0.5424,0.047,0.5894
2019-01-11 11:00:00,792.78,24.75,40.82,50.2,24.6,3,77.0,0.6128,0.035,0.6478
2019-01-11 12:00:00,807.71,25.91,42.28,49.3,25.1,3,89.0,0.6206,0.029,0.6496
2019-01-11 13:00:00,743.36,26.21,41.3,49.0,25.4,3,78.1,0.5753,0.024,0.5993
2019-01-11 14:00:00,611.87,25.81,36.46,49.4,25.1,4,52.6,0.4853,0.031,0.5163
2019-01-11 15:00:00,414.79,24.61,31.83,50.3,27.9,4,63.0,0.3329,0.053,0.3859
2019-01-11 16:00:00,200.33,21.68,25.67,52.7,37.4,3,80.5,0.1469,0.094,0.2409
2019-01-11 17:00:00,1.9,18.86,18.89,54.9,20.0,4,60.7,0.0,0.136,0.136
2019-01-11 18:00:00,0.0,17.83,17.83,55.7,20.0,4,72.2,0.0,0.156,0.156
2019-01-11 19:00:00,0.0,16.95,16.95,56.4,20.0,4,75.6,0.0,0.192,0.192
2019-01-11 20:00:00,0.0,16.14,16.14,57.1,20.0,4,58.5,0.0,0.235,0.235
2019-01-11 21:00:00,0.0,15.32,15.32,57.7,20.0,4,67.2,0.0,0.228,0.228
2019-01-11 22:00:00,0.0,14.56,14.56,58.3,20.0,4,35.4,0.0,0.204,0.204
2019-01-11 23:00:00,0.0,13.95,13.95,58.8,20.0,4,57.6,0.0,0.192,0.192
2019-01-12 00:00:00,0.0,13.43,13.43,59.3,20.0,4,66.3,0.0,0.191,0.191
2019-01-12 01:00:00,0.0,13.0,13.0,59.6,20.0,4,56.4,0.0,0.192,0.192
2019-01-12 02:00:00,0.0,12.47,12.47,60.0,20.0,4,85.2,0.0,0.139,0.139
2019-01-12 03:00:00,0.0,11.95,11.95,60.4,20.0,4,54.5,0.0,0.084,0.084
2019-01-12 04:00:00,0.0,11.42,11.42,60.9,20.0,4,64.4,0.0,0.143,0.143
2019-01-12 05:00:00,0.0,10.92,10.92,61.3,20.0,4,70.2,0.0,0.121,0.121
2019-01-12 06:00:00,0.0,10.48,10.48,61.6,20.0,4,83.3,0.0,0.107,0.107
2019-01-12 07:00:00,7.42,11.92,12.06,60.5,20.0,3,54.5,0.0013,0.105,0.1063
2019-01-12 08:00:00,250.74,15.23,20.33,57.8,30.5,3,80.5,0.2066,0.102,0.3086
2019-01-12 09:00:00,507.96,19.78,30.1,54.2,25.2,3,68.9,0.4116,0.095,0.5066
2019-01-12 10:00:00,688.39,23.46,37.43,51.2,25.1,3,59.0,0.5407,0.084,0.6247
2019-01-12 11:00:00,789.63,25.69,41.7,49.4,25.0,3,73.5,0.608,0.077,0.685
2019-01-12 12:00:00,809.52,26.96,43.37,48.4,25.1,3,70.8,0.6191,0.093,0.7121
2019-01-12 13:00:00,745.53,27.37,42.5,48.1,25.1,3,62.8,0.5741,0.144,0.7181
2019-01-12 14:00:00,609.31,27.06,39.45,48.3,25.2,3,69.5,0.4773,0.227,0.7043
2019-01-12 15:00:00,417.2,25.92,34.41,49.3,25.4,3,65.0,0.3318,0.325,0.6568
2019-01-12 16:00:00,207.58,22.79,27.75,51.8,30.8,2,70.0,0.1505,0.398,0.5485
2019-01-12 17:00:00,1.9,19.96,20.0,54.0,20.0,2,75.5,0.0,0.442,0.442
2019-01-12 18:00:00,0.0,19.05,19.05,54.8,20.0,2,84.7,0.0,0.492,0.492
2019-01-12 19:00:00,0.0,18.25,18.25,55.4,20.0,2,56.5,0.0,0.555,0.555
2019-01-12 20:00:00,0.0,17.34,17.34,56.1,20.0,2,90.2,0.0,0.592,0.592
2019-01-12 21:00:00,0.0,16.36,16.36,56.9,20.0,2,49.3,0.0,0.563,0.563
2019-01-12 22:00:00,0.0,15.38,15.38,57.7,20.0,2,67.3,0.0,0.507,0.507
2019-01-12 23:00:00,0.0,14.47,14.47,58.4,20.0,2,74.7,0.0,0.454,0.454
2019-01-13 00:00:00,0.0,13.66,13.66,59.1,20.0,2,72.7,0.0,0.402,0.402
2019-01-13 01:00:00,0.0,12.9,12.9,59.7,20.0,2,63.7,0.0,0.355,0.355
2019-01-13 02:00:00,0.0,12.23,12.23,60.2,20.0,2,67.8,0.0,0.188,0.188
2019-01-13 03:00:00,0.0,11.76,11.76,60.6,20.0,1,65.0,0.0,0.125,0.125
2019-01-13 04:00:00,0.0,11.38,11.38,60.9,20.0,0,64.0,0.0,0.224,0.224
2019-01-13 05:00:00,0.0,11.03,11.03,61.2,20.0,0,78.4,0.0,0.136,0.136
2019-01-13 06:00:00,0.0,10.8,10.8,61.4,20.0,1,73.5,0.0,0.09,0.09
2019-01-13 07:00:00,7.42,13.27,13.5,59.4,20.0,1,63.0,0.0013,0.084,0.0853
2019-01-13 08:00:00,241.97,16.41,23.83,56.9,32.0,1,78.9,0.1961,0.095,0.2911
2019-01-13 09:00:00,487.6,20.49,35.43,53.6,29.4,1,73.0,0.3859,0.11,0.4959
2019-01-13 10:00:00,675.39,24.37,45.03,50.5,25.3,1,78.0,0.5141,0.114,0.6281
2019-01-13 11:00:00,726.24,26.76,48.93,48.6,33.2,1,76.2,0.5411,0.112,0.6531
2019-01-13 12:00:00,614.9,27.87,46.62,47.7,53.2,1,61.6,0.4592,0.125,0.5842
2019-01-13 13:00:00,714.39,28.01,49.85,47.6,32.4,1,64.3,0.5322,0.141,0.6732
2019-01-13 14:00:00,602.3,27.47,45.92,48.0,25.3,1,77.4,0.4592,0.152,0.6112
2019-01-13 15:00:00,405.11,26.04,38.46,49.2,33.3,1,76.0,0.3159,0.149,0.4649
2019-01-13 16:00:00,159.15,22.77,27.57,51.8,56.7,1,69.7,0.116,0.146,0.262
2019-01-13 17:00:00,1.9,20.16,20.2,53.9,20.0,2,71.1,0.0,0.156,0.156
2019-01-13 18:00:00,0.0,19.34,19.34,54.5,20.0,2,82.7,0.0,0.177,0.177
2019-01-13 19:00:00,0.0,18.63,18.63,55.1,20.0,2,64.0,0.0,0.201,0.201
2019-01-13 20:00:00,0.0,17.9,17.9,55.7,20.0,3,75.4,0.0,0.225,0.225
2019-01-13 21:00:00,0.0,17.21,17.21,56.2,20.0,3,67.9,0.0,0.27,0.27
2019-01-13 22:00:00,0.0,16.51,16.51,56.8,20.0,3,67.7,0.0,0.328,0.328
2019-01-13 23:00:00,0.0,15.74,15.74,57.4,20.0,3,80.9,0.0,0.37,0.37
2019-01-14 00:00:00,0.0,14.99,14.99,58.0,20.0,3,79.2,0.0,0.391,0.391
2019-01-14 01:00:00,0.0,14.18,14.18,58.7,20.0,2,79.1,0.0,0.389,0.389
2019-01-14 02:00:00,0.0,13.39,13.39,59.3,20.0,2,84.0,0.0,0.227,0.227
2019-01-14 03:00:00,0.0,12.65,12.65,59.9,20.0,2,71.2,0.0,0.161,0.161
2019-01-14 04:00:00,0.0,12.03,12.03,60.4,20.0,2,77.8,0.0,0.156,0.156
2019-01-14 05:00:00,0.0,11.5,11.5,60.8,20.0,2,67.9,0.0,0.076,0.076
2019-01-14 06:00:00,0.0,11.14,11.14,61.1,20.0,2,74.2,0.0,0.054,0.054
2019-01-14 07:00:00,5.56,13.27,13.4,59.4,20.0,2,69.7,0.0,0.089,0.089
2019-01-14 08:00:00,133.59,16.16,19.42,57.1,63.2,2,72.0,0.1055,0.167,0.2725
2019-01-14 09:00:00,424.6,20.13,30.49,53.9,41.6,2,76.9,0.3402,0.231,0.5712
2019-01-14 10:00:00,342.07,23.5,30.42,51.2,76.3,3,62.8,0.268,0.218,0.486
2019-01-14 11:00:00,498.59,25.66,35.74,49.5,63.4,3,91.9,0.3867,0.196,0.5827
2019-01-14 12:00:00,742.08,26.74,41.76,48.6,40.2,3,60.9,0.5686,0.2,0.7686
2019-01-14 13:00:00,319.71,26.87,34.64,48.5,82.9,2,58.8,0.245,0.183,0.428
2019-01-14 14:00:00,215.65,26.54,31.79,48.8,92.4,2,82.6,0.1648,0.188,0.3528
2019-01-14 15:00:00,409.34,25.32,35.33,49.7,36.0,2,78.9,0.3234,0.168,0.4914
2019-01-14 16:00:00,203.64,22.64,27.52,51.9,34.8,2,77.2,0.149,0.135,0.284
2019-01-14 17:00:00,1.9,20.18,20.22,53.9,20.0,2,77.3,0.0,0.125,0.125
2019-01-14 18:00:00,0.0,19.55,19.55,54.4,20.0,2,70.9,0.0,0.129,0.129
2019-01-14 19:00:00,0.0,19.74,19.74,54.2,20.0,2,62.0,0.0,0.134,0.134
2019-01-14 20:00:00,0.0,19.88,19.88,54.1,20.0,3,71.7,0.0,0.13,0.13
2019-01-14 21:00:00,0.0,19.62,19.62,54.3,20.0,2,64.2,0.0,0.115,0.115
2019-01-14 22:00:00,0.0,19.17,19.17,54.7,20.0,2,80.7,0.0,0.108,0.108
2019-01-14 23:00:00,0.0,18.66,18.66,55.1,20.0,2,69.5,0.0,0.117,0.117
2019-01-15 00:00:00,0.0,18.17,18.17,55.5,20.0,2,63.8,0.0,0.124,0.124
2019-01-15 01:00:00,0.0,17.7,17.7,55.8,20.0,2,68.9,0.0,0.12,0.12
2019-01-15 02:00:00,0.0,17.27,17.27,56.2,20.0,2,76.2,0.0,0.054,0.054
2019-01-15 03:00:00,0.0,16.79,16.79,56.6,20.0,2,66.4,0.0,0.017,0.017
2019-01-15 04:00:00,0.0,16.31,16.31,57.0,20.0,2,63.9,0.0,0.007,0.007
2019-01-15 05:00:00,0.0,15.82,15.82,57.3,20.0,2,74.5,0.0,0.007,0.007
2019-01-15 06:00:00,0.0,15.28,15.28,57.8,20.0,2,74.5,0.0,0.002,0.002
2019-01-15 07:00:00,5.56,14.93,15.07,58.1,20.0,2,67.0,0.0,0.001,0.001
2019-01-15 08:00:00,48.37,14.68,15.86,58.3,100.0,2,67.4,0.0344,0.007,0.0414
2019-01-15 09:00:00,79.25,14.58,16.51,58.3,100.0,2,74.4,0.0596,0.032,0.0916
2019-01-15 10:00:00,163.54,14.8,18.77,58.2,99.4,2,57.6,0.1285,0.061,0.1895
2019-01-15 11:00:00,96.33,15.14,17.48,57.9,100.0,2,58.0,0.0726,0.114,0.1866
2019-01-15 12:00:00,102.12,15.64,18.12,57.5,100.0,2,64.9,0.0772,0.181,0.2582
2019-01-15 13:00:00,100.28,15.98,18.41,57.2,100.0,2,69.9,0.0759,0.174,0.2499
2019-01-15 14:00:00,100.77,15.85,18.93,57.3,100.0,1,75.2,0.0768,0.129,0.2058
2019-01-15 15:00:00,62.45,15.52,17.42,57.6,100.0,1,86.8,0.0458,0.089,0.1348
2019-01-15 16:00:00,29.75,14.96,15.86,58.0,100.0,1,80.7,0.0184,0.066,0.0844
2019-01-15 17:00:00,2.85,14.46,14.54,58.4,20.0,1,70.5,0.0,0.053,0.053
2019-01-15 18:00:00,0.0,14.1,14.1,58.7,20.0,1,71.9,0.0,0.054,0.054
2019-01-15 19:00:00,0.0,13.73,13.73,59.0,20.0,1,62.1,0.0,0.071,0.071
2019-01-15 20:00:00,0.0,13.4,13.4,59.3,20.0,2,71.9,0.0,0.104,0.104
2019-01-15 21:00:00,0.0,13.02,13.02,59.6,20.0,2,69.2,0.0,0.124,0.124
2019-01-15 22:00:00,0.0,12.58,12.58,59.9,20.0,2,75.3,0.0,0.124,0.124
2019-01-15 23:00:00,0.0,11.92,11.92,60.5,20.0,2,63.8,0.0,0.12,0.12
2019-01-16 00:00:00,0.0,11.23,11.23,61.0,20.0,2,78.4,0.0,0.117,0.117
2019-01-16 01:00:00,0.0,10.69,10.69,61.5,20.0,2,88.5,0.0,0.108,0.108
2019-01-16 02:00:00,0.0,10.18,10.18,61.9,20.0,2,72.1,0.0,0.058,0.058
2019-01-16 03:00:00,0.0,9.68,9.68,62.3,20.0,2,77.2,0.0,0.002,0.002
2019-01-16 04:00:00,0.0,9.3,9.3,62.6,20.0,2,80.1,0.0,0.0,0.0
2019-01-16 05:00:00,0.0,8.93,8.93,62.9,20.0,2,69.2,0.0,0.001,0.001
2019-01-16 06:00:00,0.0,8.69,8.69,63.0,20.0,2,75.4,0.0,0.002,0.002
2019-01-16 07:00:00,5.56,10.43,10.57,61.7,20.0,2,73.3,0.0,0.008,0.008
2019-01-16 08:00:00,99.37,12.6,15.02,59.9,86.5,2,74.2,0.0777,0.018,0.0957
2019-01-16 09:00:00,132.51,15.72,18.94,57.4,99.3,2,65.5,0.1033,0.025,0.1283
2019-01-16 10:00:00,136.63,18.61,21.93,55.1,100.0,2,73.4,0.1046,0.024,0.1286
2019-01-16 11:00:00,131.36,20.52,23.7,53.6,100.0,2,78.2,0.099,0.036,0.135
2019-01-16 12:00:00,154.11,22.06,25.79,52.4,100.0,2,87.7,0.1165,0.06,0.1765
2019-01-16 13:00:00,136.61,22.91,26.22,51.7,100.0,2,82.8,0.1026,0.075,0.1776
2019-01-16 14:00:00,113.65,22.79,26.26,51.8,100.0,1,94.7,0.0847,0.094,0.1787
2019-01-16 15:00:00,73.35,21.72,23.96,52.6,100.0,1,65.5,0.0533,0.104,0.1573
2019-01-16 16:00:00,32.61,19.08,20.4,54.7,100.0,0,81.9,0.0202,0.107,0.1272
2019-01-16 17:00:00,2.85,16.87,16.97,56.5,20.0,0,75.0,0.0,0.114,0.114
2019-01-16 18:00:00,0.0,16.18,16.18,57.1,20.0,0,95.1,0.0,0.116,0.116
2019-01-16 19:00:00,0.0,15.57,15.57,57.5,20.0,0,65.1,0.0,0.114,0.114
2019-01-16 20:00:00,0.0,14.99,14.99,58.0,20.0,0,64.8,0.0,0.105,0.105
2019-01-16 21:00:00,0.0,14.48,14.48,58.4,20.0,1,67.2,0.0,0.074,0.074
2019-01-16 22:00:00,0.0,14.29,14.29,58.6,20.0,1,52.0,0.0,0.04,0.04
2019-01-16 23:00:00,0.0,13.98,13.98,58.8,20.0,1,67.9,0.0,0.019,0.019
2019-01-17 00:00:00,0.0,13.56,13.56,59.2,20.0,1,66.7,0.0,0.009,0.009
2019-01-17 01:00:00,0.0,13.15,13.15,59.5,20.0,1,75.8,0.0,0.004,0.004
2019-01-17 02:00:00,0.0,12.8,12.8,59.8,20.0,1,77.8,0.0,0.001,0.001
2019-01-17 03:00:00,0.0,12.44,12.44,60.0,20.0,1,93.1,0.0,0.0,0.0
2019-01-17 04:00:00,0.0,12.13,12.13,60.3,20.0,1,83.8,0.0,0.013,0.013
2019-01-17 05:00:00,0.0,11.83,11.83,60.5,20.0,1,68.6,0.0,0.04,0.04
2019-01-17 06:00:00,0.0,11.74,11.74,60.6,20.0,0,65.3,0.0,0.042,0.042
2019-01-17 07:00:00,6.49,13.8,14.06,59.0,20.0,0,79.3,0.0006,0.043,0.0436
2019-01-17 08:00:00,170.16,15.65,22.63,57.5,54.0,0,61.1,0.1351,0.041,0.1761
2019-01-17 09:00:00,258.37,18.75,29.32,55.0,70.1,0,92.6,0.2024,0.042,0.2444
2019-01-17 10:00:00,219.0,22.13,31.06,52.3,92.1,0,86.1,0.1667,0.045,0.2117
2019-01-17 11:00:00,640.16,23.31,49.46,51.3,49.8,0,69.6,0.4729,0.062,0.5349
2019-01-17 12:00:00,351.21,23.72,38.04,51.0,72.4,0,57.2,0.266,0.079,0.345
2019-01-17 13:00:00,698.74,23.64,52.2,51.1,47.4,0,87.9,0.5127,0.082,0.5947
2019-01-17 14:00:00,204.69,23.07,31.43,51.5,94.8,0,73.2,0.156,0.078,0.234
2019-01-17 15:00:00,165.1,21.83,28.59,52.5,94.7,0,86.7,0.1267,0.083,0.2097
2019-01-17 16:00:00,157.99,19.32,25.71,54.5,59.8,0,58.4,0.1172,0.121,0.2382
2019-01-17 17:00:00,8.56,17.32,17.54,56.1,20.0,1,68.3,0.0,0.161,0.161
2019-01-17 18:00:00,0.0,16.62,16.62,56.7,20.0,1,74.4,0.0,0.186,0.186
2019-01-17 19:00:00,0.0,16.06,16.06,57.2,20.0,2,74.8,0.0,0.214,0.214
2019-01-17 20:00:00,0.0,15.6,15.6,57.5,20.0,2,69.8,0.0,0.245,0.245
2019-01-17 21:00:00,0.0,15.17,15.17,57.9,20.0,3,80.6,0.0,0.227,0.227
2019-01-17 22:00:00,0.0,14.77,14.77,58.2,20.0,3,63.7,0.0,0.193,0.193
2019-01-17 23:00:00,0.0,14.46,14.46,58.4,20.0,3,72.9,0.0,0.179,0.179
2019-01-18 00:00:00,0.0,14.0,14.0,58.8,20.0,2,76.7,0.0,0.174,0.174
2019-01-18 01:00:00,0.0,13.77,13.77,59.0,20.0,2,80.6,0.0,0.168,0.168
2019-01-18 02:00:00,0.0,13.6,13.6,59.1,20.0,2,82.6,0.0,0.096,0.096
2019-01-18 03:00:00,0.0,13.34,13.34,59.3,20.0,2,64.2,0.0,0.029,0.029
2019-01-18 04:00:00,0.0,13.26,13.26,59.4,20.0,2,60.1,0.0,0.012,0.012
2019-01-18 05:00:00,0.0,13.15,13.15,59.5,20.0,2,88.3,0.0,0.012,0.012
2019-01-18 06:00:00,0.0,13.06,13.06,59.6,20.0,2,78.8,0.0,0.017,0.017
2019-01-18 07:00:00,6.49,14.1,14.3,58.7,20.0,1,68.0,0.0006,0.02,0.0206
2019-01-18 08:00:00,78.41,15.87,18.27,57.3,100.0,1,91.0,0.0589,0.023,0.0819
2019-01-18 09:00:00,98.77,18.74,21.76,55.0,100.0,1,76.6,0.0742,0.032,0.1062
2019-01-18 10:00:00,101.23,21.83,24.91,52.5,100.0,1,87.3,0.0745,0.049,0.1235
2019-01-18 11:00:00,224.77,22.36,29.2,52.1,94.0,1,76.2,0.1719,0.093,0.2649
2019-01-18 12:00:00,721.16,22.54,44.55,52.0,41.6,1,96.1,0.5456,0.154,0.6996
2019-01-18 13:00:00,645.44,22.33,42.04,52.1,41.4,1,93.0,0.4945,0.164,0.6585
2019-01-18 14:00:00,622.74,21.75,36.96,52.6,25.2,2,73.0,0.4924,0.146,0.6384
2019-01-18 15:00:00,422.63,20.64,30.99,53.5,28.1,2,85.2,0.3413,0.121,0.4623
2019-01-18 16:00:00,222.34,18.48,25.16,55.2,26.3,1,81.9,0.1651,0.114,0.2791
2019-01-18 17:00:00,3.8,16.24,16.34,57.0,20.0,1,89.2,0.0,0.119,0.119
2019-01-18 18:00:00,0.0,15.42,15.42,57.7,20.0,1,65.8,0.0,0.122,0.122
2019-01-18 19:00:00,0.0,14.68,14.68,58.3,20.0,1,82.3,0.0,0.119,0.119
2019-01-18 20:00:00,0.0,13.94,13.94,58.8,20.0,1,86.1,0.0,0.126,0.126
2019-01-18 21:00:00,0.0,13.18,13.18,59.5,20.0,1,57.9,0.0,0.146,0.146
2019-01-18 22:00:00,0.0,12.41,12.41,60.1,20.0,1,63.7,0.0,0.167,0.167
2019-01-18 23:00:00,0.0,11.68,11.68,60.7,20.0,1,55.1,0.0,0.178,0.178
2019-01-19 00:00:00,0.0,11.02,11.02,61.2,20.0,1,74.0,0.0,0.178,0.178
2019-01-19 01:00:00,0.0,10.38,10.38,61.7,20.0,1,83.8,0.0,0.176,0.176
2019-01-19 02:00:00,0.0,9.89,9.89,62.1,20.0,1,91.7,0.0,0.121,0.121
2019-01-19 03:00:00,0.0,9.45,9.45,62.4,20.0,1,77.4,0.0,0.028,0.028
2019-01-19 04:00:00,0.0,9.08,9.08,62.7,20.0,1,92.9,0.0,0.001,0.001
2019-01-19 05:00:00,0.0,8.75,8.75,63.0,20.0,1,62.9,0.0,0.0,0.0
2019-01-19 06:00:00,0.0,8.59,8.59,63.1,20.0,1,59.6,0.0,0.0,0.0
2019-01-19 07:00:00,9.27,11.31,11.59,61.0,20.0,1,76.1,0.0028,0.0,0.0028
2019-01-19 08:00:00,240.04,14.48,21.84,58.4,33.0,1,80.5,0.196,0.0,0.196
2019-01-19 09:00:00,495.95,18.94,39.28,54.8,30.0,0,76.3,0.3862,0.0,0.3862
2019-01-19 10:00:00,687.65,21.79,49.94,52.6,26.9,0,56.0,0.5122,0.002,0.5142
2019-01-19 11:00:00,801.86,23.23,56.04,51.4,25.6,0,75.8,0.5806,0.028,0.6086
2019-01-19 12:00:00,797.68,23.93,56.55,50.9,33.5,0,63.6,0.5749,0.096,0.6709
2019-01-19 13:00:00,480.0,23.95,43.55,50.8,65.2,0,83.4,0.3609,0.144,0.5049
2019-01-19 14:00:00,520.89,23.15,44.49,51.5,44.4,0,80.3,0.3957,0.168,0.5637
2019-01-19 15:00:00,358.55,21.52,36.23,52.8,46.4,0,67.3,0.2803,0.179,0.4593
2019-01-19 16:00:00,158.93,18.58,23.39,55.1,63.7,1,71.5,0.1197,0.168,0.2877
2019-01-19 17:00:00,4.76,16.03,16.15,57.2,20.0,1,66.1,0.0,0.155,0.155
2019-01-19 18:00:00,0.0,15.02,15.02,58.0,20.0,2,76.0,0.0,0.16,0.16
2019-01-19 19:00:00,0.0,14.12,14.12,58.7,20.0,2,86.2,0.0,0.184,0.184
2019-01-19 20:00:00,0.0,13.24,13.24,59.4,20.0,2,66.8,0.0,0.181,0.181
2019-01-19 21:00:00,0.0,12.51,12.51,60.0,20.0,2,81.7,0.0,0.16,0.16
2019-01-19 22:00:00,0.0,11.76,11.76,60.6,20.0,2,71.4,0.0,0.138,0.138
2019-01-19 23:00:00,0.0,11.09,11.09,61.1,20.0,2,68.7,0.0,0.118,0.118
2019-01-20 00:00:00,0.0,10.49,10.49,61.6,20.0,2,76.8,0.0,0.105,0.105
2019-01-20 01:00:00,0.0,9.98,9.98,62.0,20.0,2,67.5,0.0,0.105,0.105
2019-01-20 02:00:00,0.0,9.5,9.5,62.4,20.0,2,72.3,0.0,0.09,0.09
2019-01-20 03:00:00,0.0,9.1,9.1,62.7,20.0,2,65.9,0.0,0.02,0.02
2019-01-20 04:00:00,0.0,8.73,8.73,63.0,20.0,2,97.5,0.0,0.002,0.002
2019-01-20 05:00:00,0.0,8.4,8.4,63.3,20.0,2,78.2,0.0,0.001,0.001
2019-01-20 06:00:00,0.0,8.22,8.22,63.4,20.0,2,70.8,0.0,0.001,0.001
2019-01-20 07:00:00,9.27,10.67,10.89,61.5,20.0,2,80.0,0.0028,0.004,0.0068
2019-01-20 08:00:00,261.3,13.75,21.77,59.0,29.4,1,76.7,0.2145,0.007,0.2215
2019-01-20 09:00:00,519.05,18.36,34.26,55.3,25.2,1,75.6,0.4136,0.005,0.4186
2019-01-20 10:00:00,702.86,21.58,43.07,52.7,25.2,1,84.0,0.5391,0.002,0.5411
2019-01-20 11:00:00,814.21,23.04,47.91,51.6,25.0,1,85.4,0.6103,0.001,0.6113
2019-01-20 12:00:00,826.06,23.66,48.89,51.1,25.9,1,72.5,0.6165,0.002,0.6185
2019-01-20 13:00:00,780.33,23.5,47.36,51.2,24.9,1,72.1,0.5882,0.0,0.5882
2019-01-20 14:00:00,638.75,22.72,42.29,51.8,25.3,1,75.1,0.4942,0.002,0.4962
2019-01-20 15:00:00,444.11,21.22,34.84,53.0,28.1,1,54.8,0.3536,0.04,0.3936
2019-01-20 16:00:00,225.21,18.19,24.97,55.4,30.3,1,62.7,0.1689,0.131,0.2999
2019-01-20 17:00:00,6.66,15.59,15.73,57.5,20.0,2,91.5,0.0,0.235,0.235
2019-01-20 18:00:00,0.0,14.68,14.68,58.3,20.0,2,94.3,0.0,0.332,0.332
2019-01-20 19:00:00,0.0,13.88,13.88,58.9,20.0,2,75.4,0.0,0.421,0.421
2019-01-20 20:00:00,0.0,13.07,13.07,59.5,20.0,3,83.6,0.0,0.461,0.461
2019-01-20 21:00:00,0.0,12.17,12.17,60.3,20.0,3,81.0,0.0,0.444,0.444
2019-01-20 22:00:00,0.0,11.28,11.28,61.0,20.0,2,108.6,0.0,0.422,0.422
2019-01-20 23:00:00,0.0,10.52,10.52,61.6,20.0,2,89.0,0.0,0.41,0.41
2019-01-21 00:00:00,0.0,9.9,9.9,62.1,20.0,2,77.8,0.0,0.42,0.42
2019-01-21 01:00:00,0.0,9.42,9.42,62.5,20.0,2,69.5,0.0,0.459,0.459
2019-01-21 02:00:00,0.0,8.98,8.98,62.8,20.0,2,63.0,0.0,0.358,0.358
2019-01-21 03:00:00,0.0,8.56,8.56,63.2,20.0,2,81.1,0.0,0.23,0.23
2019-01-21 04:00:00,0.0,8.11,8.11,63.5,20.0,2,71.5,0.0,0.306,0.306
2019-01-21 05:00:00,0.0,7.65,7.65,63.9,20.0,2,64.8,0.0,0.277,0.277
2019-01-21 06:00:00,0.0,7.37,7.37,64.1,20.0,2,72.6,0.0,0.274,0.274
2019-01-21 07:00:00,10.2,9.94,10.19,62.0,100.0,2,68.2,0.0035,0.275,0.2785
2019-01-21 08:00:00,263.91,13.16,19.62,59.5,29.4,2,95.9,0.2186,0.284,0.5026
2019-01-21 09:00:00,521.98,17.52,33.51,56.0,25.9,1,87.9,0.417,0.3,0.717
2019-01-21 10:00:00,708.31,21.01,42.67,53.2,25.0,1,79.0,0.5442,0.323,0.8672
2019-01-21 11:00:00,819.32,22.43,47.46,52.1,24.6,1,93.8,0.6153,0.388,1.0033
2019-01-21 12:00:00,842.94,23.01,48.76,51.6,24.6,1,79.8,0.6295,0.547,1.1765
2019-01-21 13:00:00,771.58,22.92,46.51,51.7,25.6,1,70.4,0.5834,0.627,1.2104
2019-01-21 14:00:00,643.12,22.12,41.82,52.3,25.0,1,94.3,0.4985,0.683,1.1815
2019-01-21 15:00:00,445.9,20.52,34.21,53.6,28.0,1,84.4,0.3559,0.76,1.1159
2019-01-21 16:00:00,224.42,17.39,24.16,56.1,35.5,1,68.7,0.17,0.812,0.982
2019-01-21 17:00:00,7.61,14.66,14.86,58.3,20.0,1,77.1,0.0,0.834,0.834
2019-01-21 18:00:00,0.0,13.74,13.74,59.0,20.0,2,70.3,0.0,0.839,0.839
2019-01-21 19:00:00,0.0,12.96,12.96,59.6,20.0,2,65.2,0.0,0.823,0.823
2019-01-21 20:00:00,0.0,12.2,12.2,60.2,20.0,2,88.3,0.0,0.768,0.768
2019-01-21 21:00:00,0.0,11.44,11.44,60.8,20.0,2,98.1,0.0,0.649,0.649
2019-01-21 22:00:00,0.0,10.7,10.7,61.4,20.0,2,65.1,0.0,0.523,0.523
2019-01-21 23:00:00,0.0,10.0,10.0,62.0,20.0,1,84.7,0.0,0.466,0.466
2019-01-22 00:00:00,0.0,9.35,9.35,62.5,20.0,1,73.8,0.0,0.409,0.409
2019-01-22 01:00:00,0.0,8.71,8.71,63.0,20.0,1,75.4,0.0,0.348,0.348
2019-01-22 02:00:00,0.0,8.17,8.17,63.5,20.0,1,74.3,0.0,0.174,0.174
2019-01-22 03:00:00,0.0,7.72,7.72,63.8,20.0,1,71.6,0.0,0.104,0.104
2019-01-22 04:00:00,0.0,7.34,7.34,64.1,20.0,1,80.8,0.0,0.168,0.168
2019-01-22 05:00:00,0.0,6.98,6.98,64.4,20.0,1,72.0,0.0,0.176,0.176
2019-01-22 06:00:00,0.0,6.81,6.81,64.5,20.0,2,83.0,0.0,0.182,0.182
2019-01-22 07:00:00,8.34,9.62,9.87,62.3,20.0,1,79.8,0.0021,0.187,0.1891
2019-01-22 08:00:00,264.9,12.93,21.06,59.7,29.2,1,77.9,0.2183,0.184,0.4023
2019-01-22 09:00:00,515.61,17.6,33.39,55.9,28.3,1,71.2,0.4117,0.192,0.6037
2019-01-22 10:00:00,620.63,20.84,39.8,53.3,36.4,1,74.5,0.48,0.215,0.695
2019-01-22 11:00:00,786.1,22.43,46.43,52.1,31.2,1,87.8,0.5917,0.22,0.8117
2019-01-22 12:00:00,835.18,23.23,48.74,51.4,25.5,1,85.3,0.6235,0.243,0.8665
2019-01-22 13:00:00,778.02,23.26,47.05,51.4,25.5,1,70.5,0.5869,0.241,0.8279
2019-01-22 14:00:00,637.44,22.57,42.1,51.9,26.7,1,81.3,0.4931,0.213,0.7061
2019-01-22 15:00:00,443.43,21.12,34.72,53.1,29.5,1,87.8,0.353,0.17,0.523
2019-01-22 16:00:00,226.11,18.03,24.84,55.6,31.5,1,63.6,0.1706,0.125,0.2956
2019-01-22 17:00:00,9.51,15.3,15.55,57.8,20.0,1,85.7,0.0003,0.085,0.0853
2019-01-22 18:00:00,0.0,14.41,14.41,58.5,20.0,1,73.6,0.0,0.061,0.061
2019-01-22 19:00:00,0.0,13.63,13.63,59.1,20.0,1,86.0,0.0,0.047,0.047
2019-01-22 20:00:00,0.0,12.88,12.88,59.7,20.0,1,72.6,0.0,0.042,0.042
2019-01-22 21:00:00,0.0,12.18,12.18,60.3,20.0,2,62.2,0.0,0.034,0.034
2019-01-22 22:00:00,0.0,11.52,11.52,60.8,20.0,2,64.0,0.0,0.021,0.021
2019-01-22 23:00:00,0.0,10.94,10.94,61.3,20.0,2,80.7,0.0,0.011,0.011
2019-01-23 00:00:00,0.0,10.34,10.34,61.7,20.0,2,84.1,0.0,0.005,0.005
2019-01-23 01:00:00,0.0,9.79,9.79,62.2,20.0,2,72.5,0.0,0.002,0.002
2019-01-23 02:00:00,0.0,9.24,9.24,62.6,20.0,2,87.9,0.0,0.001,0.001
2019-01-23 03:00:00,0.0,8.7,8.7,63.0,20.0,2,64.9,0.0,0.002,0.002
2019-01-23 04:00:00,0.0,8.15,8.15,63.5,20.0,2,80.8,0.0,0.012,0.012
2019-01-23 05:00:00,0.0,7.7,7.7,63.8,20.0,2,69.4,0.0,0.025,0.025
2019-01-23 06:00:00,0.0,7.49,7.49,64.0,20.0,2,75.0,0.0,0.049,0.049
2019-01-23 07:00:00,9.27,10.34,10.57,61.7,20.0,2,82.0,0.0028,0.072,0.0748
2019-01-23 08:00:00,238.0,13.52,20.82,59.2,34.2,1,72.9,0.195,0.085,0.28
2019-01-23 09:00:00,488.39,18.02,29.94,55.6,31.2,2,77.7,0.3944,0.09,0.4844
2019-01-23 10:00:00,692.13,20.88,37.76,53.3,27.5,2,91.6,0.5418,0.091,0.6328
2019-01-23 11:00:00,798.92,22.04,41.5,52.4,27.1,2,75.7,0.6142,0.1,0.7142
2019-01-23 12:00:00,841.77,22.48,42.99,52.0,25.3,2,89.9,0.6434,0.14,0.7834
2019-01-23 13:00:00,782.9,22.2,41.29,52.2,25.1,2,70.2,0.6047,0.155,0.7597
2019-01-23 14:00:00,651.58,21.51,37.43,52.8,24.8,2,86.8,0.514,0.149,0.663
2019-01-23 15:00:00,457.79,20.22,31.43,53.8,25.9,2,95.9,0.37,0.116,0.486
2019-01-23 16:00:00,238.4,17.46,23.19,56.0,28.6,2,56.8,0.1814,0.071,0.2524
2019-01-23 17:00:00,11.42,14.63,14.86,58.3,100.0,2,73.5,0.0012,0.039,0.0402
2019-01-23 18:00:00,0.0,13.77,13.77,59.0,20.0,2,87.3,0.0,0.023,0.023
2019-01-23 19:00:00,0.0,13.02,13.02,59.6,20.0,2,79.5,0.0,0.02,0.02
2019-01-23 20:00:00,0.0,12.35,12.35,60.1,20.0,2,85.2,0.0,0.025,0.025
2019-01-23 21:00:00,0.0,11.69,11.69,60.6,20.0,2,75.5,0.0,0.048,0.048
2019-01-23 22:00:00,0.0,11.1,11.1,61.1,20.0,3,82.4,0.0,0.088,0.088
2019-01-23 23:00:00,0.0,10.46,10.46,61.6,20.0,3,79.9,0.0,0.12,0.12
2019-01-24 00:00:00,0.0,9.88,9.88,62.1,20.0,3,94.4,0.0,0.141,0.141
2019-01-24 01:00:00,0.0,9.3,9.3,62.6,20.0,3,85.3,0.0,0.151,0.151
2019-01-24 02:00:00,0.0,8.76,8.76,63.0,20.0,3,86.1,0.0,0.068,0.068
2019-01-24 03:00:00,0.0,8.22,8.22,63.4,20.0,3,78.6,0.0,0.03,0.03
2019-01-24 04:00:00,0.0,7.7,7.7,63.8,20.0,3,77.9,0.0,0.011,0.011
2019-01-24 05:00:00,0.0,7.23,7.23,64.2,20.0,3,78.4,0.0,0.006,0.006
2019-01-24 06:00:00,0.0,6.99,6.99,64.4,20.0,3,86.7,0.0,0.016,0.016
2019-01-24 07:00:00,9.27,9.28,9.46,62.6,20.0,3,78.5,0.0029,0.035,0.0379
2019-01-24 08:00:00,260.9,12.79,18.1,59.8,30.2,3,85.7,0.2173,0.054,0.2713
2019-01-24 09:00:00,521.0,17.66,28.24,55.9,28.0,3,103.5,0.4245,0.072,0.4965
2019-01-24 10:00:00,715.45,21.67,36.18,52.7,24.9,3,91.5,0.564,0.079,0.643
2019-01-24 11:00:00,812.66,23.39,39.85,51.3,25.9,3,79.5,0.6291,0.069,0.6981
2019-01-24 12:00:00,847.5,24.24,41.41,50.6,25.2,3,94.8,0.6519,0.05,0.7019
2019-01-24 13:00:00,788.07,24.32,40.3,50.5,24.9,3,78.7,0.611,0.035,0.646
2019-01-24 14:00:00,650.74,23.68,36.9,51.1,25.5,3,62.4,0.5142,0.023,0.5372
2019-01-24 15:00:00,460.89,22.37,31.75,52.1,25.9,3,72.7,0.3721,0.017,0.3891
2019-01-24 16:00:00,233.76,19.32,24.0,54.5,30.0,3,64.1,0.1777,0.024,0.2017
2019-01-24 17:00:00,13.32,16.16,16.38,57.1,100.0,3,79.2,0.0021,0.035,0.0371
2019-01-24 18:00:00,0.0,15.12,15.12,57.9,20.0,3,82.9,0.0,0.043,0.043
2019-01-24 19:00:00,0.0,14.24,14.24,58.6,20.0,3,99.5,0.0,0.049,0.049
2019-01-24 20:00:00,0.0,13.41,13.41,59.3,20.0,3,86.0,0.0,0.042,0.042
2019-01-24 21:00:00,0.0,12.59,12.59,59.9,20.0,3,80.6,0.0,0.032,0.032
2019-01-24 22:00:00,0.0,11.77,11.77,60.6,20.0,3,91.1,0.0,0.021,0.021
2019-01-24 23:00:00,0.0,10.97,10.97,61.2,20.0,3,60.6,0.0,0.016,0.016
2019-01-25 00:00:00,0.0,10.24,10.24,61.8,20.0,3,86.4,0.0,0.019,0.019
2019-01-25 01:00:00,0.0,9.58,9.58,62.3,20.0,2,91.7,0.0,0.03,0.03
2019-01-25 02:00:00,0.0,9.0,9.0,62.8,20.0,2,69.2,0.0,0.031,0.031
2019-01-25 03:00:00,0.0,8.57,8.57,63.1,20.0,2,95.5,0.0,0.038,0.038
2019-01-25 04:00:00,0.0,8.26,8.26,63.4,20.0,1,87.4,0.0,0.054,0.054
2019-01-25 05:00:00,0.0,8.0,8.0,63.6,20.0,1,79.9,0.0,0.032,0.032
2019-01-25 06:00:00,0.0,7.93,7.93,63.7,20.0,1,90.4,0.0,0.019,0.019
2019-01-25 07:00:00,8.34,11.08,11.33,61.1,20.0,1,106.7,0.0021,0.03,0.0321
2019-01-25 08:00:00,67.28,14.54,16.6,58.4,100.0,1,85.8,0.05,0.042,0.092
2019-01-25 09:00:00,390.64,19.02,35.02,54.8,48.4,0,86.5,0.3056,0.036,0.3416
2019-01-25 10:00:00,525.33,23.4,39.43,51.3,53.4,1,79.4,0.4037,0.014,0.4177
2019-01-25 11:00:00,158.78,24.91,29.73,50.1,100.0,1,75.5,0.1181,0.001,0.1191
2019-01-25 12:00:00,822.66,25.53,50.64,49.6,35.8,1,92.3,0.6072,0.001,0.6082
2019-01-25 13:00:00,793.3,25.44,49.69,49.7,25.8,1,75.5,0.5914,0.044,0.6354
2019-01-25 14:00:00,634.89,24.72,44.16,50.2,28.6,1,84.7,0.4863,0.138,0.6243
2019-01-25 15:00:00,463.51,23.26,37.48,51.4,25.8,1,79.3,0.3656,0.201,0.5666
2019-01-25 16:00:00,247.07,19.86,29.84,54.1,28.4,0,88.8,0.1839,0.231,0.4149
2019-01-25 17:00:00,4.76,17.05,17.22,56.4,20.0,0,87.4,0.0,0.242,0.242
2019-01-25 18:00:00,0.0,16.16,16.16,57.1,20.0,0,94.4,0.0,0.245,0.245
2019-01-25 19:00:00,0.0,15.37,15.37,57.7,20.0,0,78.9,0.0,0.241,0.241
2019-01-25 20:00:00,0.0,14.65,14.65,58.3,20.0,1,81.3,0.0,0.236,0.236
2019-01-25 21:00:00,0.0,13.94,13.94,58.8,20.0,1,74.2,0.0,0.295,0.295
2019-01-25 22:00:00,0.0,13.25,13.25,59.4,20.0,1,79.6,0.0,0.376,0.376
2019-01-25 23:00:00,0.0,12.61,12.61,59.9,20.0,1,87.8,0.0,0.395,0.395
2019-01-26 00:00:00,0.0,12.03,12.03,60.4,20.0,2,92.9,0.0,0.395,0.395
2019-01-26 01:00:00,0.0,11.42,11.42,60.9,20.0,2,76.1,0.0,0.379,0.379
2019-01-26 02:00:00,0.0,10.82,10.82,61.3,20.0,2,94.0,0.0,0.332,0.332
2019-01-26 03:00:00,0.0,10.26,10.26,61.8,20.0,1,98.9,0.0,0.431,0.431
2019-01-26 04:00:00,0.0,9.76,9.76,62.2,20.0,1,89.4,0.0,0.305,0.305
2019-01-26 05:00:00,0.0,9.31,9.31,62.6,20.0,1,104.1,0.0,0.131,0.131
2019-01-26 06:00:00,0.0,9.14,9.14,62.7,20.0,2,77.6,0.0,0.034,0.034
2019-01-26 07:00:00,11.13,12.04,12.31,60.4,100.0,2,72.9,0.0042,0.008,0.0122
2019-01-26 08:00:00,273.39,15.38,23.77,57.7,29.0,1,67.5,0.2232,0.008,0.2312
2019-01-26 09:00:00,531.98,19.61,35.9,54.3,25.8,1,100.3,0.4209,0.012,0.4329
2019-01-26 10:00:00,715.04,23.54,40.97,51.2,25.3,2,91.9,0.5527,0.024,0.5767
2019-01-26 11:00:00,791.47,25.1,49.27,49.9,28.8,1,84.8,0.5886,0.061,0.6496
2019-01-26 12:00:00,792.19,25.47,49.65,49.6,32.0,1,88.1,0.5876,0.175,0.7626
2019-01-26 13:00:00,716.05,25.36,47.22,49.7,41.6,1,74.1,0.5366,0.297,0.8336
2019-01-26 14:00:00,93.67,24.39,27.25,50.5,100.0,1,109.8,0.0681,0.379,0.4471
2019-01-26 15:00:00,70.05,22.67,24.81,51.9,100.0,1,86.6,0.0503,0.403,0.4533
2019-01-26 16:00:00,36.27,19.73,20.83,54.2,100.0,1,86.4,0.0234,0.388,0.4114
2019-01-26 17:00:00,17.12,17.1,17.53,56.3,100.0,1,92.6,0.0039,0.355,0.3589
2019-01-26 18:00:00,0.0,16.18,16.18,57.1,20.0,1,90.1,0.0,0.335,0.335
2019-01-26 19:00:00,0.0,15.43,15.43,57.7,20.0,1,87.5,0.0,0.332,0.332
2019-01-26 20:00:00,0.0,14.92,14.92,58.1,20.0,1,77.4,0.0,0.337,0.337
2019-01-26 21:00:00,0.0,14.53,14.53,58.4,20.0,1,90.0,0.0,0.347,0.347
2019-01-26 22:00:00,0.0,14.16,14.16,58.7,20.0,1,104.1,0.0,0.362,0.362
2019-01-26 23:00:00,0.0,13.66,13.66,59.1,20.0,2,98.8,0.0,0.377,0.377
2019-01-27 00:00:00,0.0,13.18,13.18,59.5,20.0,2,102.5,0.0,0.395,0.395
2019-01-27 01:00:00,0.0,12.75,12.75,59.8,20.0,2,81.5,0.0,0.379,0.379
2019-01-27 02:00:00,0.0,12.33,12.33,60.1,20.0,2,76.7,0.0,0.249,0.249
2019-01-27 03:00:00,0.0,12.0,12.0,60.4,20.0,2,85.4,0.0,0.383,0.383
2019-01-27 04:00:00,0.0,11.56,11.56,60.8,20.0,2,87.2,0.0,0.221,0.221
2019-01-27 05:00:00,0.0,11.03,11.03,61.2,20.0,2,97.6,0.0,0.089,0.089
2019-01-27 06:00:00,0.0,10.73,10.73,61.4,20.0,2,69.7,0.0,0.029,0.029
2019-01-27 07:00:00,12.06,12.44,12.73,60.1,100.0,2,101.9,0.0049,0.019,0.0239
2019-01-27 08:00:00,245.41,15.24,22.76,57.8,36.5,1,85.0,0.1997,0.024,0.2237
2019-01-27 09:00:00,521.89,18.63,34.61,55.1,28.9,1,82.3,0.4144,0.037,0.4514
2019-01-27 10:00:00,689.92,21.26,42.34,53.0,28.2,1,76.5,0.5296,0.06,0.5896
2019-01-27 11:00:00,763.68,22.96,54.17,51.6,37.0,0,70.1,0.5547,0.12,0.6747
2019-01-27 12:00:00,534.76,23.86,45.67,50.9,65.7,0,94.8,0.3975,0.286,0.6835
2019-01-27 13:00:00,314.21,23.47,33.04,51.2,87.0,1,87.3,0.2413,0.407,0.6483
2019-01-27 14:00:00,104.39,22.62,25.8,51.9,100.0,1,73.7,0.0772,0.449,0.5262
2019-01-27 15:00:00,171.82,21.19,26.44,53.0,95.5,1,73.7,0.1332,0.485,0.6182
2019-01-27 16:00:00,121.69,18.55,21.5,55.2,92.5,2,83.3,0.0923,0.518,0.6103
2019-01-27 17:00:00,5.71,15.74,15.86,57.4,20.0,2,103.3,0.0,0.539,0.539
2019-01-27 18:00:00,0.0,14.9,14.9,58.1,20.0,2,84.0,0.0,0.561,0.561
2019-01-27 19:00:00,0.0,14.16,14.16,58.7,20.0,2,71.6,0.0,0.582,0.582
2019-01-27 20:00:00,0.0,13.25,13.25,59.4,20.0,2,84.2,0.0,0.583,0.583
2019-01-27 21:00:00,0.0,12.3,12.3,60.2,20.0,2,83.9,0.0,0.508,0.508
2019-01-27 22:00:00,0.0,11.41,11.41,60.9,20.0,2,59.6,0.0,0.447,0.447
2019-01-27 23:00:00,0.0,10.58,10.58,61.5,20.0,2,86.1,0.0,0.413,0.413
2019-01-28 00:00:00,0.0,9.82,9.82,62.1,20.0,2,85.6,0.0,0.375,0.375
2019-01-28 01:00:00,0.0,9.13,9.13,62.7,20.0,2,94.9,0.0,0.316,0.316
2019-01-28 02:00:00,0.0,8.63,8.63,63.1,20.0,2,106.4,0.0,0.136,0.136
2019-01-28 03:00:00,0.0,8.25,8.25,63.4,20.0,2,99.2,0.0,0.241,0.241
2019-01-28 04:00:00,0.0,7.86,7.86,63.7,20.0,2,85.2,0.0,0.142,0.142
2019-01-28 05:00:00,0.0,7.47,7.47,64.0,20.0,2,76.9,0.0,0.072,0.072
2019-01-28 06:00:00,0.0,7.34,7.34,64.1,20.0,2,113.7,0.0,0.062,0.062
2019-01-28 07:00:00,12.99,10.1,10.42,61.9,100.0,2,88.5,0.0057,0.091,0.0967
2019-01-28 08:00:00,203.8,13.56,19.81,59.1,42.5,1,88.1,0.166,0.115,0.281
2019-01-28 09:00:00,413.69,18.56,28.66,55.1,44.9,2,87.7,0.3327,0.112,0.4447
2019-01-28 10:00:00,706.42,21.47,43.06,52.8,29.5,1,89.9,0.5405,0.115,0.6555
2019-01-28 11:00:00,835.11,23.09,48.6,51.5,25.2,1,86.5,0.6232,0.17,0.7932
2019-01-28 12:00:00,859.39,23.89,50.14,50.9,25.2,1,82.2,0.637,0.254,0.891
2019-01-28 13:00:00,803.56,23.9,48.45,50.9,25.9,1,82.5,0.6018,0.228,0.8298
2019-01-28 14:00:00,634.07,23.17,42.58,51.5,30.2,1,87.6,0.4883,0.199,0.6873
2019-01-28 15:00:00,469.94,21.76,36.18,52.6,26.4,1,82.5,0.3726,0.258,0.6306
2019-01-28 16:00:00,251.44,18.73,26.33,55.0,28.0,1,80.8,0.1909,0.355,0.5459
2019-01-28 17:00:00,18.08,15.8,16.26,57.4,100.0,1,89.0,0.0044,0.434,0.4384
2019-01-28 18:00:00,0.0,14.88,14.88,58.1,20.0,1,85.4,0.0,0.481,0.481
2019-01-28 19:00:00,0.0,14.09,14.09,58.7,20.0,1,103.0,0.0,0.461,0.461
2019-01-28 20:00:00,0.0,13.34,13.34,59.3,20.0,1,61.4,0.0,0.422,0.422
2019-01-28 21:00:00,0.0,12.66,12.66,59.9,20.0,1,98.8,0.0,0.371,0.371
2019-01-28 22:00:00,0.0,11.99,11.99,60.4,20.0,1,100.4,0.0,0.341,0.341
2019-01-28 23:00:00,0.0,11.37,11.37,60.9,20.0,1,67.2,0.0,0.248,0.248
2019-01-29 00:00:00,0.0,10.79,10.79,61.4,20.0,1,85.8,0.0,0.15,0.15
2019-01-29 01:00:00,0.0,10.22,10.22,61.8,20.0,1,85.5,0.0,0.077,0.077
2019-01-29 02:00:00,0.0,9.63,9.63,62.3,20.0,2,75.2,0.0,0.014,0.014
2019-01-29 03:00:00,0.0,9.02,9.02,62.8,20.0,2,81.5,0.0,0.032,0.032
2019-01-29 04:00:00,0.0,8.43,8.43,63.3,20.0,2,78.1,0.0,0.048,0.048
2019-01-29 05:00:00,0.0,7.92,7.92,63.7,20.0,1,106.8,0.0,0.036,0.036
2019-01-29 06:00:00,0.0,7.74,7.74,63.8,20.0,1,98.6,0.0,0.028,0.028
2019-01-29 07:00:00,13.92,10.95,11.37,61.2,100.0,1,102.0,0.0064,0.029,0.0354
2019-01-29 08:00:00,267.58,14.53,22.74,58.4,30.6,1,96.5,0.2191,0.029,0.2481
2019-01-29 09:00:00,525.3,19.48,41.02,54.4,27.7,0,78.0,0.4064,0.031,0.4374
2019-01-29 10:00:00,717.6,22.42,51.79,52.1,26.6,0,84.0,0.5297,0.042,0.5717
2019-01-29 11:00:00,843.93,23.56,58.07,51.1,24.6,0,94.1,0.6047,0.068,0.6727
2019-01-29 12:00:00,865.14,24.03,59.41,50.8,24.9,0,77.0,0.616,0.093,0.709
2019-01-29 13:00:00,808.33,23.86,56.94,50.9,24.5,0,96.4,0.5838,0.095,0.6788
2019-01-29 14:00:00,673.27,23.0,50.6,51.6,24.8,0,86.8,0.5024,0.092,0.5944
2019-01-29 15:00:00,472.17,21.46,35.94,52.8,32.4,1,85.5,0.3741,0.085,0.4591
2019-01-29 16:00:00,213.36,18.45,24.92,55.2,50.4,1,96.4,0.164,0.074,0.238
2019-01-29 17:00:00,15.22,15.53,15.92,57.6,100.0,1,93.7,0.003,0.072,0.075
2019-01-29 18:00:00,0.0,14.68,14.68,58.3,20.0,1,85.6,0.0,0.074,0.074
2019-01-29 19:00:00,0.0,13.95,13.95,58.8,20.0,1,100.8,0.0,0.072,0.072
2019-01-29 20:00:00,0.0,13.29,13.29,59.4,20.0,1,78.4,0.0,0.06,0.06
2019-01-29 21:00:00,0.0,12.66,12.66,59.9,20.0,1,95.4,0.0,0.043,0.043
2019-01-29 22:00:00,0.0,12.05,12.05,60.4,20.0,1,95.2,0.0,0.035,0.035
2019-01-29 23:00:00,0.0,11.47,11.47,60.8,20.0,1,86.2,0.0,0.032,0.032
2019-01-30 00:00:00,0.0,10.89,10.89,61.3,20.0,1,93.8,0.0,0.026,0.026
2019-01-30 01:00:00,0.0,10.34,10.34,61.7,20.0,1,78.1,0.0,0.021,0.021
2019-01-30 02:00:00,0.0,9.79,9.79,62.2,20.0,1,99.8,0.0,0.011,0.011
2019-01-30 03:00:00,0.0,9.27,9.27,62.6,20.0,2,88.7,0.0,0.0,0.0
2019-01-30 04:00:00,0.0,8.74,8.74,63.0,20.0,2,85.4,0.0,0.0,0.0
2019-01-30 05:00:00,0.0,8.27,8.27,63.4,20.0,2,101.1,0.0,0.0,0.0
2019-01-30 06:00:00,0.0,8.11,8.11,63.5,20.0,2,83.5,0.0,0.0,0.0
2019-01-30 07:00:00,15.77,11.27,11.65,61.0,100.0,2,76.5,0.0079,0.0,0.0079
2019-01-30 08:00:00,280.0,14.64,23.23,58.3,28.8,1,75.0,0.2295,0.0,0.2295
2019-01-30 09:00:00,541.87,19.13,35.72,54.7,25.9,1,96.6,0.4288,0.0,0.4288
2019-01-30 10:00:00,732.48,22.77,45.16,51.8,24.9,1,77.8,0.5562,0.0,0.5562
2019-01-30 11:00:00,845.42,24.16,49.98,50.7,24.8,1,108.1,0.6271,0.0,0.6271
2019-01-30 12:00:00,874.37,24.66,51.36,50.3,24.5,1,69.8,0.6446,0.004,0.6486
2019-01-30 13:00:00,812.44,24.46,49.28,50.4,24.6,1,107.6,0.6062,0.023,0.6292
2019-01-30 14:00:00,675.95,23.71,44.41,51.0,24.7,1,92.7,0.5177,0.072,0.5897
2019-01-30 15:00:00,481.57,22.22,37.0,52.2,25.9,1,89.6,0.3808,0.168,0.5488
2019-01-30 16:00:00,263.63,19.06,27.04,54.8,35.0,1,85.1,0.2018,0.25,0.4518
2019-01-30 17:00:00,22.83,15.94,16.52,57.3,100.0,1,94.6,0.0067,0.268,0.2747
2019-01-30 18:00:00,0.0,14.98,14.98,58.0,20.0,2,90.2,0.0,0.28,0.28
2019-01-30 19:00:00,0.0,14.16,14.16,58.7,20.0,2,101.6,0.0,0.342,0.342
2019-01-30 20:00:00,0.0,13.36,13.36,59.3,20.0,2,91.7,0.0,0.418,0.418
2019-01-30 21:00:00,0.0,12.55,12.55,60.0,20.0,2,92.1,0.0,0.437,0.437
2019-01-30 22:00:00,0.0,11.74,11.74,60.6,20.0,2,87.0,0.0,0.413,0.413
2019-01-30 23:00:00,0.0,10.96,10.96,61.2,20.0,2,90.0,0.0,0.381,0.381
2019-01-31 00:00:00,0.0,10.17,10.17,61.9,20.0,2,95.0,0.0,0.351,0.351
2019-01-31 01:00:00,0.0,9.47,9.47,62.4,20.0,2,74.8,0.0,0.337,0.337
2019-01-31 02:00:00,0.0,8.78,8.78,63.0,20.0,2,78.5,0.0,0.2,0.2
2019-01-31 03:00:00,0.0,8.15,8.15,63.5,20.0,2,99.4,0.0,0.131,0.131
2019-01-31 04:00:00,0.0,7.57,7.57,63.9,20.0,2,93.6,0.0,0.092,0.092
2019-01-31 05:00:00,0.0,7.07,7.07,64.3,20.0,2,90.1,0.0,0.051,0.051
2019-01-31 06:00:00,0.0,6.92,6.92,64.5,20.0,2,92.1,0.0,0.034,0.034
2019-01-31 07:00:00,16.7,10.21,10.72,61.8,100.0,1,95.4,0.0087,0.036,0.0447
2019-01-31 08:00:00,284.32,13.76,22.48,59.0,28.5,1,86.5,0.2339,0.052,0.2859
2019-01-31 09:00:00,544.85,18.61,35.29,55.1,25.9,1,84.2,0.4319,0.058,0.4899
2019-01-31 10:00:00,735.02,22.54,45.01,52.0,24.8,1,93.9,0.5584,0.049,0.6074
2019-01-31 11:00:00,851.0,24.02,50.01,50.8,24.5,1,82.2,0.631,0.077,0.708
2019-01-31 12:00:00,877.6,24.75,51.55,50.2,24.4,1,96.0,0.6463,0.181,0.8273
2019-01-31 13:00:00,798.44,24.8,49.19,50.2,26.7,1,74.9,0.5955,0.32,0.9155
2019-01-31 14:00:00,680.4,24.18,45.01,50.7,24.7,1,102.2,0.5197,0.434,0.9537
2019-01-31 15:00:00,484.64,22.66,37.53,51.9,26.0,1,96.7,0.3824,0.491,0.8734
2019-01-31 16:00:00,268.03,19.23,27.35,54.6,35.2,1,94.5,0.2053,0.501,0.7063
2019-01-31 17:00:00,22.8,15.91,16.49,57.3,100.0,1,101.8,0.0066,0.497,0.5036
2019-01-31 18:00:00,0.0,14.89,14.89,58.1,20.0,1,108.6,0.0,0.483,0.483
2019-01-31 19:00:00,0.0,14.02,14.02,58.8,20.0,1,102.1,0.0,0.467,0.467
2019-01-31 20:00:00,0.0,13.21,13.21,59.4,20.0,1,73.5,0.0,0.464,0.464
2019-01-31 21:00:00,0.0,12.47,12.47,60.0,20.0,1,79.1,0.0,0.437,0.437
2019-01-31 22:00:00,0.0,11.73,11.73,60.6,20.0,1,85.7,0.0,0.431,0.431
2019-01-31 23:00:00,0.0,11.03,11.03,61.2,20.0,1,92.2,0.0,0.447,0.447
2019-02-01 00:00:00,0.0,10.36,10.36,61.7,20.0,1,98.5,0.0,0.457,0.457
2019-02-01 01:00:00,0.0,9.71,9.71,62.2,20.0,1,86.0,0.0,0.447,0.447
2019-02-01 02:00:00,0.0,9.11,9.11,62.7,20.0,1,95.2,0.0,0.235,0.235
2019-02-01 03:00:00,0.0,8.57,8.57,63.1,20.0,1,85.8,0.0,0.101,0.101
2019-02-01 04:00:00,0.0,8.1,8.1,63.5,20.0,1,87.2,0.0,0.034,0.034
2019-02-01 05:00:00,0.0,10.23,10.23,61.8,20.0,0,79.2,0.0,0.01,0.01
2019-02-01 06:00:00,0.0,10.14,10.14,61.9,20.0,0,84.1,0.0,0.015,0.015
2019-02-01 07:00:00,15.77,13.47,14.11,59.2,100.0,0,79.8,0.0078,0.027,0.0348
2019-02-01 08:00:00,279.35,16.53,28.0,56.8,29.6,0,83.5,0.2245,0.039,0.2635
2019-02-01 09:00:00,539.94,21.19,43.33,53.0,26.9,0,103.8,0.4139,0.043,0.4569
2019-02-01 10:00:00,715.68,25.08,54.36,49.9,27.1,0,83.8,0.522,0.037,0.559
2019-02-01 11:00:00,814.24,26.54,59.82,48.8,28.7,0,119.6,0.5779,0.031,0.6089
2019-02-01 12:00:00,823.08,26.87,60.5,48.5,31.2,0,98.2,0.5819,0.022,0.6039
2019-02-01 13:00:00,785.01,26.8,58.91,48.6,28.9,0,95.2,0.5609,0.016,0.5769
2019-02-01 14:00:00,656.53,25.96,46.06,49.2,28.4,1,84.7,0.4984,0.013,0.5114
2019-02-01 15:00:00,478.01,24.42,39.08,50.5,29.4,1,100.3,0.3742,0.017,0.3912
2019-02-01 16:00:00,251.18,21.59,29.21,52.7,40.3,1,87.6,0.1911,0.029,0.2201
2019-02-01 17:00:00,26.29,18.87,19.54,54.9,100.0,1,94.5,0.0082,0.041,0.0492
2019-02-01 18:00:00,0.0,17.8,17.8,55.8,20.0,1,118.9,0.0,0.05,0.05
2019-02-01 19:00:00,0.0,16.69,16.69,56.6,20.0,1,92.3,0.0,0.052,0.052
2019-02-01 20:00:00,0.0,15.76,15.76,57.4,20.0,2,104.8,0.0,0.036,0.036
2019-02-01 21:00:00,0.0,14.91,14.91,58.1,20.0,2,86.3,0.0,0.019,0.019
2019-02-01 22:00:00,0.0,14.06,14.06,58.7,20.0,2,93.0,0.0,0.006,0.006
2019-02-01 23:00:00,0.0,13.25,13.25,59.4,20.0,2,111.0,0.0,0.002,0.002
2019-02-02 00:00:00,0.0,12.5,12.5,60.0,20.0,2,88.4,0.0,0.001,0.001
2019-02-02 01:00:00,0.0,11.83,11.83,60.5,20.0,2,112.8,0.0,0.0,0.0
2019-02-02 02:00:00,0.0,11.27,11.27,61.0,20.0,2,101.8,0.0,0.0,0.0
2019-02-02 03:00:00,0.0,10.78,10.78,61.4,20.0,2,89.1,0.0,0.0,0.0
2019-02-02 04:00:00,0.0,10.37,10.37,61.7,20.0,2,101.0,0.0,0.0,0.0
2019-02-02 05:00:00,0.0,9.98,9.98,62.0,20.0,2,104.4,0.0,0.003,0.003
2019-02-02 06:00:00,0.0,9.93,9.93,62.1,20.0,2,100.9,0.0,0.01,0.01
2019-02-02 07:00:00,16.7,13.18,13.58,59.5,100.0,2,79.0,0.0085,0.024,0.0325
2019-02-02 08:00:00,282.21,16.7,25.36,56.6,29.8,1,87.4,0.2293,0.041,0.2703
2019-02-02 09:00:00,532.57,21.12,37.42,53.1,28.2,1,92.2,0.4179,0.044,0.4619
2019-02-02 10:00:00,719.1,24.73,42.25,50.2,28.0,2,93.9,0.5517,0.045,0.5967
2019-02-02 11:00:00,840.48,26.17,46.64,49.1,26.3,2,100.9,0.6315,0.047,0.6785
2019-02-02 12:00:00,872.52,26.84,53.47,48.5,25.8,1,96.5,0.6368,0.05,0.6868
2019-02-02 13:00:00,816.46,26.78,51.73,48.6,25.4,1,81.3,0.6024,0.047,0.6494
2019-02-02 14:00:00,681.2,26.01,46.86,49.2,25.6,1,98.5,0.5159,0.04,0.5559
2019-02-02 15:00:00,486.03,24.48,36.38,50.4,26.9,2,100.8,0.3851,0.023,0.4081
2019-02-02 16:00:00,264.63,21.27,27.67,53.0,37.2,2,100.3,0.2031,0.008,0.2111
2019-02-02 17:00:00,28.53,18.03,18.61,55.6,100.0,2,105.5,0.0093,0.003,0.0123
2019-02-02 18:00:00,0.0,17.0,17.0,56.4,20.0,2,103.0,0.0,0.002,0.002
2019-02-02 19:00:00,0.0,16.09,16.09,57.1,20.0,2,99.3,0.0,0.002,0.002
2019-02-02 20:00:00,0.0,15.22,15.22,57.8,20.0,3,94.0,0.0,0.003,0.003
2019-02-02 21:00:00,0.0,14.34,14.34,58.5,20.0,3,78.1,0.0,0.01,0.01
2019-02-02 22:00:00,0.0,13.52,13.52,59.2,20.0,3,99.0,0.0,0.025,0.025
2019-02-02 23:00:00,0.0,12.76,12.76,59.8,20.0,3,96.8,0.0,0.038,0.038
2019-02-03 00:00:00,0.0,12.03,12.03,60.4,20.0,3,98.8,0.0,0.05,0.05
2019-02-03 01:00:00,0.0,11.35,11.35,60.9,20.0,2,83.3,0.0,0.066,0.066
2019-02-03 02:00:00,0.0,10.76,10.76,61.4,20.0,3,85.3,0.0,0.04,0.04
2019-02-03 03:00:00,0.0,10.26,10.26,61.8,20.0,3,106.6,0.0,0.019,0.019
2019-02-03 04:00:00,0.0,9.82,9.82,62.1,20.0,3,95.7,0.0,0.005,0.005
2019-02-03 05:00:00,0.0,9.44,9.44,62.5,20.0,3,102.9,0.0,0.0,0.0
2019-02-03 06:00:00,0.0,9.37,9.37,62.5,20.0,3,96.4,0.0,0.0,0.0
2019-02-03 07:00:00,18.56,12.32,12.69,60.1,100.0,3,96.4,0.0101,0.0,0.0101
2019-02-03 08:00:00,287.62,15.88,22.91,57.3,29.4,2,105.5,0.2362,0.0,0.2362
2019-02-03 09:00:00,545.61,20.7,34.02,53.4,26.8,2,90.9,0.4343,0.0,0.4343
2019-02-03 10:00:00,733.81,24.53,42.42,50.4,25.9,2,97.0,0.5629,0.0,0.5629
2019-02-03 11:00:00,845.22,26.1,46.68,49.1,26.0,2,91.5,0.6349,0.001,0.6359
2019-02-03 12:00:00,878.35,26.82,48.2,48.5,25.6,2,91.7,0.6554,0.01,0.6654
2019-02-03 13:00:00,819.48,26.82,46.79,48.5,25.3,2,93.0,0.6172,0.033,0.6502
2019-02-03 14:00:00,684.87,26.06,42.78,49.2,25.6,2,98.3,0.5275,0.066,0.5935
2019-02-03 15:00:00,489.58,24.6,34.56,50.3,26.9,3,91.3,0.3908,0.115,0.5058
2019-02-03 16:00:00,269.33,21.46,26.88,52.8,36.8,3,108.6,0.2077,0.178,0.3857
2019-02-03 17:00:00,32.02,17.87,18.42,55.7,100.0,3,87.1,0.011,0.241,0.252
2019-02-03 18:00:00,0.0,16.68,16.68,56.7,20.0,3,94.2,0.0,0.27,0.27
2019-02-03 19:00:00,0.0,15.65,15.65,57.5,20.0,3,91.7,0.0,0.281,0.281
2019-02-03 20:00:00,0.0,14.74,14.74,58.2,20.0,2,110.5,0.0,0.294,0.294
2019-02-03 21:00:00,0.0,13.95,13.95,58.8,20.0,2,98.0,0.0,0.254,0.254
2019-02-03 22:00:00,0.0,13.26,13.26,59.4,20.0,2,106.4,0.0,0.209,0.209
2019-02-03 23:00:00,0.0,12.63,12.63,59.9,20.0,2,81.2,0.0,0.18,0.18
2019-02-04 00:00:00,0.0,12.07,12.07,60.3,20.0,3,100.1,0.0,0.161,0.161
2019-02-04 01:00:00,0.0,11.55,11.55,60.8,20.0,3,106.4,0.0,0.144,0.144
2019-02-04 02:00:00,0.0,11.11,11.11,61.1,20.0,3,98.3,0.0,0.076,0.076
2019-02-04 03:00:00,0.0,10.66,10.66,61.5,20.0,3,108.1,0.0,0.055,0.055
2019-02-04 04:00:00,0.0,10.21,10.21,61.8,20.0,3,92.3,0.0,0.022,0.022
2019-02-04 05:00:00,0.0,9.77,9.77,62.2,20.0,3,111.6,0.0,0.003,0.003
2019-02-04 06:00:00,0.0,9.65,9.65,62.3,20.0,3,120.5,0.0,0.0,0.0
2019-02-04 07:00:00,19.49,12.48,12.88,60.0,100.0,3,93.8,0.0108,0.0,0.0108
2019-02-04 08:00:00,291.55,15.84,22.98,57.3,29.6,2,93.0,0.2395,0.0,0.2395
2019-02-04 09:00:00,540.67,20.03,36.58,54.0,27.8,1,112.0,0.4257,0.0,0.4257
2019-02-04 10:00:00,737.88,23.66,41.64,51.1,26.6,2,113.3,0.5676,0.0,0.5676
2019-02-04 11:00:00,857.07,24.96,45.82,50.0,25.5,2,92.2,0.646,0.0,0.646
2019-02-04 12:00:00,882.49,25.34,46.83,49.7,25.5,2,93.3,0.6621,0.0,0.6621
2019-02-04 13:00:00,823.56,25.13,45.19,49.9,25.4,2,94.7,0.6242,0.033,0.6572
2019-02-04 14:00:00,688.21,24.53,41.33,50.4,25.5,2,84.0,0.5331,0.054,0.5871
2019-02-04 15:00:00,492.13,23.68,35.72,51.1,26.8,2,88.3,0.391,0.073,0.464
2019-02-04 16:00:00,272.39,21.18,27.78,53.1,36.4,2,87.4,0.2096,0.124,0.3336
2019-02-04 17:00:00,35.71,17.94,18.67,55.6,100.0,2,89.8,0.0128,0.164,0.1768
2019-02-04 18:00:00,0.0,16.94,16.94,56.4,20.0,2,97.1,0.0,0.18,0.18
2019-02-04 19:00:00,0.0,16.18,16.18,57.1,20.0,3,99.8,0.0,0.173,0.173
2019-02-04 20:00:00,0.0,15.41,15.41,57.7,20.0,3,113.0,0.0,0.171,0.171
2019-02-04 21:00:00,0.0,14.64,14.64,58.3,20.0,3,87.5,0.0,0.168,0.168
2019-02-04 22:00:00,0.0,13.87,13.87,58.9,20.0,2,107.3,0.0,0.157,0.157
2019-02-04 23:00:00,0.0,13.1,13.1,59.5,20.0,2,95.3,0.0,0.161,0.161
2019-02-05 00:00:00,0.0,12.36,12.36,60.1,20.0,2,98.4,0.0,0.202,0.202
2019-02-05 01:00:00,0.0,11.67,11.67,60.7,20.0,2,105.6,0.0,0.208,0.208
2019-02-05 02:00:00,0.0,11.07,11.07,61.1,20.0,2,87.7,0.0,0.138,0.138
2019-02-05 03:00:00,0.0,10.62,10.62,61.5,20.0,2,102.7,0.0,0.068,0.068
2019-02-05 04:00:00,0.0,10.26,10.26,61.8,20.0,2,100.6,0.0,0.009,0.009
2019-02-05 05:00:00,0.0,10.02,10.02,62.0,20.0,2,103.8,0.0,0.0,0.0
2019-02-05 06:00:00,0.0,10.18,10.18,61.9,20.0,2,101.8,0.0,0.0,0.0
2019-02-05 07:00:00,21.35,13.46,13.98,59.2,100.0,2,123.4,0.0122,0.0,0.0122
2019-02-05 08:00:00,305.33,17.05,24.52,56.4,27.2,2,92.5,0.2498,0.0,0.2498
2019-02-05 09:00:00,551.76,21.78,35.25,52.6,26.9,2,93.6,0.437,0.0,0.437
2019-02-05 10:00:00,742.36,25.65,43.74,49.5,25.6,2,92.7,0.5662,0.0,0.5662
2019-02-05 11:00:00,855.09,27.47,48.29,48.0,25.9,2,93.3,0.6377,0.0,0.6377
2019-02-05 12:00:00,876.38,28.37,46.11,47.3,26.5,3,92.5,0.6592,0.009,0.6682
2019-02-05 13:00:00,793.88,28.49,44.57,47.2,30.7,3,110.8,0.6022,0.082,0.6842
2019-02-05 14:00:00,688.63,27.93,41.91,47.7,25.6,3,113.1,0.532,0.188,0.72
2019-02-05 15:00:00,298.27,26.63,32.68,48.7,70.8,3,93.2,0.2331,0.306,0.5391
2019-02-05 16:00:00,215.78,23.61,28.84,51.1,53.9,2,90.6,0.1647,0.407,0.5717
2019-02-05 17:00:00,38.04,20.23,21.0,53.8,100.0,2,103.6,0.0138,0.454,0.4678
2019-02-05 18:00:00,0.0,19.22,19.22,54.6,20.0,2,93.4,0.0,0.48,0.48
2019-02-05 19:00:00,0.0,18.4,18.4,55.3,20.0,3,105.2,0.0,0.494,0.494
2019-02-05 20:00:00,0.0,17.6,17.6,55.9,20.0,3,100.9,0.0,0.501,0.501
2019-02-05 21:00:00,0.0,16.79,16.79,56.6,20.0,2,83.7,0.0,0.481,0.481
2019-02-05 22:00:00,0.0,16.0,16.0,57.2,20.0,2,114.4,0.0,0.464,0.464
2019-02-05 23:00:00,0.0,15.27,15.27,57.8,20.0,2,116.8,0.0,0.476,0.476
2019-02-06 00:00:00,0.0,14.67,14.67,58.3,20.0,2,94.2,0.0,0.495,0.495
2019-02-06 01:00:00,0.0,14.14,14.14,58.7,20.0,1,96.4,0.0,0.481,0.481
2019-02-06 02:00:00,0.0,13.62,13.62,59.1,20.0,1,103.2,0.0,0.281,0.281
2019-02-06 03:00:00,0.0,13.18,13.18,59.5,20.0,2,103.7,0.0,0.227,0.227
2019-02-06 04:00:00,0.0,12.79,12.79,59.8,20.0,2,106.9,0.0,0.227,0.227
2019-02-06 05:00:00,0.0,12.47,12.47,60.0,20.0,2,120.4,0.0,0.218,0.218
2019-02-06 06:00:00,0.0,12.58,12.58,59.9,20.0,2,98.5,0.0,0.244,0.244
2019-02-06 07:00:00,19.49,15.82,16.29,57.3,100.0,2,92.3,0.0106,0.27,0.2806
2019-02-06 08:00:00,276.35,19.29,27.77,54.6,32.5,1,86.5,0.2219,0.295,0.5169
2019-02-06 09:00:00,513.05,24.04,39.74,50.8,33.1,1,93.0,0.3975,0.31,0.7075
2019-02-06 10:00:00,736.45,28.13,50.63,47.5,25.8,1,100.0,0.5456,0.323,0.8686
2019-02-06 11:00:00,849.66,29.86,55.79,46.1,25.7,1,118.3,0.6136,0.307,0.9206
2019-02-06 12:00:00,876.16,30.64,57.38,45.5,25.6,1,95.1,0.6282,0.386,1.0142
2019-02-06 13:00:00,816.83,30.69,55.64,45.4,25.7,1,102.6,0.592,0.501,1.093
2019-02-06 14:00:00,682.87,30.01,50.9,46.0,25.7,1,100.1,0.5079,0.59,1.0979
2019-02-06 15:00:00,491.57,28.59,43.67,47.1,26.0,1,112.2,0.3779,0.634,1.0119
2019-02-06 16:00:00,269.23,25.47,33.62,49.6,27.1,1,125.6,0.2012,0.656,0.8572
2019-02-06 17:00:00,25.83,22.23,22.76,52.2,100.0,2,95.0,0.0078,0.684,0.6918
2019-02-06 18:00:00,0.0,21.15,21.15,53.1,20.0,2,95.4,0.0,0.701,0.701
2019-02-06 19:00:00,0.0,20.19,20.19,53.9,20.0,2,110.8,0.0,0.696,0.696
2019-02-06 20:00:00,0.0,19.32,19.32,54.5,20.0,2,107.1,0.0,0.674,0.674
2019-02-06 21:00:00,0.0,18.52,18.52,55.2,20.0,2,118.8,0.0,0.607,0.607
2019-02-06 22:00:00,0.0,17.73,17.73,55.8,20.0,2,106.2,0.0,0.539,0.539
2019-02-06 23:00:00,0.0,17.01,17.01,56.4,20.0,2,96.7,0.0,0.481,0.481
2019-02-07 00:00:00,0.0,16.38,16.38,56.9,20.0,2,107.7,0.0,0.432,0.432
2019-02-07 01:00:00,0.0,15.79,15.79,57.4,20.0,2,112.8,0.0,0.388,0.388
2019-02-07 02:00:00,0.0,15.19,15.19,57.8,20.0,2,110.0,0.0,0.305,0.305
2019-02-07 03:00:00,0.0,14.64,14.64,58.3,20.0,2,106.8,0.0,0.479,0.479
2019-02-07 04:00:00,0.0,14.14,14.14,58.7,20.0,2,112.4,0.0,0.674,0.674
2019-02-07 05:00:00,0.0,13.71,13.71,59.0,20.0,2,113.4,0.0,0.77,0.77
2019-02-07 06:00:00,0.0,13.79,13.79,59.0,20.0,1,115.6,0.0,0.817,0.817
2019-02-07 07:00:00,24.45,17.24,17.98,56.2,96.3,1,108.2,0.0144,0.844,0.8584
2019-02-07 08:00:00,304.28,20.7,33.2,53.4,27.4,0,100.1,0.2403,0.856,1.0963
2019-02-07 09:00:00,548.78,25.56,48.06,49.5,26.1,0,103.2,0.4121,0.845,1.2571
2019-02-07 10:00:00,735.78,29.84,59.94,46.1,25.8,0,113.8,0.5233,0.82,1.3433
2019-02-07 11:00:00,740.46,30.99,61.21,45.2,41.4,0,93.6,0.5196,0.777,1.2966
2019-02-07 12:00:00,873.91,30.67,66.38,45.5,25.8,0,105.4,0.6017,0.707,1.3087
2019-02-07 13:00:00,725.89,29.62,59.28,46.3,41.4,0,97.8,0.5151,0.619,1.1341
2019-02-07 14:00:00,682.49,28.67,56.63,47.1,25.8,0,102.0,0.495,0.519,1.014
2019-02-07 15:00:00,491.83,28.15,48.35,47.5,26.1,0,114.5,0.3706,0.436,0.8066
2019-02-07 16:00:00,232.99,25.46,34.96,49.6,56.5,0,103.7,0.1745,0.386,0.5605
2019-02-07 17:00:00,10.21,23.31,23.66,51.4,100.0,0,102.2,0.0004,0.355,0.3554
2019-02-07 18:00:00,0.0,22.69,22.69,51.8,20.0,1,88.1,0.0,0.302,0.302
2019-02-07 19:00:00,0.0,21.52,21.52,52.8,20.0,1,109.2,0.0,0.267,0.267
2019-02-07 20:00:00,0.0,20.52,20.52,53.6,20.0,1,108.2,0.0,0.223,0.223
2019-02-07 21:00:00,0.0,19.85,19.85,54.1,20.0,1,123.4,0.0,0.168,0.168
2019-02-07 22:00:00,0.0,19.25,19.25,54.6,20.0,1,98.7,0.0,0.125,0.125
2019-02-07 23:00:00,0.0,18.71,18.71,55.0,20.0,1,103.9,0.0,0.092,0.092
2019-02-08 00:00:00,0.0,18.28,18.28,55.4,20.0,1,105.7,0.0,0.07,0.07
2019-02-08 01:00:00,0.0,18.23,18.23,55.4,20.0,1,119.0,0.0,0.049,0.049
2019-02-08 02:00:00,0.0,18.04,18.04,55.6,20.0,1,102.2,0.0,0.047,0.047
2019-02-08 03:00:00,0.0,17.64,17.64,55.9,20.0,1,106.0,0.0,0.02,0.02
2019-02-08 04:00:00,0.0,17.24,17.24,56.2,20.0,2,109.3,0.0,0.0,0.0
2019-02-08 05:00:00,0.0,16.92,16.92,56.5,20.0,2,105.1,0.0,0.002,0.002
2019-02-08 06:00:00,0.0,16.77,16.77,56.6,20.0,2,98.7,0.0,0.062,0.062
2019-02-08 07:00:00,16.7,18.2,18.61,55.4,100.0,2,105.1,0.0083,0.188,0.1963
2019-02-08 08:00:00,94.58,19.85,22.74,54.1,100.0,1,113.9,0.0709,0.329,0.3999
2019-02-08 09:00:00,226.36,22.91,29.81,51.7,89.6,1,92.9,0.1743,0.432,0.6063
2019-02-08 10:00:00,341.69,25.24,33.54,49.8,81.3,2,104.5,0.2626,0.517,0.7796
2019-02-08 11:00:00,181.46,25.51,29.9,49.6,96.9,2,96.2,0.1358,0.556,0.6918
2019-02-08 12:00:00,325.77,26.04,35.93,49.2,89.8,1,115.1,0.2458,0.55,0.7958
2019-02-08 13:00:00,596.78,26.12,44.3,49.1,62.4,1,88.0,0.4478,0.548,0.9958
2019-02-08 14:00:00,245.65,25.42,32.91,49.7,91.1,1,97.6,0.1871,0.516,0.7031
2019-02-08 15:00:00,209.36,24.42,30.81,50.5,92.2,1,107.0,0.1611,0.532,0.6931
2019-02-08 16:00:00,54.68,23.03,24.7,51.6,100.0,1,118.8,0.0377,0.568,0.6057
2019-02-08 17:00:00,10.21,21.75,21.96,52.6,100.0,2,102.5,0.0005,0.616,0.6165
2019-02-08 18:00:00,0.0,20.93,20.93,53.3,20.0,2,97.6,0.0,0.611,0.611
2019-02-08 19:00:00,0.0,20.1,20.1,53.9,20.0,3,122.0,0.0,0.585,0.585
2019-02-08 20:00:00,0.0,19.06,19.06,54.8,20.0,3,88.7,0.0,0.55,0.55
2019-02-08 21:00:00,0.0,18.3,18.3,55.4,20.0,3,81.2,0.0,0.481,0.481
2019-02-08 22:00:00,0.0,17.48,17.48,56.0,20.0,3,107.6,0.0,0.41,0.41
2019-02-08 23:00:00,0.0,16.62,16.62,56.7,20.0,3,98.2,0.0,0.353,0.353
2019-02-09 00:00:00,0.0,16.0,16.0,57.2,20.0,3,94.4,0.0,0.329,0.329
2019-02-09 01:00:00,0.0,15.63,15.63,57.5,20.0,3,111.7,0.0,0.324,0.324
2019-02-09 02:00:00,0.0,15.36,15.36,57.7,20.0,3,107.1,0.0,0.176,0.176
2019-02-09 03:00:00,0.0,15.09,15.09,57.9,20.0,3,99.0,0.0,0.326,0.326
2019-02-09 04:00:00,0.0,14.9,14.9,58.1,20.0,3,91.8,0.0,0.296,0.296
2019-02-09 05:00:00,0.0,14.83,14.83,58.1,20.0,3,113.4,0.0,0.201,0.201
2019-02-09 06:00:00,0.0,14.91,14.91,58.1,20.0,2,111.1,0.0,0.147,0.147
2019-02-09 07:00:00,5.56,15.67,15.81,57.5,20.0,2,103.7,0.0,0.127,0.127
2019-02-09 08:00:00,34.39,17.62,18.46,55.9,100.0,2,123.1,0.0226,0.133,0.1556
2019-02-09 09:00:00,65.2,20.39,21.97,53.7,100.0,2,93.9,0.0464,0.155,0.2014
2019-02-09 10:00:00,88.63,22.36,24.51,52.1,100.0,2,89.4,0.0641,0.167,0.2311
2019-02-09 11:00:00,106.83,23.02,25.61,51.6,100.0,2,97.7,0.078,0.165,0.243
2019-02-09 12:00:00,372.89,23.07,32.11,51.5,76.9,2,104.2,0.2883,0.199,0.4873
2019-02-09 13:00:00,819.72,23.22,43.19,51.4,25.7,2,107.1,0.6256,0.206,0.8316
2019-02-09 14:00:00,405.39,23.1,32.96,51.5,72.5,2,102.2,0.3168,0.201,0.5178
2019-02-09 15:00:00,214.15,22.67,27.89,51.9,88.6,2,108.2,0.1671,0.211,0.3781
2019-02-09 16:00:00,278.85,21.23,27.97,53.0,26.9,2,92.1,0.2144,0.232,0.4464
2019-02-09 17:00:00,45.92,18.69,19.86,55.0,89.4,1,119.1,0.0177,0.27,0.2877
2019-02-09 18:00:00,0.0,17.72,17.72,55.8,20.0,2,103.8,0.0,0.311,0.311
2019-02-09 19:00:00,0.0,16.71,16.71,56.6,20.0,2,115.8,0.0,0.334,0.334
2019-02-09 20:00:00,0.0,15.5,15.5,57.6,20.0,2,108.1,0.0,0.343,0.343
2019-02-09 21:00:00,0.0,13.95,13.95,58.8,20.0,2,109.2,0.0,0.326,0.326
2019-02-09 22:00:00,0.0,12.5,12.5,60.0,20.0,2,110.3,0.0,0.312,0.312
2019-02-09 23:00:00,0.0,11.29,11.29,61.0,20.0,2,109.1,0.0,0.337,0.337
2019-02-10 00:00:00,0.0,10.38,10.38,61.7,20.0,2,112.5,0.0,0.368,0.368
2019-02-10 01:00:00,0.0,9.72,9.72,62.2,20.0,2,119.4,0.0,0.328,0.328
2019-02-10 02:00:00,0.0,9.21,9.21,62.6,20.0,2,108.1,0.0,0.134,0.134
2019-02-10 03:00:00,0.0,8.81,8.81,63.0,20.0,2,113.2,0.0,0.088,0.088
2019-02-10 04:00:00,0.0,8.5,8.5,63.2,20.0,1,105.2,0.0,0.017,0.017
2019-02-10 05:00:00,0.0,8.25,8.25,63.4,20.0,1,120.5,0.0,0.0,0.0
2019-02-10 06:00:00,0.0,8.77,8.77,63.0,20.0,1,99.3,0.0,0.0,0.0
2019-02-10 07:00:00,23.21,11.72,12.42,60.6,100.0,1,124.1,0.0139,0.0,0.0139
2019-02-10 08:00:00,166.65,14.93,21.76,58.1,66.3,0,105.7,0.1321,0.001,0.1331
2019-02-10 09:00:00,237.38,18.68,25.91,55.1,86.6,1,91.8,0.1862,0.001,0.1872
2019-02-10 10:00:00,394.48,22.61,34.62,51.9,76.0,1,107.4,0.3038,0.0,0.3038
2019-02-10 11:00:00,394.05,24.65,34.2,50.3,84.2,2,99.3,0.3021,0.001,0.3031
2019-02-10 12:00:00,706.88,25.93,47.45,49.3,55.6,1,114.5,0.5238,0.018,0.5418
2019-02-10 13:00:00,394.99,26.49,38.51,48.8,80.7,1,99.6,0.2987,0.084,0.3827
2019-02-10 14:00:00,176.9,26.14,31.53,49.1,97.3,1,101.6,0.1326,0.15,0.2826
2019-02-10 15:00:00,429.74,24.9,42.52,50.1,49.0,0,87.2,0.3282,0.193,0.5212
2019-02-10 16:00:00,177.05,22.47,29.7,52.0,69.4,0,101.6,0.1341,0.221,0.3551
2019-02-10 17:00:00,32.4,19.43,20.54,54.5,100.0,0,81.9,0.0111,0.266,0.2771
2019-02-10 18:00:00,0.0,18.54,18.54,55.2,20.0,0,90.3,0.0,0.316,0.316
2019-02-10 19:00:00,0.0,17.78,17.78,55.8,20.0,1,113.7,0.0,0.344,0.344
2019-02-10 20:00:00,0.0,17.06,17.06,56.4,20.0,1,114.0,0.0,0.294,0.294
2019-02-10 21:00:00,0.0,16.36,16.36,56.9,20.0,1,110.4,0.0,0.188,0.188
2019-02-10 22:00:00,0.0,15.66,15.66,57.5,20.0,2,96.4,0.0,0.136,0.136
2019-02-10 23:00:00,0.0,14.97,14.97,58.0,20.0,2,105.6,0.0,0.12,0.12
2019-02-11 00:00:00,0.0,14.25,14.25,58.6,20.0,2,107.5,0.0,0.126,0.126
2019-02-11 01:00:00,0.0,13.5,13.5,59.2,20.0,2,96.0,0.0,0.135,0.135
2019-02-11 02:00:00,0.0,12.77,12.77,59.8,20.0,2,122.6,0.0,0.075,0.075
2019-02-11 03:00:00,0.0,12.02,12.02,60.4,20.0,2,116.3,0.0,0.016,0.016
2019-02-11 04:00:00,0.0,11.29,11.29,61.0,20.0,2,105.4,0.0,0.0,0.0
2019-02-11 05:00:00,0.0,10.6,10.6,61.5,20.0,2,107.8,0.0,0.001,0.001
2019-02-11 06:00:00,0.0,10.4,10.4,61.7,20.0,2,109.7,0.0,0.006,0.006
2019-02-11 07:00:00,29.11,12.73,13.44,59.8,88.2,2,87.2,0.0185,0.008,0.0265
2019-02-11 08:00:00,296.2,16.55,25.63,56.8,33.6,1,105.1,0.2404,0.008,0.2484
2019-02-11 09:00:00,562.23,22.28,39.49,52.2,27.8,1,100.8,0.4371,0.004,0.4411
2019-02-11 10:00:00,753.97,25.09,55.92,49.9,26.6,0,97.6,0.5453,0.002,0.5473
2019-02-11 11:00:00,867.41,26.63,62.06,48.7,26.8,0,104.8,0.6085,0.004,0.6125
2019-02-11 12:00:00,900.52,27.47,64.26,48.0,26.3,0,125.6,0.6253,0.025,0.6503
2019-02-11 13:00:00,842.05,27.66,62.09,47.9,26.1,0,114.0,0.5924,0.057,0.6494
2019-02-11 14:00:00,712.88,27.11,56.31,48.3,25.5,0,101.9,0.5176,0.089,0.6066
2019-02-11 15:00:00,513.6,25.73,46.82,49.4,27.0,0,113.3,0.3896,0.131,0.5206
2019-02-11 16:00:00,283.23,22.83,34.35,51.7,37.3,0,121.6,0.2139,0.179,0.3929
2019-02-11 17:00:00,46.57,19.64,21.22,54.3,77.8,0,116.8,0.0177,0.225,0.2427
2019-02-11 18:00:00,0.0,18.69,18.69,55.0,20.0,0,108.2,0.0,0.27,0.27
2019-02-11 19:00:00,0.0,17.94,17.94,55.6,20.0,0,101.1,0.0,0.317,0.317
2019-02-11 20:00:00,0.0,17.28,17.28,56.2,20.0,0,114.6,0.0,0.374,0.374
2019-02-11 21:00:00,0.0,16.67,16.67,56.7,20.0,0,111.5,0.0,0.393,0.393
2019-02-11 22:00:00,0.0,16.08,16.08,57.1,20.0,0,116.5,0.0,0.369,0.369
2019-02-11 23:00:00,0.0,15.57,15.57,57.5,20.0,0,113.9,0.0,0.344,0.344
2019-02-12 00:00:00,0.0,15.24,15.24,57.8,20.0,0,119.5,0.0,0.311,0.311
2019-02-12 01:00:00,0.0,15.26,15.26,57.8,20.0,0,103.7,0.0,0.272,0.272
2019-02-12 02:00:00,0.0,15.36,15.36,57.7,20.0,0,122.2,0.0,0.125,0.125
2019-02-12 03:00:00,0.0,15.27,15.27,57.8,20.0,0,111.0,0.0,0.057,0.057
2019-02-12 04:00:00,0.0,14.74,14.74,58.2,20.0,0,129.8,0.0,0.016,0.016
2019-02-12 05:00:00,0.0,14.38,14.38,58.5,20.0,0,102.2,0.0,0.017,0.017
2019-02-12 06:00:00,0.0,14.59,14.59,58.3,20.0,1,126.4,0.0,0.03,0.03
2019-02-12 07:00:00,24.14,16.27,17.25,57.0,100.0,0,111.0,0.0143,0.043,0.0573
2019-02-12 08:00:00,243.71,17.34,27.34,56.1,47.2,0,102.5,0.1939,0.053,0.2469
2019-02-12 09:00:00,488.49,18.35,33.28,55.3,38.3,1,104.2,0.387,0.045,0.432
2019-02-12 10:00:00,611.95,18.33,36.99,55.3,46.0,1,105.9,0.4754,0.032,0.5074
2019-02-12 11:00:00,822.82,17.94,37.95,55.6,35.5,2,113.3,0.6375,0.025,0.6625
2019-02-12 12:00:00,806.34,18.13,37.73,55.5,37.7,2,114.3,0.6247,0.031,0.6557
2019-02-12 13:00:00,780.01,18.76,37.75,55.0,34.2,2,103.3,0.6067,0.06,0.6667
2019-02-12 14:00:00,610.64,20.01,34.89,54.0,42.2,2,108.8,0.4815,0.115,0.5965
2019-02-12 15:00:00,393.05,19.93,29.52,54.1,57.7,2,130.5,0.3149,0.193,0.5079
2019-02-12 16:00:00,51.45,18.44,19.69,55.2,100.0,2,126.3,0.0361,0.291,0.3271
2019-02-12 17:00:00,19.91,15.94,16.35,57.2,100.0,2,113.4,0.0053,0.372,0.3773
2019-02-12 18:00:00,0.0,15.03,15.03,58.0,20.0,2,109.4,0.0,0.411,0.411
2019-02-12 19:00:00,0.0,14.43,14.43,58.5,20.0,2,110.3,0.0,0.416,0.416
2019-02-12 20:00:00,0.0,13.86,13.86,58.9,20.0,1,115.2,0.0,0.429,0.429
2019-02-12 21:00:00,0.0,13.3,13.3,59.4,20.0,1,98.8,0.0,0.37,0.37
2019-02-12 22:00:00,0.0,12.81,12.81,59.8,20.0,1,106.5,0.0,0.278,0.278
2019-02-12 23:00:00,0.0,12.33,12.33,60.1,20.0,1,92.4,0.0,0.191,0.191
2019-02-13 00:00:00,0.0,11.91,11.91,60.5,20.0,0,114.5,0.0,0.124,0.124
2019-02-13 01:00:00,0.0,11.46,11.46,60.8,20.0,0,117.0,0.0,0.088,0.088
2019-02-13 02:00:00,0.0,11.0,11.0,61.2,20.0,0,105.7,0.0,0.037,0.037
2019-02-13 03:00:00,0.0,10.59,10.59,61.5,20.0,0,126.3,0.0,0.012,0.012
2019-02-13 04:00:00,0.0,10.21,10.21,61.8,20.0,0,98.3,0.0,0.007,0.007
2019-02-13 05:00:00,0.0,9.88,9.88,62.1,20.0,0,95.9,0.0,0.001,0.001
2019-02-13 06:00:00,0.0,10.14,10.14,61.9,20.0,1,112.8,0.0,0.001,0.001
2019-02-13 07:00:00,29.11,13.35,14.24,59.3,96.9,1,121.0,0.0185,0.001,0.0195
2019-02-13 08:00:00,296.73,17.26,29.43,56.2,34.9,0,127.4,0.237,0.002,0.239
2019-02-13 09:00:00,557.22,22.0,44.82,52.4,31.1,0,106.0,0.423,0.001,0.424
2019-02-13 10:00:00,748.27,24.73,55.32,50.2,31.0,0,121.3,0.5416,0.0,0.5416
2019-02-13 11:00:00,718.63,26.5,48.39,48.8,47.8,1,110.2,0.5314,0.0,0.5314
2019-02-13 12:00:00,882.97,27.41,54.33,48.1,32.4,1,108.8,0.6393,0.001,0.6403
2019-02-13 13:00:00,846.49,27.58,53.42,47.9,25.6,1,119.4,0.6184,0.005,0.6234
2019-02-13 14:00:00,688.47,26.96,48.01,48.4,33.0,1,117.1,0.5164,0.049,0.5654
2019-02-13 15:00:00,450.39,25.56,39.36,49.5,41.2,1,94.8,0.3496,0.169,0.5186
2019-02-13 16:00:00,283.01,22.96,31.56,51.6,33.3,1,125.3,0.2161,0.314,0.5301
2019-02-13 17:00:00,53.67,19.76,21.12,54.2,82.8,1,124.3,0.0213,0.41,0.4313
2019-02-13 18:00:00,0.0,18.75,18.75,55.0,20.0,1,104.3,0.0,0.435,0.435
2019-02-13 19:00:00,0.0,17.92,17.92,55.7,20.0,1,114.5,0.0,0.432,0.432
2019-02-13 20:00:00,0.0,17.09,17.09,56.3,20.0,2,115.5,0.0,0.42,0.42
2019-02-13 21:00:00,0.0,16.27,16.27,57.0,20.0,2,113.1,0.0,0.39,0.39
2019-02-13 22:00:00,0.0,15.39,15.39,57.7,20.0,2,105.0,0.0,0.362,0.362
2019-02-13 23:00:00,0.0,14.57,14.57,58.3,20.0,2,103.8,0.0,0.36,0.36
2019-02-14 00:00:00,0.0,13.73,13.73,59.0,20.0,1,111.8,0.0,0.379,0.379
2019-02-14 01:00:00,0.0,12.98,12.98,59.6,20.0,1,123.8,0.0,0.408,0.408
2019-02-14 02:00:00,0.0,12.24,12.24,60.2,20.0,2,117.5,0.0,0.257,0.257
2019-02-14 03:00:00,0.0,11.64,11.64,60.7,20.0,2,108.3,0.0,0.27,0.27
2019-02-14 04:00:00,0.0,11.04,11.04,61.2,20.0,2,119.8,0.0,0.238,0.238
2019-02-14 05:00:00,0.0,10.57,10.57,61.5,20.0,2,83.5,0.0,0.161,0.161
2019-02-14 06:00:00,0.0,10.73,10.73,61.4,20.0,2,123.5,0.0,0.122,0.122
2019-02-14 07:00:00,39.46,13.88,14.84,58.9,72.5,2,94.6,0.0266,0.096,0.1226
2019-02-14 08:00:00,322.66,17.55,25.44,56.0,30.9,2,108.4,0.2631,0.084,0.3471
2019-02-14 09:00:00,583.14,22.59,40.43,51.9,26.8,1,100.8,0.4518,0.082,0.5338
2019-02-14 10:00:00,777.98,25.36,49.12,49.7,25.4,1,99.1,0.5792,0.093,0.6722
2019-02-14 11:00:00,893.64,26.8,54.07,48.6,25.2,1,123.6,0.649,0.118,0.767
2019-02-14 12:00:00,918.19,27.59,55.6,47.9,25.5,1,107.4,0.6621,0.197,0.8591
2019-02-14 13:00:00,861.64,27.68,53.98,47.9,25.2,1,115.5,0.6278,0.294,0.9218
2019-02-14 14:00:00,721.23,26.97,49.03,48.4,25.7,1,111.6,0.54,0.341,0.881
2019-02-14 15:00:00,523.08,25.45,41.48,49.6,26.6,1,116.8,0.4058,0.362,0.7678
2019-02-14 16:00:00,294.56,22.38,31.33,52.1,30.5,1,112.8,0.2253,0.382,0.6073
2019-02-14 17:00:00,68.65,18.6,19.98,55.1,67.1,2,99.2,0.0285,0.401,0.4295
2019-02-14 18:00:00,0.0,17.32,17.32,56.1,20.0,2,122.0,0.0,0.433,0.433
2019-02-14 19:00:00,0.0,16.34,16.34,56.9,20.0,2,107.1,0.0,0.48,0.48
2019-02-14 20:00:00,0.0,15.39,15.39,57.7,20.0,2,96.5,0.0,0.51,0.51
2019-02-14 21:00:00,0.0,14.56,14.56,58.4,20.0,2,107.8,0.0,0.459,0.459
2019-02-14 22:00:00,0.0,13.76,13.76,59.0,20.0,2,127.0,0.0,0.367,0.367
2019-02-14 23:00:00,0.0,13.07,13.07,59.5,20.0,1,120.5,0.0,0.285,0.285
2019-02-15 00:00:00,0.0,12.46,12.46,60.0,20.0,1,110.0,0.0,0.22,0.22
2019-02-15 01:00:00,0.0,11.86,11.86,60.5,20.0,1,110.0,0.0,0.172,0.172
2019-02-15 02:00:00,0.0,11.31,11.31,60.9,20.0,1,110.3,0.0,0.078,0.078
2019-02-15 03:00:00,0.0,10.76,10.76,61.4,20.0,1,134.3,0.0,0.201,0.201
2019-02-15 04:00:00,0.0,10.26,10.26,61.8,20.0,1,117.4,0.0,0.301,0.301
2019-02-15 05:00:00,0.0,9.79,9.79,62.2,20.0,1,117.8,0.0,0.334,0.334
2019-02-15 06:00:00,0.0,10.08,10.08,61.9,20.0,1,123.8,0.0,0.352,0.352
2019-02-15 07:00:00,43.73,14.03,15.36,58.8,69.0,1,115.9,0.03,0.355,0.385
2019-02-15 08:00:00,288.67,17.68,26.53,55.9,40.9,1,110.9,0.2325,0.361,0.5935
2019-02-15 09:00:00,176.19,22.72,28.09,51.8,88.9,1,111.6,0.1343,0.363,0.4973
2019-02-15 10:00:00,659.35,25.9,41.94,49.3,43.7,2,112.8,0.5025,0.338,0.8405
2019-02-15 11:00:00,830.11,27.58,47.75,47.9,40.3,2,113.2,0.6167,0.281,0.8977
2019-02-15 12:00:00,194.82,28.44,34.36,47.2,95.1,1,120.8,0.1434,0.264,0.4074
2019-02-15 13:00:00,255.96,28.62,36.39,47.1,97.0,1,114.1,0.1904,0.307,0.4974
2019-02-15 14:00:00,194.29,27.86,33.77,47.7,95.1,1,120.9,0.145,0.401,0.546
2019-02-15 15:00:00,379.12,26.44,38.03,48.9,59.0,1,112.7,0.2928,0.435,0.7278
2019-02-15 16:00:00,97.63,23.73,27.72,51.0,100.0,0,114.3,0.0716,0.356,0.4276
2019-02-15 17:00:00,54.18,20.17,22.01,53.9,86.0,0,93.6,0.0215,0.272,0.2935
2019-02-15 18:00:00,0.0,19.08,19.08,54.7,20.0,1,122.7,0.0,0.228,0.228
2019-02-15 19:00:00,0.0,18.25,18.25,55.4,20.0,1,117.0,0.0,0.227,0.227
2019-02-15 20:00:00,0.0,17.46,17.46,56.0,20.0,1,123.5,0.0,0.263,0.263
2019-02-15 21:00:00,0.0,16.76,16.76,56.6,20.0,1,84.6,0.0,0.294,0.294
2019-02-15 22:00:00,0.0,16.08,16.08,57.1,20.0,1,134.4,0.0,0.305,0.305
2019-02-15 23:00:00,0.0,15.46,15.46,57.6,20.0,1,112.1,0.0,0.302,0.302
2019-02-16 00:00:00,0.0,14.84,14.84,58.1,20.0,1,126.1,0.0,0.311,0.311
2019-02-16 01:00:00,0.0,14.29,14.29,58.6,20.0,1,104.6,0.0,0.28,0.28
2019-02-16 02:00:00,0.0,13.78,13.78,59.0,20.0,1,121.2,0.0,0.119,0.119
2019-02-16 03:00:00,0.0,13.32,13.32,59.3,20.0,1,104.5,0.0,0.13,0.13
2019-02-16 04:00:00,0.0,12.88,12.88,59.7,20.0,1,108.8,0.0,0.02,0.02
2019-02-16 05:00:00,0.0,12.48,12.48,60.0,20.0,1,134.2,0.0,0.0,0.0
2019-02-16 06:00:00,0.0,12.79,12.79,59.8,20.0,1,113.1,0.0,0.0,0.0
2019-02-16 07:00:00,47.01,16.48,17.9,56.8,65.6,1,117.2,0.0322,0.013,0.0452
2019-02-16 08:00:00,322.26,20.07,29.94,53.9,31.6,1,123.7,0.2579,0.037,0.2949
2019-02-16 09:00:00,589.81,24.93,42.97,50.1,26.9,1,120.0,0.452,0.067,0.519
2019-02-16 10:00:00,784.41,27.7,51.65,47.8,25.8,1,116.5,0.5774,0.092,0.6694
2019-02-16 11:00:00,898.46,29.14,65.83,46.7,25.5,0,118.7,0.6191,0.13,0.7491
2019-02-16 12:00:00,924.69,29.86,67.63,46.1,25.5,0,139.1,0.6317,0.289,0.9207
2019-02-16 13:00:00,865.38,29.82,65.19,46.1,25.5,0,114.5,0.5997,0.451,1.0507
2019-02-16 14:00:00,726.84,28.98,58.74,46.8,25.5,0,117.1,0.5215,0.477,0.9985
2019-02-16 15:00:00,529.64,27.42,49.16,48.1,26.7,0,125.5,0.3977,0.466,0.8637
2019-02-16 16:00:00,299.08,24.62,33.7,50.3,26.4,1,126.1,0.2265,0.439,0.6655
2019-02-16 17:00:00,67.28,21.15,22.85,53.1,70.5,1,126.9,0.0275,0.393,0.4205
2019-02-16 18:00:00,0.0,19.99,19.99,54.0,20.0,1,121.4,0.0,0.334,0.334
2019-02-16 19:00:00,0.0,19.11,19.11,54.7,20.0,2,103.6,0.0,0.302,0.302
2019-02-16 20:00:00,0.0,18.25,18.25,55.4,20.0,2,131.4,0.0,0.284,0.284
2019-02-16 21:00:00,0.0,17.43,17.43,56.1,20.0,2,103.6,0.0,0.255,0.255
2019-02-16 22:00:00,0.0,16.98,16.98,56.4,20.0,2,118.1,0.0,0.22,0.22
2019-02-16 23:00:00,0.0,16.63,16.63,56.7,20.0,2,107.5,0.0,0.205,0.205
2019-02-17 00:00:00,0.0,15.97,15.97,57.2,20.0,2,115.9,0.0,0.195,0.195
2019-02-17 01:00:00,0.0,15.18,15.18,57.9,20.0,2,119.8,0.0,0.141,0.141
2019-02-17 02:00:00,0.0,14.3,14.3,58.6,20.0,3,119.8,0.0,0.043,0.043
2019-02-17 03:00:00,0.0,13.22,13.22,59.4,20.0,3,120.8,0.0,0.02,0.02
2019-02-17 04:00:00,0.0,12.0,12.0,60.4,20.0,3,132.7,0.0,0.029,0.029
2019-02-17 05:00:00,0.0,10.95,10.95,61.2,20.0,3,121.1,0.0,0.06,0.06
2019-02-17 06:00:00,0.0,10.66,10.66,61.5,20.0,3,114.1,0.0,0.084,0.084
2019-02-17 07:00:00,44.08,13.15,14.22,59.5,71.9,2,126.2,0.0305,0.089,0.1195
2019-02-17 08:00:00,296.06,17.14,24.38,56.3,37.2,2,128.4,0.241,0.094,0.335
2019-02-17 09:00:00,398.67,22.43,32.14,52.1,59.3,2,104.3,0.3133,0.105,0.4183
2019-02-17 10:00:00,719.65,25.9,47.86,49.3,35.8,1,122.5,0.5364,0.125,0.6614
2019-02-17 11:00:00,868.65,27.41,53.9,48.1,30.3,1,123.6,0.6301,0.115,0.7451
2019-02-17 12:00:00,914.69,27.96,55.85,47.6,27.1,1,113.6,0.6582,0.104,0.7622
2019-02-17 13:00:00,871.61,27.77,48.99,47.8,25.1,2,130.3,0.6482,0.074,0.7222
2019-02-17 14:00:00,731.78,26.99,44.84,48.4,25.5,2,115.1,0.5572,0.026,0.5832
2019-02-17 15:00:00,531.96,25.52,38.53,49.6,26.6,2,117.8,0.4176,0.006,0.4236
2019-02-17 16:00:00,304.84,22.98,29.13,51.6,34.6,3,114.8,0.2366,0.009,0.2456
2019-02-17 17:00:00,73.5,19.03,20.26,54.8,67.8,3,116.7,0.0308,0.022,0.0528
2019-02-17 18:00:00,0.0,17.54,17.54,56.0,20.0,3,105.6,0.0,0.038,0.038
2019-02-17 19:00:00,0.0,16.44,16.44,56.8,20.0,3,102.2,0.0,0.064,0.064
2019-02-17 20:00:00,0.0,15.42,15.42,57.7,20.0,3,132.5,0.0,0.09,0.09
2019-02-17 21:00:00,0.0,14.4,14.4,58.5,20.0,3,108.1,0.0,0.077,0.077
2019-02-17 22:00:00,0.0,13.41,13.41,59.3,20.0,3,106.6,0.0,0.048,0.048
2019-02-17 23:00:00,0.0,12.51,12.51,60.0,20.0,3,95.0,0.0,0.023,0.023
2019-02-18 00:00:00,0.0,11.68,11.68,60.7,20.0,3,111.7,0.0,0.009,0.009
2019-02-18 01:00:00,0.0,10.94,10.94,61.3,20.0,3,104.8,0.0,0.003,0.003
2019-02-18 02:00:00,0.0,10.22,10.22,61.8,20.0,3,134.5,0.0,0.0,0.0
2019-02-18 03:00:00,0.0,9.58,9.58,62.3,20.0,3,128.2,0.0,0.006,0.006
2019-02-18 04:00:00,0.0,9.03,9.03,62.8,20.0,3,111.2,0.0,0.048,0.048
2019-02-18 05:00:00,0.0,8.62,8.62,63.1,20.0,3,140.6,0.0,0.038,0.038
2019-02-18 06:00:00,0.0,8.93,8.93,62.9,20.0,3,127.9,0.0,0.048,0.048
2019-02-18 07:00:00,47.36,12.06,13.02,60.3,68.3,3,114.8,0.0334,0.074,0.1074
2019-02-18 08:00:00,334.34,16.33,24.5,56.9,31.1,2,93.1,0.2738,0.054,0.3278
2019-02-18 09:00:00,597.66,21.69,33.82,52.6,26.7,3,141.0,0.4752,0.031,0.5062
2019-02-18 10:00:00,794.58,24.76,40.85,50.2,25.5,3,104.2,0.6115,0.042,0.6535
2019-02-18 11:00:00,909.41,26.52,44.92,48.8,25.1,3,101.6,0.6857,0.056,0.7417
2019-02-18 12:00:00,935.53,27.56,46.48,48.0,24.9,3,128.3,0.7005,0.05,0.7505
2019-02-18 13:00:00,875.55,27.8,45.53,47.8,25.1,3,142.5,0.6604,0.009,0.6694
2019-02-18 14:00:00,734.16,27.3,42.19,48.2,25.4,3,131.9,0.565,0.0,0.565
2019-02-18 15:00:00,534.69,26.05,36.92,49.2,26.6,3,123.7,0.4225,0.008,0.4305
2019-02-18 16:00:00,306.82,23.59,29.78,51.1,34.5,3,124.0,0.2377,0.113,0.3507
2019-02-18 17:00:00,83.78,19.56,21.27,54.4,57.1,2,126.6,0.0368,0.345,0.3818
2019-02-18 18:00:00,0.0,18.18,18.18,55.5,20.0,3,125.7,0.0,0.579,0.579
2019-02-18 19:00:00,0.0,17.26,17.26,56.2,20.0,3,120.9,0.0,0.679,0.679
2019-02-18 20:00:00,0.0,16.44,16.44,56.8,20.0,3,119.1,0.0,0.687,0.687
2019-02-18 21:00:00,0.0,15.68,15.68,57.5,20.0,3,117.4,0.0,0.632,0.632
2019-02-18 22:00:00,0.0,14.94,14.94,58.0,20.0,3,110.5,0.0,0.591,0.591
2019-02-18 23:00:00,0.0,14.21,14.21,58.6,20.0,3,115.3,0.0,0.552,0.552
2019-02-19 00:00:00,0.0,13.54,13.54,59.2,20.0,3,102.7,0.0,0.504,0.504
2019-02-19 01:00:00,0.0,12.88,12.88,59.7,20.0,2,118.6,0.0,0.433,0.433
2019-02-19 02:00:00,0.0,12.26,12.26,60.2,20.0,2,109.7,0.0,0.154,0.154
2019-02-19 03:00:00,0.0,11.69,11.69,60.6,20.0,2,108.6,0.0,0.138,0.138
2019-02-19 04:00:00,0.0,11.15,11.15,61.1,20.0,2,121.4,0.0,0.219,0.219
2019-02-19 05:00:00,0.0,10.66,10.66,61.5,20.0,2,133.5,0.0,0.213,0.213
2019-02-19 06:00:00,0.0,11.04,11.04,61.2,20.0,2,128.8,0.0,0.23,0.23
2019-02-19 07:00:00,51.67,14.86,16.11,58.1,65.7,2,103.9,0.0364,0.245,0.2814
2019-02-19 08:00:00,339.62,18.78,29.19,55.0,30.8,1,109.7,0.2731,0.251,0.5241
2019-02-19 09:00:00,601.79,24.04,38.72,50.8,26.7,2,129.0,0.4691,0.22,0.6891
2019-02-19 10:00:00,797.39,27.21,46.63,48.2,25.4,2,109.8,0.5992,0.167,0.7662
2019-02-19 11:00:00,910.83,28.81,50.97,46.9,25.2,2,117.3,0.6694,0.103,0.7724
2019-02-19 12:00:00,939.8,29.71,52.57,46.2,25.1,2,125.1,0.6857,0.051,0.7367
2019-02-19 13:00:00,878.49,29.8,51.19,46.2,25.1,2,109.9,0.647,0.019,0.666
2019-02-19 14:00:00,737.56,29.17,47.16,46.7,25.5,2,120.6,0.556,0.009,0.565
2019-02-19 15:00:00,537.97,27.8,40.95,47.8,26.6,2,106.3,0.4181,0.009,0.4271
2019-02-19 16:00:00,309.16,25.21,32.71,49.8,34.4,2,113.6,0.2368,0.011,0.2478
2019-02-19 17:00:00,80.11,21.15,22.85,53.1,63.0,2,122.8,0.0382,0.015,0.0532
2019-02-19 18:00:00,0.0,19.67,19.67,54.3,20.0,2,103.7,0.0,0.019,0.019
2019-02-19 19:00:00,0.0,18.62,18.62,55.1,20.0,2,124.0,0.0,0.027,0.027
2019-02-19 20:00:00,0.0,17.71,17.71,55.8,20.0,2,119.4,0.0,0.041,0.041
2019-02-19 21:00:00,0.0,16.9,16.9,56.5,20.0,2,125.1,0.0,0.044,0.044
2019-02-19 22:00:00,0.0,16.15,16.15,57.1,20.0,2,121.8,0.0,0.026,0.026
2019-02-19 23:00:00,0.0,15.46,15.46,57.6,20.0,2,133.2,0.0,0.017,0.017
2019-02-20 00:00:00,0.0,14.8,14.8,58.2,20.0,2,122.4,0.0,0.023,0.023
2019-02-20 01:00:00,0.0,14.19,14.19,58.6,20.0,2,116.8,0.0,0.048,0.048
2019-02-20 02:00:00,0.0,13.58,13.58,59.1,20.0,2,122.3,0.0,0.041,0.041
2019-02-20 03:00:00,0.0,12.97,12.97,59.6,20.0,2,126.6,0.0,0.048,0.048
2019-02-20 04:00:00,0.0,12.38,12.38,60.1,20.0,2,121.6,0.0,0.031,0.031
2019-02-20 05:00:00,0.0,11.84,11.84,60.5,20.0,2,121.5,0.0,0.015,0.015
2019-02-20 06:00:00,0.0,12.14,12.14,60.3,20.0,2,114.1,0.0,0.009,0.009
2019-02-20 07:00:00,55.3,15.93,17.27,57.3,62.3,2,114.5,0.0391,0.008,0.0471
2019-02-20 08:00:00,344.39,19.82,30.38,54.1,30.5,1,107.1,0.2757,0.008,0.2837
2019-02-20 09:00:00,605.93,25.1,39.88,49.9,26.7,2,138.6,0.47,0.01,0.48
2019-02-20 10:00:00,801.36,28.29,47.8,47.4,25.4,2,108.7,0.599,0.014,0.613
2019-02-20 11:00:00,916.82,30.0,52.3,46.0,25.1,2,114.2,0.6699,0.029,0.6989
2019-02-20 12:00:00,942.97,30.85,53.78,45.3,25.0,2,113.9,0.6843,0.114,0.7983
2019-02-20 13:00:00,882.38,30.97,52.45,45.2,25.1,2,130.1,0.6462,0.302,0.9482
2019-02-20 14:00:00,739.89,30.33,48.37,45.7,25.4,2,118.2,0.5548,0.519,1.0738
2019-02-20 15:00:00,540.64,29.0,42.22,46.8,26.7,2,133.6,0.4179,0.682,1.0999
2019-02-20 16:00:00,311.13,26.43,33.97,48.9,34.3,2,114.4,0.2373,0.739,0.9763
2019-02-20 17:00:00,83.26,22.23,23.98,52.2,60.7,2,123.9,0.0385,0.753,0.7915
2019-02-20 18:00:00,0.0,20.8,20.8,53.4,20.0,2,112.8,0.0,0.755,0.755
2019-02-20 19:00:00,0.0,19.82,19.82,54.1,20.0,2,142.6,0.0,0.746,0.746
2019-02-20 20:00:00,0.0,18.88,18.88,54.9,20.0,2,109.2,0.0,0.732,0.732
2019-02-20 21:00:00,0.0,17.97,17.97,55.6,20.0,2,124.2,0.0,0.698,0.698
2019-02-20 22:00:00,0.0,17.15,17.15,56.3,20.0,2,127.5,0.0,0.668,0.668
2019-02-20 23:00:00,0.0,16.36,16.36,56.9,20.0,2,125.3,0.0,0.656,0.656
2019-02-21 00:00:00,0.0,15.68,15.68,57.5,20.0,2,120.8,0.0,0.663,0.663
2019-02-21 01:00:00,0.0,15.08,15.08,57.9,20.0,2,121.4,0.0,0.65,0.65
2019-02-21 02:00:00,0.0,14.52,14.52,58.4,20.0,2,123.1,0.0,0.532,0.532
2019-02-21 03:00:00,0.0,14.01,14.01,58.8,20.0,2,121.2,0.0,0.644,0.644
2019-02-21 04:00:00,0.0,13.5,13.5,59.2,20.0,2,132.3,0.0,0.656,0.656
2019-02-21 05:00:00,0.0,12.99,12.99,59.6,20.0,2,144.8,0.0,0.589,0.589
2019-02-21 06:00:00,0.0,13.32,13.32,59.3,20.0,2,117.1,0.0,0.503,0.503
2019-02-21 07:00:00,58.96,17.02,18.45,56.4,59.5,2,109.0,0.0418,0.429,0.4708
2019-02-21 08:00:00,349.74,20.99,29.54,53.2,30.2,2,121.8,0.2811,0.366,0.6471
2019-02-21 09:00:00,610.1,26.49,41.37,48.8,26.7,2,148.5,0.4703,0.335,0.8053
2019-02-21 10:00:00,806.33,29.78,49.41,46.2,25.5,2,114.6,0.5985,0.312,0.9105
2019-02-21 11:00:00,920.01,31.45,53.83,44.8,25.0,2,139.0,0.6677,0.278,0.9457
2019-02-21 12:00:00,947.14,32.38,55.42,44.1,25.0,2,139.4,0.6824,0.294,0.9764
2019-02-21 13:00:00,884.28,32.58,54.11,43.9,25.0,2,117.1,0.6429,0.338,0.9809
2019-02-21 14:00:00,743.23,31.99,50.11,44.4,25.4,2,128.3,0.5531,0.362,0.9151
2019-02-21 15:00:00,542.29,30.66,43.92,45.5,26.6,2,138.9,0.4162,0.386,0.8022
2019-02-21 16:00:00,313.09,27.88,35.47,47.7,34.2,2,118.9,0.2374,0.403,0.6404
2019-02-21 17:00:00,86.62,23.59,25.46,51.1,58.8,2,120.6,0.043,0.415,0.458
2019-02-21 18:00:00,0.0,22.16,22.16,52.3,20.0,2,116.8,0.0,0.411,0.411
2019-02-21 19:00:00,0.0,21.19,21.19,53.0,20.0,1,112.5,0.0,0.37,0.37
2019-02-21 20:00:00,0.0,20.3,20.3,53.8,20.0,1,116.2,0.0,0.31,0.31
2019-02-21 21:00:00,0.0,19.5,19.5,54.4,20.0,1,110.4,0.0,0.254,0.254
2019-02-21 22:00:00,0.0,18.73,18.73,55.0,20.0,1,123.0,0.0,0.211,0.211
2019-02-21 23:00:00,0.0,17.98,17.98,55.6,20.0,1,115.0,0.0,0.185,0.185
2019-02-22 00:00:00,0.0,17.3,17.3,56.2,20.0,1,126.5,0.0,0.155,0.155
2019-02-22 01:00:00,0.0,16.61,16.61,56.7,20.0,1,108.6,0.0,0.121,0.121
2019-02-22 02:00:00,0.0,15.96,15.96,57.2,20.0,1,127.5,0.0,0.052,0.052
2019-02-22 03:00:00,0.0,15.29,15.29,57.8,20.0,2,132.5,0.0,0.067,0.067
2019-02-22 04:00:00,0.0,14.63,14.63,58.3,20.0,2,104.3,0.0,0.112,0.112
2019-02-22 05:00:00,0.0,14.04,14.04,58.8,20.0,2,127.9,0.0,0.163,0.163
2019-02-22 06:00:00,0.0,14.43,14.43,58.5,20.0,1,136.5,0.0,0.218,0.218
2019-02-22 07:00:00,56.67,18.63,20.36,55.1,64.9,1,112.1,0.0397,0.264,0.3037
2019-02-22 08:00:00,345.13,22.7,36.86,51.8,31.6,0,140.9,0.2689,0.303,0.5719
2019-02-22 09:00:00,614.28,28.19,53.34,47.4,26.7,0,128.4,0.4501,0.343,0.7931
2019-02-22 10:00:00,809.31,32.27,65.34,44.2,25.4,0,117.1,0.5601,0.376,0.9361
2019-02-22 11:00:00,923.5,34.04,71.75,42.8,25.4,0,123.6,0.6182,0.379,0.9972
2019-02-22 12:00:00,946.76,34.72,73.37,42.2,25.5,0,129.8,0.6287,0.364,0.9927
2019-02-22 13:00:00,711.0,34.57,63.56,42.3,53.7,0,124.9,0.4914,0.327,0.8184
2019-02-22 14:00:00,128.08,33.11,37.0,43.5,100.0,1,129.6,0.091,0.25,0.341
2019-02-22 15:00:00,517.74,31.11,46.96,45.1,39.8,1,115.0,0.3902,0.183,0.5732
2019-02-22 16:00:00,300.08,28.67,40.89,47.1,36.0,0,125.9,0.2222,0.169,0.3912
2019-02-22 17:00:00,75.24,26.22,29.02,49.0,72.1,0,110.1,0.0385,0.191,0.2295
2019-02-22 18:00:00,0.0,25.31,25.31,49.7,20.0,0,123.1,0.0,0.187,0.187
2019-02-22 19:00:00,0.0,24.64,24.64,50.3,20.0,0,115.1,0.0,0.162,0.162
2019-02-22 20:00:00,0.0,23.98,23.98,50.8,20.0,1,116.8,0.0,0.152,0.152
2019-02-22 21:00:00,0.0,22.94,22.94,51.6,20.0,1,136.5,0.0,0.158,0.158
2019-02-22 22:00:00,0.0,21.83,21.83,52.5,20.0,2,135.1,0.0,0.176,0.176
2019-02-22 23:00:00,0.0,20.96,20.96,53.2,20.0,2,130.3,0.0,0.206,0.206
2019-02-23 00:00:00,0.0,20.71,20.71,53.4,20.0,1,114.8,0.0,0.238,0.238
2019-02-23 01:00:00,0.0,20.18,20.18,53.9,20.0,1,122.6,0.0,0.208,0.208
2019-02-23 02:00:00,0.0,19.54,19.54,54.4,20.0,1,137.9,0.0,0.121,0.121
2019-02-23 03:00:00,0.0,19.14,19.14,54.7,20.0,2,127.1,0.0,0.092,0.092
2019-02-23 04:00:00,0.0,18.7,18.7,55.0,20.0,2,148.9,0.0,0.007,0.007
2019-02-23 05:00:00,0.0,18.13,18.13,55.5,20.0,2,129.7,0.0,0.016,0.016
2019-02-23 06:00:00,0.0,17.87,17.87,55.7,20.0,2,127.6,0.0,0.107,0.107
2019-02-23 07:00:00,60.33,18.3,19.76,55.4,61.9,2,122.6,0.0428,0.206,0.2488
2019-02-23 08:00:00,360.8,19.09,27.91,54.7,26.9,2,127.1,0.2923,0.261,0.5533
2019-02-23 09:00:00,605.33,22.09,34.37,52.3,25.9,3,124.2,0.4798,0.271,0.7508
2019-02-23 10:00:00,794.63,26.59,42.68,48.7,25.7,3,132.8,0.6062,0.259,0.8652
2019-02-23 11:00:00,906.78,28.91,47.25,46.9,25.7,3,135.3,0.6762,0.224,0.9002
2019-02-23 12:00:00,932.66,29.94,52.62,46.0,25.6,2,117.9,0.6797,0.222,0.9017
2019-02-23 13:00:00,859.25,30.2,51.1,45.8,30.3,2,112.4,0.6317,0.186,0.8177
2019-02-23 14:00:00,736.83,29.6,47.57,46.3,25.6,2,107.4,0.5539,0.092,0.6459
2019-02-23 15:00:00,540.67,28.22,41.44,47.4,25.8,2,130.8,0.4192,0.039,0.4582
2019-02-23 16:00:00,151.03,26.03,29.71,49.2,86.7,2,114.7,0.1141,0.026,0.1401
2019-02-23 17:00:00,93.13,22.65,24.69,51.9,55.0,2,104.2,0.0484,0.032,0.0804
2019-02-23 18:00:00,0.0,21.07,21.07,53.1,20.0,3,129.6,0.0,0.054,0.054
2019-02-23 19:00:00,0.0,19.94,19.94,54.0,20.0,3,150.7,0.0,0.111,0.111
2019-02-23 20:00:00,0.0,18.97,18.97,54.8,20.0,3,125.7,0.0,0.201,0.201
2019-02-23 21:00:00,0.0,18.13,18.13,55.5,20.0,3,134.1,0.0,0.207,0.207
2019-02-23 22:00:00,0.0,17.38,17.38,56.1,20.0,3,126.5,0.0,0.16,0.16
2019-02-23 23:00:00,0.0,16.7,16.7,56.6,20.0,2,124.7,0.0,0.13,0.13
2019-02-24 00:00:00,0.0,16.11,16.11,57.1,20.0,2,136.5,0.0,0.123,0.123
2019-02-24 01:00:00,0.0,15.54,15.54,57.6,20.0,3,124.4,0.0,0.112,0.112
2019-02-24 02:00:00,0.0,14.95,14.95,58.0,20.0,3,129.9,0.0,0.019,0.019
2019-02-24 03:00:00,0.0,14.36,14.36,58.5,20.0,2,130.5,0.0,0.02,0.02
2019-02-24 04:00:00,0.0,13.83,13.83,58.9,20.0,2,120.6,0.0,0.266,0.266
2019-02-24 05:00:00,0.0,13.38,13.38,59.3,20.0,2,137.2,0.0,0.37,0.37
2019-02-24 06:00:00,0.0,13.9,13.9,58.9,20.0,2,125.5,0.0,0.326,0.326
2019-02-24 07:00:00,68.77,17.32,19.41,56.1,64.5,1,119.7,0.0498,0.282,0.3318
2019-02-24 08:00:00,305.54,21.8,31.16,52.6,36.9,1,132.6,0.2419,0.299,0.5409
2019-02-24 09:00:00,553.41,26.29,39.78,49.0,36.3,2,118.3,0.4271,0.374,0.8011
2019-02-24 10:00:00,812.78,28.78,48.56,47.0,25.5,2,127.6,0.605,0.404,1.009
2019-02-24 11:00:00,907.86,30.32,52.38,45.7,30.8,2,127.2,0.6616,0.291,0.9526
2019-02-24 12:00:00,803.61,31.11,50.62,45.1,44.3,2,138.1,0.5878,0.269,0.8568
2019-02-24 13:00:00,579.07,31.19,45.24,45.0,69.0,2,132.0,0.4302,0.337,0.7672
2019-02-24 14:00:00,673.02,30.53,46.92,45.6,39.4,2,127.0,0.5048,0.333,0.8378
2019-02-24 15:00:00,541.01,29.18,42.4,46.7,28.0,2,135.4,0.4174,0.282,0.6994
2019-02-24 16:00:00,317.05,27.02,34.71,48.4,26.3,2,141.2,0.2407,0.22,0.4607
2019-02-24 17:00:00,89.35,23.19,25.18,51.5,60.3,2,132.8,0.0487,0.19,0.2387
2019-02-24 18:00:00,0.0,21.73,21.73,52.6,20.0,2,127.4,0.0,0.181,0.181
2019-02-24 19:00:00,0.0,20.92,20.92,53.3,20.0,2,114.2,0.0,0.193,0.193
2019-02-24 20:00:00,0.0,20.32,20.32,53.7,20.0,2,116.6,0.0,0.212,0.212
2019-02-24 21:00:00,0.0,19.86,19.86,54.1,20.0,2,124.2,0.0,0.236,0.236
2019-02-24 22:00:00,0.0,19.46,19.46,54.4,20.0,2,121.2,0.0,0.185,0.185
2019-02-24 23:00:00,0.0,18.8,18.8,55.0,20.0,2,125.4,0.0,0.127,0.127
2019-02-25 00:00:00,0.0,17.77,17.77,55.8,20.0,2,129.4,0.0,0.089,0.089
2019-02-25 01:00:00,0.0,16.92,16.92,56.5,20.0,2,134.1,0.0,0.078,0.078
2019-02-25 02:00:00,0.0,16.33,16.33,56.9,20.0,2,128.1,0.0,0.044,0.044
2019-02-25 03:00:00,0.0,15.74,15.74,57.4,20.0,2,133.7,0.0,0.162,0.162
2019-02-25 04:00:00,0.0,15.14,15.14,57.9,20.0,3,129.5,0.0,0.311,0.311
2019-02-25 05:00:00,0.0,14.55,14.55,58.4,20.0,3,109.1,0.0,0.484,0.484
2019-02-25 06:00:00,0.0,14.9,14.9,58.1,20.0,2,119.4,0.0,0.638,0.638
2019-02-25 07:00:00,70.06,18.27,19.97,55.4,57.4,2,127.4,0.0506,0.725,0.7756
2019-02-25 08:00:00,347.55,22.49,33.14,52.0,34.5,1,116.7,0.2746,0.736,1.0106
2019-02-25 09:00:00,625.12,27.91,43.15,47.7,26.6,2,134.8,0.4781,0.695,1.1731
2019-02-25 10:00:00,818.5,30.27,50.19,45.8,25.5,2,144.1,0.605,0.608,1.213
2019-02-25 11:00:00,928.33,31.63,54.2,44.7,25.5,2,141.0,0.6719,0.466,1.1379
2019-02-25 12:00:00,953.23,32.04,55.22,44.4,25.5,2,126.7,0.6866,0.34,1.0266
2019-02-25 13:00:00,889.86,31.65,53.3,44.7,25.5,2,143.7,0.6485,0.257,0.9055
2019-02-25 14:00:00,749.67,30.6,48.87,45.5,25.5,2,130.3,0.5603,0.175,0.7353
2019-02-25 15:00:00,549.91,29.17,42.61,46.7,25.6,2,125.4,0.4242,0.114,0.5382
2019-02-25 16:00:00,310.41,27.53,35.06,48.0,37.6,2,122.7,0.2364,0.081,0.3174
2019-02-25 17:00:00,56.91,24.25,25.53,50.6,100.0,2,125.8,0.0292,0.077,0.1062
2019-02-25 18:00:00,0.0,22.71,22.71,51.8,20.0,2,124.9,0.0,0.096,0.096
2019-02-25 19:00:00,0.0,21.91,21.91,52.5,20.0,3,130.5,0.0,0.125,0.125
2019-02-25 20:00:00,0.0,21.11,21.11,53.1,20.0,3,130.4,0.0,0.155,0.155
2019-02-25 21:00:00,0.0,20.28,20.28,53.8,20.0,2,128.8,0.0,0.133,0.133
2019-02-25 22:00:00,0.0,19.4,19.4,54.5,20.0,2,133.2,0.0,0.087,0.087
2019-02-25 23:00:00,0.0,18.56,18.56,55.2,20.0,2,140.7,0.0,0.037,0.037
2019-02-26 00:00:00,0.0,17.81,17.81,55.8,20.0,2,139.9,0.0,0.004,0.004
2019-02-26 01:00:00,0.0,17.09,17.09,56.3,20.0,2,115.5,0.0,0.0,0.0
2019-02-26 02:00:00,0.0,16.47,16.47,56.8,20.0,2,104.8,0.0,0.001,0.001
2019-02-26 03:00:00,0.0,15.99,15.99,57.2,20.0,3,139.7,0.0,0.005,0.005
2019-02-26 04:00:00,0.0,15.56,15.56,57.6,20.0,3,116.7,0.0,0.097,0.097
2019-02-26 05:00:00,0.0,15.15,15.15,57.9,20.0,3,128.1,0.0,0.237,0.237
2019-02-26 06:00:00,0.0,15.68,15.68,57.5,20.0,3,118.7,0.0,0.404,0.404
2019-02-26 07:00:00,60.35,19.13,20.59,54.7,70.5,2,112.3,0.0429,0.568,0.6109
2019-02-26 08:00:00,379.49,23.49,32.77,51.2,26.5,2,135.8,0.3019,0.682,0.9839
2019-02-26 09:00:00,624.99,28.74,41.41,47.0,25.7,3,137.9,0.4814,0.77,1.2514
2019-02-26 10:00:00,814.34,31.28,47.76,45.0,25.5,3,124.6,0.6079,0.815,1.4229
2019-02-26 11:00:00,922.87,32.82,51.48,43.7,25.6,3,104.4,0.6756,0.816,1.4916
2019-02-26 12:00:00,946.7,33.61,52.75,43.1,25.6,3,124.9,0.689,0.748,1.437
2019-02-26 13:00:00,884.49,33.72,51.62,43.0,25.6,3,134.3,0.6491,0.655,1.3041
2019-02-26 14:00:00,744.67,33.08,48.18,43.5,25.6,3,115.6,0.558,0.579,1.137
2019-02-26 15:00:00,547.32,31.76,42.88,44.6,25.8,3,132.2,0.4216,0.538,0.9596
2019-02-26 16:00:00,315.77,29.7,36.07,46.2,26.4,3,130.2,0.2385,0.556,0.7945
2019-02-26 17:00:00,102.73,26.16,28.07,49.1,51.0,3,136.2,0.0568,0.549,0.6058
2019-02-26 18:00:00,0.0,24.37,24.37,50.5,20.0,3,131.6,0.0,0.513,0.513
2019-02-26 19:00:00,0.0,23.36,23.36,51.3,20.0,3,120.6,0.0,0.536,0.536
2019-02-26 20:00:00,0.0,22.41,22.41,52.1,20.0,3,142.3,0.0,0.552,0.552
2019-02-26 21:00:00,0.0,21.58,21.58,52.7,20.0,2,128.8,0.0,0.571,0.571
2019-02-26 22:00:00,0.0,20.82,20.82,53.3,20.0,2,130.1,0.0,0.571,0.571
2019-02-26 23:00:00,0.0,20.09,20.09,53.9,20.0,2,121.0,0.0,0.567,0.567
2019-02-27 00:00:00,0.0,19.42,19.42,54.5,20.0,2,127.5,0.0,0.539,0.539
2019-02-27 01:00:00,0.0,18.76,18.76,55.0,20.0,2,123.1,0.0,0.422,0.422
2019-02-27 02:00:00,0.0,18.16,18.16,55.5,20.0,2,130.2,0.0,0.293,0.293
2019-02-27 03:00:00,0.0,17.68,17.68,55.9,20.0,2,149.0,0.0,0.55,0.55
2019-02-27 04:00:00,0.0,17.18,17.18,56.3,20.0,2,118.2,0.0,0.574,0.574
2019-02-27 05:00:00,0.0,16.61,16.61,56.7,20.0,2,115.8,0.0,0.618,0.618
2019-02-27 06:00:00,0.0,17.1,17.1,56.3,20.0,2,146.6,0.0,0.682,0.682
2019-02-27 07:00:00,40.91,20.86,22.11,53.3,100.0,1,129.8,0.0273,0.717,0.7443
2019-02-27 08:00:00,323.42,25.01,34.91,50.0,41.8,1,125.2,0.2522,0.731,0.9832
2019-02-27 09:00:00,628.51,30.37,45.69,45.7,25.8,2,142.3,0.4755,0.777,1.2525
2019-02-27 10:00:00,818.3,32.72,52.64,43.8,25.6,2,125.8,0.5983,0.796,1.3943
2019-02-27 11:00:00,917.9,34.09,56.4,42.7,28.7,2,150.2,0.6573,0.772,1.4293
2019-02-27 12:00:00,879.95,34.62,52.4,42.3,39.3,3,138.7,0.6393,0.657,1.2963
2019-02-27 13:00:00,889.95,34.53,52.54,42.4,25.5,3,127.0,0.6504,0.578,1.2284
2019-02-27 14:00:00,749.36,33.74,48.93,43.0,25.6,3,153.5,0.5597,0.572,1.1317
2019-02-27 15:00:00,550.41,32.35,43.54,44.1,25.8,3,125.8,0.4228,0.501,0.9238
2019-02-27 16:00:00,317.83,30.32,36.74,45.7,26.4,3,139.3,0.2396,0.429,0.6686
2019-02-27 17:00:00,98.96,26.81,28.68,48.6,55.1,3,134.9,0.0564,0.37,0.4264
2019-02-27 18:00:00,0.0,24.96,24.96,50.0,20.0,3,144.9,0.0,0.313,0.313
2019-02-27 19:00:00,0.0,23.96,23.96,50.8,20.0,3,147.5,0.0,0.266,0.266
2019-02-27 20:00:00,0.0,23.05,23.05,51.6,20.0,3,132.2,0.0,0.24,0.24
2019-02-27 21:00:00,0.0,22.19,22.19,52.2,20.0,2,124.4,0.0,0.217,0.217
2019-02-27 22:00:00,0.0,21.46,21.46,52.8,20.0,2,136.5,0.0,0.179,0.179
2019-02-27 23:00:00,0.0,20.76,20.76,53.4,20.0,2,125.1,0.0,0.155,0.155
2019-02-28 00:00:00,0.0,20.08,20.08,53.9,20.0,2,153.6,0.0,0.164,0.164
2019-02-28 01:00:00,0.0,19.41,19.41,54.5,20.0,2,134.8,0.0,0.155,0.155
2019-02-28 02:00:00,0.0,18.86,18.86,54.9,20.0,3,129.8,0.0,0.112,0.112
2019-02-28 03:00:00,0.0,18.27,18.27,55.4,20.0,3,135.3,0.0,0.144,0.144
2019-02-28 04:00:00,0.0,17.66,17.66,55.9,20.0,3,120.0,0.0,0.113,0.113
2019-02-28 05:00:00,0.0,17.02,17.02,56.4,20.0,3,123.7,0.0,0.089,0.089
2019-02-28 06:00:00,0.0,17.41,17.41,56.1,20.0,2,145.5,0.0,0.082,0.082
2019-02-28 07:00:00,88.6,20.74,22.9,53.4,51.9,2,126.9,0.0649,0.071,0.1359
2019-02-28 08:00:00,388.39,25.16,37.06,49.9,26.5,1,123.0,0.3037,0.067,0.3707
2019-02-28 09:00:00,633.54,30.59,49.95,45.5,25.7,1,138.8,0.4706,0.067,0.5376
2019-02-28 10:00:00,823.13,33.19,58.3,43.4,25.6,1,145.3,0.587,0.066,0.653
2019-02-28 11:00:00,932.03,34.64,57.3,42.3,25.6,2,140.6,0.6651,0.078,0.7431
2019-02-28 12:00:00,955.59,35.42,58.65,41.7,25.5,2,143.4,0.6776,0.171,0.8486
2019-02-28 13:00:00,885.22,35.48,57.02,41.6,27.6,2,125.9,0.6341,0.322,0.9561
2019-02-28 14:00:00,752.22,34.85,53.19,42.1,25.5,2,119.2,0.5516,0.379,0.9306
2019-02-28 15:00:00,554.65,33.51,47.07,43.2,25.7,2,148.5,0.4198,0.39,0.8098
2019-02-28 16:00:00,320.63,31.25,39.03,45.0,26.3,2,130.2,0.2395,0.406,0.6455
2019-02-28 17:00:00,95.21,27.59,30.32,47.9,60.0,1,130.9,0.0554,0.413,0.4684
2019-02-28 18:00:00,0.0,26.41,26.41,48.9,20.0,1,146.7,0.0,0.415,0.415
2019-02-28 19:00:00,0.0,25.62,25.62,49.5,20.0,1,139.0,0.0,0.442,0.442
2019-02-28 20:00:00,0.0,24.83,24.83,50.1,20.0,1,138.0,0.0,0.476,0.476
2019-02-28 21:00:00,0.0,24.0,24.0,50.8,20.0,1,155.1,0.0,0.454,0.454
2019-02-28 22:00:00,0.0,22.94,22.94,51.7,20.0,1,127.0,0.0,0.431,0.431
2019-02-28 23:00:00,0.0,22.0,22.0,52.4,20.0,1,142.7,0.0,0.43,0.43
2019-03-01 00:00:00,0.0,21.26,21.26,53.0,20.0,1,135.6,0.0,0.448,0.448
2019-03-01 01:00:00,0.0,20.52,20.52,53.6,20.0,1,137.7,0.0,0.37,0.37
2019-03-01 02:00:00,0.0,20.18,20.18,53.9,20.0,0,150.3,0.0,0.277,0.277
2019-03-01 03:00:00,0.0,20.01,20.01,54.0,20.0,0,140.1,0.0,0.227,0.227
2019-03-01 04:00:00,0.0,19.6,19.6,54.3,20.0,0,140.4,0.0,0.032,0.032
2019-03-01 05:00:00,0.0,12.37,12.37,60.1,20.0,3,145.7,0.0,0.0,0.0
2019-03-01 06:00:00,0.0,12.94,12.94,59.6,20.0,3,131.4,0.0,0.0,0.0
2019-03-01 07:00:00,81.61,16.18,17.83,57.1,57.3,3,126.6,0.0608,0.0,0.0608
2019-03-01 08:00:00,365.63,21.09,28.52,53.1,34.3,3,124.6,0.2946,0.0,0.2946
2019-03-01 09:00:00,624.21,26.41,39.06,48.9,28.6,3,115.3,0.4846,0.0,0.4846
2019-03-01 10:00:00,808.83,29.67,46.04,46.3,28.1,3,155.6,0.6073,0.001,0.6083
2019-03-01 11:00:00,920.8,31.8,50.41,44.6,27.9,3,124.0,0.6763,0.005,0.6813
2019-03-01 12:00:00,944.11,32.94,49.27,43.7,28.1,4,132.8,0.6964,0.063,0.7594
2019-03-01 13:00:00,889.28,33.17,51.16,43.5,27.0,3,132.2,0.6532,0.196,0.8492
2019-03-01 14:00:00,734.81,32.65,45.39,43.9,29.5,4,138.1,0.556,0.32,0.876
2019-03-01 15:00:00,548.39,31.55,41.08,44.8,28.6,4,143.2,0.425,0.436,0.861
2019-03-01 16:00:00,319.8,29.64,35.16,46.3,34.0,4,143.6,0.2437,0.523,0.7667
2019-03-01 17:00:00,99.41,26.07,27.96,49.1,58.6,3,129.2,0.0581,0.568,0.6261
2019-03-01 18:00:00,0.0,24.22,24.22,50.6,20.0,3,133.3,0.0,0.578,0.578
2019-03-01 19:00:00,0.0,23.37,23.37,51.3,20.0,3,137.8,0.0,0.588,0.588
2019-03-01 20:00:00,0.0,22.52,22.52,52.0,20.0,3,132.5,0.0,0.596,0.596
2019-03-01 21:00:00,0.0,21.65,21.65,52.7,20.0,3,151.1,0.0,0.535,0.535
2019-03-01 22:00:00,0.0,20.88,20.88,53.3,20.0,3,139.9,0.0,0.473,0.473
2019-03-01 23:00:00,0.0,20.2,20.2,53.8,20.0,3,142.3,0.0,0.437,0.437
2019-03-02 00:00:00,0.0,19.52,19.52,54.4,20.0,3,143.2,0.0,0.409,0.409
2019-03-02 01:00:00,0.0,18.82,18.82,54.9,20.0,3,148.3,0.0,0.312,0.312
2019-03-02 02:00:00,0.0,18.02,18.02,55.6,20.0,3,138.4,0.0,0.112,0.112
2019-03-02 03:00:00,0.0,17.31,17.31,56.2,20.0,2,123.6,0.0,0.153,0.153
2019-03-02 04:00:00,0.0,16.7,16.7,56.6,20.0,2,140.5,0.0,0.08,0.08
2019-03-02 05:00:00,0.0,16.23,16.23,57.0,20.0,2,130.0,0.0,0.046,0.046
2019-03-02 06:00:00,0.0,17.01,17.01,56.4,20.0,2,131.3,0.0,0.042,0.042
2019-03-02 07:00:00,90.0,20.81,23.0,53.4,55.1,2,142.4,0.0662,0.047,0.1132
2019-03-02 08:00:00,361.2,25.26,36.32,49.8,35.9,1,148.9,0.2816,0.056,0.3376
2019-03-02 09:00:00,625.64,30.76,46.01,45.4,27.7,2,136.8,0.472,0.061,0.533
2019-03-02 10:00:00,805.39,33.83,53.42,42.9,28.9,2,139.6,0.5859,0.058,0.6439
2019-03-02 11:00:00,922.52,35.67,58.09,41.5,27.1,2,153.6,0.6555,0.071,0.7265
2019-03-02 12:00:00,945.7,36.61,59.59,40.7,27.1,2,139.0,0.6674,0.16,0.8274
2019-03-02 13:00:00,883.71,36.65,58.14,40.7,27.1,2,162.6,0.6297,0.323,0.9527
2019-03-02 14:00:00,738.82,35.94,50.91,41.2,29.2,3,142.2,0.5462,0.431,0.9772
2019-03-02 15:00:00,546.37,34.67,45.77,42.3,27.6,3,118.9,0.4152,0.494,0.9092
2019-03-02 16:00:00,317.59,32.63,39.04,43.9,29.0,3,144.1,0.2375,0.554,0.7915
2019-03-02 17:00:00,102.43,28.82,30.78,46.9,57.6,3,140.4,0.0606,0.601,0.6616
2019-03-02 18:00:00,0.0,26.9,26.9,48.5,20.0,3,149.4,0.0,0.623,0.623
2019-03-02 19:00:00,0.0,25.85,25.85,49.3,20.0,3,143.3,0.0,0.59,0.59
2019-03-02 20:00:00,0.0,24.89,24.89,50.1,20.0,2,135.2,0.0,0.516,0.516
2019-03-02 21:00:00,0.0,23.98,23.98,50.8,20.0,2,124.3,0.0,0.407,0.407
2019-03-02 22:00:00,0.0,23.18,23.18,51.5,20.0,2,134.5,0.0,0.286,0.286
2019-03-02 23:00:00,0.0,22.39,22.39,52.1,20.0,2,128.0,0.0,0.206,0.206
2019-03-03 00:00:00,0.0,21.56,21.56,52.8,20.0,2,132.3,0.0,0.184,0.184
2019-03-03 01:00:00,0.0,20.73,20.73,53.4,20.0,2,144.0,0.0,0.177,0.177
2019-03-03 02:00:00,0.0,19.84,19.84,54.1,20.0,2,154.8,0.0,0.186,0.186
2019-03-03 03:00:00,0.0,18.98,18.98,54.8,20.0,1,142.0,0.0,0.326,0.326
2019-03-03 04:00:00,0.0,18.23,18.23,55.4,20.0,1,126.1,0.0,0.422,0.422
2019-03-03 05:00:00,0.0,17.61,17.61,55.9,20.0,1,142.5,0.0,0.42,0.42
2019-03-03 06:00:00,0.0,18.36,18.36,55.3,20.0,0,150.1,0.0,0.398,0.398
2019-03-03 07:00:00,76.81,22.34,25.48,52.1,65.0,0,132.0,0.0551,0.367,0.4221
2019-03-03 08:00:00,374.26,26.63,41.98,48.7,34.1,0,136.8,0.2854,0.319,0.6044
2019-03-03 09:00:00,632.61,32.5,51.82,44.0,28.6,1,138.2,0.4654,0.308,0.7734
2019-03-03 10:00:00,825.56,35.51,60.68,41.6,27.3,1,130.2,0.5819,0.324,0.9059
2019-03-03 11:00:00,937.03,37.14,65.69,40.3,26.8,1,144.6,0.6435,0.315,0.9585
2019-03-03 12:00:00,961.16,37.9,61.25,39.7,27.0,2,136.9,0.6731,0.385,1.0581
2019-03-03 13:00:00,897.09,37.9,59.72,39.7,26.8,2,142.3,0.6347,0.398,1.0327
2019-03-03 14:00:00,753.96,37.26,55.63,40.2,27.1,2,129.2,0.5465,0.312,0.8585
2019-03-03 15:00:00,552.1,35.98,49.47,41.2,28.5,2,133.7,0.4129,0.237,0.6499
2019-03-03 16:00:00,324.8,33.49,43.38,43.2,36.7,1,145.3,0.2395,0.245,0.4845
2019-03-03 17:00:00,69.49,28.95,30.98,46.8,82.1,1,134.4,0.0407,0.315,0.3557
2019-03-03 18:00:00,0.0,27.4,27.4,48.1,20.0,0,155.4,0.0,0.392,0.392
2019-03-03 19:00:00,0.0,26.39,26.39,48.9,20.0,0,134.1,0.0,0.423,0.423
2019-03-03 20:00:00,0.0,25.42,25.42,49.7,20.0,0,140.3,0.0,0.386,0.386
2019-03-03 21:00:00,0.0,24.51,24.51,50.4,20.0,0,147.4,0.0,0.301,0.301
2019-03-03 22:00:00,0.0,23.71,23.71,51.0,20.0,0,123.9,0.0,0.233,0.233
2019-03-03 23:00:00,0.0,23.12,23.12,51.5,20.0,0,120.5,0.0,0.204,0.204
2019-03-04 00:00:00,0.0,22.64,22.64,51.9,20.0,0,124.4,0.0,0.173,0.173
2019-03-04 01:00:00,0.0,22.12,22.12,52.3,20.0,0,152.3,0.0,0.112,0.112
2019-03-04 02:00:00,0.0,21.51,21.51,52.8,20.0,0,134.1,0.0,0.032,0.032
2019-03-04 03:00:00,0.0,20.87,20.87,53.3,20.0,0,165.2,0.0,0.122,0.122
2019-03-04 04:00:00,0.0,20.45,20.45,53.6,20.0,0,134.0,0.0,0.144,0.144
2019-03-04 05:00:00,0.0,20.09,20.09,53.9,20.0,0,141.5,0.0,0.201,0.201
2019-03-04 06:00:00,0.0,20.6,20.6,53.5,20.0,1,155.1,0.0,0.302,0.302
2019-03-04 07:00:00,92.42,23.99,26.8,50.8,63.2,1,159.7,0.0672,0.423,0.4902
2019-03-04 08:00:00,336.48,27.99,41.78,47.6,39.0,0,160.3,0.2552,0.519,0.7742
2019-03-04 09:00:00,566.25,32.91,50.2,43.7,37.9,1,151.7,0.4174,0.561,0.9784
2019-03-04 10:00:00,768.62,36.09,59.5,41.1,38.9,1,149.9,0.5426,0.555,1.0976
2019-03-04 11:00:00,677.62,37.51,53.93,40.0,61.0,2,145.6,0.4851,0.481,0.9661
2019-03-04 12:00:00,884.77,37.97,59.45,39.6,38.8,2,147.4,0.6228,0.369,0.9918
2019-03-04 13:00:00,749.94,37.72,55.93,39.8,47.1,2,134.1,0.5363,0.286,0.8223
2019-03-04 14:00:00,530.57,36.8,49.69,40.6,65.0,2,131.5,0.3882,0.213,0.6012
2019-03-04 15:00:00,503.83,35.24,47.53,41.8,43.5,2,139.6,0.3774,0.175,0.5524
2019-03-04 16:00:00,320.45,33.05,40.82,43.6,28.8,2,137.9,0.238,0.194,0.432
2019-03-04 17:00:00,77.31,29.54,31.33,46.4,80.5,2,135.1,0.0454,0.264,0.3094
2019-03-04 18:00:00,0.0,27.5,27.5,48.0,20.0,3,146.6,0.0,0.332,0.332
2019-03-04 19:00:00,0.0,26.41,26.41,48.9,20.0,3,149.2,0.0,0.332,0.332
2019-03-04 20:00:00,0.0,25.4,25.4,49.7,20.0,3,140.5,0.0,0.289,0.289
2019-03-04 21:00:00,0.0,24.42,24.42,50.5,20.0,3,154.4,0.0,0.232,0.232
2019-03-04 22:00:00,0.0,23.5,23.5,51.2,20.0,3,128.2,0.0,0.176,0.176
2019-03-04 23:00:00,0.0,22.62,22.62,51.9,20.0,3,137.7,0.0,0.133,0.133
2019-03-05 00:00:00,0.0,21.91,21.91,52.5,20.0,3,134.0,0.0,0.09,0.09
2019-03-05 01:00:00,0.0,21.07,21.07,53.1,20.0,2,122.5,0.0,0.037,0.037
2019-03-05 02:00:00,0.0,20.15,20.15,53.9,20.0,2,140.4,0.0,0.008,0.008
2019-03-05 03:00:00,0.0,19.34,19.34,54.5,20.0,2,140.0,0.0,0.032,0.032
2019-03-05 04:00:00,0.0,18.63,18.63,55.1,20.0,2,156.3,0.0,0.024,0.024
2019-03-05 05:00:00,0.0,17.94,17.94,55.7,20.0,2,147.5,0.0,0.03,0.03
2019-03-05 06:00:00,0.0,18.67,18.67,55.1,20.0,2,130.9,0.0,0.047,0.047
2019-03-05 07:00:00,79.82,22.3,24.24,52.2,66.0,2,159.7,0.0579,0.068,0.1259
2019-03-05 08:00:00,317.86,26.71,36.44,48.6,45.8,1,153.4,0.2455,0.101,0.3465
2019-03-05 09:00:00,590.84,31.09,45.48,45.1,35.4,2,147.0,0.4449,0.128,0.5729
2019-03-05 10:00:00,782.1,33.05,52.06,43.6,34.2,2,138.9,0.571,0.132,0.703
2019-03-05 11:00:00,916.74,34.29,56.56,42.6,30.9,2,131.6,0.6548,0.127,0.7818
2019-03-05 12:00:00,943.29,34.88,53.94,42.1,29.9,3,137.5,0.6813,0.145,0.8263
2019-03-05 13:00:00,901.27,34.82,53.05,42.1,28.2,3,152.1,0.6559,0.125,0.7809
2019-03-05 14:00:00,748.78,34.13,49.3,42.7,29.9,3,160.0,0.557,0.083,0.64
2019-03-05 15:00:00,553.13,32.75,43.98,43.8,29.3,3,156.6,0.4232,0.077,0.5002
2019-03-05 16:00:00,326.54,30.69,37.28,45.4,33.8,3,136.3,0.247,0.11,0.357
2019-03-05 17:00:00,107.84,27.18,29.25,48.3,53.8,3,130.0,0.0661,0.156,0.2221
2019-03-05 18:00:00,0.0,24.96,24.96,50.0,20.0,3,142.6,0.0,0.198,0.198
2019-03-05 19:00:00,0.0,23.78,23.78,51.0,20.0,3,123.5,0.0,0.243,0.243
2019-03-05 20:00:00,0.0,22.64,22.64,51.9,20.0,3,144.4,0.0,0.289,0.289
2019-03-05 21:00:00,0.0,21.6,21.6,52.7,20.0,2,139.7,0.0,0.312,0.312
2019-03-05 22:00:00,0.0,20.68,20.68,53.5,20.0,2,136.5,0.0,0.328,0.328
2019-03-05 23:00:00,0.0,19.83,19.83,54.1,20.0,2,125.2,0.0,0.338,0.338
2019-03-06 00:00:00,0.0,19.07,19.07,54.7,20.0,2,147.9,0.0,0.341,0.341
2019-03-06 01:00:00,0.0,18.36,18.36,55.3,20.0,2,137.4,0.0,0.278,0.278
2019-03-06 02:00:00,0.0,17.77,17.77,55.8,20.0,2,131.0,0.0,0.146,0.146
2019-03-06 03:00:00,0.0,17.25,17.25,56.2,20.0,2,114.0,0.0,0.109,0.109
2019-03-06 04:00:00,0.0,16.74,16.74,56.6,20.0,3,142.5,0.0,0.03,0.03
2019-03-06 05:00:00,0.0,16.21,16.21,57.0,20.0,3,160.5,0.0,0.01,0.01
2019-03-06 06:00:00,0.0,17.15,17.15,56.3,20.0,2,159.3,0.0,0.007,0.007
2019-03-06 07:00:00,112.61,21.42,24.15,52.9,46.5,2,138.2,0.0841,0.012,0.0961
2019-03-06 08:00:00,383.71,26.03,37.77,49.2,34.7,1,136.7,0.2978,0.028,0.3258
2019-03-06 09:00:00,644.52,31.2,46.9,45.0,28.6,2,147.4,0.484,0.054,0.538
2019-03-06 10:00:00,836.08,33.66,54.0,43.1,27.1,2,132.7,0.6064,0.07,0.6764
2019-03-06 11:00:00,935.8,35.19,57.93,41.8,28.3,2,145.7,0.6646,0.08,0.7446
2019-03-06 12:00:00,966.75,35.9,59.39,41.3,27.0,2,150.4,0.6822,0.115,0.7972
2019-03-06 13:00:00,889.48,35.86,57.48,41.3,28.9,2,155.0,0.6348,0.086,0.7208
2019-03-06 14:00:00,743.4,35.07,53.18,41.9,30.0,2,141.7,0.5437,0.046,0.5897
2019-03-06 15:00:00,555.58,33.51,47.08,43.2,29.1,2,140.7,0.4195,0.041,0.4605
2019-03-06 16:00:00,325.39,31.12,39.02,45.1,34.3,2,134.0,0.2444,0.058,0.3024
2019-03-06 17:00:00,110.04,26.56,29.78,48.7,55.7,1,134.5,0.0686,0.083,0.1516
2019-03-06 18:00:00,0.0,24.81,24.81,50.2,20.0,1,140.5,0.0,0.117,0.117
2019-03-06 19:00:00,0.0,23.89,23.89,50.9,20.0,1,146.4,0.0,0.157,0.157
2019-03-06 20:00:00,0.0,23.12,23.12,51.5,20.0,2,151.9,0.0,0.196,0.196
2019-03-06 21:00:00,0.0,22.37,22.37,52.1,20.0,2,134.7,0.0,0.201,0.201
2019-03-06 22:00:00,0.0,21.64,21.64,52.7,20.0,2,157.7,0.0,0.178,0.178
2019-03-06 23:00:00,0.0,20.89,20.89,53.3,20.0,2,140.0,0.0,0.157,0.157
2019-03-07 00:00:00,0.0,20.14,20.14,53.9,20.0,2,144.1,0.0,0.144,0.144
2019-03-07 01:00:00,0.0,19.35,19.35,54.5,20.0,2,136.8,0.0,0.125,0.125
2019-03-07 02:00:00,0.0,18.58,18.58,55.1,20.0,1,120.0,0.0,0.042,0.042
2019-03-07 03:00:00,0.0,17.88,17.88,55.7,20.0,1,153.1,0.0,0.004,0.004
2019-03-07 04:00:00,0.0,17.23,17.23,56.2,20.0,1,151.6,0.0,0.001,0.001
2019-03-07 05:00:00,0.0,16.62,16.62,56.7,20.0,1,141.5,0.0,0.001,0.001
2019-03-07 06:00:00,0.0,17.6,17.6,55.9,20.0,1,144.9,0.0,0.001,0.001
2019-03-07 07:00:00,96.95,21.98,24.93,52.4,58.8,1,149.4,0.0715,0.002,0.0735
2019-03-07 08:00:00,379.33,26.15,37.76,49.1,35.8,1,128.6,0.2941,0.005,0.2991
2019-03-07 09:00:00,641.15,31.37,50.95,44.9,29.4,1,139.0,0.4729,0.012,0.4849
2019-03-07 10:00:00,832.36,34.1,59.48,42.7,28.0,1,152.2,0.5892,0.027,0.6162
2019-03-07 11:00:00,930.18,35.47,63.8,41.6,29.1,1,131.7,0.6434,0.046,0.6894
2019-03-07 12:00:00,962.03,36.01,65.31,41.2,28.1,1,147.2,0.6608,0.07,0.7308
2019-03-07 13:00:00,894.51,35.74,63.01,41.4,28.6,1,130.7,0.6229,0.06,0.6829
2019-03-07 14:00:00,761.6,34.89,58.14,42.1,28.5,1,148.9,0.5453,0.039,0.5843
2019-03-07 15:00:00,549.82,33.29,50.12,43.4,30.3,1,143.9,0.4095,0.043,0.4525
2019-03-07 16:00:00,322.87,30.96,40.79,45.2,38.7,1,128.1,0.241,0.061,0.302
2019-03-07 17:00:00,79.05,27.03,29.35,48.4,81.1,1,155.9,0.0483,0.076,0.1243
2019-03-07 18:00:00,0.0,25.57,25.57,49.5,20.0,2,136.9,0.0,0.096,0.096
2019-03-07 19:00:00,0.0,24.85,24.85,50.1,20.0,2,136.2,0.0,0.125,0.125
2019-03-07 20:00:00,0.0,24.12,24.12,50.7,20.0,2,146.3,0.0,0.157,0.157
2019-03-07 21:00:00,0.0,23.2,23.2,51.4,20.0,2,155.8,0.0,0.179,0.179
2019-03-07 22:00:00,0.0,22.02,22.02,52.4,20.0,2,134.1,0.0,0.201,0.201
2019-03-07 23:00:00,0.0,21.17,21.17,53.1,20.0,2,144.9,0.0,0.24,0.24
2019-03-08 00:00:00,0.0,20.17,20.17,53.9,20.0,2,150.1,0.0,0.274,0.274
2019-03-08 01:00:00,0.0,19.11,19.11,54.7,20.0,2,152.7,0.0,0.289,0.289
2019-03-08 02:00:00,0.0,18.26,18.26,55.4,20.0,2,147.6,0.0,0.139,0.139
2019-03-08 03:00:00,0.0,17.45,17.45,56.0,20.0,2,142.1,0.0,0.054,0.054
2019-03-08 04:00:00,0.0,16.69,16.69,56.6,20.0,2,137.5,0.0,0.006,0.006
2019-03-08 05:00:00,0.0,16.18,16.18,57.1,20.0,2,146.7,0.0,0.004,0.004
2019-03-08 06:00:00,0.0,17.02,17.02,56.4,20.0,2,135.1,0.0,0.014,0.014
2019-03-08 07:00:00,112.96,21.04,24.48,53.2,49.7,1,116.6,0.0844,0.036,0.1204
2019-03-08 08:00:00,396.08,25.47,37.6,49.6,33.9,1,150.2,0.3079,0.057,0.3649
2019-03-08 09:00:00,652.21,31.26,57.93,45.0,28.6,0,154.9,0.4667,0.073,0.5397
2019-03-08 10:00:00,843.68,33.73,68.18,43.0,27.1,0,122.2,0.5742,0.093,0.6672
2019-03-08 11:00:00,944.4,34.98,73.5,42.0,27.9,0,135.7,0.6246,0.097,0.7216
2019-03-08 12:00:00,975.2,35.51,65.21,41.6,27.0,1,152.0,0.6702,0.072,0.7422
2019-03-08 13:00:00,897.69,35.28,62.64,41.8,28.4,1,166.4,0.626,0.039,0.665
2019-03-08 14:00:00,749.58,34.4,57.29,42.5,29.5,1,146.0,0.5384,0.013,0.5514
2019-03-08 15:00:00,560.61,32.78,49.94,43.8,28.6,1,138.5,0.4181,0.001,0.4191
2019-03-08 16:00:00,330.23,30.46,38.48,45.6,33.6,2,144.0,0.2487,0.002,0.2507
2019-03-08 17:00:00,107.83,26.2,28.72,49.0,55.7,2,159.6,0.0677,0.022,0.0897
2019-03-08 18:00:00,0.0,24.18,24.18,50.7,20.0,2,139.4,0.0,0.067,0.067
2019-03-08 19:00:00,0.0,23.1,23.1,51.5,20.0,3,137.8,0.0,0.102,0.102
2019-03-08 20:00:00,0.0,22.06,22.06,52.4,20.0,3,141.0,0.0,0.103,0.103
2019-03-08 21:00:00,0.0,21.05,21.05,53.2,20.0,3,136.3,0.0,0.076,0.076
2019-03-08 22:00:00,0.0,20.15,20.15,53.9,20.0,3,147.0,0.0,0.054,0.054
2019-03-08 23:00:00,0.0,19.31,19.31,54.6,20.0,3,162.1,0.0,0.051,0.051
2019-03-09 00:00:00,0.0,18.52,18.52,55.2,20.0,3,150.6,0.0,0.058,0.058
2019-03-09 01:00:00,0.0,17.78,17.78,55.8,20.0,3,144.8,0.0,0.063,0.063
2019-03-09 02:00:00,0.0,17.09,17.09,56.3,20.0,2,144.4,0.0,0.035,0.035
2019-03-09 03:00:00,0.0,16.47,16.47,56.8,20.0,2,131.7,0.0,0.097,0.097
2019-03-09 04:00:00,0.0,15.97,15.97,57.2,20.0,2,156.2,0.0,0.157,0.157
2019-03-09 05:00:00,0.0,15.57,15.57,57.5,20.0,2,146.6,0.0,0.224,0.224
2019-03-09 06:00:00,0.0,16.89,16.89,56.5,20.0,1,145.5,0.0,0.297,0.297
2019-03-09 07:00:00,119.98,21.66,25.32,52.7,48.6,1,179.3,0.0898,0.346,0.4358
2019-03-09 08:00:00,401.02,26.24,42.67,49.0,33.9,0,150.3,0.3052,0.379,0.6842
2019-03-09 09:00:00,655.42,31.06,51.07,45.2,28.4,1,139.8,0.4832,0.432,0.9152
2019-03-09 10:00:00,846.51,33.25,67.81,43.4,27.0,0,143.1,0.5769,0.478,1.0549
2019-03-09 11:00:00,956.77,34.49,73.52,42.4,27.0,0,158.8,0.6327,0.461,1.0937
2019-03-09 12:00:00,977.92,34.99,64.77,42.0,27.0,1,148.5,0.6732,0.417,1.0902
2019-03-09 13:00:00,911.07,34.7,62.48,42.2,26.9,1,133.0,0.6359,0.391,1.0269
2019-03-09 14:00:00,762.15,33.77,57.04,43.0,27.7,1,156.5,0.5483,0.327,0.8753
2019-03-09 15:00:00,562.99,32.26,46.01,44.2,28.5,2,140.7,0.427,0.282,0.709
2019-03-09 16:00:00,332.69,30.06,38.14,45.9,33.8,2,166.1,0.251,0.249,0.5
2019-03-09 17:00:00,114.84,25.94,28.62,49.2,52.8,2,158.1,0.0732,0.225,0.2982
2019-03-09 18:00:00,0.0,23.91,23.91,50.9,20.0,2,142.9,0.0,0.188,0.188
2019-03-09 19:00:00,0.0,22.92,22.92,51.7,20.0,2,160.2,0.0,0.147,0.147
2019-03-09 20:00:00,0.0,22.06,22.06,52.4,20.0,2,148.0,0.0,0.112,0.112
2019-03-09 21:00:00,0.0,21.25,21.25,53.0,20.0,3,155.9,0.0,0.073,0.073
2019-03-09 22:00:00,0.0,20.48,20.48,53.6,20.0,3,152.2,0.0,0.045,0.045
2019-03-09 23:00:00,0.0,19.72,19.72,54.2,20.0,3,138.9,0.0,0.026,0.026
2019-03-10 00:00:00,0.0,18.96,18.96,54.8,20.0,3,142.4,0.0,0.014,0.014
2019-03-10 01:00:00,0.0,18.16,18.16,55.5,20.0,3,159.2,0.0,0.007,0.007
2019-03-10 02:00:00,0.0,17.4,17.4,56.1,20.0,3,145.5,0.0,0.001,0.001
2019-03-10 03:00:00,0.0,16.68,16.68,56.7,20.0,3,144.8,0.0,0.0,0.0
2019-03-10 04:00:00,0.0,16.05,16.05,57.2,20.0,3,139.3,0.0,0.046,0.046
2019-03-10 05:00:00,0.0,15.46,15.46,57.6,20.0,2,153.1,0.0,0.148,0.148
2019-03-10 06:00:00,0.0,16.59,16.59,56.7,20.0,2,169.5,0.0,0.274,0.274
2019-03-10 07:00:00,114.92,20.74,24.24,53.4,54.0,1,138.2,0.0863,0.374,0.4603
2019-03-10 08:00:00,396.6,25.45,37.59,49.6,34.9,1,149.1,0.308,0.43,0.738
2019-03-10 09:00:00,648.38,30.16,45.95,45.9,30.0,2,163.0,0.4881,0.446,0.9341
2019-03-10 10:00:00,837.62,32.13,52.49,44.3,28.5,2,148.1,0.6107,0.425,1.0357
2019-03-10 11:00:00,944.44,33.26,56.2,43.4,28.7,2,153.4,0.6752,0.343,1.0182
2019-03-10 12:00:00,980.61,33.65,57.47,43.1,27.1,2,138.3,0.6971,0.214,0.9111
2019-03-10 13:00:00,913.37,33.48,51.95,43.2,26.9,3,153.2,0.6674,0.101,0.7684
2019-03-10 14:00:00,765.98,32.81,48.32,43.8,27.4,3,147.0,0.572,0.032,0.604
2019-03-10 15:00:00,564.53,31.58,45.37,44.7,28.6,2,158.7,0.4293,0.006,0.4353
2019-03-10 16:00:00,333.44,29.68,37.77,46.3,33.6,2,160.8,0.252,0.001,0.253
2019-03-10 17:00:00,110.82,25.97,28.55,49.2,53.5,2,174.8,0.0699,0.0,0.0699
2019-03-10 18:00:00,0.0,23.93,23.93,50.9,20.0,2,154.7,0.0,0.0,0.0
2019-03-10 19:00:00,0.0,23.05,23.05,51.6,20.0,3,152.1,0.0,0.001,0.001
2019-03-10 20:00:00,0.0,22.22,22.22,52.2,20.0,3,150.8,0.0,0.002,0.002
2019-03-10 21:00:00,0.0,21.28,21.28,53.0,20.0,3,145.3,0.0,0.003,0.003
2019-03-10 22:00:00,0.0,20.34,20.34,53.7,20.0,3,152.3,0.0,0.003,0.003
2019-03-10 23:00:00,0.0,19.4,19.4,54.5,20.0,3,145.9,0.0,0.007,0.007
2019-03-11 00:00:00,0.0,18.45,18.45,55.2,20.0,3,152.1,0.0,0.014,0.014
2019-03-11 01:00:00,0.0,17.5,17.5,56.0,20.0,3,163.6,0.0,0.028,0.028
2019-03-11 02:00:00,0.0,16.6,16.6,56.7,20.0,3,140.3,0.0,0.013,0.013
2019-03-11 03:00:00,0.0,15.81,15.81,57.3,20.0,3,161.8,0.0,0.003,0.003
2019-03-11 04:00:00,0.0,15.14,15.14,57.9,20.0,3,163.6,0.0,0.039,0.039
2019-03-11 05:00:00,0.0,14.58,14.58,58.3,20.0,3,149.2,0.0,0.112,0.112
2019-03-11 06:00:00,0.0,15.52,15.52,57.6,20.0,3,129.2,0.0,0.205,0.205
2019-03-11 07:00:00,131.02,18.93,21.58,54.9,46.0,3,144.3,0.1004,0.294,0.3944
2019-03-11 08:00:00,421.09,24.06,32.61,50.8,30.2,3,163.4,0.3348,0.367,0.7018
2019-03-11 09:00:00,664.15,28.83,42.28,46.9,28.5,3,150.2,0.5079,0.423,0.9309
2019-03-11 10:00:00,854.12,31.43,48.7,44.9,27.0,3,140.4,0.6328,0.451,1.0838
2019-03-11 11:00:00,956.71,33.1,52.42,43.5,27.3,3,145.4,0.6951,0.443,1.1381
2019-03-11 12:00:00,976.45,34.06,53.78,42.8,27.3,3,158.8,0.7052,0.414,1.1192
2019-03-11 13:00:00,907.96,34.3,52.66,42.6,27.8,3,155.9,0.6612,0.412,1.0732
2019-03-11 14:00:00,768.23,33.78,49.34,43.0,27.2,3,148.0,0.5711,0.351,0.9221
2019-03-11 15:00:00,566.64,32.5,44.01,44.0,28.6,3,146.7,0.4333,0.303,0.7363
2019-03-11 16:00:00,335.87,30.45,37.24,45.6,33.7,3,146.5,0.2545,0.278,0.5325
2019-03-11 17:00:00,112.67,26.47,28.66,48.8,52.5,3,141.2,0.0718,0.278,0.3498
2019-03-11 18:00:00,0.0,23.97,23.97,50.8,20.0,3,166.6,0.0,0.317,0.317
2019-03-11 19:00:00,0.0,22.76,22.76,51.8,20.0,3,147.2,0.0,0.386,0.386
2019-03-11 20:00:00,0.0,21.64,21.64,52.7,20.0,3,162.6,0.0,0.441,0.441
2019-03-11 21:00:00,0.0,20.62,20.62,53.5,20.0,3,165.6,0.0,0.42,0.42
2019-03-11 22:00:00,0.0,19.76,19.76,54.2,20.0,4,160.4,0.0,0.352,0.352
2019-03-11 23:00:00,0.0,18.9,18.9,54.9,20.0,4,146.1,0.0,0.293,0.293
2019-03-12 00:00:00,0.0,18.05,18.05,55.6,20.0,4,156.0,0.0,0.248,0.248
2019-03-12 01:00:00,0.0,17.2,17.2,56.2,20.0,4,151.7,0.0,0.151,0.151
2019-03-12 02:00:00,0.0,16.36,16.36,56.9,20.0,3,142.9,0.0,0.066,0.066
2019-03-12 03:00:00,0.0,15.55,15.55,57.6,20.0,3,155.2,0.0,0.102,0.102
2019-03-12 04:00:00,0.0,14.8,14.8,58.2,20.0,3,140.1,0.0,0.033,0.033
2019-03-12 05:00:00,0.0,14.13,14.13,58.7,20.0,3,163.8,0.0,0.014,0.014
2019-03-12 06:00:00,0.0,15.19,15.19,57.8,20.0,3,147.3,0.0,0.027,0.027
2019-03-12 07:00:00,135.71,18.9,22.2,54.9,45.0,2,153.9,0.104,0.055,0.159
2019-03-12 08:00:00,424.7,23.79,34.16,51.0,29.9,2,154.8,0.3356,0.084,0.4196
2019-03-12 09:00:00,666.06,29.14,42.63,46.7,28.6,3,149.3,0.5085,0.105,0.6135
2019-03-12 10:00:00,846.66,32.05,49.16,44.4,28.1,3,157.8,0.6258,0.111,0.7368
2019-03-12 11:00:00,964.3,33.92,53.4,42.9,26.9,3,147.2,0.6976,0.106,0.8036
2019-03-12 12:00:00,979.98,34.98,54.77,42.0,27.1,3,160.6,0.7046,0.127,0.8316
2019-03-12 13:00:00,910.95,35.27,53.69,41.8,27.5,3,138.5,0.6603,0.144,0.8043
2019-03-12 14:00:00,761.89,34.88,50.31,42.1,28.6,3,153.2,0.5638,0.118,0.6818
2019-03-12 15:00:00,568.13,33.72,45.25,43.0,28.6,3,171.3,0.4321,0.06,0.4921
2019-03-12 16:00:00,336.23,31.67,38.46,44.7,33.6,3,141.9,0.2535,0.014,0.2675
2019-03-12 17:00:00,113.14,27.27,29.47,48.2,51.6,3,145.2,0.0724,0.001,0.0734
2019-03-12 18:00:00,0.0,24.82,24.82,50.1,20.0,3,157.1,0.0,0.001,0.001
2019-03-12 19:00:00,0.0,23.67,23.67,51.1,20.0,3,153.7,0.0,0.007,0.007
2019-03-12 20:00:00,0.0,22.58,22.58,51.9,20.0,3,155.4,0.0,0.03,0.03
2019-03-12 21:00:00,0.0,21.59,21.59,52.7,20.0,3,156.8,0.0,0.062,0.062
2019-03-12 22:00:00,0.0,20.74,20.74,53.4,20.0,3,158.3,0.0,0.1,0.1
2019-03-12 23:00:00,0.0,19.95,19.95,54.0,20.0,3,163.0,0.0,0.134,0.134
2019-03-13 00:00:00,0.0,19.18,19.18,54.7,20.0,3,157.5,0.0,0.148,0.148
2019-03-13 01:00:00,0.0,18.43,18.43,55.3,20.0,3,151.0,0.0,0.138,0.138
2019-03-13 02:00:00,0.0,17.69,17.69,55.8,20.0,2,160.2,0.0,0.062,0.062
2019-03-13 03:00:00,0.0,16.99,16.99,56.4,20.0,2,172.4,0.0,0.118,0.118
2019-03-13 04:00:00,0.0,16.38,16.38,56.9,20.0,2,152.1,0.0,0.163,0.163
2019-03-13 05:00:00,0.0,15.86,15.86,57.3,20.0,1,143.7,0.0,0.182,0.182
2019-03-13 06:00:00,0.0,17.26,17.26,56.2,20.0,1,164.5,0.0,0.196,0.196
2019-03-13 07:00:00,133.9,22.04,26.12,52.4,47.0,1,152.2,0.1009,0.203,0.3039
2019-03-13 08:00:00,417.23,26.64,43.74,48.7,33.6,0,131.7,0.3162,0.195,0.5112
2019-03-13 09:00:00,670.81,33.01,60.43,43.6,28.4,0,161.9,0.4743,0.172,0.6463
2019-03-13 10:00:00,859.76,35.82,70.91,41.3,27.0,0,148.1,0.5771,0.142,0.7191
2019-03-13 11:00:00,968.07,37.43,76.9,40.1,27.0,0,152.5,0.6294,0.098,0.7274
2019-03-13 12:00:00,986.44,38.22,78.44,39.4,27.0,0,156.8,0.6364,0.051,0.6874
2019-03-13 13:00:00,919.28,38.3,75.82,39.4,27.0,0,155.4,0.6027,0.023,0.6257
2019-03-13 14:00:00,771.85,37.56,69.12,39.9,26.9,0,160.5,0.5255,0.018,0.5435
2019-03-13 15:00:00,569.2,36.03,59.37,41.2,28.6,0,149.1,0.4071,0.022,0.4291
2019-03-13 16:00:00,337.6,33.2,46.97,43.4,33.6,0,158.6,0.2454,0.025,0.2704
2019-03-13 17:00:00,115.28,28.35,32.88,47.3,53.9,0,150.9,0.0726,0.03,0.1026
2019-03-13 18:00:00,0.0,26.46,26.46,48.8,20.0,0,160.8,0.0,0.039,0.039
2019-03-13 19:00:00,0.0,25.4,25.4,49.7,20.0,0,159.6,0.0,0.046,0.046
2019-03-13 20:00:00,0.0,24.45,24.45,50.4,20.0,0,144.1,0.0,0.041,0.041
2019-03-13 21:00:00,0.0,23.62,23.62,51.1,20.0,1,164.3,0.0,0.015,0.015
2019-03-13 22:00:00,0.0,22.85,22.85,51.7,20.0,1,148.1,0.0,0.003,0.003
2019-03-13 23:00:00,0.0,22.07,22.07,52.3,20.0,1,161.5,0.0,0.003,0.003
2019-03-14 00:00:00,0.0,21.33,21.33,52.9,20.0,1,158.6,0.0,0.009,0.009
2019-03-14 01:00:00,0.0,20.62,20.62,53.5,20.0,2,173.3,0.0,0.021,0.021
2019-03-14 02:00:00,0.0,19.94,19.94,54.0,20.0,2,152.7,0.0,0.012,0.012
2019-03-14 03:00:00,0.0,19.24,19.24,54.6,20.0,2,151.5,0.0,0.009,0.009
2019-03-14 04:00:00,0.0,18.6,18.6,55.1,20.0,2,154.8,0.0,0.012,0.012
2019-03-14 05:00:00,0.0,17.98,17.98,55.6,20.0,2,151.9,0.0,0.015,0.015
2019-03-14 06:00:00,0.0,19.3,19.3,54.6,20.0,2,163.0,0.0,0.019,0.019
2019-03-14 07:00:00,138.62,23.84,28.07,50.9,46.0,1,138.8,0.1039,0.025,0.1289
2019-03-14 08:00:00,422.23,28.31,41.23,47.3,33.6,1,144.4,0.3234,0.028,0.3514
2019-03-14 09:00:00,675.29,34.08,54.69,42.7,28.6,1,144.3,0.4897,0.035,0.5247
2019-03-14 10:00:00,863.41,36.69,71.93,40.6,26.9,0,164.5,0.5766,0.045,0.6216
2019-03-14 11:00:00,967.83,38.14,77.6,39.5,26.8,0,172.1,0.627,0.062,0.689
2019-03-14 12:00:00,988.98,38.77,79.09,39.0,27.0,0,153.9,0.6359,0.104,0.7399
2019-03-14 13:00:00,921.5,38.59,76.19,39.1,27.0,0,153.3,0.603,0.19,0.793
2019-03-14 14:00:00,774.72,37.69,69.36,39.8,27.0,0,155.7,0.5267,0.239,0.7657
2019-03-14 15:00:00,570.64,36.12,59.51,41.1,28.6,0,166.6,0.4077,0.204,0.6117
2019-03-14 16:00:00,337.94,33.66,47.44,43.1,33.5,0,145.7,0.2451,0.146,0.3911
2019-03-14 17:00:00,116.89,29.04,33.65,46.8,53.2,0,157.3,0.074,0.118,0.192
2019-03-14 18:00:00,0.0,27.16,27.16,48.3,20.0,0,164.7,0.0,0.119,0.119
2019-03-14 19:00:00,0.0,26.16,26.16,49.1,20.0,1,160.0,0.0,0.138,0.138
2019-03-14 20:00:00,0.0,25.29,25.29,49.8,20.0,2,156.9,0.0,0.155,0.155
2019-03-14 21:00:00,0.0,24.46,24.46,50.4,20.0,2,165.0,0.0,0.128,0.128
2019-03-14 22:00:00,0.0,23.59,23.59,51.1,20.0,2,127.9,0.0,0.085,0.085
2019-03-14 23:00:00,0.0,22.72,22.72,51.8,20.0,2,161.7,0.0,0.053,0.053
2019-03-15 00:00:00,0.0,21.84,21.84,52.5,20.0,2,149.9,0.0,0.037,0.037
2019-03-15 01:00:00,0.0,20.99,20.99,53.2,20.0,2,138.2,0.0,0.033,0.033
2019-03-15 02:00:00,0.0,20.15,20.15,53.9,20.0,2,161.6,0.0,0.017,0.017
2019-03-15 03:00:00,0.0,19.4,19.4,54.5,20.0,1,170.2,0.0,0.015,0.015
2019-03-15 04:00:00,0.0,18.75,18.75,55.0,20.0,1,155.1,0.0,0.003,0.003
2019-03-15 05:00:00,0.0,18.12,18.12,55.5,20.0,1,166.0,0.0,0.002,0.002
2019-03-15 06:00:00,0.0,19.47,19.47,54.4,20.0,1,172.6,0.0,0.012,0.012
2019-03-15 07:00:00,137.4,23.86,29.47,50.9,48.5,0,169.6,0.1024,0.033,0.1354
2019-03-15 08:00:00,406.88,28.36,45.03,47.3,36.6,0,172.9,0.3059,0.05,0.3559
2019-03-15 09:00:00,673.22,33.69,61.21,43.0,29.3,0,163.9,0.474,0.056,0.53
2019-03-15 10:00:00,851.7,36.41,71.16,40.9,28.9,0,157.2,0.5704,0.06,0.6304
2019-03-15 11:00:00,963.88,37.81,77.11,39.8,27.8,0,140.4,0.6257,0.068,0.6937
2019-03-15 12:00:00,990.49,38.48,78.87,39.2,27.0,0,154.0,0.6375,0.125,0.7625
2019-03-15 13:00:00,923.68,38.35,76.04,39.3,27.1,0,148.0,0.6047,0.22,0.8247
2019-03-15 14:00:00,773.61,37.44,69.05,40.0,31.0,0,178.2,0.526,0.252,0.778
2019-03-15 15:00:00,533.51,35.88,57.73,41.3,35.4,0,154.7,0.3828,0.264,0.6468
2019-03-15 16:00:00,340.3,33.49,47.36,43.2,33.6,0,157.7,0.247,0.259,0.506
2019-03-15 17:00:00,117.31,29.14,32.59,46.7,52.4,1,162.0,0.0751,0.24,0.3151
2019-03-15 18:00:00,0.0,27.09,27.09,48.3,20.0,1,156.9,0.0,0.234,0.234
2019-03-15 19:00:00,0.0,25.98,25.98,49.2,20.0,2,173.4,0.0,0.252,0.252
2019-03-15 20:00:00,0.0,24.92,24.92,50.1,20.0,2,150.2,0.0,0.284,0.284
2019-03-15 21:00:00,0.0,23.88,23.88,50.9,20.0,2,158.4,0.0,0.335,0.335
2019-03-15 22:00:00,0.0,22.91,22.91,51.7,20.0,2,149.0,0.0,0.395,0.395
2019-03-15 23:00:00,0.0,22.01,22.01,52.4,20.0,2,143.3,0.0,0.429,0.429
2019-03-16 00:00:00,0.0,21.16,21.16,53.1,20.0,2,151.8,0.0,0.435,0.435
2019-03-16 01:00:00,0.0,20.39,20.39,53.7,20.0,2,157.6,0.0,0.319,0.319
2019-03-16 02:00:00,0.0,19.67,19.67,54.3,20.0,2,153.7,0.0,0.178,0.178
2019-03-16 03:00:00,0.0,19.0,19.0,54.8,20.0,2,151.0,0.0,0.145,0.145
2019-03-16 04:00:00,0.0,18.36,18.36,55.3,20.0,1,143.9,0.0,0.04,0.04
2019-03-16 05:00:00,0.0,17.8,17.8,55.8,20.0,1,157.1,0.0,0.0,0.0
2019-03-16 06:00:00,0.0,19.33,19.33,54.5,20.0,1,142.9,0.0,0.0,0.0
2019-03-16 07:00:00,142.51,23.93,29.75,50.9,47.2,0,165.6,0.1064,0.001,0.1074
2019-03-16 08:00:00,422.33,28.51,45.81,47.2,35.0,0,158.8,0.317,0.011,0.328
2019-03-16 09:00:00,669.53,33.84,61.2,42.9,30.0,0,143.4,0.4712,0.032,0.5032
2019-03-16 10:00:00,862.85,36.03,71.24,41.2,29.0,0,154.9,0.5776,0.049,0.6266
2019-03-16 11:00:00,975.24,37.25,77.02,40.2,26.9,0,150.4,0.6333,0.053,0.6863
2019-03-16 12:00:00,992.95,37.7,78.18,39.8,27.0,0,161.2,0.6411,0.057,0.6981
2019-03-16 13:00:00,908.59,37.34,74.39,40.1,34.3,0,171.4,0.5983,0.061,0.6593
2019-03-16 14:00:00,620.94,36.41,61.74,40.9,56.0,0,139.2,0.4323,0.074,0.5063
2019-03-16 15:00:00,567.59,34.83,58.08,42.1,34.2,0,159.1,0.4073,0.126,0.5333
2019-03-16 16:00:00,312.61,32.59,45.34,43.9,38.1,0,156.4,0.2284,0.196,0.4244
2019-03-16 17:00:00,125.24,28.71,33.62,47.0,38.7,0,164.7,0.0784,0.256,0.3344
2019-03-16 18:00:00,0.0,26.74,26.74,48.6,20.0,0,160.1,0.0,0.294,0.294
2019-03-16 19:00:00,0.0,25.6,25.6,49.5,20.0,0,150.4,0.0,0.319,0.319
2019-03-16 20:00:00,0.0,24.65,24.65,50.3,20.0,1,154.8,0.0,0.339,0.339
2019-03-16 21:00:00,0.0,23.84,23.84,50.9,20.0,1,150.0,0.0,0.354,0.354
2019-03-16 22:00:00,0.0,23.06,23.06,51.5,20.0,1,168.7,0.0,0.34,0.34
2019-03-16 23:00:00,0.0,22.31,22.31,52.2,20.0,2,158.2,0.0,0.319,0.319
2019-03-17 00:00:00,0.0,21.57,21.57,52.7,20.0,2,178.5,0.0,0.329,0.329
2019-03-17 01:00:00,0.0,20.85,20.85,53.3,20.0,2,158.9,0.0,0.283,0.283
2019-03-17 02:00:00,0.0,20.02,20.02,54.0,20.0,2,152.4,0.0,0.225,0.225
2019-03-17 03:00:00,0.0,19.23,19.23,54.6,20.0,2,144.3,0.0,0.315,0.315
2019-03-17 04:00:00,0.0,18.59,18.59,55.1,20.0,2,141.4,0.0,0.42,0.42
2019-03-17 05:00:00,0.0,18.11,18.11,55.5,20.0,1,143.6,0.0,0.556,0.556
2019-03-17 06:00:00,0.0,19.75,19.75,54.2,20.0,1,162.1,0.0,0.663,0.663
2019-03-17 07:00:00,156.46,24.28,30.67,50.6,43.0,0,164.5,0.1171,0.726,0.8431
2019-03-17 08:00:00,445.44,28.96,47.21,46.8,29.7,0,143.6,0.3333,0.756,1.0893
2019-03-17 09:00:00,685.35,34.11,62.12,42.7,28.5,0,168.4,0.4806,0.765,1.2456
2019-03-17 10:00:00,873.52,36.33,71.97,40.9,26.9,0,154.6,0.5829,0.729,1.3119
2019-03-17 11:00:00,963.4,37.51,76.78,40.0,28.7,0,160.9,0.626,0.624,1.25
2019-03-17 12:00:00,995.38,37.96,78.54,39.6,27.1,0,175.6,0.6414,0.436,1.0774
2019-03-17 13:00:00,926.94,37.66,65.9,39.9,27.1,1,168.4,0.6361,0.294,0.9301
2019-03-17 14:00:00,777.79,36.76,60.5,40.6,26.9,1,156.8,0.5504,0.227,0.7774
2019-03-17 15:00:00,573.41,35.35,52.9,41.7,28.6,1,150.5,0.4218,0.241,0.6628
2019-03-17 16:00:00,341.94,33.23,41.54,43.4,33.4,2,137.9,0.2546,0.224,0.4786
2019-03-17 17:00:00,117.65,29.28,32.04,46.6,47.6,2,152.3,0.0749,0.174,0.2489
2019-03-17 18:00:00,0.0,27.02,27.02,48.4,20.0,2,157.3,0.0,0.124,0.124
2019-03-17 19:00:00,0.0,26.04,26.04,49.2,20.0,2,149.6,0.0,0.096,0.096
2019-03-17 20:00:00,0.0,25.18,25.18,49.9,20.0,2,158.1,0.0,0.095,0.095
2019-03-17 21:00:00,0.0,24.38,24.38,50.5,20.0,2,160.2,0.0,0.06,0.06
2019-03-17 22:00:00,0.0,23.59,23.59,51.1,20.0,2,157.2,0.0,0.03,0.03
2019-03-17 23:00:00,0.0,22.84,22.84,51.7,20.0,2,153.0,0.0,0.03,0.03
2019-03-18 00:00:00,0.0,22.07,22.07,52.3,20.0,2,162.6,0.0,0.058,0.058
2019-03-18 01:00:00,0.0,21.32,21.32,52.9,20.0,2,165.4,0.0,0.089,0.089
2019-03-18 02:00:00,0.0,20.63,20.63,53.5,20.0,1,150.0,0.0,0.064,0.064
2019-03-18 03:00:00,0.0,20.02,20.02,54.0,20.0,1,175.1,0.0,0.025,0.025
2019-03-18 04:00:00,0.0,19.48,19.48,54.4,20.0,1,160.0,0.0,0.003,0.003
2019-03-18 05:00:00,0.0,19.04,19.04,54.8,20.0,1,161.1,0.0,0.012,0.012
2019-03-18 06:00:00,0.0,20.67,20.67,53.5,20.0,1,168.0,0.0,0.046,0.046
2019-03-18 07:00:00,118.65,25.0,28.62,50.0,60.1,1,163.3,0.088,0.1,0.188
2019-03-18 08:00:00,414.86,29.71,46.7,46.2,37.5,0,170.5,0.3096,0.169,0.4786
2019-03-18 09:00:00,636.23,35.04,61.03,42.0,34.3,0,163.8,0.4469,0.245,0.6919
2019-03-18 10:00:00,852.76,37.34,63.32,40.1,30.8,1,154.8,0.5915,0.275,0.8665
2019-03-18 11:00:00,966.94,38.49,67.92,39.2,28.4,1,164.6,0.6549,0.274,0.9289
2019-03-18 12:00:00,994.78,38.9,69.18,38.9,26.9,1,149.5,0.67,0.318,0.988
2019-03-18 13:00:00,920.06,38.59,66.62,39.1,27.7,1,162.0,0.6291,0.379,1.0081
2019-03-18 14:00:00,777.16,37.64,61.36,39.9,27.0,1,160.6,0.5477,0.368,0.9157
2019-03-18 15:00:00,574.35,36.29,53.87,41.0,28.5,1,158.9,0.4206,0.297,0.7176
2019-03-18 16:00:00,342.88,34.42,44.86,42.5,33.5,1,159.7,0.2516,0.219,0.4706
2019-03-18 17:00:00,118.36,30.57,34.06,45.5,46.8,1,142.1,0.075,0.195,0.27
2019-03-18 18:00:00,0.0,28.43,28.43,47.3,20.0,2,155.5,0.0,0.193,0.193
2019-03-18 19:00:00,0.0,27.44,27.44,48.1,20.0,2,161.9,0.0,0.201,0.201
2019-03-18 20:00:00,0.0,26.48,26.48,48.8,20.0,3,162.5,0.0,0.227,0.227
2019-03-18 21:00:00,0.0,25.5,25.5,49.6,20.0,3,150.7,0.0,0.241,0.241
2019-03-18 22:00:00,0.0,24.56,24.56,50.3,20.0,3,173.6,0.0,0.252,0.252
2019-03-18 23:00:00,0.0,23.71,23.71,51.0,20.0,3,152.3,0.0,0.278,0.278
2019-03-19 00:00:00,0.0,22.93,22.93,51.7,20.0,3,172.1,0.0,0.283,0.283
2019-03-19 01:00:00,0.0,22.18,22.18,52.3,20.0,3,166.7,0.0,0.206,0.206
2019-03-19 02:00:00,0.0,21.44,21.44,52.9,20.0,2,156.0,0.0,0.06,0.06
2019-03-19 03:00:00,0.0,20.78,20.78,53.4,20.0,2,180.2,0.0,0.003,0.003
2019-03-19 04:00:00,0.0,20.25,20.25,53.8,20.0,1,150.5,0.0,0.0,0.0
2019-03-19 05:00:00,0.0,19.77,19.77,54.2,20.0,1,171.6,0.0,0.002,0.002
2019-03-19 06:00:00,0.0,21.37,21.37,52.9,20.0,0,172.4,0.0,0.012,0.012
2019-03-19 07:00:00,161.77,25.52,32.12,49.6,40.9,0,155.7,0.1206,0.026,0.1466
2019-03-19 08:00:00,406.35,30.32,46.96,45.7,36.9,0,176.3,0.3026,0.04,0.3426
2019-03-19 09:00:00,647.99,34.83,61.3,42.1,34.2,0,159.9,0.4547,0.057,0.5117
2019-03-19 10:00:00,873.4,36.94,72.58,40.4,27.1,0,165.3,0.5809,0.067,0.6479
2019-03-19 11:00:00,974.25,38.18,77.89,39.5,27.0,0,165.0,0.6296,0.067,0.6966
2019-03-19 12:00:00,989.25,38.68,79.01,39.1,27.0,0,161.1,0.6358,0.088,0.7238
2019-03-19 13:00:00,919.73,38.57,76.1,39.1,27.0,0,170.5,0.6016,0.106,0.7076
2019-03-19 14:00:00,774.7,37.81,69.47,39.8,27.1,0,170.4,0.526,0.095,0.621
2019-03-19 15:00:00,573.43,36.39,59.89,40.9,27.3,0,144.9,0.4089,0.083,0.4919
2019-03-19 16:00:00,340.43,34.23,48.1,42.6,28.4,0,175.5,0.2457,0.101,0.3467
2019-03-19 17:00:00,118.33,30.54,34.04,45.6,53.6,1,145.8,0.0763,0.167,0.2433
2019-03-19 18:00:00,0.0,28.39,28.39,47.3,20.0,2,172.8,0.0,0.295,0.295
2019-03-19 19:00:00,0.0,27.49,27.49,48.0,20.0,2,173.7,0.0,0.447,0.447
2019-03-19 20:00:00,0.0,26.56,26.56,48.8,20.0,3,151.5,0.0,0.55,0.55
2019-03-19 21:00:00,0.0,25.59,25.59,49.5,20.0,3,158.3,0.0,0.55,0.55
2019-03-19 22:00:00,0.0,24.61,24.61,50.3,20.0,3,151.4,0.0,0.519,0.519
2019-03-19 23:00:00,0.0,23.66,23.66,51.1,20.0,3,160.3,0.0,0.505,0.505
2019-03-20 00:00:00,0.0,22.77,22.77,51.8,20.0,3,160.8,0.0,0.507,0.507
2019-03-20 01:00:00,0.0,21.96,21.96,52.4,20.0,3,171.7,0.0,0.402,0.402
2019-03-20 02:00:00,0.0,21.22,21.22,53.0,20.0,2,177.0,0.0,0.233,0.233
2019-03-20 03:00:00,0.0,20.6,20.6,53.5,20.0,2,177.9,0.0,0.3,0.3
2019-03-20 04:00:00,0.0,20.25,20.25,53.8,20.0,2,158.3,0.0,0.259,0.259
2019-03-20 05:00:00,0.0,19.98,19.98,54.0,20.0,2,161.8,0.0,0.266,0.266
2019-03-20 06:00:00,0.0,21.66,21.66,52.7,20.0,1,147.1,0.0,0.313,0.313
2019-03-20 07:00:00,81.64,25.56,28.05,49.6,91.3,1,155.8,0.0588,0.393,0.4518
2019-03-20 08:00:00,80.14,30.32,32.76,45.7,100.0,1,173.5,0.0557,0.484,0.5397
2019-03-20 09:00:00,129.49,34.78,38.72,42.2,100.0,1,180.1,0.0908,0.519,0.6098
2019-03-20 10:00:00,293.57,36.75,48.67,40.6,94.8,0,151.6,0.207,0.497,0.704
2019-03-20 11:00:00,285.7,37.86,49.44,39.7,96.3,0,158.0,0.1997,0.433,0.6327
2019-03-20 12:00:00,530.95,38.24,59.8,39.4,80.3,0,163.6,0.3653,0.348,0.7133
2019-03-20 13:00:00,919.82,37.93,75.46,39.7,27.0,0,166.7,0.6034,0.334,0.9374
2019-03-20 14:00:00,774.55,37.11,68.77,40.3,27.1,0,155.8,0.5275,0.327,0.8545
2019-03-20 15:00:00,572.54,35.74,59.2,41.4,27.4,0,168.1,0.4094,0.3,0.7094
2019-03-20 16:00:00,339.64,33.62,47.46,43.1,28.5,0,159.2,0.2458,0.257,0.5028
2019-03-20 17:00:00,112.49,30.06,34.52,45.9,53.4,0,163.8,0.0723,0.21,0.2823
2019-03-20 18:00:00,0.0,28.0,28.0,47.6,20.0,0,169.4,0.0,0.154,0.154
2019-03-20 19:00:00,0.0,27.14,27.14,48.3,20.0,1,164.0,0.0,0.087,0.087
2019-03-20 20:00:00,0.0,26.2,26.2,49.0,20.0,1,159.5,0.0,0.039,0.039
2019-03-20 21:00:00,0.0,25.24,25.24,49.8,20.0,2,162.8,0.0,0.025,0.025
2019-03-20 22:00:00,0.0,24.29,24.29,50.6,20.0,2,163.0,0.0,0.025,0.025
2019-03-20 23:00:00,0.0,23.31,23.31,51.4,20.0,2,160.2,0.0,0.023,0.023
2019-03-21 00:00:00,0.0,22.36,22.36,52.1,20.0,3,162.8,0.0,0.021,0.021
2019-03-21 01:00:00,0.0,21.5,21.5,52.8,20.0,3,181.3,0.0,0.017,0.017
2019-03-21 02:00:00,0.0,20.67,20.67,53.5,20.0,2,171.0,0.0,0.023,0.023
2019-03-21 03:00:00,0.0,19.97,19.97,54.0,20.0,2,162.4,0.0,0.043,0.043
2019-03-21 04:00:00,0.0,19.4,19.4,54.5,20.0,2,172.3,0.0,0.062,0.062
2019-03-21 05:00:00,0.0,18.96,18.96,54.8,20.0,1,162.0,0.0,0.086,0.086
2019-03-21 06:00:00,0.0,20.75,20.75,53.4,20.0,1,177.1,0.0,0.119,0.119
2019-03-21 07:00:00,106.25,25.0,29.34,50.0,73.5,0,169.1,0.078,0.157,0.235
2019-03-21 08:00:00,417.86,29.88,46.99,46.1,41.0,0,164.3,0.3109,0.2,0.5109
2019-03-21 09:00:00,695.04,33.34,61.73,43.3,31.2,0,169.8,0.4874,0.22,0.7074
2019-03-21 10:00:00,883.32,34.92,70.95,42.1,27.1,0,149.6,0.5917,0.212,0.8037
2019-03-21 11:00:00,984.25,35.77,65.73,41.4,27.0,1,154.1,0.6731,0.192,0.8651
2019-03-21 12:00:00,1000.72,36.05,66.51,41.2,26.9,1,153.4,0.6819,0.167,0.8489
2019-03-21 13:00:00,932.03,35.69,64.09,41.4,27.0,1,166.8,0.6444,0.145,0.7894
2019-03-21 14:00:00,783.22,34.83,53.89,42.1,26.9,2,182.7,0.5702,0.113,0.6832
2019-03-21 15:00:00,577.21,33.38,47.47,43.3,28.6,2,187.7,0.4344,0.068,0.5024
2019-03-21 16:00:00,345.74,31.49,39.89,44.8,33.4,2,171.7,0.2592,0.028,0.2872
2019-03-21 17:00:00,119.35,28.54,31.36,47.2,51.9,2,170.4,0.0785,0.015,0.0935
2019-03-21 18:00:00,0.0,26.11,26.11,49.1,20.0,2,147.3,0.0,0.012,0.012
2019-03-21 19:00:00,0.0,25.12,25.12,49.9,20.0,2,159.9,0.0,0.012,0.012
2019-03-21 20:00:00,0.0,24.26,24.26,50.6,20.0,2,157.5,0.0,0.012,0.012
2019-03-21 21:00:00,0.0,23.45,23.45,51.2,20.0,2,159.1,0.0,0.018,0.018
2019-03-21 22:00:00,0.0,22.66,22.66,51.9,20.0,2,163.7,0.0,0.031,0.031
2019-03-21 23:00:00,0.0,21.88,21.88,52.5,20.0,2,160.6,0.0,0.038,0.038
2019-03-22 00:00:00,0.0,21.11,21.11,53.1,20.0,2,147.0,0.0,0.039,0.039
2019-03-22 01:00:00,0.0,20.32,20.32,53.7,20.0,2,174.3,0.0,0.046,0.046
2019-03-22 02:00:00,0.0,19.57,19.57,54.3,20.0,2,156.1,0.0,0.031,0.031
2019-03-22 03:00:00,0.0,18.84,18.84,54.9,20.0,2,169.2,0.0,0.047,0.047
2019-03-22 04:00:00,0.0,18.25,18.25,55.4,20.0,1,187.6,0.0,0.039,0.039
2019-03-22 05:00:00,0.0,17.8,17.8,55.8,20.0,1,157.6,0.0,0.028,0.028
2019-03-22 06:00:00,0.93,19.63,19.67,54.3,20.0,0,141.5,0.0,0.023,0.023
2019-03-22 07:00:00,150.38,23.98,30.12,50.8,53.8,0,163.9,0.1129,0.026,0.1389
2019-03-22 08:00:00,427.84,28.92,46.44,46.9,38.1,0,177.8,0.3195,0.037,0.3565
2019-03-22 09:00:00,698.33,32.99,61.52,43.6,31.2,0,186.4,0.4901,0.054,0.5441
2019-03-22 10:00:00,888.72,35.02,71.27,42.0,27.0,0,154.5,0.5943,0.072,0.6663
2019-03-22 11:00:00,987.72,36.33,76.59,40.9,26.9,0,171.8,0.642,0.092,0.734
2019-03-22 12:00:00,1000.98,36.87,67.33,40.5,26.9,1,162.2,0.6794,0.144,0.8234
2019-03-22 13:00:00,930.09,36.74,65.08,40.6,26.9,1,165.8,0.6401,0.202,0.8421
2019-03-22 14:00:00,782.46,36.0,59.88,41.2,27.0,1,193.3,0.5548,0.234,0.7888
2019-03-22 15:00:00,574.4,34.6,52.17,42.3,29.2,1,151.8,0.4234,0.314,0.7374
2019-03-22 16:00:00,338.38,32.61,42.91,43.9,36.4,1,169.3,0.2505,0.413,0.6635
2019-03-22 17:00:00,110.59,29.22,32.51,46.6,56.4,1,171.5,0.0726,0.474,0.5466
2019-03-22 18:00:00,0.0,26.89,26.89,48.5,20.0,1,177.7,0.0,0.503,0.503
2019-03-22 19:00:00,0.0,25.91,25.91,49.3,20.0,1,167.8,0.0,0.507,0.507
2019-03-22 20:00:00,0.0,25.04,25.04,50.0,20.0,1,169.9,0.0,0.49,0.49
2019-03-22 21:00:00,0.0,24.25,24.25,50.6,20.0,1,162.9,0.0,0.435,0.435
2019-03-22 22:00:00,0.0,23.54,23.54,51.2,20.0,1,169.5,0.0,0.386,0.386
2019-03-22 23:00:00,0.0,22.88,22.88,51.7,20.0,1,163.4,0.0,0.362,0.362
2019-03-23 00:00:00,0.0,22.27,22.27,52.2,20.0,2,174.5,0.0,0.364,0.364
2019-03-23 01:00:00,0.0,21.67,21.67,52.7,20.0,2,164.6,0.0,0.29,0.29
2019-03-23 02:00:00,0.0,21.13,21.13,53.1,20.0,2,172.0,0.0,0.124,0.124
2019-03-23 03:00:00,0.0,20.6,20.6,53.5,20.0,2,168.0,0.0,0.097,0.097
2019-03-23 04:00:00,0.0,20.11,20.11,53.9,20.0,2,179.5,0.0,0.013,0.013
2019-03-23 05:00:00,0.0,19.65,19.65,54.3,20.0,2,167.7,0.0,0.0,0.0
2019-03-23 06:00:00,1.85,21.44,21.5,52.8,20.0,1,150.5,0.0,0.0,0.0
2019-03-23 07:00:00,194.86,25.61,31.55,49.5,34.9,1,180.9,0.1475,0.001,0.1485
2019-03-23 08:00:00,348.22,30.41,44.65,45.7,54.6,0,159.2,0.2588,0.003,0.2618
2019-03-23 09:00:00,233.06,33.64,43.12,43.1,88.6,0,161.7,0.1676,0.009,0.1766
2019-03-23 10:00:00,844.26,35.49,69.89,41.6,40.6,0,162.3,0.5661,0.028,0.5941
2019-03-23 11:00:00,975.32,36.65,76.4,40.7,27.0,0,182.0,0.6344,0.059,0.6934
2019-03-23 12:00:00,989.34,37.14,77.46,40.3,27.0,0,146.9,0.6403,0.118,0.7583
2019-03-23 13:00:00,918.95,37.0,74.48,40.4,27.0,0,199.6,0.6054,0.159,0.7644
2019-03-23 14:00:00,761.39,36.24,59.47,41.0,32.5,1,178.8,0.5398,0.133,0.6728
2019-03-23 15:00:00,573.1,34.89,52.43,42.1,27.4,1,170.5,0.4221,0.135,0.5571
2019-03-23 16:00:00,340.86,32.92,43.28,43.7,28.4,1,167.7,0.2511,0.181,0.4321
2019-03-23 17:00:00,119.52,29.71,33.25,46.2,47.3,1,171.1,0.0777,0.223,0.3007
2019-03-23 18:00:00,0.0,27.51,27.51,48.0,20.0,1,173.5,0.0,0.248,0.248
2019-03-23 19:00:00,0.0,26.63,26.63,48.7,20.0,1,174.7,0.0,0.284,0.284
2019-03-23 20:00:00,0.0,25.82,25.82,49.3,20.0,1,173.8,0.0,0.323,0.323
2019-03-23 21:00:00,0.0,25.08,25.08,49.9,20.0,2,169.1,0.0,0.287,0.287
2019-03-23 22:00:00,0.0,24.45,24.45,50.4,20.0,2,166.3,0.0,0.228,0.228
2019-03-23 23:00:00,0.0,23.86,23.86,50.9,20.0,2,166.7,0.0,0.212,0.212
2019-03-24 00:00:00,0.0,23.26,23.26,51.4,20.0,2,167.7,0.0,0.219,0.219
2019-03-24 01:00:00,0.0,22.63,22.63,51.9,20.0,2,181.0,0.0,0.193,0.193
2019-03-24 02:00:00,0.0,22.09,22.09,52.3,20.0,2,175.6,0.0,0.069,0.069
2019-03-24 03:00:00,0.0,21.64,21.64,52.7,20.0,2,140.3,0.0,0.03,0.03
2019-03-24 04:00:00,0.0,21.2,21.2,53.0,20.0,2,176.2,0.0,0.007,0.007
2019-03-24 05:00:00,0.0,20.74,20.74,53.4,20.0,2,171.6,0.0,0.001,0.001
2019-03-24 06:00:00,2.78,22.31,22.4,52.1,20.0,1,169.5,0.0,0.0,0.0
2019-03-24 07:00:00,190.37,26.3,32.11,49.0,39.9,1,165.8,0.1437,0.0,0.1437
2019-03-24 08:00:00,470.65,31.06,45.45,45.2,28.3,1,180.9,0.3549,0.0,0.3549
2019-03-24 09:00:00,703.34,34.13,62.87,42.7,27.4,0,179.2,0.491,0.001,0.492
2019-03-24 10:00:00,879.75,36.09,71.97,41.1,27.1,0,162.0,0.5862,0.002,0.5882
2019-03-24 11:00:00,975.74,37.34,77.11,40.1,27.0,0,173.8,0.6324,0.005,0.6374
2019-03-24 12:00:00,988.53,37.89,78.18,39.7,27.0,0,160.0,0.6374,0.018,0.6554
2019-03-24 13:00:00,847.51,37.8,72.34,39.8,40.5,0,155.9,0.5619,0.047,0.6089
2019-03-24 14:00:00,677.1,37.08,64.72,40.3,43.2,0,163.4,0.4667,0.075,0.5417
2019-03-24 15:00:00,470.73,35.74,54.99,41.4,54.3,0,178.3,0.3384,0.118,0.4564
2019-03-24 16:00:00,179.97,33.78,41.14,43.0,86.8,0,179.2,0.131,0.158,0.289
2019-03-24 17:00:00,26.03,30.56,31.61,45.6,100.0,0,174.8,0.0137,0.185,0.1987
2019-03-24 18:00:00,0.0,28.45,28.45,47.2,20.0,0,176.9,0.0,0.236,0.236
2019-03-24 19:00:00,0.0,27.56,27.56,48.0,20.0,1,174.8,0.0,0.302,0.302
2019-03-24 20:00:00,0.0,26.71,26.71,48.6,20.0,1,163.3,0.0,0.361,0.361
2019-03-24 21:00:00,0.0,25.96,25.96,49.2,20.0,1,174.0,0.0,0.349,0.349
2019-03-24 22:00:00,0.0,25.26,25.26,49.8,20.0,2,177.7,0.0,0.315,0.315
2019-03-24 23:00:00,0.0,24.78,24.78,50.2,20.0,2,177.2,0.0,0.353,0.353
2019-03-25 00:00:00,0.0,24.16,24.16,50.7,20.0,2,183.0,0.0,0.398,0.398
2019-03-25 01:00:00,0.0,23.2,23.2,51.4,20.0,2,178.2,0.0,0.341,0.341
2019-03-25 02:00:00,0.0,22.27,22.27,52.2,20.0,2,174.6,0.0,0.133,0.133
2019-03-25 03:00:00,0.0,21.56,21.56,52.8,20.0,2,181.8,0.0,0.104,0.104
2019-03-25 04:00:00,0.0,20.94,20.94,53.3,20.0,2,170.8,0.0,0.021,0.021
2019-03-25 05:00:00,0.0,21.05,21.05,53.2,20.0,1,162.3,0.0,0.008,0.008
2019-03-25 06:00:00,2.78,22.5,22.58,52.0,20.0,1,169.5,0.0,0.014,0.014
2019-03-25 07:00:00,169.0,24.74,29.89,50.2,47.4,1,163.7,0.128,0.037,0.165
2019-03-25 08:00:00,253.94,28.4,36.14,47.3,74.0,1,164.4,0.1918,0.066,0.2578
2019-03-25 09:00:00,687.83,32.77,53.74,43.8,35.9,1,169.7,0.4986,0.088,0.5866
2019-03-25 10:00:00,863.64,35.21,61.5,41.8,32.0,1,163.2,0.6029,0.1,0.7029
2019-03-25 11:00:00,980.09,36.75,66.57,40.6,27.0,1,168.0,0.6673,0.089,0.7563
2019-03-25 12:00:00,652.85,37.64,64.16,39.9,68.5,0,152.2,0.4436,0.074,0.5176
2019-03-25 13:00:00,903.65,37.64,74.47,39.9,37.1,0,173.2,0.5936,0.056,0.6496
2019-03-25 14:00:00,738.29,36.76,66.91,40.6,35.3,0,171.1,0.5053,0.025,0.5303
2019-03-25 15:00:00,556.72,35.24,52.26,41.8,32.9,1,162.9,0.4092,0.017,0.4262
2019-03-25 16:00:00,340.48,33.12,43.48,43.5,32.3,1,177.7,0.251,0.055,0.306
2019-03-25 17:00:00,120.98,30.09,32.95,45.9,46.2,2,180.5,0.0791,0.112,0.1911
2019-03-25 18:00:00,0.0,27.72,27.72,47.8,20.0,3,155.0,0.0,0.14,0.14
2019-03-25 19:00:00,0.0,26.63,26.63,48.7,20.0,3,163.5,0.0,0.13,0.13
2019-03-25 20:00:00,0.0,25.36,25.36,49.7,20.0,3,163.4,0.0,0.105,0.105
2019-03-25 21:00:00,0.0,24.1,24.1,50.7,20.0,3,161.7,0.0,0.101,0.101
2019-03-25 22:00:00,0.0,23.05,23.05,51.6,20.0,3,179.4,0.0,0.107,0.107
2019-03-25 23:00:00,0.0,22.16,22.16,52.3,20.0,3,169.2,0.0,0.081,0.081
2019-03-26 00:00:00,0.0,21.38,21.38,52.9,20.0,3,169.9,0.0,0.118,0.118
2019-03-26 01:00:00,0.0,20.7,20.7,53.4,20.0,3,152.5,0.0,0.176,0.176
2019-03-26 02:00:00,0.0,20.1,20.1,53.9,20.0,2,178.9,0.0,0.157,0.157
2019-03-26 03:00:00,0.0,19.61,19.61,54.3,20.0,2,160.1,0.0,0.264,0.264
2019-03-26 04:00:00,0.0,19.2,19.2,54.6,20.0,2,173.1,0.0,0.2,0.2
2019-03-26 05:00:00,0.0,18.87,18.87,54.9,20.0,2,175.3,0.0,0.104,0.104
2019-03-26 06:00:00,4.63,20.92,21.06,53.3,20.0,1,186.1,0.0,0.055,0.055
2019-03-26 07:00:00,193.59,24.86,30.77,50.1,41.1,1,159.4,0.1473,0.061,0.2083
2019-03-26 08:00:00,477.3,29.21,40.85,46.6,31.4,2,142.3,0.3665,0.115,0.4815
2019-03-26 09:00:00,715.35,31.51,53.33,44.8,28.5,1,174.4,0.5206,0.153,0.6736
2019-03-26 10:00:00,897.81,33.28,60.62,43.4,26.9,1,190.5,0.6298,0.156,0.7858
2019-03-26 11:00:00,997.32,34.47,64.82,42.4,27.1,1,184.9,0.6842,0.144,0.8282
2019-03-26 12:00:00,1010.53,35.05,65.8,42.0,27.2,1,174.6,0.6902,0.151,0.8412
2019-03-26 13:00:00,937.37,35.0,57.77,42.0,27.1,2,167.6,0.666,0.131,0.797
2019-03-26 14:00:00,787.32,34.33,53.49,42.5,26.9,2,180.6,0.5737,0.125,0.6987
2019-03-26 15:00:00,581.81,33.08,47.28,43.5,28.6,2,162.8,0.4379,0.253,0.6909
2019-03-26 16:00:00,349.25,31.28,39.76,45.0,33.3,2,177.3,0.2619,0.392,0.6539
2019-03-26 17:00:00,122.68,28.47,31.37,47.2,45.9,2,177.6,0.081,0.45,0.531
2019-03-26 18:00:00,0.0,26.02,26.02,49.2,20.0,2,183.1,0.0,0.482,0.482
2019-03-26 19:00:00,0.0,25.09,25.09,49.9,20.0,1,200.1,0.0,0.517,0.517
2019-03-26 20:00:00,0.0,24.34,24.34,50.5,20.0,1,176.4,0.0,0.516,0.516
2019-03-26 21:00:00,0.0,23.64,23.64,51.1,20.0,1,167.4,0.0,0.457,0.457
2019-03-26 22:00:00,0.0,22.93,22.93,51.7,20.0,1,172.3,0.0,0.529,0.529
2019-03-26 23:00:00,0.0,22.27,22.27,52.2,20.0,1,154.8,0.0,0.449,0.449
2019-03-27 00:00:00,0.0,21.74,21.74,52.6,20.0,1,167.0,0.0,0.376,0.376
2019-03-27 01:00:00,0.0,21.24,21.24,53.0,20.0,1,169.8,0.0,0.241,0.241
2019-03-27 02:00:00,0.0,20.7,20.7,53.4,20.0,1,168.7,0.0,0.084,0.084
2019-03-27 03:00:00,0.0,20.13,20.13,53.9,20.0,1,175.4,0.0,0.034,0.034
2019-03-27 04:00:00,0.0,19.68,19.68,54.3,20.0,1,165.7,0.0,0.001,0.001
2019-03-27 05:00:00,0.0,19.35,19.35,54.5,20.0,1,185.1,0.0,0.0,0.0
2019-03-27 06:00:00,1.85,21.28,21.35,53.0,20.0,0,173.9,0.0,0.003,0.003
2019-03-27 07:00:00,96.26,25.37,29.3,49.7,91.7,0,173.8,0.0701,0.023,0.0931
2019-03-27 08:00:00,299.5,30.06,42.29,46.0,68.4,0,170.6,0.2223,0.054,0.2763
2019-03-27 09:00:00,389.9,33.31,45.16,43.4,78.0,1,175.5,0.2856,0.084,0.3696
2019-03-27 10:00:00,540.38,34.43,50.83,42.5,73.1,1,182.2,0.3885,0.118,0.5065
2019-03-27 11:00:00,576.78,34.39,51.87,42.5,77.7,1,165.3,0.4118,0.142,0.5538
2019-03-27 12:00:00,314.56,34.3,41.9,42.6,96.0,2,167.3,0.2283,0.186,0.4143
2019-03-27 13:00:00,296.13,34.0,41.16,42.8,96.8,2,170.9,0.2156,0.209,0.4246
2019-03-27 14:00:00,197.32,33.42,38.2,43.3,99.5,2,160.5,0.1431,0.173,0.3161
2019-03-27 15:00:00,129.49,32.88,36.83,43.7,100.0,1,165.7,0.0926,0.117,0.2096
2019-03-27 16:00:00,148.22,32.36,36.89,44.1,97.5,1,169.2,0.1086,0.074,0.1826
2019-03-27 17:00:00,43.85,29.28,30.6,46.6,100.0,1,182.7,0.0269,0.049,0.0759
2019-03-27 18:00:00,0.0,27.09,27.09,48.3,20.0,2,176.6,0.0,0.037,0.037
2019-03-27 19:00:00,0.0,26.4,26.4,48.9,20.0,2,175.9,0.0,0.031,0.031
2019-03-27 20:00:00,0.0,25.68,25.68,49.5,20.0,3,182.4,0.0,0.033,0.033
2019-03-27 21:00:00,0.0,24.91,24.91,50.1,20.0,3,172.6,0.0,0.037,0.037
2019-03-27 22:00:00,0.0,24.16,24.16,50.7,20.0,3,177.8,0.0,0.042,0.042
2019-03-27 23:00:00,0.0,23.45,23.45,51.2,20.0,3,172.9,0.0,0.055,0.055
2019-03-28 00:00:00,0.0,22.8,22.8,51.8,20.0,3,178.0,0.0,0.076,0.076
2019-03-28 01:00:00,0.0,22.15,22.15,52.3,20.0,3,169.5,0.0,0.087,0.087
2019-03-28 02:00:00,0.0,21.43,21.43,52.9,20.0,2,150.9,0.0,0.033,0.033
2019-03-28 03:00:00,0.0,20.72,20.72,53.4,20.0,2,174.0,0.0,0.001,0.001
2019-03-28 04:00:00,0.0,20.1,20.1,53.9,20.0,2,189.5,0.0,0.001,0.001
2019-03-28 05:00:00,0.0,19.62,19.62,54.3,20.0,2,184.6,0.0,0.007,0.007
2019-03-28 06:00:00,5.56,21.61,21.78,52.7,20.0,1,185.0,0.0,0.022,0.022
2019-03-28 07:00:00,160.75,25.14,30.04,49.9,54.2,1,187.7,0.1215,0.045,0.1665
2019-03-28 08:00:00,481.83,29.47,44.21,46.4,28.2,1,176.2,0.3651,0.073,0.4381
2019-03-28 09:00:00,712.15,32.91,54.63,43.7,27.4,1,177.3,0.5152,0.1,0.6152
2019-03-28 10:00:00,881.96,35.36,62.22,41.7,27.1,1,169.1,0.6141,0.114,0.7281
2019-03-28 11:00:00,978.04,36.86,66.62,40.5,27.1,1,172.2,0.6654,0.11,0.7754
2019-03-28 12:00:00,988.82,37.66,67.76,39.9,27.0,1,181.5,0.6693,0.087,0.7563
2019-03-28 13:00:00,692.2,37.76,65.91,39.8,64.6,0,187.4,0.4688,0.05,0.5188
2019-03-28 14:00:00,194.14,37.1,44.99,40.3,93.8,0,173.9,0.1366,0.034,0.1706
2019-03-28 15:00:00,433.0,35.8,53.49,41.4,60.3,0,170.8,0.3118,0.041,0.3528
2019-03-28 16:00:00,306.04,33.68,43.0,43.1,43.9,1,175.3,0.2258,0.05,0.2758
2019-03-28 17:00:00,127.15,30.99,34.72,45.2,32.5,1,181.3,0.0801,0.048,0.1281
2019-03-28 18:00:00,0.0,29.25,29.25,46.6,20.0,2,160.9,0.0,0.038,0.038
2019-03-28 19:00:00,0.0,28.32,28.32,47.3,20.0,2,152.4,0.0,0.029,0.029
2019-03-28 20:00:00,0.0,27.3,27.3,48.2,20.0,3,169.8,0.0,0.023,0.023
2019-03-28 21:00:00,0.0,26.28,26.28,49.0,20.0,3,163.1,0.0,0.014,0.014
2019-03-28 22:00:00,0.0,25.33,25.33,49.7,20.0,3,170.2,0.0,0.007,0.007
2019-03-28 23:00:00,0.0,24.58,24.58,50.3,20.0,3,173.8,0.0,0.004,0.004
2019-03-29 00:00:00,0.0,23.95,23.95,50.8,20.0,3,172.2,0.0,0.003,0.003
2019-03-29 01:00:00,0.0,22.98,22.98,51.6,20.0,2,191.2,0.0,0.002,0.002
2019-03-29 02:00:00,0.0,21.9,21.9,52.5,20.0,2,180.0,0.0,0.0,0.0
2019-03-29 03:00:00,0.0,21.19,21.19,53.0,20.0,2,179.7,0.0,0.001,0.001
2019-03-29 04:00:00,0.0,20.72,20.72,53.4,20.0,1,182.9,0.0,0.004,0.004
2019-03-29 05:00:00,0.0,20.37,20.37,53.7,20.0,1,165.3,0.0,0.008,0.008
2019-03-29 06:00:00,7.42,22.53,22.75,52.0,20.0,1,187.1,0.0011,0.011,0.0121
2019-03-29 07:00:00,67.98,26.26,29.04,49.0,100.0,0,175.9,0.0476,0.015,0.0626
2019-03-29 08:00:00,144.38,31.43,37.31,44.9,99.4,0,183.4,0.1038,0.022,0.1258
2019-03-29 09:00:00,716.99,34.93,64.22,42.1,27.3,0,166.0,0.497,0.038,0.535
2019-03-29 10:00:00,728.09,36.78,66.42,40.6,49.3,0,161.2,0.4939,0.066,0.5599
2019-03-29 11:00:00,860.97,38.13,73.17,39.5,45.4,0,184.9,0.5657,0.096,0.6617
2019-03-29 12:00:00,861.56,38.58,64.76,39.1,44.9,1,180.5,0.5888,0.105,0.6938
2019-03-29 13:00:00,787.79,38.28,62.24,39.4,47.2,1,167.7,0.5457,0.07,0.6157
2019-03-29 14:00:00,751.72,37.44,60.35,40.0,39.4,1,168.0,0.5293,0.038,0.5673
2019-03-29 15:00:00,450.18,36.09,49.83,41.1,59.9,1,187.9,0.3299,0.024,0.3539
2019-03-29 16:00:00,258.9,34.1,40.4,42.7,66.4,2,164.8,0.1926,0.027,0.2196
2019-03-29 17:00:00,92.6,31.32,33.54,44.9,80.0,2,193.1,0.0621,0.054,0.1161
2019-03-29 18:00:00,0.95,29.03,29.05,46.8,20.0,2,167.7,0.0,0.109,0.109
2019-03-29 19:00:00,0.0,28.2,28.2,47.4,20.0,3,183.1,0.0,0.171,0.171
2019-03-29 20:00:00,0.0,27.32,27.32,48.1,20.0,3,173.4,0.0,0.236,0.236
2019-03-29 21:00:00,0.0,26.47,26.47,48.8,20.0,3,182.7,0.0,0.283,0.283
2019-03-29 22:00:00,0.0,25.58,25.58,49.5,20.0,2,171.3,0.0,0.31,0.31
2019-03-29 23:00:00,0.0,24.84,24.84,50.1,20.0,2,175.1,0.0,0.32,0.32
2019-03-30 00:00:00,0.0,23.85,23.85,50.9,20.0,2,178.5,0.0,0.306,0.306
2019-03-30 01:00:00,0.0,23.2,23.2,51.4,20.0,2,168.0,0.0,0.243,0.243
2019-03-30 02:00:00,0.0,22.46,22.46,52.0,20.0,2,185.5,0.0,0.113,0.113
2019-03-30 03:00:00,0.0,21.66,21.66,52.7,20.0,2,172.9,0.0,0.131,0.131
2019-03-30 04:00:00,0.0,21.01,21.01,53.2,20.0,2,175.8,0.0,0.124,0.124
2019-03-30 05:00:00,0.0,20.54,20.54,53.6,20.0,2,168.1,0.0,0.118,0.118
2019-03-30 06:00:00,7.42,22.52,22.7,52.0,20.0,2,152.4,0.0011,0.124,0.1251
2019-03-30 07:00:00,208.76,25.8,32.16,49.4,37.2,1,176.1,0.1587,0.141,0.2997
2019-03-30 08:00:00,454.68,30.39,44.28,45.7,35.9,1,202.2,0.3429,0.156,0.4989
2019-03-30 09:00:00,718.79,32.6,54.52,43.9,31.8,1,185.9,0.5195,0.16,0.6795
2019-03-30 10:00:00,898.95,33.88,61.25,42.9,27.1,1,177.9,0.6284,0.156,0.7844
2019-03-30 11:00:00,991.4,35.19,59.25,41.8,27.0,2,175.4,0.6969,0.146,0.8429
2019-03-30 12:00:00,964.76,36.86,60.26,40.5,36.0,2,178.3,0.6739,0.146,0.8199
2019-03-30 13:00:00,928.98,36.78,59.35,40.6,27.0,2,183.5,0.6552,0.155,0.8102
2019-03-30 14:00:00,781.18,36.13,51.94,41.1,27.0,3,166.3,0.5726,0.179,0.7516
2019-03-30 15:00:00,577.4,34.84,46.56,42.1,27.3,3,189.2,0.4357,0.222,0.6577
2019-03-30 16:00:00,345.06,33.07,40.03,43.5,28.2,3,185.2,0.2576,0.282,0.5396
2019-03-30 17:00:00,129.24,30.54,33.08,45.6,40.8,3,185.2,0.0847,0.355,0.4397
2019-03-30 18:00:00,0.95,27.99,28.01,47.6,20.0,3,182.4,0.0,0.415,0.415
2019-03-30 19:00:00,0.0,26.95,26.95,48.4,20.0,3,178.3,0.0,0.467,0.467
2019-03-30 20:00:00,0.0,26.07,26.07,49.1,20.0,3,184.8,0.0,0.522,0.522
2019-03-30 21:00:00,0.0,25.19,25.19,49.8,20.0,3,184.0,0.0,0.569,0.569
2019-03-30 22:00:00,0.0,24.34,24.34,50.5,20.0,3,174.5,0.0,0.601,0.601
2019-03-30 23:00:00,0.0,23.6,23.6,51.1,20.0,3,172.3,0.0,0.586,0.586
2019-03-31 00:00:00,0.0,23.04,23.04,51.6,20.0,3,180.4,0.0,0.532,0.532
2019-03-31 01:00:00,0.0,22.48,22.48,52.0,20.0,3,194.9,0.0,0.377,0.377
2019-03-31 02:00:00,0.0,21.82,21.82,52.5,20.0,3,167.0,0.0,0.241,0.241
2019-03-31 03:00:00,0.0,21.16,21.16,53.1,20.0,3,164.7,0.0,0.422,0.422
2019-03-31 04:00:00,0.0,20.39,20.39,53.7,20.0,3,181.1,0.0,0.388,0.388
2019-03-31 05:00:00,0.0,19.62,19.62,54.3,20.0,3,179.9,0.0,0.362,0.362
2019-03-31 06:00:00,9.27,20.99,21.18,53.2,20.0,3,181.1,0.0025,0.413,0.4155
2019-03-31 07:00:00,220.37,24.57,29.93,50.3,38.2,2,181.9,0.1697,0.503,0.6727
2019-03-31 08:00:00,495.42,29.53,39.57,46.4,31.3,3,177.2,0.3823,0.571,0.9533
2019-03-31 09:00:00,729.7,32.01,46.77,44.4,28.6,3,194.3,0.5455,0.613,1.1585
2019-03-31 10:00:00,908.75,33.88,52.23,42.9,26.9,3,163.4,0.6606,0.654,1.3146
2019-03-31 11:00:00,1005.49,35.25,55.54,41.8,27.2,3,171.1,0.718,0.668,1.386
2019-03-31 12:00:00,1016.38,36.02,53.58,41.2,27.3,4,178.4,0.7319,0.565,1.2969
2019-03-31 13:00:00,940.9,36.2,52.46,41.0,27.1,4,163.0,0.6835,0.51,1.1935
2019-03-31 14:00:00,790.5,35.75,49.45,41.4,26.9,4,177.7,0.5856,0.481,1.0666
2019-03-31 15:00:00,583.38,34.64,44.77,42.3,28.5,4,196.0,0.4434,0.482,0.9254
2019-03-31 16:00:00,350.75,32.94,39.0,43.6,31.5,4,179.6,0.2635,0.471,0.7345
2019-03-31 17:00:00,129.9,30.53,33.08,45.6,40.6,3,181.7,0.0852,0.445,0.5302
2019-03-31 18:00:00,0.95,27.86,27.88,47.7,20.0,3,166.8,0.0,0.441,0.441
2019-03-31 19:00:00,0.0,26.69,26.69,48.6,20.0,3,173.2,0.0,0.41,0.41
2019-03-31 20:00:00,0.0,25.84,25.84,49.3,20.0,3,175.7,0.0,0.382,0.382
2019-03-31 21:00:00,0.0,25.06,25.06,49.9,20.0,3,176.2,0.0,0.305,0.305
2019-03-31 22:00:00,0.0,24.28,24.28,50.6,20.0,4,192.2,0.0,0.22,0.22
2019-03-31 23:00:00,0.0,23.52,23.52,51.2,20.0,4,185.0,0.0,0.169,0.169
2019-04-01 00:00:00,0.0,22.79,22.79,51.8,20.0,4,169.6,0.0,0.157,0.157
2019-04-01 01:00:00,0.0,22.06,22.06,52.4,20.0,4,183.2,0.0,0.113,0.113
2019-04-01 02:00:00,0.0,21.37,21.37,52.9,20.0,4,185.7,0.0,0.081,0.081
2019-04-01 03:00:00,0.0,20.75,20.75,53.4,20.0,3,192.2,0.0,0.09,0.09
2019-04-01 04:00:00,0.0,20.21,20.21,53.8,20.0,3,196.6,0.0,0.046,0.046
2019-04-01 05:00:00,0.0,21.28,21.28,53.0,20.0,1,170.6,0.0,0.052,0.052
2019-04-01 06:00:00,10.2,23.1,23.4,51.5,100.0,1,172.6,0.0031,0.078,0.0811
2019-04-01 07:00:00,196.61,25.9,31.9,49.3,45.4,1,168.2,0.1493,0.108,0.2573
2019-04-01 08:00:00,476.12,29.69,44.24,46.3,33.1,1,178.4,0.3597,0.138,0.4977
2019-04-01 09:00:00,705.42,35.05,63.84,42.0,32.1,0,185.4,0.4887,0.152,0.6407
2019-04-01 10:00:00,882.18,38.22,65.07,39.4,30.3,1,190.6,0.6055,0.133,0.7385
2019-04-01 11:00:00,979.44,39.46,69.25,38.4,30.5,1,180.0,0.6574,0.096,0.7534
2019-04-01 12:00:00,991.22,39.88,70.03,38.1,30.5,1,177.6,0.663,0.087,0.75
2019-04-01 13:00:00,917.86,39.65,67.6,38.3,30.5,1,182.3,0.6231,0.099,0.7221
2019-04-01 14:00:00,768.73,38.91,62.35,38.9,31.5,1,172.4,0.5375,0.092,0.6295
2019-04-01 15:00:00,566.35,37.56,54.87,40.0,32.1,1,201.6,0.4114,0.114,0.5254
2019-04-01 16:00:00,341.12,35.42,45.81,41.7,37.3,1,164.7,0.2491,0.2,0.4491
2019-04-01 17:00:00,122.11,31.55,35.18,44.8,49.4,1,182.6,0.0806,0.34,0.4206
2019-04-01 18:00:00,0.95,29.11,29.13,46.7,20.0,2,201.0,0.0,0.494,0.494
2019-04-01 19:00:00,0.0,27.87,27.87,47.7,20.0,2,180.8,0.0,0.586,0.586
2019-04-01 20:00:00,0.0,26.64,26.64,48.7,20.0,2,178.9,0.0,0.598,0.598
2019-04-01 21:00:00,0.0,25.39,25.39,49.7,20.0,2,177.2,0.0,0.523,0.523
2019-04-01 22:00:00,0.0,24.26,24.26,50.6,20.0,2,178.9,0.0,0.442,0.442
2019-04-01 23:00:00,0.0,23.21,23.21,51.4,20.0,2,194.5,0.0,0.392,0.392
2019-04-02 00:00:00,0.0,22.25,22.25,52.2,20.0,2,160.0,0.0,0.354,0.354
2019-04-02 01:00:00,0.0,21.38,21.38,52.9,20.0,1,197.4,0.0,0.266,0.266
2019-04-02 02:00:00,0.0,20.65,20.65,53.5,20.0,1,167.8,0.0,0.096,0.096
2019-04-02 03:00:00,0.0,20.0,20.0,54.0,20.0,1,179.4,0.0,0.008,0.008
2019-04-02 04:00:00,0.0,19.42,19.42,54.5,20.0,1,177.8,0.0,0.0,0.0
2019-04-02 05:00:00,0.0,19.0,19.0,54.8,20.0,1,188.0,0.0,0.0,0.0
2019-04-02 06:00:00,13.92,21.31,21.73,53.0,100.0,1,166.1,0.006,0.003,0.009
2019-04-02 07:00:00,151.44,24.95,29.57,50.0,63.2,1,186.7,0.1143,0.01,0.1243
2019-04-02 08:00:00,442.5,28.79,42.3,47.0,42.0,1,202.3,0.3354,0.019,0.3544
2019-04-02 09:00:00,697.76,34.22,55.48,42.6,35.5,1,168.4,0.5012,0.028,0.5292
2019-04-02 10:00:00,878.22,38.14,64.87,39.5,31.9,1,184.0,0.603,0.045,0.648
2019-04-02 11:00:00,975.5,39.71,79.44,38.2,30.6,0,175.5,0.6237,0.069,0.6927
2019-04-02 12:00:00,990.06,40.38,80.71,37.7,30.5,0,186.3,0.6292,0.112,0.7412
2019-04-02 13:00:00,916.5,40.23,77.6,37.8,30.3,0,182.3,0.5934,0.133,0.7264
2019-04-02 14:00:00,763.55,39.39,70.56,38.5,32.7,0,175.7,0.5138,0.104,0.6178
2019-04-02 15:00:00,564.51,37.94,55.19,39.7,32.7,1,187.0,0.4093,0.057,0.4663
2019-04-02 16:00:00,339.66,35.72,46.05,41.4,33.7,1,200.1,0.2473,0.015,0.2623
2019-04-02 17:00:00,122.83,31.83,35.49,44.5,49.0,1,180.2,0.0811,0.001,0.0821
2019-04-02 18:00:00,0.95,29.4,29.42,46.5,20.0,1,189.3,0.0,0.0,0.0
2019-04-02 19:00:00,0.0,28.34,28.34,47.3,20.0,2,169.1,0.0,0.0,0.0
2019-04-02 20:00:00,0.0,27.39,27.39,48.1,20.0,2,172.5,0.0,0.0,0.0
2019-04-02 21:00:00,0.0,26.53,26.53,48.8,20.0,2,186.8,0.0,0.0,0.0
2019-04-02 22:00:00,0.0,25.7,25.7,49.4,20.0,2,196.9,0.0,0.001,0.001
2019-04-02 23:00:00,0.0,24.89,24.89,50.1,20.0,2,185.6,0.0,0.004,0.004
2019-04-03 00:00:00,0.0,24.12,24.12,50.7,20.0,3,180.3,0.0,0.014,0.014
2019-04-03 01:00:00,0.0,23.36,23.36,51.3,20.0,3,183.4,0.0,0.024,0.024
2019-04-03 02:00:00,0.0,22.66,22.66,51.9,20.0,3,170.9,0.0,0.004,0.004
2019-04-03 03:00:00,0.0,21.98,21.98,52.4,20.0,3,189.4,0.0,0.002,0.002
2019-04-03 04:00:00,0.0,21.4,21.4,52.9,20.0,2,192.2,0.0,0.005,0.005
2019-04-03 05:00:00,0.0,21.02,21.02,53.2,20.0,2,178.9,0.0,0.006,0.006
2019-04-03 06:00:00,13.92,23.14,23.48,51.5,100.0,2,178.7,0.0059,0.006,0.0119
2019-04-03 07:00:00,217.09,26.81,33.43,48.6,42.1,1,186.0,0.1647,0.008,0.1727
2019-04-03 08:00:00,482.78,31.65,46.4,44.7,33.0,1,179.0,0.3613,0.009,0.3703
2019-04-03 09:00:00,710.68,35.96,53.23,41.2,32.1,2,182.7,0.516,0.015,0.531
2019-04-03 10:00:00,886.52,37.78,59.31,39.8,30.3,2,204.4,0.6242,0.027,0.6512
2019-04-03 11:00:00,980.56,38.92,62.7,38.9,30.2,2,180.9,0.6779,0.046,0.7239
2019-04-03 12:00:00,952.12,39.37,62.45,38.5,38.0,2,179.8,0.658,0.105,0.763
2019-04-03 13:00:00,863.52,39.15,60.1,38.7,40.0,2,176.9,0.6048,0.167,0.7718
2019-04-03 14:00:00,756.74,38.31,53.61,39.4,32.5,3,190.8,0.5495,0.161,0.7105
2019-04-03 15:00:00,567.43,36.8,48.31,40.6,32.1,3,181.6,0.424,0.068,0.492
2019-04-03 16:00:00,339.04,34.7,41.54,42.2,38.1,3,176.9,0.2521,0.007,0.2591
2019-04-03 17:00:00,118.73,31.91,34.27,44.5,57.6,3,196.6,0.0799,0.004,0.0839
2019-04-03 18:00:00,0.95,29.46,29.47,46.4,20.0,3,197.6,0.0,0.017,0.017
2019-04-03 19:00:00,0.0,28.38,28.38,47.3,20.0,3,177.4,0.0,0.041,0.041
2019-04-03 20:00:00,0.0,27.42,27.42,48.1,20.0,3,164.7,0.0,0.063,0.063
2019-04-03 21:00:00,0.0,26.45,26.45,48.8,20.0,3,193.5,0.0,0.066,0.066
2019-04-03 22:00:00,0.0,25.47,25.47,49.6,20.0,3,176.5,0.0,0.083,0.083
2019-04-03 23:00:00,0.0,24.64,24.64,50.3,20.0,3,191.3,0.0,0.127,0.127
2019-04-04 00:00:00,0.0,23.92,23.92,50.9,20.0,3,165.0,0.0,0.172,0.172
2019-04-04 01:00:00,0.0,23.23,23.23,51.4,20.0,3,193.6,0.0,0.175,0.175
2019-04-04 02:00:00,0.0,22.46,22.46,52.0,20.0,3,172.6,0.0,0.093,0.093
2019-04-04 03:00:00,0.0,21.68,21.68,52.7,20.0,3,192.0,0.0,0.174,0.174
2019-04-04 04:00:00,0.0,21.08,21.08,53.1,20.0,3,184.8,0.0,0.22,0.22
2019-04-04 05:00:00,0.0,20.74,20.74,53.4,20.0,3,175.1,0.0,0.217,0.217
2019-04-04 06:00:00,18.56,22.89,23.26,51.7,100.0,3,180.6,0.0094,0.208,0.2174
2019-04-04 07:00:00,231.38,26.7,32.33,48.6,37.0,2,191.6,0.177,0.21,0.387
2019-04-04 08:00:00,486.1,31.68,43.52,44.7,33.0,2,185.7,0.3683,0.22,0.5883
2019-04-04 09:00:00,713.69,35.26,49.69,41.8,32.1,3,190.5,0.526,0.196,0.722
2019-04-04 10:00:00,887.69,37.2,52.54,40.2,30.3,4,204.5,0.6435,0.158,0.8015
2019-04-04 11:00:00,983.45,38.49,55.48,39.2,30.5,4,169.0,0.7017,0.111,0.8127
2019-04-04 12:00:00,992.53,39.1,56.24,38.7,30.5,4,200.9,0.7059,0.045,0.7509
2019-04-04 13:00:00,917.54,39.09,54.95,38.7,30.4,4,185.7,0.6587,0.008,0.6667
2019-04-04 14:00:00,769.49,38.49,51.81,39.2,31.4,4,175.7,0.5633,0.011,0.5743
2019-04-04 15:00:00,567.47,37.21,47.06,40.2,32.1,4,171.4,0.4262,0.07,0.4962
2019-04-04 16:00:00,339.76,35.47,41.34,41.6,33.5,4,182.8,0.2524,0.218,0.4704
2019-04-04 17:00:00,130.67,32.66,34.86,43.9,39.7,4,193.9,0.0852,0.413,0.4982
2019-04-04 18:00:00,0.95,29.78,29.79,46.2,20.0,3,183.4,0.0,0.571,0.571
2019-04-04 19:00:00,0.0,28.54,28.54,47.2,20.0,3,199.8,0.0,0.655,0.655
2019-04-04 20:00:00,0.0,27.53,27.53,48.0,20.0,3,170.2,0.0,0.69,0.69
2019-04-04 21:00:00,0.0,26.63,26.63,48.7,20.0,3,184.6,0.0,0.685,0.685
2019-04-04 22:00:00,0.0,25.75,25.75,49.4,20.0,3,172.2,0.0,0.681,0.681
2019-04-04 23:00:00,0.0,24.93,24.93,50.1,20.0,3,188.3,0.0,0.664,0.664
2019-04-05 00:00:00,0.0,24.22,24.22,50.6,20.0,3,194.8,0.0,0.638,0.638
2019-04-05 01:00:00,0.0,23.58,23.58,51.1,20.0,3,181.8,0.0,0.479,0.479
2019-04-05 02:00:00,0.0,22.91,22.91,51.7,20.0,3,159.9,0.0,0.27,0.27
2019-04-05 03:00:00,0.0,22.31,22.31,52.2,20.0,3,188.0,0.0,0.294,0.294
2019-04-05 04:00:00,0.0,21.81,21.81,52.5,20.0,3,190.3,0.0,0.27,0.27
2019-04-05 05:00:00,0.0,21.46,21.46,52.8,20.0,3,190.0,0.0,0.22,0.22
2019-04-05 06:00:00,16.7,23.46,23.8,51.2,100.0,3,198.3,0.008,0.192,0.2
2019-04-05 07:00:00,235.7,27.15,32.88,48.3,36.8,2,175.3,0.18,0.191,0.371
2019-04-05 08:00:00,488.78,32.36,44.27,44.1,33.0,2,192.8,0.3691,0.2,0.5691
2019-04-05 09:00:00,715.67,36.35,50.82,40.9,32.0,3,197.9,0.5248,0.181,0.7058
2019-04-05 10:00:00,889.79,38.42,53.8,39.3,30.3,4,168.2,0.6414,0.142,0.7834
2019-04-05 11:00:00,984.23,39.74,56.73,38.2,31.1,4,189.2,0.6982,0.107,0.8052
2019-04-05 12:00:00,909.9,40.34,56.05,37.7,41.2,4,180.9,0.6463,0.101,0.7473
2019-04-05 13:00:00,909.64,40.36,54.1,37.7,32.8,5,185.2,0.655,0.141,0.796
2019-04-05 14:00:00,764.04,39.79,51.35,38.2,32.5,5,189.4,0.5601,0.22,0.7801
2019-04-05 15:00:00,560.11,38.69,47.19,39.0,31.9,5,181.1,0.4203,0.292,0.7123
2019-04-05 16:00:00,339.99,37.02,42.16,40.4,33.4,5,179.2,0.2516,0.355,0.6066
2019-04-05 17:00:00,127.7,34.17,36.33,42.7,45.3,4,186.3,0.0839,0.43,0.5139
2019-04-05 18:00:00,0.95,31.11,31.13,45.1,20.0,3,175.1,0.0,0.504,0.504
2019-04-05 19:00:00,0.0,29.81,29.81,46.2,20.0,3,175.1,0.0,0.574,0.574
2019-04-05 20:00:00,0.0,28.84,28.84,46.9,20.0,3,192.8,0.0,0.636,0.636
2019-04-05 21:00:00,0.0,27.9,27.9,47.7,20.0,3,174.5,0.0,0.655,0.655
2019-04-05 22:00:00,0.0,26.99,26.99,48.4,20.0,3,192.6,0.0,0.635,0.635
2019-04-05 23:00:00,0.0,26.09,26.09,49.1,20.0,3,190.6,0.0,0.594,0.594
2019-04-06 00:00:00,0.0,25.25,25.25,49.8,20.0,3,170.0,0.0,0.516,0.516
2019-04-06 01:00:00,0.0,24.42,24.42,50.5,20.0,3,180.5,0.0,0.318,0.318
2019-04-06 02:00:00,0.0,23.62,23.62,51.1,20.0,3,199.2,0.0,0.178,0.178
2019-04-06 03:00:00,0.0,22.92,22.92,51.7,20.0,3,177.4,0.0,0.221,0.221
2019-04-06 04:00:00,0.0,22.27,22.27,52.2,20.0,3,182.6,0.0,0.242,0.242
2019-04-06 05:00:00,0.0,21.81,21.81,52.6,20.0,3,191.9,0.0,0.174,0.174
2019-04-06 06:00:00,18.56,23.8,24.17,51.0,100.0,3,195.1,0.0094,0.105,0.1144
2019-04-06 07:00:00,233.31,27.38,33.05,48.1,37.0,2,184.7,0.178,0.079,0.257
2019-04-06 08:00:00,492.08,32.74,44.73,43.8,32.9,2,181.3,0.3709,0.088,0.4589
2019-04-06 09:00:00,717.64,37.26,51.77,40.2,32.0,3,201.5,0.5241,0.128,0.6521
2019-04-06 10:00:00,891.86,39.54,57.55,38.4,30.3,3,204.6,0.6325,0.179,0.8115
2019-04-06 11:00:00,985.3,40.98,60.85,37.2,30.4,3,197.0,0.6865,0.2,0.8865
2019-04-06 12:00:00,979.65,41.69,61.45,36.6,32.3,3,188.1,0.6806,0.179,0.8596
2019-04-06 13:00:00,918.46,41.58,60.13,36.7,30.4,3,179.2,0.6445,0.152,0.7965
2019-04-06 14:00:00,770.1,40.88,54.21,37.3,31.5,4,178.9,0.5578,0.154,0.7118
2019-04-06 15:00:00,567.53,39.65,49.5,38.3,32.0,4,192.5,0.4217,0.243,0.6647
2019-04-06 16:00:00,340.82,37.95,43.84,39.6,33.4,4,191.4,0.2504,0.41,0.6604
2019-04-06 17:00:00,129.71,35.2,37.75,41.8,39.7,3,201.3,0.0836,0.595,0.6786
2019-04-06 18:00:00,0.95,32.15,32.16,44.3,20.0,3,193.7,0.0,0.733,0.733
2019-04-06 19:00:00,0.0,30.94,30.94,45.2,20.0,2,172.2,0.0,0.772,0.772
2019-04-06 20:00:00,0.0,30.0,30.0,46.0,20.0,2,197.8,0.0,0.763,0.763
2019-04-06 21:00:00,0.0,29.07,29.07,46.7,20.0,2,177.3,0.0,0.697,0.697
2019-04-06 22:00:00,0.0,28.2,28.2,47.4,20.0,2,183.4,0.0,0.538,0.538
2019-04-06 23:00:00,0.0,27.35,27.35,48.1,20.0,2,189.7,0.0,0.407,0.407
2019-04-07 00:00:00,0.0,26.56,26.56,48.8,20.0,1,208.5,0.0,0.3,0.3
2019-04-07 01:00:00,0.0,25.78,25.78,49.4,20.0,1,219.6,0.0,0.17,0.17
2019-04-07 02:00:00,0.0,24.96,24.96,50.0,20.0,1,194.6,0.0,0.115,0.115
2019-04-07 03:00:00,0.0,24.14,24.14,50.7,20.0,1,186.7,0.0,0.222,0.222
2019-04-07 04:00:00,0.0,23.47,23.47,51.2,20.0,1,193.8,0.0,0.142,0.142
2019-04-07 05:00:00,0.0,23.0,23.0,51.6,20.0,1,197.4,0.0,0.069,0.069
2019-04-07 06:00:00,21.35,25.27,25.92,49.8,100.0,1,185.3,0.0114,0.035,0.0464
2019-04-07 07:00:00,229.3,29.0,35.99,46.8,42.0,1,206.4,0.1727,0.019,0.1917
2019-04-07 08:00:00,495.36,34.01,54.28,42.8,32.9,0,190.8,0.3582,0.014,0.3722
2019-04-07 09:00:00,720.58,38.9,60.86,38.9,32.0,1,193.5,0.5056,0.021,0.5266
2019-04-07 10:00:00,892.94,41.29,68.46,37.0,30.3,1,195.2,0.6028,0.041,0.6438
2019-04-07 11:00:00,984.2,42.31,72.24,36.2,30.4,1,192.7,0.6509,0.058,0.7089
2019-04-07 12:00:00,981.27,42.69,66.49,35.9,32.2,2,196.9,0.6664,0.062,0.7284
2019-04-07 13:00:00,897.3,42.68,64.46,35.9,34.1,2,182.3,0.6169,0.051,0.6679
2019-04-07 14:00:00,769.83,41.78,60.5,36.6,30.2,2,182.9,0.5425,0.051,0.5935
2019-04-07 15:00:00,567.9,40.42,54.26,37.7,32.1,2,177.5,0.4133,0.051,0.4643
2019-04-07 16:00:00,341.64,38.43,46.72,39.3,33.5,2,192.9,0.2478,0.045,0.2928
2019-04-07 17:00:00,126.57,35.17,38.18,41.9,47.1,2,196.3,0.0828,0.047,0.1298
2019-04-07 18:00:00,0.95,32.2,32.22,44.2,20.0,2,193.1,0.0,0.055,0.055
2019-04-07 19:00:00,0.0,31.1,31.1,45.1,20.0,2,205.2,0.0,0.067,0.067
2019-04-07 20:00:00,0.0,30.1,30.1,45.9,20.0,2,188.4,0.0,0.079,0.079
2019-04-07 21:00:00,0.0,29.15,29.15,46.7,20.0,2,195.2,0.0,0.102,0.102
2019-04-07 22:00:00,0.0,28.27,28.27,47.4,20.0,2,177.6,0.0,0.134,0.134
2019-04-07 23:00:00,0.0,27.44,27.44,48.1,20.0,2,184.6,0.0,0.156,0.156
2019-04-08 00:00:00,0.0,26.68,26.68,48.7,20.0,2,196.7,0.0,0.16,0.16
2019-04-08 01:00:00,0.0,26.0,26.0,49.2,20.0,2,198.2,0.0,0.118,0.118
2019-04-08 02:00:00,0.0,25.32,25.32,49.7,20.0,2,186.8,0.0,0.055,0.055
2019-04-08 03:00:00,0.0,24.63,24.63,50.3,20.0,2,189.0,0.0,0.147,0.147
2019-04-08 04:00:00,0.0,23.94,23.94,50.8,20.0,2,174.6,0.0,0.223,0.223
2019-04-08 05:00:00,0.0,23.5,23.5,51.2,20.0,2,186.2,0.0,0.249,0.249
2019-04-08 06:00:00,23.21,25.82,26.38,49.3,100.0,2,198.6,0.0128,0.236,0.2488
2019-04-08 07:00:00,240.63,29.67,35.53,46.3,43.6,2,195.5,0.1821,0.208,0.3901
2019-04-08 08:00:00,498.0,35.08,50.29,41.9,32.9,1,194.7,0.3664,0.179,0.5454
2019-04-08 09:00:00,723.67,39.55,61.6,38.4,32.1,1,190.2,0.506,0.167,0.673
2019-04-08 10:00:00,894.94,41.76,68.99,36.6,30.3,1,189.8,0.6026,0.164,0.7666
2019-04-08 11:00:00,985.09,43.05,73.0,35.6,30.1,1,183.1,0.6492,0.159,0.8082
2019-04-08 12:00:00,980.41,43.58,73.39,35.1,33.6,1,196.7,0.6446,0.125,0.7696
2019-04-08 13:00:00,844.28,43.4,69.08,35.3,44.3,1,193.9,0.5667,0.064,0.6307
2019-04-08 14:00:00,609.05,42.3,60.84,36.2,59.2,1,194.7,0.4238,0.023,0.4468
2019-04-08 15:00:00,562.07,40.36,57.54,37.7,33.6,1,184.5,0.4028,0.009,0.4118
2019-04-08 16:00:00,341.88,38.28,48.68,39.4,33.4,1,168.2,0.2458,0.041,0.2868
2019-04-08 17:00:00,125.42,35.53,39.28,41.6,52.5,1,200.7,0.0826,0.144,0.2266
2019-04-08 18:00:00,0.95,33.3,33.32,43.4,20.0,2,184.9,0.0,0.297,0.297
2019-04-08 19:00:00,0.0,31.97,31.97,44.4,20.0,2,181.1,0.0,0.443,0.443
2019-04-08 20:00:00,0.0,30.7,30.7,45.4,20.0,3,196.7,0.0,0.526,0.526
2019-04-08 21:00:00,0.0,29.6,29.6,46.3,20.0,3,185.8,0.0,0.523,0.523
2019-04-08 22:00:00,0.0,28.6,28.6,47.1,20.0,4,200.3,0.0,0.476,0.476
2019-04-08 23:00:00,0.0,27.66,27.66,47.9,20.0,3,195.9,0.0,0.391,0.391
2019-04-09 00:00:00,0.0,26.84,26.84,48.5,20.0,3,197.8,0.0,0.305,0.305
2019-04-09 01:00:00,0.0,26.09,26.09,49.1,20.0,3,177.3,0.0,0.166,0.166
2019-04-09 02:00:00,0.0,25.3,25.3,49.8,20.0,2,203.1,0.0,0.082,0.082
2019-04-09 03:00:00,0.0,24.7,24.7,50.2,20.0,2,193.6,0.0,0.154,0.154
2019-04-09 04:00:00,0.0,24.25,24.25,50.6,20.0,2,187.3,0.0,0.14,0.14
2019-04-09 05:00:00,0.0,24.09,24.09,50.7,20.0,2,192.4,0.0,0.112,0.112
2019-04-09 06:00:00,13.92,26.39,26.72,48.9,100.0,2,173.2,0.0058,0.123,0.1288
2019-04-09 07:00:00,194.75,29.53,34.27,46.4,53.7,2,195.0,0.1464,0.164,0.3104
2019-04-09 08:00:00,463.11,33.96,45.24,42.8,42.4,2,180.7,0.3465,0.22,0.5665
2019-04-09 09:00:00,713.92,37.97,52.4,39.6,35.7,3,177.4,0.5191,0.289,0.8081
2019-04-09 10:00:00,821.23,40.17,56.73,37.9,41.6,3,175.7,0.5825,0.359,0.9415
2019-04-09 11:00:00,602.6,41.39,53.5,36.9,74.5,3,202.1,0.4271,0.4,0.8271
2019-04-09 12:00:00,598.35,41.95,56.41,36.4,76.9,2,184.7,0.4185,0.388,0.8065
2019-04-09 13:00:00,889.23,41.8,63.37,36.6,43.3,2,206.3,0.6128,0.412,1.0248
2019-04-09 14:00:00,496.13,41.21,53.24,37.0,73.1,2,185.6,0.3539,0.427,0.7809
2019-04-09 15:00:00,438.06,39.94,50.59,38.1,65.8,2,173.9,0.3187,0.42,0.7387
2019-04-09 16:00:00,307.28,38.6,46.07,39.1,45.0,2,179.8,0.2233,0.384,0.6073
2019-04-09 17:00:00,133.22,35.61,39.56,41.5,38.9,1,203.3,0.0853,0.315,0.4003
2019-04-09 18:00:00,1.9,32.84,32.89,43.7,20.0,1,189.4,0.0,0.285,0.285
2019-04-09 19:00:00,0.0,31.91,31.91,44.5,20.0,2,185.5,0.0,0.297,0.297
2019-04-09 20:00:00,0.0,31.01,31.01,45.2,20.0,3,192.6,0.0,0.334,0.334
2019-04-09 21:00:00,0.0,30.31,30.31,45.8,20.0,3,196.0,0.0,0.362,0.362
2019-04-09 22:00:00,0.0,29.54,29.54,46.4,20.0,3,202.1,0.0,0.389,0.389
2019-04-09 23:00:00,0.0,28.74,28.74,47.0,20.0,3,205.4,0.0,0.413,0.413
2019-04-10 00:00:00,0.0,27.78,27.78,47.8,20.0,3,188.6,0.0,0.41,0.41
2019-04-10 01:00:00,0.0,26.94,26.94,48.4,20.0,3,178.9,0.0,0.244,0.244
2019-04-10 02:00:00,0.0,26.07,26.07,49.1,20.0,3,188.0,0.0,0.107,0.107
2019-04-10 03:00:00,0.0,25.25,25.25,49.8,20.0,3,194.8,0.0,0.079,0.079
2019-04-10 04:00:00,0.0,24.53,24.53,50.4,20.0,3,182.5,0.0,0.039,0.039
2019-04-10 05:00:00,0.0,23.87,23.87,50.9,20.0,3,182.6,0.0,0.018,0.018
2019-04-10 06:00:00,28.8,25.32,25.9,49.7,100.0,3,195.6,0.0172,0.012,0.0292
2019-04-10 07:00:00,190.7,28.86,32.72,46.9,59.0,3,191.7,0.1442,0.014,0.1582
2019-04-10 08:00:00,499.49,33.06,41.72,43.5,36.8,4,192.5,0.3806,0.02,0.4006
2019-04-10 09:00:00,692.93,36.45,50.45,40.8,36.3,3,184.6,0.5077,0.025,0.5327
2019-04-10 10:00:00,867.45,38.38,55.88,39.3,35.4,3,189.9,0.6185,0.029,0.6475
2019-04-10 11:00:00,966.68,39.23,58.72,38.6,33.7,3,182.9,0.6791,0.03,0.7091
2019-04-10 12:00:00,976.68,39.23,58.93,38.6,33.4,3,201.1,0.6857,0.03,0.7157
2019-04-10 13:00:00,907.49,39.21,57.53,38.6,32.3,3,202.5,0.6435,0.025,0.6685
2019-04-10 14:00:00,767.01,38.58,54.09,39.1,32.1,3,173.7,0.5555,0.024,0.5795
2019-04-10 15:00:00,563.25,37.28,48.7,40.2,33.4,3,182.9,0.4195,0.031,0.4505
2019-04-10 16:00:00,340.41,35.44,42.31,41.6,38.9,3,177.2,0.2521,0.045,0.2971
2019-04-10 17:00:00,124.46,32.77,35.24,43.8,54.5,3,185.7,0.0839,0.068,0.1519
2019-04-10 18:00:00,1.9,29.76,29.8,46.2,20.0,2,191.3,0.0,0.094,0.094
2019-04-10 19:00:00,0.0,28.7,28.7,47.0,20.0,2,177.7,0.0,0.112,0.112
2019-04-10 20:00:00,0.0,27.72,27.72,47.8,20.0,2,182.9,0.0,0.108,0.108
2019-04-10 21:00:00,0.0,26.85,26.85,48.5,20.0,3,182.1,0.0,0.083,0.083
2019-04-10 22:00:00,0.0,26.24,26.24,49.0,20.0,3,194.2,0.0,0.054,0.054
2019-04-10 23:00:00,0.0,25.82,25.82,49.3,20.0,2,192.8,0.0,0.032,0.032
2019-04-11 00:00:00,0.0,25.27,25.27,49.8,20.0,2,186.1,0.0,0.018,0.018
2019-04-11 01:00:00,0.0,24.5,24.5,50.4,20.0,2,195.1,0.0,0.008,0.008
2019-04-11 02:00:00,0.0,23.71,23.71,51.0,20.0,3,187.9,0.0,0.0,0.0
2019-04-11 03:00:00,0.0,22.87,22.87,51.7,20.0,3,190.6,0.0,0.0,0.0
2019-04-11 04:00:00,0.0,21.98,21.98,52.4,20.0,3,210.1,0.0,0.001,0.001
2019-04-11 05:00:00,0.0,21.17,21.17,53.1,20.0,3,206.7,0.0,0.004,0.004
2019-04-11 06:00:00,28.8,22.78,23.36,51.8,100.0,3,180.3,0.0174,0.008,0.0254
2019-04-11 07:00:00,240.55,26.74,31.61,48.6,41.6,3,201.6,0.1851,0.015,0.2001
2019-04-11 08:00:00,475.2,32.35,41.97,44.1,38.5,3,201.5,0.361,0.03,0.391
2019-04-11 09:00:00,726.08,35.66,50.33,41.5,34.6,3,181.9,0.5327,0.052,0.5847
2019-04-11 10:00:00,894.15,37.85,59.55,39.7,30.6,2,201.5,0.628,0.072,0.7
2019-04-11 11:00:00,983.22,39.31,69.21,38.5,30.9,1,208.7,0.6592,0.083,0.7422
2019-04-11 12:00:00,993.8,40.0,70.22,38.0,30.3,1,182.1,0.6634,0.09,0.7534
2019-04-11 13:00:00,921.27,39.87,67.91,38.1,30.5,1,184.2,0.6238,0.079,0.7028
2019-04-11 14:00:00,771.03,39.07,62.58,38.7,31.4,1,203.5,0.5379,0.045,0.5829
2019-04-11 15:00:00,569.18,37.77,51.64,39.8,32.1,2,196.1,0.4188,0.014,0.4328
2019-04-11 16:00:00,342.81,35.88,44.19,41.3,33.3,2,198.9,0.2512,0.003,0.2542
2019-04-11 17:00:00,129.84,32.9,35.98,43.7,45.7,2,196.7,0.0861,0.004,0.0901
2019-04-11 18:00:00,1.9,29.82,29.86,46.1,20.0,2,197.3,0.0,0.017,0.017
2019-04-11 19:00:00,0.0,28.73,28.73,47.0,20.0,2,180.1,0.0,0.068,0.068
2019-04-11 20:00:00,0.0,27.73,27.73,47.8,20.0,3,203.8,0.0,0.149,0.149
2019-04-11 21:00:00,0.0,26.77,26.77,48.6,20.0,3,205.0,0.0,0.236,0.236
2019-04-11 22:00:00,0.0,25.84,25.84,49.3,20.0,3,191.0,0.0,0.315,0.315
2019-04-11 23:00:00,0.0,24.84,24.84,50.1,20.0,3,192.9,0.0,0.362,0.362
2019-04-12 00:00:00,0.0,23.82,23.82,50.9,20.0,3,179.2,0.0,0.367,0.367
2019-04-12 01:00:00,0.0,22.84,22.84,51.7,20.0,3,199.7,0.0,0.242,0.242
2019-04-12 02:00:00,0.0,21.82,21.82,52.5,20.0,3,200.2,0.0,0.126,0.126
2019-04-12 03:00:00,0.0,20.96,20.96,53.2,20.0,3,193.9,0.0,0.078,0.078
2019-04-12 04:00:00,0.0,20.26,20.26,53.8,20.0,2,205.8,0.0,0.044,0.044
2019-04-12 05:00:00,0.0,19.82,19.82,54.1,20.0,2,191.2,0.0,0.031,0.031
2019-04-12 06:00:00,31.59,22.0,22.64,52.4,100.0,3,200.2,0.0197,0.033,0.0527
2019-04-12 07:00:00,251.16,25.63,31.75,49.5,39.4,2,184.3,0.1936,0.046,0.2396
2019-04-12 08:00:00,509.69,31.1,43.52,45.1,32.8,2,194.3,0.386,0.067,0.453
2019-04-12 09:00:00,731.29,35.41,53.18,41.7,31.9,2,192.8,0.5304,0.082,0.6124
2019-04-12 10:00:00,896.92,37.7,64.99,39.8,30.4,1,196.8,0.6148,0.084,0.6988
2019-04-12 11:00:00,990.96,39.05,69.18,38.8,30.5,1,190.8,0.6644,0.081,0.7454
2019-04-12 12:00:00,987.1,39.51,69.52,38.4,31.5,1,193.2,0.6609,0.08,0.7409
2019-04-12 13:00:00,909.94,39.18,61.27,38.7,31.9,2,202.8,0.6347,0.068,0.7027
2019-04-12 14:00:00,769.18,38.2,56.9,39.4,31.7,2,190.1,0.5502,0.041,0.5912
2019-04-12 15:00:00,563.68,36.68,50.41,40.7,37.8,2,178.4,0.4162,0.023,0.4392
2019-04-12 16:00:00,285.68,34.6,41.54,42.3,60.9,2,212.0,0.2119,0.023,0.2349
2019-04-12 17:00:00,127.14,31.58,34.09,44.7,44.9,3,208.3,0.0848,0.041,0.1258
2019-04-12 18:00:00,1.9,28.31,28.34,47.4,20.0,3,181.6,0.0,0.074,0.074
2019-04-12 19:00:00,0.0,27.04,27.04,48.4,20.0,3,201.4,0.0,0.113,0.113
2019-04-12 20:00:00,0.0,25.94,25.94,49.2,20.0,3,189.5,0.0,0.148,0.148
2019-04-12 21:00:00,0.0,24.88,24.88,50.1,20.0,4,197.1,0.0,0.171,0.171
2019-04-12 22:00:00,0.0,23.84,23.84,50.9,20.0,4,197.5,0.0,0.164,0.164
2019-04-12 23:00:00,0.0,22.78,22.78,51.8,20.0,4,192.2,0.0,0.132,0.132
2019-04-13 00:00:00,0.0,21.81,21.81,52.5,20.0,4,187.8,0.0,0.088,0.088
2019-04-13 01:00:00,0.0,20.94,20.94,53.2,20.0,4,188.8,0.0,0.04,0.04
2019-04-13 02:00:00,0.0,20.2,20.2,53.8,20.0,4,186.5,0.0,0.01,0.01
2019-04-13 03:00:00,0.0,19.6,19.6,54.3,20.0,4,187.3,0.0,0.014,0.014
2019-04-13 04:00:00,0.0,19.08,19.08,54.7,20.0,4,195.0,0.0,0.017,0.017
2019-04-13 05:00:00,0.0,18.83,18.83,54.9,20.0,4,188.5,0.0,0.024,0.024
2019-04-13 06:00:00,33.83,20.99,21.58,53.2,94.7,4,202.5,0.0215,0.037,0.0585
2019-04-13 07:00:00,260.53,25.28,29.79,49.8,37.7,4,210.5,0.2029,0.054,0.2569
2019-04-13 08:00:00,511.28,31.13,39.99,45.1,32.7,4,189.9,0.3928,0.074,0.4668
2019-04-13 09:00:00,733.26,34.77,47.45,42.2,32.0,4,198.1,0.5448,0.088,0.6328
2019-04-13 10:00:00,901.6,37.16,55.36,40.3,30.3,3,200.7,0.6448,0.095,0.7398
2019-04-13 11:00:00,985.67,38.84,58.72,38.9,30.6,3,200.4,0.6927,0.102,0.7947
2019-04-13 12:00:00,987.56,39.69,63.64,38.2,31.4,2,196.4,0.6791,0.114,0.7931
2019-04-13 13:00:00,910.21,39.69,61.78,38.2,31.8,2,203.1,0.6333,0.104,0.7373
2019-04-13 14:00:00,762.65,38.91,57.46,38.9,31.7,2,200.5,0.5441,0.062,0.6061
2019-04-13 15:00:00,569.14,37.48,49.02,40.0,32.1,3,183.3,0.4234,0.035,0.4584
2019-04-13 16:00:00,343.51,35.36,42.29,41.7,33.3,3,204.4,0.2537,0.044,0.2977
2019-04-13 17:00:00,129.7,32.15,34.72,44.3,47.6,3,204.5,0.087,0.08,0.167
2019-04-13 18:00:00,1.9,28.7,28.74,47.0,20.0,3,188.0,0.0,0.137,0.137
2019-04-13 19:00:00,0.0,27.36,27.36,48.1,20.0,3,196.0,0.0,0.203,0.203
2019-04-13 20:00:00,0.0,26.28,26.28,49.0,20.0,3,202.5,0.0,0.278,0.278
2019-04-13 21:00:00,0.0,25.25,25.25,49.8,20.0,3,193.6,0.0,0.323,0.323
2019-04-13 22:00:00,0.0,24.27,24.27,50.6,20.0,4,206.4,0.0,0.369,0.369
2019-04-13 23:00:00,0.0,23.36,23.36,51.3,20.0,4,219.3,0.0,0.388,0.388
2019-04-14 00:00:00,0.0,22.5,22.5,52.0,20.0,4,188.9,0.0,0.379,0.379
2019-04-14 01:00:00,0.0,21.68,21.68,52.7,20.0,4,183.0,0.0,0.253,0.253
2019-04-14 02:00:00,0.0,20.9,20.9,53.3,20.0,4,199.8,0.0,0.168,0.168
2019-04-14 03:00:00,0.0,20.25,20.25,53.8,20.0,4,204.0,0.0,0.254,0.254
2019-04-14 04:00:00,0.0,19.69,19.69,54.2,20.0,3,194.5,0.0,0.159,0.159
2019-04-14 05:00:00,0.0,19.45,19.45,54.4,20.0,3,211.3,0.0,0.081,0.081
2019-04-14 06:00:00,37.2,22.13,22.88,52.3,88.6,3,183.4,0.024,0.042,0.066
2019-04-14 07:00:00,264.41,26.26,32.69,49.0,37.7,2,203.7,0.2036,0.027,0.2306
2019-04-14 08:00:00,514.79,31.87,44.41,44.5,32.8,2,190.7,0.3883,0.026,0.4143
2019-04-14 09:00:00,735.04,35.84,53.7,41.3,31.9,2,214.0,0.5317,0.034,0.5657
2019-04-14 10:00:00,902.45,38.29,60.19,39.4,30.3,2,216.7,0.6319,0.045,0.6769
2019-04-14 11:00:00,992.25,39.86,70.03,38.1,30.6,1,189.1,0.6625,0.054,0.7165
2019-04-14 12:00:00,988.0,40.6,70.64,37.5,31.4,1,191.3,0.6579,0.058,0.7159
2019-04-14 13:00:00,920.24,40.53,68.53,37.6,30.5,1,205.4,0.6211,0.048,0.6691
2019-04-14 14:00:00,768.58,39.71,63.13,38.2,31.7,1,192.9,0.5346,0.037,0.5716
2019-04-14 15:00:00,569.46,38.25,52.13,39.4,32.1,2,196.3,0.418,0.04,0.458
2019-04-14 16:00:00,343.39,36.12,44.45,41.1,33.2,2,197.1,0.2512,0.053,0.3042
2019-04-14 17:00:00,129.72,32.67,35.76,43.9,47.1,2,177.6,0.0865,0.07,0.1565
2019-04-14 18:00:00,2.85,29.41,29.47,46.5,20.0,2,196.7,0.0,0.092,0.092
2019-04-14 19:00:00,0.0,28.25,28.25,47.4,20.0,2,189.9,0.0,0.114,0.114
2019-04-14 20:00:00,0.0,27.31,27.31,48.2,20.0,2,191.9,0.0,0.134,0.134
2019-04-14 21:00:00,0.0,26.42,26.42,48.9,20.0,2,211.2,0.0,0.097,0.097
2019-04-14 22:00:00,0.0,25.57,25.57,49.5,20.0,2,184.2,0.0,0.045,0.045
2019-04-14 23:00:00,0.0,24.79,24.79,50.2,20.0,2,204.9,0.0,0.031,0.031
2019-04-15 00:00:00,0.0,24.06,24.06,50.8,20.0,2,195.1,0.0,0.059,0.059
2019-04-15 01:00:00,0.0,23.32,23.32,51.3,20.0,2,195.1,0.0,0.109,0.109
2019-04-15 02:00:00,0.0,22.52,22.52,52.0,20.0,2,205.8,0.0,0.112,0.112
2019-04-15 03:00:00,0.0,21.74,21.74,52.6,20.0,2,201.3,0.0,0.18,0.18
2019-04-15 04:00:00,0.0,21.03,21.03,53.2,20.0,2,203.6,0.0,0.144,0.144
2019-04-15 05:00:00,0.0,20.71,20.71,53.4,20.0,2,207.6,0.0,0.111,0.111
2019-04-15 06:00:00,35.7,23.62,24.71,51.1,95.0,1,194.6,0.0227,0.1,0.1227
2019-04-15 07:00:00,250.91,28.34,38.59,47.3,41.6,0,191.8,0.1879,0.097,0.2849
2019-04-15 08:00:00,511.12,33.52,54.42,43.2,33.8,0,187.1,0.3689,0.088,0.4569
2019-04-15 09:00:00,720.6,38.35,67.74,39.3,34.2,0,189.7,0.489,0.086,0.575
2019-04-15 10:00:00,886.31,40.6,76.7,37.5,33.7,0,227.4,0.5744,0.086,0.6604
2019-04-15 11:00:00,988.93,41.77,71.83,36.6,30.5,1,210.4,0.6547,0.097,0.7517
2019-04-15 12:00:00,988.46,42.13,72.18,36.3,31.2,1,184.4,0.6535,0.144,0.7975
2019-04-15 13:00:00,920.5,41.97,69.98,36.4,30.6,1,184.7,0.6171,0.221,0.8381
2019-04-15 14:00:00,770.21,41.15,64.63,37.1,31.6,1,202.7,0.5321,0.251,0.7831
2019-04-15 15:00:00,553.82,39.64,56.56,38.3,33.4,1,203.4,0.3982,0.218,0.6162
2019-04-15 16:00:00,346.51,37.61,48.16,39.9,41.5,1,203.4,0.2503,0.176,0.4263
2019-04-15 17:00:00,47.96,33.82,35.77,42.9,100.0,0,195.4,0.03,0.167,0.197
2019-04-15 18:00:00,1.9,30.63,30.69,45.5,20.0,0,196.7,0.0,0.177,0.177
2019-04-15 19:00:00,0.0,29.42,29.42,46.5,20.0,0,201.2,0.0,0.177,0.177
2019-04-15 20:00:00,0.0,28.43,28.43,47.3,20.0,1,198.8,0.0,0.171,0.171
2019-04-15 21:00:00,0.0,27.44,27.44,48.1,20.0,1,175.7,0.0,0.171,0.171
2019-04-15 22:00:00,0.0,26.49,26.49,48.8,20.0,1,195.6,0.0,0.153,0.153
2019-04-15 23:00:00,0.0,25.58,25.58,49.5,20.0,1,189.4,0.0,0.12,0.12
2019-04-16 00:00:00,0.0,24.66,24.66,50.3,20.0,1,200.8,0.0,0.079,0.079
2019-04-16 01:00:00,0.0,23.81,23.81,51.0,20.0,1,228.9,0.0,0.033,0.033
2019-04-16 02:00:00,0.0,22.99,22.99,51.6,20.0,1,202.7,0.0,0.06,0.06
2019-04-16 03:00:00,0.0,22.3,22.3,52.2,20.0,1,195.9,0.0,0.1,0.1
2019-04-16 04:00:00,0.0,22.2,22.2,52.2,20.0,1,208.2,0.0,0.063,0.063
2019-04-16 05:00:00,0.0,22.27,22.27,52.2,20.0,2,203.8,0.0,0.013,0.013
2019-04-16 06:00:00,19.49,24.62,25.1,50.3,100.0,2,203.2,0.0102,0.0,0.0102
2019-04-16 07:00:00,204.96,28.44,33.43,47.2,55.9,2,205.1,0.1551,0.0,0.1551
2019-04-16 08:00:00,468.77,32.89,44.29,43.7,45.2,2,219.6,0.3515,0.0,0.3515
2019-04-16 09:00:00,702.21,37.21,51.39,40.2,37.1,3,187.7,0.5119,0.0,0.5119
2019-04-16 10:00:00,887.97,39.76,57.67,38.2,33.6,3,203.8,0.628,0.0,0.628
2019-04-16 11:00:00,989.55,41.13,61.09,37.1,30.3,3,189.8,0.6879,0.007,0.6949
2019-04-16 12:00:00,996.86,41.73,61.83,36.6,30.6,3,204.6,0.6909,0.009,0.6999
2019-04-16 13:00:00,917.28,41.5,63.76,36.8,31.4,2,189.8,0.6325,0.069,0.7015
2019-04-16 14:00:00,751.06,40.66,58.91,37.5,37.8,2,194.8,0.5313,0.189,0.7203
2019-04-16 15:00:00,514.73,39.31,51.84,38.6,48.9,2,196.1,0.3755,0.289,0.6645
2019-04-16 16:00:00,259.47,37.36,43.67,40.1,70.0,2,208.8,0.19,0.235,0.425
2019-04-16 17:00:00,128.99,34.28,37.36,42.6,48.7,2,208.2,0.0858,0.036,0.1218
2019-04-16 18:00:00,3.8,31.18,31.28,45.1,20.0,1,186.6,0.0,0.0,0.0
2019-04-16 19:00:00,0.0,30.02,30.02,46.0,20.0,1,199.6,0.0,0.008,0.008
2019-04-16 20:00:00,0.0,28.93,28.93,46.9,20.0,2,191.9,0.0,0.084,0.084
2019-04-16 21:00:00,0.0,27.78,27.78,47.8,20.0,3,186.4,0.0,0.018,0.018
2019-04-16 22:00:00,0.0,26.66,26.66,48.7,20.0,3,196.8,0.0,0.002,0.002
2019-04-16 23:00:00,0.0,25.63,25.63,49.5,20.0,3,195.9,0.0,0.005,0.005
2019-04-17 00:00:00,0.0,24.67,24.67,50.3,20.0,3,224.4,0.0,0.005,0.005
2019-04-17 01:00:00,0.0,23.77,23.77,51.0,20.0,3,204.4,0.0,0.007,0.007
2019-04-17 02:00:00,0.0,22.93,22.93,51.7,20.0,3,186.3,0.0,0.06,0.06
2019-04-17 03:00:00,0.0,22.24,22.24,52.2,20.0,3,194.4,0.0,0.181,0.181
2019-04-17 04:00:00,0.0,21.83,21.83,52.5,20.0,3,210.3,0.0,0.337,0.337
2019-04-17 05:00:00,0.0,21.7,21.7,52.6,20.0,3,221.0,0.0,0.459,0.459
2019-04-17 06:00:00,42.08,23.73,24.58,51.0,88.0,3,184.2,0.0276,0.474,0.5016
2019-04-17 07:00:00,151.07,27.05,30.73,48.4,83.0,2,181.3,0.1133,0.422,0.5353
2019-04-17 08:00:00,361.24,32.4,41.18,44.1,67.1,2,218.8,0.2704,0.36,0.6304
2019-04-17 09:00:00,592.72,37.22,51.6,40.2,56.0,2,204.0,0.4283,0.317,0.7453
2019-04-17 10:00:00,867.22,39.69,66.05,38.2,43.4,1,191.4,0.5892,0.264,0.8532
2019-04-17 11:00:00,385.09,41.0,52.66,37.2,86.5,1,205.4,0.2689,0.195,0.4639
2019-04-17 12:00:00,680.64,41.52,62.17,36.8,64.3,1,173.7,0.4663,0.117,0.5833
2019-04-17 13:00:00,494.18,41.32,56.3,36.9,83.6,1,200.1,0.3442,0.072,0.4162
2019-04-17 14:00:00,318.88,40.26,49.94,37.8,94.7,1,203.4,0.2254,0.068,0.2934
2019-04-17 15:00:00,164.2,38.52,42.51,39.2,98.9,2,209.3,0.1163,0.122,0.2383
2019-04-17 16:00:00,80.1,36.3,38.25,41.0,100.0,2,190.0,0.0548,0.236,0.2908
2019-04-17 17:00:00,133.22,33.54,36.73,43.2,58.8,2,201.0,0.0908,0.366,0.4568
2019-04-17 18:00:00,2.85,30.58,30.62,45.5,20.0,3,190.8,0.0,0.446,0.446
2019-04-17 19:00:00,0.0,29.43,29.43,46.5,20.0,3,202.6,0.0,0.458,0.458
2019-04-17 20:00:00,0.0,28.54,28.54,47.2,20.0,3,191.1,0.0,0.422,0.422
2019-04-17 21:00:00,0.0,27.77,27.77,47.8,20.0,2,196.0,0.0,0.358,0.358
2019-04-17 22:00:00,0.0,27.23,27.23,48.2,20.0,2,190.1,0.0,0.262,0.262
2019-04-17 23:00:00,0.0,26.62,26.62,48.7,20.0,2,206.6,0.0,0.205,0.205
2019-04-18 00:00:00,0.0,25.96,25.96,49.2,20.0,2,209.7,0.0,0.175,0.175
2019-04-18 01:00:00,0.0,25.38,25.38,49.7,20.0,2,198.8,0.0,0.093,0.093
2019-04-18 02:00:00,0.0,24.86,24.86,50.1,20.0,2,201.5,0.0,0.079,0.079
2019-04-18 03:00:00,0.0,24.42,24.42,50.5,20.0,3,186.7,0.0,0.053,0.053
2019-04-18 04:00:00,0.0,24.18,24.18,50.7,20.0,3,198.2,0.0,0.003,0.003
2019-04-18 05:00:00,0.0,24.16,24.16,50.7,20.0,3,200.7,0.0,0.003,0.003
2019-04-18 06:00:00,44.74,25.82,26.72,49.3,82.1,3,227.4,0.0292,0.017,0.0462
2019-04-18 07:00:00,255.16,28.15,34.36,47.5,44.2,2,190.0,0.1948,0.05,0.2448
2019-04-18 08:00:00,521.51,31.3,44.0,45.0,33.0,2,215.8,0.3938,0.085,0.4788
2019-04-18 09:00:00,741.4,35.37,53.38,41.7,31.9,2,211.1,0.5368,0.099,0.6358
2019-04-18 10:00:00,905.56,37.61,65.16,39.9,30.3,1,204.0,0.6198,0.094,0.7138
2019-04-18 11:00:00,993.51,39.12,69.32,38.7,30.6,1,218.7,0.6652,0.081,0.7462
2019-04-18 12:00:00,997.49,39.71,70.03,38.2,30.7,1,204.9,0.6659,0.079,0.7449
2019-04-18 13:00:00,919.26,39.52,67.49,38.4,30.5,1,205.0,0.6232,0.101,0.7242
2019-04-18 14:00:00,769.23,38.68,62.13,39.1,31.3,1,200.6,0.5373,0.104,0.6413
2019-04-18 15:00:00,569.7,37.23,51.11,40.2,32.1,2,213.4,0.4198,0.107,0.5268
2019-04-18 16:00:00,345.23,35.33,43.7,41.7,33.2,2,212.1,0.2532,0.101,0.3542
2019-04-18 17:00:00,133.27,32.76,35.93,43.8,45.7,2,194.9,0.089,0.084,0.173
2019-04-18 18:00:00,7.61,29.7,29.89,46.2,20.0,1,188.0,0.0,0.077,0.077
2019-04-18 19:00:00,0.0,28.65,28.65,47.1,20.0,1,199.1,0.0,0.085,0.085
2019-04-18 20:00:00,0.0,27.7,27.7,47.8,20.0,0,193.2,0.0,0.116,0.116
2019-04-18 21:00:00,0.0,26.82,26.82,48.5,20.0,0,200.5,0.0,0.117,0.117
2019-04-18 22:00:00,0.0,25.94,25.94,49.2,20.0,1,213.5,0.0,0.086,0.086
2019-04-18 23:00:00,0.0,25.12,25.12,49.9,20.0,2,196.6,0.0,0.06,0.06
2019-04-19 00:00:00,0.0,24.31,24.31,50.6,20.0,2,201.8,0.0,0.041,0.041
2019-04-19 01:00:00,0.0,23.49,23.49,51.2,20.0,3,202.8,0.0,0.013,0.013
2019-04-19 02:00:00,0.0,22.49,22.49,52.0,20.0,3,210.7,0.0,0.005,0.005
2019-04-19 03:00:00,0.0,21.43,21.43,52.9,20.0,3,179.7,0.0,0.0,0.0
2019-04-19 04:00:00,0.0,20.42,20.42,53.7,20.0,3,196.1,0.0,0.0,0.0
2019-04-19 05:00:00,0.0,19.72,19.72,54.2,20.0,3,204.3,0.0,0.002,0.002
2019-04-19 06:00:00,26.93,21.25,21.8,53.0,100.0,3,214.2,0.0162,0.01,0.0262
2019-04-19 07:00:00,188.71,24.92,28.74,50.1,67.4,3,197.3,0.1449,0.027,0.1719
2019-04-19 08:00:00,340.67,29.17,36.05,46.7,75.8,3,183.4,0.2593,0.053,0.3123
2019-04-19 09:00:00,452.75,32.75,41.87,43.8,75.4,3,208.4,0.3368,0.086,0.4228
2019-04-19 10:00:00,895.81,35.55,53.63,41.6,30.3,3,195.8,0.6451,0.127,0.7721
2019-04-19 11:00:00,762.8,37.72,56.18,39.8,59.0,2,190.3,0.5379,0.16,0.6979
2019-04-19 12:00:00,552.24,39.25,52.59,38.6,80.0,2,195.9,0.3914,0.186,0.5774
2019-04-19 13:00:00,181.97,39.98,45.5,38.0,93.3,1,200.3,0.1258,0.233,0.3588
2019-04-19 14:00:00,743.42,39.78,62.41,38.2,47.6,1,196.1,0.5162,0.228,0.7442
2019-04-19 15:00:00,413.77,38.66,55.55,39.1,67.6,0,180.1,0.2933,0.189,0.4823
2019-04-19 16:00:00,339.93,36.84,50.68,40.5,41.0,0,211.2,0.2423,0.163,0.4053
2019-04-19 17:00:00,131.63,34.12,39.39,42.7,47.7,0,214.9,0.0868,0.178,0.2648
2019-04-19 18:00:00,9.51,31.41,31.66,44.9,20.0,1,208.7,0.0,0.223,0.223
2019-04-19 19:00:00,0.0,30.44,30.44,45.6,20.0,2,190.8,0.0,0.284,0.284
2019-04-19 20:00:00,0.0,29.64,29.64,46.3,20.0,3,200.2,0.0,0.355,0.355
2019-04-19 21:00:00,0.0,28.81,28.81,47.0,20.0,3,202.1,0.0,0.352,0.352
2019-04-19 22:00:00,0.0,27.98,27.98,47.6,20.0,3,208.2,0.0,0.307,0.307
2019-04-19 23:00:00,0.0,27.2,27.2,48.2,20.0,3,208.9,0.0,0.263,0.263
2019-04-20 00:00:00,0.0,26.48,26.48,48.8,20.0,3,195.9,0.0,0.213,0.213
2019-04-20 01:00:00,0.0,25.82,25.82,49.3,20.0,3,204.0,0.0,0.088,0.088
2019-04-20 02:00:00,0.0,25.14,25.14,49.9,20.0,3,207.8,0.0,0.021,0.021
2019-04-20 03:00:00,0.0,24.5,24.5,50.4,20.0,3,217.8,0.0,0.001,0.001
2019-04-20 04:00:00,0.0,23.91,23.91,50.9,20.0,3,210.3,0.0,0.0,0.0
2019-04-20 05:00:00,0.0,23.7,23.7,51.0,20.0,3,211.1,0.0,0.001,0.001
2019-04-20 06:00:00,50.91,25.84,27.08,49.3,76.1,2,204.1,0.0339,0.008,0.0419
2019-04-20 07:00:00,269.72,29.62,36.19,46.3,41.8,2,217.3,0.2049,0.025,0.2299
2019-04-20 08:00:00,526.18,34.72,45.38,42.2,31.5,3,207.3,0.3952,0.047,0.4422
2019-04-20 09:00:00,736.32,37.72,55.6,39.8,30.7,2,194.6,0.528,0.073,0.601
2019-04-20 10:00:00,891.76,40.0,61.63,38.0,30.4,2,217.2,0.62,0.099,0.719
2019-04-20 11:00:00,972.8,41.65,71.23,36.7,30.3,1,210.2,0.6457,0.115,0.7607
2019-04-20 12:00:00,975.66,42.56,72.23,35.9,30.2,1,198.8,0.6448,0.13,0.7748
2019-04-20 13:00:00,901.03,42.61,79.32,35.9,30.3,0,198.4,0.5775,0.176,0.7535
2019-04-20 14:00:00,756.32,41.94,72.81,36.4,30.4,0,206.2,0.5028,0.204,0.7068
2019-04-20 15:00:00,562.2,40.47,63.48,37.6,30.9,0,207.8,0.3919,0.163,0.5549
2019-04-20 16:00:00,342.95,38.45,48.87,39.2,32.1,1,205.2,0.2456,0.107,0.3526
2019-04-20 17:00:00,132.52,35.89,39.85,41.3,47.3,1,206.3,0.0873,0.079,0.1663
2019-04-20 18:00:00,7.61,33.17,33.37,43.5,20.0,1,220.2,0.0,0.076,0.076
2019-04-20 19:00:00,0.0,32.21,32.21,44.2,20.0,2,213.9,0.0,0.085,0.085
2019-04-20 20:00:00,0.0,31.28,31.28,45.0,20.0,2,205.1,0.0,0.103,0.103
2019-04-20 21:00:00,0.0,30.37,30.37,45.7,20.0,2,212.6,0.0,0.119,0.119
2019-04-20 22:00:00,0.0,29.44,29.44,46.4,20.0,2,192.9,0.0,0.141,0.141
2019-04-20 23:00:00,0.0,28.55,28.55,47.2,20.0,2,207.2,0.0,0.172,0.172
2019-04-21 00:00:00,0.0,27.75,27.75,47.8,20.0,2,222.3,0.0,0.2,0.2
2019-04-21 01:00:00,0.0,27.05,27.05,48.4,20.0,2,202.0,0.0,0.123,0.123
2019-04-21 02:00:00,0.0,26.33,26.33,48.9,20.0,1,195.7,0.0,0.107,0.107
2019-04-21 03:00:00,0.0,25.76,25.76,49.4,20.0,1,197.7,0.0,0.101,0.101
2019-04-21 04:00:00,0.0,25.16,25.16,49.9,20.0,1,193.3,0.0,0.039,0.039
2019-04-21 05:00:00,0.0,25.01,25.01,50.0,20.0,1,196.4,0.0,0.008,0.008
2019-04-21 06:00:00,23.21,27.63,28.58,47.9,100.0,0,200.5,0.0128,0.005,0.0178
2019-04-21 07:00:00,231.64,31.64,41.1,44.7,51.7,0,190.2,0.1707,0.015,0.1857
2019-04-21 08:00:00,323.93,36.44,49.64,40.9,74.7,0,204.4,0.2319,0.047,0.2789
2019-04-21 09:00:00,573.75,38.79,56.22,39.0,60.0,1,213.2,0.4053,0.087,0.4923
2019-04-21 10:00:00,477.0,39.98,54.44,38.0,81.9,1,195.1,0.3342,0.13,0.4642
2019-04-21 11:00:00,846.59,40.73,61.23,37.4,46.2,2,219.4,0.5859,0.155,0.7409
2019-04-21 12:00:00,829.5,40.99,61.08,37.2,49.8,2,209.3,0.5742,0.135,0.7092
2019-04-21 13:00:00,469.9,40.94,52.3,37.2,85.2,2,214.5,0.3324,0.093,0.4254
2019-04-21 14:00:00,435.37,40.22,50.76,37.8,81.6,2,197.6,0.3116,0.046,0.3576
2019-04-21 15:00:00,108.27,38.95,41.58,38.8,100.0,2,212.8,0.0742,0.016,0.0902
2019-04-21 16:00:00,101.48,37.12,39.59,40.3,100.0,2,193.3,0.0708,0.003,0.0738
2019-04-21 17:00:00,85.93,34.94,37.03,42.0,100.0,2,213.1,0.0586,0.0,0.0586
2019-04-21 18:00:00,2.85,32.56,32.61,44.0,20.0,3,205.9,0.0,0.0,0.0
2019-04-21 19:00:00,0.0,31.43,31.43,44.9,20.0,3,209.7,0.0,0.0,0.0
2019-04-21 20:00:00,0.0,30.74,30.74,45.4,20.0,3,192.5,0.0,0.0,0.0
2019-04-21 21:00:00,0.0,29.95,29.95,46.0,20.0,3,195.3,0.0,0.001,0.001
2019-04-21 22:00:00,0.0,28.99,28.99,46.8,20.0,3,210.2,0.0,0.002,0.002
2019-04-21 23:00:00,0.0,28.15,28.15,47.5,20.0,2,194.7,0.0,0.002,0.002
2019-04-22 00:00:00,0.0,27.42,27.42,48.1,20.0,2,209.8,0.0,0.001,0.001
2019-04-22 01:00:00,0.0,26.72,26.72,48.6,20.0,2,191.5,0.0,0.0,0.0
2019-04-22 02:00:00,0.0,26.01,26.01,49.2,20.0,2,213.7,0.0,0.0,0.0
2019-04-22 03:00:00,0.0,25.4,25.4,49.7,20.0,1,192.9,0.0,0.0,0.0
2019-04-22 04:00:00,0.0,24.85,24.85,50.1,20.0,1,210.7,0.0,0.0,0.0
2019-04-22 05:00:00,0.0,24.8,24.8,50.2,20.0,1,211.4,0.0,0.001,0.001
2019-04-22 06:00:00,49.27,27.56,28.76,48.0,85.0,2,198.2,0.0326,0.011,0.0436
2019-04-22 07:00:00,255.02,31.47,39.25,44.8,46.1,1,211.0,0.1906,0.039,0.2296
2019-04-22 08:00:00,511.88,36.39,48.84,40.9,36.3,2,207.8,0.3778,0.074,0.4518
2019-04-22 09:00:00,724.24,38.95,56.54,38.8,35.1,2,199.8,0.5163,0.112,0.6283
2019-04-22 10:00:00,898.97,40.69,62.49,37.4,32.8,2,195.1,0.6221,0.138,0.7601
2019-04-22 11:00:00,985.59,41.84,65.74,36.5,30.1,2,185.6,0.6707,0.149,0.8197
2019-04-22 12:00:00,987.0,42.35,62.25,36.1,30.1,3,208.7,0.6826,0.137,0.8196
2019-04-22 13:00:00,908.69,42.22,60.56,36.2,30.2,3,189.5,0.6355,0.11,0.7455
2019-04-22 14:00:00,763.02,41.56,56.99,36.7,30.3,3,206.1,0.5452,0.072,0.6172
2019-04-22 15:00:00,567.59,40.31,51.82,37.7,30.7,3,202.6,0.4169,0.025,0.4419
2019-04-22 16:00:00,346.82,38.54,45.53,39.2,33.2,3,212.0,0.2522,0.009,0.2612
2019-04-22 17:00:00,133.7,36.35,39.0,40.9,46.4,3,202.2,0.0884,0.017,0.1054
2019-04-22 18:00:00,7.61,33.51,33.66,43.2,20.0,2,201.9,0.0,0.042,0.042
2019-04-22 19:00:00,0.0,32.29,32.29,44.2,20.0,2,212.5,0.0,0.071,0.071
2019-04-22 20:00:00,0.0,31.4,31.4,44.9,20.0,2,208.5,0.0,0.091,0.091
2019-04-22 21:00:00,0.0,30.62,30.62,45.5,20.0,2,208.4,0.0,0.081,0.081
2019-04-22 22:00:00,0.0,29.84,29.84,46.1,20.0,1,209.9,0.0,0.05,0.05
2019-04-22 23:00:00,0.0,29.09,29.09,46.7,20.0,1,189.8,0.0,0.02,0.02
2019-04-23 00:00:00,0.0,28.39,28.39,47.3,20.0,1,213.7,0.0,0.004,0.004
2019-04-23 01:00:00,0.0,27.66,27.66,47.9,20.0,1,212.3,0.0,0.0,0.0
2019-04-23 02:00:00,0.0,26.99,26.99,48.4,20.0,1,196.0,0.0,0.0,0.0
2019-04-23 03:00:00,0.0,26.34,26.34,48.9,20.0,1,203.7,0.0,0.046,0.046
2019-04-23 04:00:00,0.0,25.74,25.74,49.4,20.0,1,205.8,0.0,0.053,0.053
2019-04-23 05:00:00,0.0,25.58,25.58,49.5,20.0,1,204.8,0.0,0.038,0.038
2019-04-23 06:00:00,48.67,28.2,29.69,47.4,89.5,1,209.5,0.0321,0.027,0.0591
2019-04-23 07:00:00,251.62,31.48,39.16,44.8,47.5,1,220.5,0.1879,0.022,0.2099
2019-04-23 08:00:00,494.8,35.99,51.08,41.2,39.6,1,217.0,0.361,0.021,0.382
2019-04-23 09:00:00,725.61,39.52,57.14,38.4,34.9,2,193.0,0.5159,0.029,0.5449
2019-04-23 10:00:00,878.31,42.24,63.54,36.2,36.0,2,212.4,0.6044,0.041,0.6454
2019-04-23 11:00:00,976.07,43.66,63.34,35.1,30.2,3,219.4,0.6715,0.048,0.7195
2019-04-23 12:00:00,976.44,44.17,63.86,34.7,30.2,3,210.0,0.6705,0.038,0.7085
2019-04-23 13:00:00,898.72,43.95,62.09,34.8,30.3,3,217.1,0.6242,0.013,0.6372
2019-04-23 14:00:00,753.49,43.13,58.36,35.5,34.5,3,226.3,0.5345,0.002,0.5365
2019-04-23 15:00:00,561.0,41.84,53.21,36.5,30.8,3,216.4,0.4094,0.0,0.4094
2019-04-23 16:00:00,342.74,40.08,46.99,37.9,40.4,3,208.6,0.2482,0.0,0.2482
2019-04-23 17:00:00,132.12,37.9,40.52,39.7,48.4,3,216.6,0.0871,0.0,0.0871
2019-04-23 18:00:00,7.61,35.12,35.24,41.9,20.0,3,207.6,0.0,0.0,0.0
2019-04-23 19:00:00,0.0,33.86,33.86,42.9,20.0,3,206.4,0.0,0.0,0.0
2019-04-23 20:00:00,0.0,32.88,32.88,43.7,20.0,3,202.6,0.0,0.0,0.0
2019-04-23 21:00:00,0.0,31.96,31.96,44.4,20.0,2,221.8,0.0,0.0,0.0
2019-04-23 22:00:00,0.0,31.0,31.0,45.2,20.0,2,198.0,0.0,0.0,0.0
2019-04-23 23:00:00,0.0,30.12,30.12,45.9,20.0,2,221.5,0.0,0.002,0.002
2019-04-24 00:00:00,0.0,29.21,29.21,46.6,20.0,2,212.1,0.0,0.008,0.008
2019-04-24 01:00:00,0.0,28.29,28.29,47.4,20.0,2,193.1,0.0,0.014,0.014
2019-04-24 02:00:00,0.0,27.42,27.42,48.1,20.0,1,210.8,0.0,0.005,0.005
2019-04-24 03:00:00,0.0,26.7,26.7,48.6,20.0,1,186.1,0.0,0.0,0.0
2019-04-24 04:00:00,0.0,26.07,26.07,49.1,20.0,0,213.3,0.0,0.0,0.0
2019-04-24 05:00:00,0.0,25.9,25.9,49.3,20.0,0,215.9,0.0,0.0,0.0
2019-04-24 06:00:00,54.48,28.64,30.3,47.1,78.6,1,201.2,0.0362,0.0,0.0362
2019-04-24 07:00:00,283.3,32.59,41.24,43.9,40.3,1,208.3,0.2111,0.0,0.2111
2019-04-24 08:00:00,535.61,37.92,54.27,39.7,32.6,1,226.6,0.3869,0.001,0.3879
2019-04-24 09:00:00,748.09,41.04,63.82,37.2,31.9,1,202.0,0.5168,0.006,0.5228
2019-04-24 10:00:00,904.6,43.08,70.6,35.5,30.2,1,196.5,0.6035,0.014,0.6175
2019-04-24 11:00:00,984.38,44.37,74.29,34.5,30.1,1,221.9,0.6437,0.022,0.6657
2019-04-24 12:00:00,985.5,44.97,74.93,34.0,30.1,1,226.7,0.6428,0.026,0.6688
2019-04-24 13:00:00,908.98,44.83,72.49,34.1,30.2,1,207.1,0.6019,0.019,0.6209
2019-04-24 14:00:00,764.08,44.07,62.64,34.7,30.3,2,217.2,0.5323,0.005,0.5373
2019-04-24 15:00:00,568.52,42.66,56.51,35.9,30.8,2,220.5,0.409,0.0,0.409
2019-04-24 16:00:00,346.74,40.71,49.12,37.4,33.1,2,199.7,0.248,0.0,0.248
2019-04-24 17:00:00,135.57,38.34,41.57,39.3,45.8,2,202.2,0.0886,0.0,0.0886
2019-04-24 18:00:00,7.61,35.44,35.59,41.7,20.0,2,219.4,0.0,0.001,0.001
2019-04-24 19:00:00,0.0,34.18,34.18,42.7,20.0,3,223.9,0.0,0.003,0.003
2019-04-24 20:00:00,0.0,33.12,33.12,43.5,20.0,3,212.7,0.0,0.003,0.003
2019-04-24 21:00:00,0.0,32.14,32.14,44.3,20.0,3,198.3,0.0,0.003,0.003
2019-04-24 22:00:00,0.0,31.2,31.2,45.0,20.0,2,227.0,0.0,0.002,0.002
2019-04-24 23:00:00,0.0,30.35,30.35,45.7,20.0,2,201.8,0.0,0.003,0.003
2019-04-25 00:00:00,0.0,29.55,29.55,46.4,20.0,2,204.7,0.0,0.005,0.005
2019-04-25 01:00:00,0.0,28.81,28.81,47.0,20.0,2,211.4,0.0,0.007,0.007
2019-04-25 02:00:00,0.0,28.08,28.08,47.5,20.0,1,223.5,0.0,0.004,0.004
2019-04-25 03:00:00,0.0,27.41,27.41,48.1,20.0,1,216.5,0.0,0.002,0.002
2019-04-25 04:00:00,0.0,26.74,26.74,48.6,20.0,1,212.2,0.0,0.001,0.001
2019-04-25 05:00:00,0.0,26.52,26.52,48.8,20.0,0,212.6,0.0,0.0,0.0
2019-04-25 06:00:00,62.08,29.27,31.8,46.6,70.9,0,208.4,0.0415,0.0,0.0415
2019-04-25 07:00:00,280.83,33.19,44.67,43.4,41.5,0,213.6,0.206,0.0,0.206
2019-04-25 08:00:00,536.98,39.23,61.17,38.6,32.5,0,182.7,0.376,0.001,0.377
2019-04-25 09:00:00,749.44,42.51,73.07,36.0,31.7,0,205.0,0.4958,0.002,0.4978
2019-04-25 10:00:00,909.91,44.45,72.12,34.4,30.4,1,210.4,0.6026,0.003,0.6056
2019-04-25 11:00:00,994.41,45.6,75.82,33.5,30.7,1,196.5,0.6454,0.005,0.6504
2019-04-25 12:00:00,995.33,45.97,76.23,33.2,30.7,1,211.9,0.645,0.006,0.651
2019-04-25 13:00:00,916.59,45.67,73.55,33.5,30.5,1,206.0,0.6037,0.004,0.6077
2019-04-25 14:00:00,768.38,44.71,63.39,34.2,31.3,2,225.6,0.5334,0.005,0.5384
2019-04-25 15:00:00,568.78,43.32,57.18,35.3,32.0,2,223.7,0.4078,0.005,0.4128
2019-04-25 16:00:00,346.72,41.46,49.87,36.8,33.0,2,203.3,0.2471,0.007,0.2541
2019-04-25 17:00:00,138.71,39.06,42.35,38.7,37.9,2,206.5,0.0886,0.009,0.0976
2019-04-25 18:00:00,11.42,36.06,36.29,41.2,100.0,2,207.3,0.0007,0.011,0.0117
2019-04-25 19:00:00,0.0,34.86,34.86,42.1,20.0,2,203.5,0.0,0.009,0.009
2019-04-25 20:00:00,0.0,33.97,33.97,42.8,20.0,2,210.0,0.0,0.005,0.005
2019-04-25 21:00:00,0.0,33.02,33.02,43.6,20.0,2,200.4,0.0,0.005,0.005
2019-04-25 22:00:00,0.0,32.14,32.14,44.3,20.0,2,196.7,0.0,0.024,0.024
2019-04-25 23:00:00,0.0,31.3,31.3,45.0,20.0,2,214.2,0.0,0.065,0.065
2019-04-26 00:00:00,0.0,30.47,30.47,45.6,20.0,2,215.2,0.0,0.11,0.11
2019-04-26 01:00:00,0.0,29.68,29.68,46.3,20.0,2,200.9,0.0,0.092,0.092
2019-04-26 02:00:00,0.0,28.87,28.87,46.9,20.0,2,217.9,0.0,0.08,0.08
2019-04-26 03:00:00,0.0,28.03,28.03,47.6,20.0,2,202.6,0.0,0.128,0.128
2019-04-26 04:00:00,0.0,27.27,27.27,48.2,20.0,1,211.4,0.0,0.096,0.096
2019-04-26 05:00:00,0.0,26.99,26.99,48.4,20.0,1,217.1,0.0,0.072,0.072
2019-04-26 06:00:00,56.15,29.69,31.4,46.2,80.3,1,208.6,0.0373,0.07,0.1073
2019-04-26 07:00:00,248.89,33.58,43.75,43.1,50.1,0,213.4,0.182,0.084,0.266
2019-04-26 08:00:00,495.04,38.76,53.86,39.0,40.6,1,203.7,0.3565,0.118,0.4745
2019-04-26 09:00:00,725.86,42.55,60.18,36.0,34.1,2,206.9,0.5091,0.141,0.6501
2019-04-26 10:00:00,889.08,44.73,66.29,34.2,34.7,2,206.8,0.6042,0.14,0.7442
2019-04-26 11:00:00,976.09,46.02,69.68,33.2,32.9,2,201.4,0.6518,0.131,0.7828
2019-04-26 12:00:00,988.85,46.53,66.47,32.8,30.1,3,207.1,0.6708,0.113,0.7838
2019-04-26 13:00:00,911.97,46.32,64.72,32.9,30.2,3,193.4,0.6258,0.092,0.7178
2019-04-26 14:00:00,765.92,45.45,60.93,33.6,30.3,3,204.0,0.5377,0.059,0.5967
2019-04-26 15:00:00,568.79,44.06,55.59,34.7,32.0,3,206.1,0.4106,0.046,0.4566
2019-04-26 16:00:00,348.75,42.28,49.32,36.2,38.5,3,206.3,0.2498,0.046,0.2958
2019-04-26 17:00:00,133.91,39.97,42.63,38.0,53.2,3,206.5,0.0885,0.043,0.1315
2019-04-26 18:00:00,10.46,36.87,37.08,40.5,100.0,2,208.3,0.0002,0.043,0.0432
2019-04-26 19:00:00,0.0,35.56,35.56,41.6,20.0,2,213.7,0.0,0.05,0.05
2019-04-26 20:00:00,0.0,34.64,34.64,42.3,20.0,2,217.6,0.0,0.068,0.068
2019-04-26 21:00:00,0.0,33.81,33.81,43.0,20.0,3,202.4,0.0,0.062,0.062
2019-04-26 22:00:00,0.0,32.98,32.98,43.6,20.0,3,196.9,0.0,0.042,0.042
2019-04-26 23:00:00,0.0,32.2,32.2,44.2,20.0,3,198.5,0.0,0.024,0.024
2019-04-27 00:00:00,0.0,31.41,31.41,44.9,20.0,4,204.9,0.0,0.009,0.009
2019-04-27 01:00:00,0.0,30.66,30.66,45.5,20.0,4,206.3,0.0,0.001,0.001
2019-04-27 02:00:00,0.0,29.83,29.83,46.1,20.0,4,202.1,0.0,0.0,0.0
2019-04-27 03:00:00,0.0,29.0,29.0,46.8,20.0,4,196.8,0.0,0.005,0.005
2019-04-27 04:00:00,0.0,28.27,28.27,47.4,20.0,4,205.2,0.0,0.014,0.014
2019-04-27 05:00:00,0.0,27.92,27.92,47.7,20.0,3,211.6,0.0,0.025,0.025
2019-04-27 06:00:00,59.54,30.0,31.2,46.0,77.9,3,215.7,0.0399,0.045,0.0849
2019-04-27 07:00:00,258.4,33.9,39.13,42.9,47.7,3,204.2,0.1933,0.076,0.2693
2019-04-27 08:00:00,525.47,38.85,49.48,38.9,35.0,3,205.6,0.3869,0.115,0.5019
2019-04-27 09:00:00,745.8,42.32,55.22,36.1,32.6,4,200.5,0.535,0.148,0.683
2019-04-27 10:00:00,902.36,44.49,60.07,34.4,30.3,4,209.5,0.6313,0.168,0.7993
2019-04-27 11:00:00,980.43,45.75,62.67,33.4,30.2,4,201.3,0.6763,0.168,0.8443
2019-04-27 12:00:00,979.24,46.29,63.2,33.0,30.2,4,215.5,0.6742,0.133,0.8072
2019-04-27 13:00:00,902.91,46.14,61.74,33.1,30.2,4,191.9,0.6279,0.085,0.7129
2019-04-27 14:00:00,758.64,45.42,58.55,33.7,30.4,4,206.2,0.5381,0.058,0.5961
2019-04-27 15:00:00,564.69,44.14,53.93,34.7,30.7,4,212.8,0.4107,0.035,0.4457
2019-04-27 16:00:00,347.63,42.46,48.46,36.0,33.0,4,211.6,0.2493,0.018,0.2673
2019-04-27 17:00:00,137.71,40.43,42.76,37.7,44.8,4,236.7,0.0895,0.013,0.1025
2019-04-27 18:00:00,9.51,37.78,37.94,39.8,20.0,3,213.3,0.0,0.013,0.013
2019-04-27 19:00:00,0.0,36.36,36.36,40.9,20.0,3,199.7,0.0,0.014,0.014
2019-04-27 20:00:00,0.0,35.32,35.32,41.7,20.0,3,208.8,0.0,0.017,0.017
2019-04-27 21:00:00,0.0,34.33,34.33,42.5,20.0,3,192.0,0.0,0.027,0.027
2019-04-27 22:00:00,0.0,33.44,33.44,43.2,20.0,2,209.0,0.0,0.053,0.053
2019-04-27 23:00:00,0.0,32.62,32.62,43.9,20.0,2,201.4,0.0,0.098,0.098
2019-04-28 00:00:00,0.0,31.88,31.88,44.5,20.0,2,219.8,0.0,0.164,0.164
2019-04-28 01:00:00,0.0,31.18,31.18,45.1,20.0,2,205.1,0.0,0.155,0.155
2019-04-28 02:00:00,0.0,30.52,30.52,45.6,20.0,1,209.5,0.0,0.087,0.087
2019-04-28 03:00:00,0.0,29.83,29.83,46.1,20.0,1,204.3,0.0,0.008,0.008
2019-04-28 04:00:00,0.0,29.24,29.24,46.6,20.0,1,228.0,0.0,0.0,0.0
2019-04-28 05:00:00,0.0,29.04,29.04,46.8,20.0,0,207.4,0.0,0.0,0.0
2019-04-28 06:00:00,57.8,31.66,34.01,44.7,81.9,0,228.9,0.0382,0.003,0.0412
2019-04-28 07:00:00,261.19,35.37,46.04,41.7,47.4,0,218.8,0.1896,0.026,0.2156
2019-04-28 08:00:00,528.07,40.65,62.22,37.5,34.8,0,215.4,0.3674,0.075,0.4424
2019-04-28 09:00:00,745.48,44.03,66.73,34.8,30.7,1,214.3,0.5081,0.111,0.6191
2019-04-28 10:00:00,892.4,45.88,73.02,33.3,30.4,1,214.6,0.5883,0.123,0.7113
2019-04-28 11:00:00,969.84,47.07,76.55,32.3,30.3,1,191.3,0.6273,0.119,0.7463
2019-04-28 12:00:00,968.64,47.56,77.0,32.0,30.3,1,207.8,0.6255,0.094,0.7195
2019-04-28 13:00:00,892.04,47.35,74.49,32.1,30.4,1,219.1,0.5849,0.054,0.6389
2019-04-28 14:00:00,748.1,46.44,69.24,32.8,30.4,1,210.1,0.5053,0.017,0.5223
2019-04-28 15:00:00,557.0,44.97,61.99,34.0,30.9,1,196.6,0.3905,0.001,0.3915
2019-04-28 16:00:00,341.92,42.96,51.25,35.6,32.1,2,210.1,0.2418,0.0,0.2418
2019-04-28 17:00:00,138.7,40.56,44.7,37.6,44.6,1,227.7,0.0894,0.0,0.0894
2019-04-28 18:00:00,12.37,37.8,38.11,39.8,100.0,1,223.1,0.001,0.002,0.003
2019-04-28 19:00:00,0.0,36.68,36.68,40.7,20.0,1,210.0,0.0,0.027,0.027
2019-04-28 20:00:00,0.0,35.81,35.81,41.4,20.0,1,220.1,0.0,0.084,0.084
2019-04-28 21:00:00,0.0,35.01,35.01,42.0,20.0,1,207.0,0.0,0.14,0.14
2019-04-28 22:00:00,0.0,34.21,34.21,42.6,20.0,2,193.6,0.0,0.165,0.165
2019-04-28 23:00:00,0.0,33.38,33.38,43.3,20.0,2,201.4,0.0,0.16,0.16
2019-04-29 00:00:00,0.0,32.57,32.57,43.9,20.0,3,227.1,0.0,0.147,0.147
2019-04-29 01:00:00,0.0,31.73,31.73,44.6,20.0,3,208.7,0.0,0.093,0.093
2019-04-29 02:00:00,0.0,30.9,30.9,45.3,20.0,3,209.0,0.0,0.042,0.042
2019-04-29 03:00:00,0.0,30.14,30.14,45.9,20.0,3,208.5,0.0,0.073,0.073
2019-04-29 04:00:00,0.0,29.53,29.53,46.4,20.0,2,230.5,0.0,0.075,0.075
2019-04-29 05:00:00,0.0,29.39,29.39,46.5,20.0,2,227.7,0.0,0.062,0.062
2019-04-29 06:00:00,49.31,31.68,32.88,44.7,100.0,2,233.6,0.0323,0.056,0.0883
2019-04-29 07:00:00,284.7,35.84,42.77,41.3,44.5,2,209.9,0.2107,0.058,0.2687
2019-04-29 08:00:00,516.04,40.86,56.6,37.3,37.7,1,214.4,0.3677,0.066,0.4337
2019-04-29 09:00:00,739.18,43.74,66.25,35.0,30.7,1,196.3,0.5048,0.088,0.5928
2019-04-29 10:00:00,887.17,45.69,72.67,33.4,30.4,1,226.2,0.5858,0.115,0.7008
2019-04-29 11:00:00,963.22,46.8,76.08,32.6,30.3,1,199.8,0.6244,0.125,0.7494
2019-04-29 12:00:00,962.94,47.13,76.4,32.3,30.3,1,213.6,0.6236,0.104,0.7276
2019-04-29 13:00:00,888.48,46.76,73.79,32.6,30.4,1,200.5,0.5845,0.059,0.6435
2019-04-29 14:00:00,745.86,45.83,63.96,33.3,30.5,2,205.6,0.5162,0.031,0.5472
2019-04-29 15:00:00,557.05,44.45,58.03,34.4,30.9,2,203.1,0.3976,0.026,0.4236
2019-04-29 16:00:00,342.31,42.62,50.92,35.9,32.0,2,205.4,0.2424,0.049,0.2914
2019-04-29 17:00:00,111.26,40.52,43.2,37.6,73.7,2,206.1,0.0744,0.124,0.1984
2019-04-29 18:00:00,16.17,37.93,38.26,39.7,100.0,2,206.0,0.0026,0.261,0.2636
2019-04-29 19:00:00,0.0,36.76,36.76,40.6,20.0,2,219.8,0.0,0.413,0.413
2019-04-29 20:00:00,0.0,35.88,35.88,41.3,20.0,1,200.4,0.0,0.526,0.526
2019-04-29 21:00:00,0.0,35.1,35.1,41.9,20.0,1,213.7,0.0,0.579,0.579
2019-04-29 22:00:00,0.0,34.33,34.33,42.5,20.0,1,223.6,0.0,0.564,0.564
2019-04-29 23:00:00,0.0,33.54,33.54,43.2,20.0,1,206.3,0.0,0.452,0.452
2019-04-30 00:00:00,0.0,32.85,32.85,43.7,20.0,1,205.1,0.0,0.388,0.388
2019-04-30 01:00:00,0.0,32.16,32.16,44.3,20.0,1,210.0,0.0,0.247,0.247
2019-04-30 02:00:00,0.0,31.56,31.56,44.8,20.0,1,224.1,0.0,0.298,0.298
2019-04-30 03:00:00,0.0,31.27,31.27,45.0,20.0,2,214.2,0.0,0.436,0.436
2019-04-30 04:00:00,0.0,31.03,31.03,45.2,20.0,2,206.9,0.0,0.333,0.333
2019-04-30 05:00:00,0.0,31.26,31.26,45.0,20.0,2,217.1,0.0,0.266,0.266
2019-04-30 06:00:00,63.47,33.38,35.31,43.3,78.0,1,201.2,0.0421,0.25,0.2921
2019-04-30 07:00:00,239.81,37.62,43.45,39.9,57.1,2,219.1,0.1751,0.274,0.4491
2019-04-30 08:00:00,481.31,41.52,53.22,36.8,46.1,2,216.3,0.3465,0.32,0.6665
2019-04-30 09:00:00,708.68,44.02,61.22,34.8,38.6,2,209.2,0.4938,0.374,0.8678
2019-04-30 10:00:00,870.9,45.82,72.29,33.3,37.9,1,203.9,0.5749,0.408,0.9829
2019-04-30 11:00:00,959.52,46.95,70.21,32.4,30.4,2,203.4,0.6395,0.428,1.0675
2019-04-30 12:00:00,959.21,47.32,70.57,32.1,30.3,2,217.6,0.6385,0.41,1.0485
2019-04-30 13:00:00,884.02,46.97,68.42,32.4,30.4,2,224.5,0.5963,0.447,1.0433
2019-04-30 14:00:00,743.64,46.12,61.15,33.1,30.6,3,205.9,0.5212,0.506,1.0272
2019-04-30 15:00:00,554.78,44.8,56.04,34.2,31.0,3,216.8,0.3994,0.583,0.9824
2019-04-30 16:00:00,334.03,43.02,49.76,35.6,44.2,3,191.4,0.2387,0.672,0.9107
2019-04-30 17:00:00,109.76,40.98,43.19,37.2,76.2,3,206.4,0.0735,0.729,0.8025
2019-04-30 18:00:00,4.76,38.58,38.66,39.1,20.0,3,211.9,0.0,0.721,0.721
2019-04-30 19:00:00,0.0,37.28,37.28,40.2,20.0,2,203.2,0.0,0.697,0.697
2019-04-30 20:00:00,0.0,36.37,36.37,40.9,20.0,3,202.9,0.0,0.671,0.671
2019-04-30 21:00:00,0.0,35.54,35.54,41.6,20.0,3,205.6,0.0,0.603,0.603
2019-04-30 22:00:00,0.0,34.63,34.63,42.3,20.0,3,215.2,0.0,0.466,0.466
2019-04-30 23:00:00,0.0,33.74,33.74,43.0,20.0,3,210.4,0.0,0.348,0.348
2019-05-01 00:00:00,0.0,32.85,32.85,43.7,20.0,3,190.7,0.0,0.282,0.282
2019-05-01 01:00:00,0.0,32.04,32.04,44.4,20.0,3,191.8,0.0,0.144,0.144
2019-05-01 02:00:00,0.0,31.31,31.31,45.0,20.0,3,207.0,0.0,0.13,0.13
2019-05-01 03:00:00,0.0,30.66,30.66,45.5,20.0,3,217.6,0.0,0.165,0.165
2019-05-01 04:00:00,0.0,30.06,30.06,46.0,20.0,3,185.6,0.0,0.155,0.155
2019-05-01 05:00:00,0.0,30.79,30.79,45.4,20.0,2,208.0,0.0,0.172,0.172
2019-05-01 06:00:00,52.75,32.91,34.19,43.7,94.9,2,207.8,0.0346,0.206,0.2406
2019-05-01 07:00:00,229.45,37.27,42.85,40.2,62.5,2,226.9,0.1675,0.241,0.4085
2019-05-01 08:00:00,472.27,41.09,52.58,37.1,44.7,2,209.2,0.3409,0.28,0.6209
2019-05-01 09:00:00,674.97,43.46,59.84,35.2,42.2,2,216.9,0.4724,0.32,0.7924
2019-05-01 10:00:00,831.91,45.21,65.37,33.8,40.6,2,214.5,0.5666,0.362,0.9286
2019-05-01 11:00:00,863.94,46.39,67.31,32.9,41.9,2,191.7,0.5819,0.4,0.9819
2019-05-01 12:00:00,837.84,46.91,72.35,32.5,44.6,1,220.7,0.551,0.41,0.961
2019-05-01 13:00:00,806.96,46.78,71.31,32.6,40.8,1,215.2,0.5354,0.474,1.0094
2019-05-01 14:00:00,672.35,45.37,65.83,33.7,48.8,1,218.1,0.4583,0.525,0.9833
2019-05-01 15:00:00,194.5,42.37,50.29,36.1,90.3,0,252.3,0.1346,0.547,0.6816
2019-05-01 16:00:00,259.76,40.12,50.72,37.9,68.6,0,192.2,0.1839,0.564,0.7479
2019-05-01 17:00:00,28.8,38.28,39.46,39.4,100.0,0,230.3,0.0157,0.59,0.6057
2019-05-01 18:00:00,3.8,37.08,37.18,40.3,20.0,1,210.2,0.0,0.602,0.602
2019-05-01 19:00:00,0.0,35.8,35.8,41.4,20.0,1,215.9,0.0,0.586,0.586
2019-05-01 20:00:00,0.0,33.23,33.23,43.4,20.0,2,212.6,0.0,0.547,0.547
2019-05-01 21:00:00,0.0,31.86,31.86,44.5,20.0,2,208.8,0.0,0.512,0.512
2019-05-01 22:00:00,0.0,30.43,30.43,45.7,20.0,2,207.3,0.0,0.484,0.484
2019-05-01 23:00:00,0.0,29.52,29.52,46.4,20.0,3,216.3,0.0,0.464,0.464
2019-05-02 00:00:00,0.0,28.8,28.8,47.0,20.0,3,198.6,0.0,0.43,0.43
2019-05-02 01:00:00,0.0,28.31,28.31,47.3,20.0,4,221.3,0.0,0.271,0.271
2019-05-02 02:00:00,0.0,27.87,27.87,47.7,20.0,4,209.6,0.0,0.382,0.382
2019-05-02 03:00:00,0.0,27.44,27.44,48.0,20.0,4,202.5,0.0,0.379,0.379
2019-05-02 04:00:00,0.0,27.13,27.13,48.3,20.0,3,209.3,0.0,0.223,0.223
2019-05-02 05:00:00,0.0,27.23,27.23,48.2,20.0,3,226.4,0.0,0.123,0.123
2019-05-02 06:00:00,33.45,28.85,29.67,46.9,100.0,2,208.4,0.0205,0.081,0.1015
2019-05-02 07:00:00,140.48,31.05,34.47,45.2,93.6,2,217.4,0.1027,0.076,0.1787
2019-05-02 08:00:00,273.26,34.9,43.21,42.1,79.5,1,206.5,0.199,0.087,0.286
2019-05-02 09:00:00,653.68,37.91,57.78,39.7,48.4,1,221.4,0.4607,0.095,0.5557
2019-05-02 10:00:00,826.73,39.99,65.11,38.0,41.2,1,220.7,0.5636,0.09,0.6536
2019-05-02 11:00:00,915.05,41.35,69.14,36.9,39.3,1,232.3,0.6115,0.081,0.6925
2019-05-02 12:00:00,911.92,42.12,69.83,36.3,38.8,1,212.0,0.6079,0.076,0.6839
2019-05-02 13:00:00,807.54,42.16,66.7,36.3,41.6,1,220.5,0.5472,0.087,0.6342
2019-05-02 14:00:00,584.18,41.42,59.18,36.9,61.5,1,214.8,0.4079,0.085,0.4929
2019-05-02 15:00:00,454.6,40.06,53.91,38.0,67.9,1,226.8,0.3253,0.078,0.4033
2019-05-02 16:00:00,305.36,38.16,45.57,39.5,50.9,2,206.6,0.2219,0.095,0.3169
2019-05-02 17:00:00,126.83,35.86,38.41,41.3,66.7,3,221.2,0.0872,0.148,0.2352
2019-05-02 18:00:00,11.42,33.45,33.64,43.2,100.0,3,211.9,0.0007,0.216,0.2167
2019-05-02 19:00:00,0.0,31.98,31.98,44.4,20.0,4,213.2,0.0,0.247,0.247
2019-05-02 20:00:00,0.0,31.12,31.12,45.1,20.0,4,214.7,0.0,0.205,0.205
2019-05-02 21:00:00,0.0,30.4,30.4,45.7,20.0,4,216.3,0.0,0.129,0.129
2019-05-02 22:00:00,0.0,29.77,29.77,46.2,20.0,3,212.6,0.0,0.062,0.062
2019-05-02 23:00:00,0.0,29.1,29.1,46.7,20.0,3,215.9,0.0,0.029,0.029
2019-05-03 00:00:00,0.0,28.42,28.42,47.3,20.0,3,230.3,0.0,0.023,0.023
2019-05-03 01:00:00,0.0,27.76,27.76,47.8,20.0,3,224.4,0.0,0.035,0.035
2019-05-03 02:00:00,0.0,27.31,27.31,48.2,20.0,2,223.2,0.0,0.182,0.182
2019-05-03 03:00:00,0.0,26.91,26.91,48.5,20.0,2,210.0,0.0,0.37,0.37
2019-05-03 04:00:00,0.0,26.56,26.56,48.8,20.0,2,205.6,0.0,0.335,0.335
2019-05-03 05:00:00,0.0,26.6,26.6,48.7,20.0,2,224.1,0.0,0.237,0.237
2019-05-03 06:00:00,71.91,28.42,30.16,47.3,63.0,2,223.3,0.0492,0.159,0.2082
2019-05-03 07:00:00,247.2,32.63,38.64,43.9,58.1,2,229.3,0.1846,0.122,0.3066
2019-05-03 08:00:00,482.96,36.44,48.18,40.9,43.3,2,208.5,0.3556,0.112,0.4676
2019-05-03 09:00:00,682.74,39.35,55.91,38.5,41.0,2,212.2,0.4864,0.118,0.6044
2019-05-03 10:00:00,832.7,41.7,67.01,36.6,40.5,1,198.1,0.5628,0.124,0.6868
2019-05-03 11:00:00,920.18,43.5,71.45,35.2,39.8,1,210.6,0.6083,0.125,0.7333
2019-05-03 12:00:00,916.99,44.67,72.52,34.3,39.2,1,224.5,0.6035,0.131,0.7345
2019-05-03 13:00:00,839.81,45.08,79.27,33.9,39.0,0,209.9,0.5366,0.166,0.7026
2019-05-03 14:00:00,604.67,44.71,69.33,34.2,60.6,0,220.9,0.4033,0.201,0.6043
2019-05-03 15:00:00,424.64,43.55,60.88,35.2,68.0,0,212.6,0.2936,0.296,0.5896
2019-05-03 16:00:00,320.57,41.79,51.54,36.6,49.3,1,217.8,0.2272,0.461,0.6882
2019-05-03 17:00:00,124.6,39.3,43.07,38.6,66.2,1,203.1,0.0836,0.61,0.6936
2019-05-03 18:00:00,12.37,36.28,36.6,41.0,100.0,1,215.4,0.0011,0.705,0.7061
2019-05-03 19:00:00,0.0,34.84,34.84,42.1,20.0,0,184.6,0.0,0.757,0.757
2019-05-03 20:00:00,0.0,34.8,34.8,42.2,20.0,0,212.7,0.0,0.794,0.794
2019-05-03 21:00:00,0.0,33.53,33.53,43.2,20.0,0,198.2,0.0,0.674,0.674
2019-05-03 22:00:00,0.0,33.0,33.0,43.6,20.0,0,226.6,0.0,0.601,0.601
2019-05-03 23:00:00,0.0,32.44,32.44,44.0,20.0,1,222.3,0.0,0.613,0.613
2019-05-04 00:00:00,0.0,31.58,31.58,44.7,20.0,1,219.9,0.0,0.59,0.59
2019-05-04 01:00:00,0.0,30.6,30.6,45.5,20.0,2,230.5,0.0,0.725,0.725
2019-05-04 02:00:00,0.0,29.55,29.55,46.4,20.0,2,205.8,0.0,0.763,0.763
2019-05-04 03:00:00,0.0,28.62,28.62,47.1,20.0,3,232.7,0.0,0.603,0.603
2019-05-04 04:00:00,0.0,27.68,27.68,47.9,20.0,3,224.6,0.0,0.374,0.374
2019-05-04 05:00:00,0.0,27.35,27.35,48.1,20.0,3,212.9,0.0,0.207,0.207
2019-05-04 06:00:00,58.74,29.14,30.57,46.7,92.5,2,226.6,0.0399,0.113,0.1529
2019-05-04 07:00:00,248.52,32.6,38.65,43.9,57.6,2,204.2,0.1857,0.066,0.2517
2019-05-04 08:00:00,484.43,36.74,48.51,40.6,43.3,2,207.0,0.3562,0.047,0.4032
2019-05-04 09:00:00,683.2,40.23,56.81,37.8,40.9,2,209.2,0.4847,0.049,0.5337
2019-05-04 10:00:00,839.61,42.89,68.4,35.7,39.9,1,210.0,0.5639,0.068,0.6319
2019-05-04 11:00:00,924.35,44.64,72.71,34.3,40.0,1,204.7,0.6073,0.097,0.7043
2019-05-04 12:00:00,927.86,45.53,83.26,33.6,40.0,0,227.5,0.5795,0.132,0.7115
2019-05-04 13:00:00,853.47,45.68,80.42,33.5,40.0,0,212.7,0.5421,0.194,0.7361
2019-05-04 14:00:00,713.45,45.11,74.19,33.9,40.0,0,218.8,0.469,0.219,0.688
2019-05-04 15:00:00,524.26,43.88,59.88,34.9,40.6,1,209.5,0.3692,0.21,0.5792
2019-05-04 16:00:00,324.62,42.05,51.93,36.4,48.1,1,197.0,0.2297,0.194,0.4237
2019-05-04 17:00:00,130.68,39.52,44.8,38.4,60.9,0,217.9,0.0867,0.188,0.2747
2019-05-04 18:00:00,13.32,36.8,37.26,40.6,100.0,0,196.1,0.0014,0.207,0.2084
2019-05-04 19:00:00,0.0,35.26,35.26,41.8,20.0,0,214.6,0.0,0.266,0.266
2019-05-04 20:00:00,0.0,35.21,35.21,41.8,20.0,0,201.6,0.0,0.366,0.366
2019-05-04 21:00:00,0.0,34.14,34.14,42.7,20.0,0,235.1,0.0,0.442,0.442
2019-05-04 22:00:00,0.0,33.98,33.98,42.8,20.0,1,224.4,0.0,0.477,0.477
2019-05-04 23:00:00,0.0,33.13,33.13,43.5,20.0,2,216.3,0.0,0.518,0.518
2019-05-05 00:00:00,0.0,32.22,32.22,44.2,20.0,2,228.6,0.0,0.527,0.527
2019-05-05 01:00:00,0.0,31.33,31.33,44.9,20.0,3,207.5,0.0,0.466,0.466
2019-05-05 02:00:00,0.0,30.45,30.45,45.6,20.0,3,221.4,0.0,0.657,0.657
2019-05-05 03:00:00,0.0,29.74,29.74,46.2,20.0,2,217.9,0.0,0.576,0.576
2019-05-05 04:00:00,0.0,29.11,29.11,46.7,20.0,2,218.6,0.0,0.391,0.391
2019-05-05 05:00:00,0.0,29.04,29.04,46.8,20.0,2,228.7,0.0,0.241,0.241
2019-05-05 06:00:00,50.24,30.81,32.03,45.4,100.0,2,223.3,0.0332,0.182,0.2152
2019-05-05 07:00:00,232.98,33.76,39.42,43.0,63.0,2,218.8,0.1728,0.199,0.3718
2019-05-05 08:00:00,459.74,37.55,48.72,40.0,48.1,2,199.4,0.3367,0.264,0.6007
2019-05-05 09:00:00,645.87,40.76,56.42,37.4,48.8,2,206.3,0.4577,0.334,0.7917
2019-05-05 10:00:00,822.28,43.3,68.28,35.4,41.7,1,214.7,0.5523,0.386,0.9383
2019-05-05 11:00:00,917.74,45.22,73.09,33.8,39.8,1,216.9,0.6019,0.395,0.9969
2019-05-05 12:00:00,919.3,46.38,74.31,32.9,39.7,1,204.6,0.5998,0.348,0.9478
2019-05-05 13:00:00,848.04,46.62,81.14,32.7,39.9,0,240.1,0.5367,0.282,0.8187
2019-05-05 14:00:00,706.47,46.13,74.93,33.1,42.0,0,231.1,0.4624,0.207,0.6694
2019-05-05 15:00:00,449.29,44.8,58.49,34.2,62.9,1,222.0,0.315,0.171,0.486
2019-05-05 16:00:00,310.32,42.83,52.28,35.7,53.6,1,216.7,0.2191,0.169,0.3881
2019-05-05 17:00:00,123.26,40.45,44.18,37.6,67.7,1,213.8,0.0825,0.198,0.2805
2019-05-05 18:00:00,18.08,38.0,38.46,39.6,100.0,1,206.4,0.0035,0.249,0.2525
2019-05-05 19:00:00,0.0,36.29,36.29,41.0,20.0,1,216.7,0.0,0.308,0.308
2019-05-05 20:00:00,0.0,35.9,35.9,41.3,20.0,0,218.5,0.0,0.345,0.345
2019-05-05 21:00:00,0.0,35.09,35.09,41.9,20.0,0,203.5,0.0,0.323,0.323
2019-05-05 22:00:00,0.0,34.76,34.76,42.2,20.0,1,219.3,0.0,0.278,0.278
2019-05-05 23:00:00,0.0,33.94,33.94,42.8,20.0,1,214.4,0.0,0.243,0.243
2019-05-06 00:00:00,0.0,33.38,33.38,43.3,20.0,1,197.5,0.0,0.212,0.212
2019-05-06 01:00:00,0.0,32.6,32.6,43.9,20.0,1,208.0,0.0,0.096,0.096
2019-05-06 02:00:00,0.0,31.78,31.78,44.6,20.0,1,212.5,0.0,0.146,0.146
2019-05-06 03:00:00,0.0,30.93,30.93,45.3,20.0,1,235.5,0.0,0.177,0.177
2019-05-06 04:00:00,0.0,30.34,30.34,45.7,20.0,0,222.2,0.0,0.101,0.101
2019-05-06 05:00:00,0.0,30.22,30.22,45.8,20.0,1,203.2,0.0,0.061,0.061
2019-05-06 06:00:00,52.1,32.05,33.65,44.4,100.0,1,221.5,0.0343,0.041,0.0753
2019-05-06 07:00:00,186.19,34.93,39.46,42.1,78.1,2,201.1,0.136,0.034,0.17
2019-05-06 08:00:00,378.75,38.01,47.2,39.6,66.6,2,227.4,0.2759,0.035,0.3109
2019-05-06 09:00:00,545.14,40.47,53.68,37.6,66.8,2,211.9,0.3877,0.043,0.4307
2019-05-06 10:00:00,625.85,42.44,57.57,36.0,71.2,2,215.7,0.4363,0.053,0.4893
2019-05-06 11:00:00,684.77,43.66,60.21,35.1,66.1,2,229.9,0.4723,0.061,0.5333
2019-05-06 12:00:00,808.22,44.02,60.3,34.8,50.1,3,203.7,0.5608,0.06,0.6208
2019-05-06 13:00:00,670.46,43.63,57.13,35.1,60.8,3,202.6,0.4709,0.047,0.5179
2019-05-06 14:00:00,496.16,42.26,50.82,36.2,73.8,4,210.8,0.3568,0.037,0.3938
2019-05-06 15:00:00,158.19,38.89,41.62,38.9,97.7,4,227.0,0.112,0.058,0.17
2019-05-06 16:00:00,139.87,35.91,38.33,41.3,100.0,4,201.4,0.101,0.112,0.213
2019-05-06 17:00:00,89.06,34.38,35.92,42.5,100.0,4,188.3,0.0618,0.193,0.2548
2019-05-06 18:00:00,14.27,33.04,33.25,43.6,100.0,4,212.1,0.002,0.299,0.301
2019-05-06 19:00:00,0.0,32.33,32.33,44.1,20.0,3,222.1,0.0,0.395,0.395
2019-05-06 20:00:00,0.0,31.95,31.95,44.4,20.0,3,228.6,0.0,0.45,0.45
2019-05-06 21:00:00,0.0,31.59,31.59,44.7,20.0,3,212.0,0.0,0.462,0.462
2019-05-06 22:00:00,0.0,31.18,31.18,45.1,20.0,3,212.5,0.0,0.416,0.416
2019-05-06 23:00:00,0.0,30.73,30.73,45.4,20.0,3,228.1,0.0,0.352,0.352
2019-05-07 00:00:00,0.0,30.25,30.25,45.8,20.0,3,198.5,0.0,0.285,0.285
2019-05-07 01:00:00,0.0,29.83,29.83,46.1,20.0,3,213.4,0.0,0.148,0.148
2019-05-07 02:00:00,0.0,29.39,29.39,46.5,20.0,3,219.1,0.0,0.2,0.2
2019-05-07 03:00:00,0.0,28.94,28.94,46.9,20.0,3,221.7,0.0,0.498,0.498
2019-05-07 04:00:00,0.0,28.44,28.44,47.2,20.0,3,212.1,0.0,0.418,0.418
2019-05-07 05:00:00,0.0,28.29,28.29,47.4,20.0,3,217.6,0.0,0.285,0.285
2019-05-07 06:00:00,57.67,29.72,30.89,46.2,100.0,3,192.4,0.0392,0.215,0.2542
2019-05-07 07:00:00,193.97,32.84,36.76,43.7,75.5,3,210.7,0.1438,0.203,0.3468
2019-05-07 08:00:00,468.04,35.97,45.42,41.2,48.4,3,221.8,0.3478,0.218,0.5658
2019-05-07 09:00:00,634.37,38.65,51.44,39.1,50.6,3,207.4,0.4589,0.21,0.6689
2019-05-07 10:00:00,782.98,39.8,55.57,38.2,46.6,3,217.8,0.5558,0.212,0.7678
2019-05-07 11:00:00,592.79,40.74,55.06,37.4,73.2,2,221.7,0.4163,0.236,0.6523
2019-05-07 12:00:00,899.19,42.19,69.5,36.2,40.0,1,213.8,0.6,0.274,0.874
2019-05-07 13:00:00,843.82,42.63,76.97,35.9,39.9,0,218.9,0.545,0.386,0.931
2019-05-07 14:00:00,705.67,41.77,70.54,36.6,40.5,0,207.6,0.4718,0.45,0.9218
2019-05-07 15:00:00,519.94,40.32,52.97,37.7,50.8,2,215.2,0.3765,0.466,0.8425
2019-05-07 16:00:00,198.77,38.02,42.04,39.6,88.4,3,223.3,0.1445,0.477,0.6215
2019-05-07 17:00:00,120.91,35.17,37.26,41.9,72.6,4,218.8,0.084,0.532,0.616
2019-05-07 18:00:00,14.7,32.66,32.85,43.9,100.0,5,211.4,0.0022,0.64,0.6422
2019-05-07 19:00:00,0.0,31.24,31.24,45.0,20.0,4,219.5,0.0,0.738,0.738
2019-05-07 20:00:00,0.0,30.23,30.23,45.8,20.0,3,224.4,0.0,0.777,0.777
2019-05-07 21:00:00,0.0,29.41,29.41,46.5,20.0,3,196.7,0.0,0.778,0.778
2019-05-07 22:00:00,0.0,28.68,28.68,47.1,20.0,2,228.8,0.0,0.754,0.754
2019-05-07 23:00:00,0.0,27.97,27.97,47.6,20.0,2,213.9,0.0,0.714,0.714
2019-05-08 00:00:00,0.0,27.36,27.36,48.1,20.0,2,222.1,0.0,0.651,0.651
2019-05-08 01:00:00,0.0,26.8,26.8,48.6,20.0,1,229.8,0.0,0.498,0.498
2019-05-08 02:00:00,0.0,26.28,26.28,49.0,20.0,1,204.1,0.0,0.613,0.613
2019-05-08 03:00:00,0.0,25.88,25.88,49.3,20.0,1,210.8,0.0,0.532,0.532
2019-05-08 04:00:00,0.0,25.52,25.52,49.6,20.0,1,215.0,0.0,0.341,0.341
2019-05-08 05:00:00,0.0,25.68,25.68,49.5,20.0,1,210.0,0.0,0.236,0.236
2019-05-08 06:00:00,53.04,27.43,29.05,48.1,100.0,1,235.2,0.0359,0.213,0.2489
2019-05-08 07:00:00,233.26,31.16,38.27,45.1,63.8,1,209.3,0.1738,0.225,0.3988
2019-05-08 08:00:00,470.11,35.21,49.54,41.8,48.4,1,212.3,0.3432,0.251,0.5942
2019-05-08 09:00:00,689.49,37.92,58.89,39.7,41.8,1,219.9,0.4845,0.286,0.7705
2019-05-08 10:00:00,841.04,40.02,65.58,38.0,40.0,1,205.8,0.5721,0.332,0.9041
2019-05-08 11:00:00,918.49,41.53,69.42,36.8,39.8,1,213.9,0.6127,0.388,1.0007
2019-05-08 12:00:00,920.86,42.31,70.28,36.2,39.7,1,221.0,0.6122,0.435,1.0472
2019-05-08 13:00:00,850.47,42.44,68.29,36.1,39.9,1,214.5,0.5723,0.531,1.1033
2019-05-08 14:00:00,711.8,41.87,59.15,36.5,40.0,2,216.9,0.5015,0.644,1.1455
2019-05-08 15:00:00,524.75,40.78,53.55,37.4,40.6,2,212.6,0.3801,0.712,1.0921
2019-05-08 16:00:00,326.56,39.15,45.74,38.7,48.1,3,202.7,0.2375,0.751,0.9885
2019-05-08 17:00:00,131.94,37.16,39.8,40.3,61.8,3,221.1,0.09,0.774,0.864
2019-05-08 18:00:00,15.46,34.81,35.07,42.1,100.0,3,235.4,0.0024,0.792,0.7944
2019-05-08 19:00:00,0.0,33.45,33.45,43.2,20.0,3,218.0,0.0,0.811,0.811
2019-05-08 20:00:00,0.0,32.38,32.38,44.1,20.0,3,220.1,0.0,0.827,0.827
2019-05-08 21:00:00,0.0,31.41,31.41,44.9,20.0,4,224.8,0.0,0.829,0.829
2019-05-08 22:00:00,0.0,30.57,30.57,45.5,20.0,3,205.2,0.0,0.812,0.812
2019-05-08 23:00:00,0.0,29.84,29.84,46.1,20.0,3,234.9,0.0,0.756,0.756
2019-05-09 00:00:00,0.0,29.23,29.23,46.6,20.0,3,220.5,0.0,0.666,0.666
2019-05-09 01:00:00,0.0,28.74,28.74,47.0,20.0,4,234.8,0.0,0.414,0.414
2019-05-09 02:00:00,0.0,28.27,28.27,47.4,20.0,4,211.1,0.0,0.65,0.65
2019-05-09 03:00:00,0.0,27.81,27.81,47.8,20.0,4,236.6,0.0,0.63,0.63
2019-05-09 04:00:00,0.0,27.32,27.32,48.1,20.0,4,226.2,0.0,0.507,0.507
2019-05-09 05:00:00,0.0,27.48,27.48,48.0,20.0,3,224.0,0.0,0.476,0.476
2019-05-09 06:00:00,57.68,29.84,31.0,46.1,100.0,3,220.8,0.0392,0.498,0.5372
2019-05-09 07:00:00,247.39,33.7,38.7,43.0,59.8,3,216.0,0.1846,0.547,0.7316
2019-05-09 08:00:00,485.03,36.95,45.34,40.4,43.8,4,230.5,0.3613,0.602,0.9633
2019-05-09 09:00:00,675.42,39.26,52.88,38.6,42.3,3,219.9,0.4871,0.65,1.1371
2019-05-09 10:00:00,822.71,41.17,57.75,37.1,41.6,3,198.8,0.5793,0.656,1.2353
2019-05-09 11:00:00,912.91,42.57,60.96,35.9,39.4,3,207.3,0.6329,0.635,1.2679
2019-05-09 12:00:00,915.24,43.43,61.87,35.3,39.3,3,216.6,0.6323,0.575,1.2073
2019-05-09 13:00:00,826.77,43.64,60.31,35.1,38.2,3,221.6,0.577,0.54,1.117
2019-05-09 14:00:00,710.29,43.06,57.41,35.5,39.9,3,217.9,0.5043,0.574,1.0783
2019-05-09 15:00:00,515.49,41.84,52.27,36.5,44.1,3,230.6,0.3749,0.64,1.0149
2019-05-09 16:00:00,325.03,40.16,45.78,37.9,44.5,4,198.9,0.2359,0.707,0.9429
2019-05-09 17:00:00,135.54,38.16,40.48,39.5,59.3,4,219.9,0.0921,0.74,0.8321
2019-05-09 18:00:00,16.31,35.84,36.12,41.3,100.0,3,200.3,0.0028,0.754,0.7568
2019-05-09 19:00:00,0.0,34.55,34.55,42.4,20.0,3,226.0,0.0,0.757,0.757
2019-05-09 20:00:00,0.0,33.72,33.72,43.0,20.0,3,217.5,0.0,0.757,0.757
2019-05-09 21:00:00,0.0,33.01,33.01,43.6,20.0,2,222.6,0.0,0.711,0.711
2019-05-09 22:00:00,0.0,32.32,32.32,44.1,20.0,2,209.8,0.0,0.635,0.635
2019-05-09 23:00:00,0.0,31.68,31.68,44.7,20.0,2,231.2,0.0,0.547,0.547
2019-05-10 00:00:00,0.0,31.06,31.06,45.1,20.0,2,229.4,0.0,0.432,0.432
2019-05-10 01:00:00,0.0,30.45,30.45,45.6,20.0,2,224.9,0.0,0.264,0.264
2019-05-10 02:00:00,0.0,29.84,29.84,46.1,20.0,2,217.7,0.0,0.343,0.343
2019-05-10 03:00:00,0.0,29.26,29.26,46.6,20.0,2,224.8,0.0,0.196,0.196
2019-05-10 04:00:00,0.0,28.61,28.61,47.1,20.0,2,211.9,0.0,0.096,0.096
2019-05-10 05:00:00,0.0,28.77,28.77,47.0,20.0,1,227.6,0.0,0.06,0.06
2019-05-10 06:00:00,66.07,31.16,33.17,45.1,88.5,1,235.5,0.045,0.062,0.107
2019-05-10 07:00:00,262.34,34.99,42.99,42.0,53.6,1,229.7,0.1928,0.087,0.2798
2019-05-10 08:00:00,490.11,39.62,54.56,38.3,43.2,1,211.7,0.3509,0.124,0.4749
2019-05-10 09:00:00,692.43,42.14,63.2,36.3,40.3,1,222.6,0.4774,0.16,0.6374
2019-05-10 10:00:00,839.77,43.92,64.27,34.9,39.9,2,206.1,0.5746,0.189,0.7636
2019-05-10 11:00:00,917.99,44.95,67.19,34.0,39.8,2,224.7,0.6187,0.209,0.8277
2019-05-10 12:00:00,921.24,45.42,67.73,33.7,39.8,2,223.5,0.6196,0.214,0.8336
2019-05-10 13:00:00,850.96,45.31,62.47,33.8,40.0,3,200.3,0.588,0.221,0.809
2019-05-10 14:00:00,711.44,44.57,58.94,34.3,39.9,3,207.4,0.5016,0.24,0.7416
2019-05-10 15:00:00,516.29,43.27,53.72,35.4,43.9,3,216.2,0.3731,0.272,0.6451
2019-05-10 16:00:00,325.22,41.49,48.05,36.8,44.5,3,216.0,0.2336,0.323,0.5566
2019-05-10 17:00:00,133.93,39.4,42.08,38.5,61.1,3,206.9,0.0905,0.386,0.4765
2019-05-10 18:00:00,17.16,36.77,37.06,40.6,100.0,3,222.9,0.0031,0.448,0.4511
2019-05-10 19:00:00,0.0,35.39,35.39,41.7,20.0,3,221.5,0.0,0.494,0.494
2019-05-10 20:00:00,0.0,34.49,34.49,42.4,20.0,2,217.1,0.0,0.519,0.519
2019-05-10 21:00:00,0.0,33.65,33.65,43.1,20.0,2,211.5,0.0,0.53,0.53
2019-05-10 22:00:00,0.0,32.85,32.85,43.7,20.0,2,229.5,0.0,0.522,0.522
2019-05-10 23:00:00,0.0,31.99,31.99,44.4,20.0,2,235.6,0.0,0.479,0.479
2019-05-11 00:00:00,0.0,31.19,31.19,45.0,20.0,2,214.7,0.0,0.407,0.407
2019-05-11 01:00:00,0.0,30.3,30.3,45.8,20.0,2,213.4,0.0,0.301,0.301
2019-05-11 02:00:00,0.0,29.41,29.41,46.5,20.0,2,224.5,0.0,0.341,0.341
2019-05-11 03:00:00,0.0,28.58,28.58,47.1,20.0,2,216.0,0.0,0.218,0.218
2019-05-11 04:00:00,0.0,27.89,27.89,47.7,20.0,2,218.2,0.0,0.134,0.134
2019-05-11 05:00:00,0.0,27.98,27.98,47.6,20.0,2,227.0,0.0,0.149,0.149
2019-05-11 06:00:00,59.75,30.52,32.34,45.6,98.5,1,200.5,0.0405,0.233,0.2735
2019-05-11 07:00:00,272.8,34.37,42.69,42.5,51.2,1,232.7,0.2012,0.366,0.5672
2019-05-11 08:00:00,490.54,39.54,54.49,38.4,43.1,1,220.3,0.3513,0.51,0.8613
2019-05-11 09:00:00,691.84,42.6,63.65,35.9,40.2,1,215.4,0.476,0.601,1.077
2019-05-11 10:00:00,841.06,44.58,70.14,34.3,40.0,1,218.7,0.5601,0.641,1.2011
2019-05-11 11:00:00,917.26,45.79,73.65,33.4,39.7,1,219.2,0.5999,0.649,1.2489
2019-05-11 12:00:00,923.36,46.22,74.27,33.0,40.0,1,202.2,0.6023,0.617,1.2193
2019-05-11 13:00:00,850.21,46.0,71.84,33.2,39.9,1,234.5,0.5626,0.545,1.1076
2019-05-11 14:00:00,710.89,45.17,62.44,33.9,39.9,2,220.0,0.4934,0.54,1.0334
2019-05-11 15:00:00,474.55,43.81,55.35,35.0,56.8,2,224.0,0.3384,0.618,0.9564
2019-05-11 16:00:00,327.61,41.93,49.88,36.5,48.0,2,229.1,0.2338,0.671,0.9048
2019-05-11 17:00:00,134.22,39.72,42.95,38.2,60.6,2,209.3,0.0903,0.682,0.7723
2019-05-11 18:00:00,18.77,37.07,37.45,40.3,100.0,2,224.3,0.0038,0.685,0.6888
2019-05-11 19:00:00,0.0,35.79,35.79,41.4,20.0,2,216.9,0.0,0.673,0.673
2019-05-11 20:00:00,0.0,34.91,34.91,42.1,20.0,2,228.0,0.0,0.648,0.648
2019-05-11 21:00:00,0.0,34.14,34.14,42.7,20.0,2,198.3,0.0,0.532,0.532
2019-05-11 22:00:00,0.0,33.4,33.4,43.3,20.0,1,218.6,0.0,0.398,0.398
2019-05-11 23:00:00,0.0,32.71,32.71,43.8,20.0,1,213.5,0.0,0.291,0.291
2019-05-12 00:00:00,0.0,31.98,31.98,44.4,20.0,1,224.4,0.0,0.183,0.183
2019-05-12 01:00:00,0.0,31.29,31.29,45.0,20.0,1,224.8,0.0,0.075,0.075
2019-05-12 02:00:00,0.0,30.55,30.55,45.6,20.0,1,213.0,0.0,0.235,0.235
2019-05-12 03:00:00,0.0,29.8,29.8,46.2,20.0,1,213.0,0.0,0.192,0.192
2019-05-12 04:00:00,0.0,29.08,29.08,46.7,20.0,2,219.0,0.0,0.125,0.125
2019-05-12 05:00:00,0.0,29.05,29.05,46.8,20.0,2,211.1,0.0,0.073,0.073
2019-05-12 06:00:00,69.49,31.48,33.17,44.8,85.7,2,228.5,0.0475,0.044,0.0915
2019-05-12 07:00:00,273.18,35.53,42.18,41.6,51.0,2,216.4,0.2019,0.034,0.2359
2019-05-12 08:00:00,491.91,40.37,52.33,37.7,43.1,2,191.0,0.3556,0.034,0.3896
2019-05-12 09:00:00,692.33,43.16,59.96,35.5,40.2,2,216.3,0.4843,0.041,0.5253
2019-05-12 10:00:00,839.46,45.27,70.77,33.8,39.9,1,209.7,0.5574,0.061,0.6184
2019-05-12 11:00:00,920.38,46.58,74.53,32.7,39.9,1,203.8,0.5993,0.092,0.6913
2019-05-12 12:00:00,923.55,47.07,75.11,32.3,40.0,1,207.7,0.6,0.127,0.727
2019-05-12 13:00:00,849.53,46.82,67.41,32.5,39.9,2,221.2,0.5739,0.175,0.7489
2019-05-12 14:00:00,711.3,45.97,63.24,33.2,40.0,2,233.4,0.4919,0.22,0.7119
2019-05-12 15:00:00,525.46,44.59,57.38,34.3,40.6,2,223.2,0.374,0.219,0.593
2019-05-12 16:00:00,326.17,42.72,49.29,35.8,44.5,3,214.0,0.233,0.184,0.417
2019-05-12 17:00:00,139.76,40.55,43.34,37.6,56.2,3,224.6,0.0935,0.165,0.2585
2019-05-12 18:00:00,19.47,37.8,38.13,39.8,100.0,3,215.5,0.0041,0.161,0.1651
2019-05-12 19:00:00,0.0,36.36,36.36,40.9,20.0,3,213.1,0.0,0.171,0.171
2019-05-12 20:00:00,0.0,35.34,35.34,41.7,20.0,3,208.5,0.0,0.18,0.18
2019-05-12 21:00:00,0.0,34.38,34.38,42.5,20.0,2,202.6,0.0,0.196,0.196
2019-05-12 22:00:00,0.0,33.5,33.5,43.2,20.0,2,216.2,0.0,0.202,0.202
2019-05-12 23:00:00,0.0,32.69,32.69,43.8,20.0,2,221.7,0.0,0.178,0.178
2019-05-13 00:00:00,0.0,31.99,31.99,44.4,20.0,2,219.6,0.0,0.152,0.152
2019-05-13 01:00:00,0.0,31.31,31.31,45.0,20.0,2,216.4,0.0,0.108,0.108
2019-05-13 02:00:00,0.0,30.66,30.66,45.5,20.0,2,211.1,0.0,0.204,0.204
2019-05-13 03:00:00,0.0,30.07,30.07,45.9,20.0,2,226.7,0.0,0.162,0.162
2019-05-13 04:00:00,0.0,29.5,29.5,46.4,20.0,2,207.4,0.0,0.141,0.141
2019-05-13 05:00:00,0.0,29.63,29.63,46.3,20.0,2,228.3,0.0,0.152,0.152
2019-05-13 06:00:00,70.63,32.4,34.56,44.1,84.9,1,210.5,0.0481,0.183,0.2311
2019-05-13 07:00:00,274.94,36.24,44.62,41.0,50.9,1,213.0,0.2011,0.223,0.4241
2019-05-13 08:00:00,491.36,41.61,56.58,36.7,43.0,1,205.9,0.3485,0.265,0.6135
2019-05-13 09:00:00,691.85,44.39,65.43,34.5,40.2,1,215.6,0.472,0.313,0.785
2019-05-13 10:00:00,839.75,46.32,71.83,32.9,39.9,1,230.3,0.5548,0.351,0.9058
2019-05-13 11:00:00,915.76,47.53,75.33,32.0,39.7,1,225.7,0.594,0.359,0.953
2019-05-13 12:00:00,917.83,48.0,75.88,31.6,41.0,1,230.4,0.5939,0.336,0.9299
2019-05-13 13:00:00,805.18,47.78,67.3,31.8,40.8,2,225.8,0.5439,0.3,0.8439
2019-05-13 14:00:00,674.24,46.94,63.31,32.4,41.9,2,209.5,0.4655,0.334,0.7995
2019-05-13 15:00:00,528.48,45.56,58.42,33.5,44.5,2,217.3,0.3741,0.464,0.8381
2019-05-13 16:00:00,214.62,43.61,48.83,35.1,84.8,2,212.8,0.1518,0.627,0.7788
2019-05-13 17:00:00,138.78,41.3,44.63,37.0,58.1,2,233.9,0.0926,0.701,0.7936
2019-05-13 18:00:00,18.01,38.34,38.71,39.3,100.0,2,208.6,0.0034,0.615,0.6184
2019-05-13 19:00:00,0.0,36.93,36.93,40.5,20.0,2,229.5,0.0,0.381,0.381
2019-05-13 20:00:00,0.0,35.98,35.98,41.2,20.0,2,229.5,0.0,0.217,0.217
2019-05-13 21:00:00,0.0,35.1,35.1,41.9,20.0,3,238.9,0.0,0.062,0.062
2019-05-13 22:00:00,0.0,34.33,34.33,42.5,20.0,3,216.5,0.0,0.003,0.003
2019-05-13 23:00:00,0.0,33.62,33.62,43.1,20.0,3,227.7,0.0,0.01,0.01
2019-05-14 00:00:00,0.0,32.94,32.94,43.7,20.0,3,243.9,0.0,0.027,0.027
2019-05-14 01:00:00,0.0,32.35,32.35,44.1,20.0,2,214.9,0.0,0.03,0.03
2019-05-14 02:00:00,0.0,31.71,31.71,44.6,20.0,2,205.7,0.0,0.1,0.1
2019-05-14 03:00:00,0.0,31.03,31.03,45.2,20.0,2,202.2,0.0,0.122,0.122
2019-05-14 04:00:00,0.0,30.34,30.34,45.7,20.0,2,228.2,0.0,0.136,0.136
2019-05-14 05:00:00,0.0,30.17,30.17,45.9,20.0,2,202.2,0.0,0.173,0.173
2019-05-14 06:00:00,64.99,31.81,33.39,44.6,94.5,2,217.3,0.0442,0.236,0.2802
2019-05-14 07:00:00,249.74,34.75,42.37,42.2,60.7,1,225.4,0.1834,0.324,0.5074
2019-05-14 08:00:00,483.93,39.71,54.46,38.2,44.7,1,222.9,0.3462,0.407,0.7532
2019-05-14 09:00:00,682.65,43.78,64.54,35.0,41.2,1,225.3,0.4674,0.444,0.9114
2019-05-14 10:00:00,832.58,46.25,71.54,33.0,40.4,1,223.3,0.5507,0.435,0.9857
2019-05-14 11:00:00,915.98,48.09,75.9,31.5,39.7,1,233.8,0.5925,0.401,0.9935
2019-05-14 12:00:00,918.21,48.77,76.66,31.0,39.7,1,211.5,0.5921,0.334,0.9261
2019-05-14 13:00:00,847.25,48.67,74.42,31.1,39.8,1,214.3,0.5538,0.253,0.8068
2019-05-14 14:00:00,710.11,47.92,69.53,31.7,39.9,1,213.3,0.4769,0.189,0.6659
2019-05-14 15:00:00,521.43,46.48,59.17,32.8,41.8,2,229.3,0.3679,0.147,0.5149
2019-05-14 16:00:00,330.02,44.47,52.48,34.4,47.9,2,230.0,0.2328,0.134,0.3668
2019-05-14 17:00:00,137.2,42.11,45.42,36.3,59.8,2,225.6,0.0914,0.144,0.2354
2019-05-14 18:00:00,18.85,39.16,39.54,38.7,100.0,2,232.9,0.0037,0.177,0.1807
2019-05-14 19:00:00,0.0,37.86,37.86,39.7,20.0,2,209.3,0.0,0.223,0.223
2019-05-14 20:00:00,0.0,36.83,36.83,40.5,20.0,2,237.7,0.0,0.278,0.278
2019-05-14 21:00:00,0.0,35.82,35.82,41.3,20.0,3,236.3,0.0,0.283,0.283
2019-05-14 22:00:00,0.0,34.79,34.79,42.2,20.0,3,228.4,0.0,0.241,0.241
2019-05-14 23:00:00,0.0,33.89,33.89,42.9,20.0,3,238.9,0.0,0.186,0.186
2019-05-15 00:00:00,0.0,33.03,33.03,43.6,20.0,3,204.9,0.0,0.126,0.126
2019-05-15 01:00:00,0.0,32.33,32.33,44.1,20.0,3,216.2,0.0,0.046,0.046
2019-05-15 02:00:00,0.0,31.66,31.66,44.7,20.0,3,214.1,0.0,0.073,0.073
2019-05-15 03:00:00,0.0,30.98,30.98,45.2,20.0,3,228.7,0.0,0.064,0.064
2019-05-15 04:00:00,0.0,30.4,30.4,45.7,20.0,2,211.0,0.0,0.028,0.028
2019-05-15 05:00:00,0.0,30.52,30.52,45.6,20.0,2,229.1,0.0,0.009,0.009
2019-05-15 06:00:00,32.52,33.24,34.03,43.4,100.0,2,235.2,0.0193,0.005,0.0243
2019-05-15 07:00:00,264.24,37.09,45.15,40.3,53.7,1,228.4,0.1923,0.009,0.2013
2019-05-15 08:00:00,492.43,42.18,57.19,36.3,43.0,1,224.3,0.3483,0.026,0.3743
2019-05-15 09:00:00,691.7,44.83,65.87,34.1,40.2,1,211.6,0.4709,0.058,0.5289
2019-05-15 10:00:00,839.4,46.57,72.07,32.7,40.0,1,213.0,0.5539,0.099,0.6529
2019-05-15 11:00:00,918.13,47.72,75.6,31.8,39.9,1,234.0,0.5947,0.134,0.7287
2019-05-15 12:00:00,921.31,48.16,76.14,31.5,39.9,1,229.3,0.5955,0.155,0.7505
2019-05-15 13:00:00,847.56,47.84,73.6,31.7,39.9,1,221.1,0.5561,0.18,0.7361
2019-05-15 14:00:00,710.56,46.88,68.51,32.5,40.0,1,217.3,0.4795,0.183,0.6625
2019-05-15 15:00:00,526.1,45.37,61.42,33.7,40.6,1,201.2,0.3676,0.195,0.5626
2019-05-15 16:00:00,330.26,43.35,51.36,35.3,47.8,2,210.8,0.2342,0.22,0.4542
2019-05-15 17:00:00,138.25,41.05,44.38,37.2,59.5,2,240.6,0.0926,0.253,0.3456
2019-05-15 18:00:00,19.56,38.4,38.79,39.3,100.0,2,208.7,0.0041,0.31,0.3141
2019-05-15 19:00:00,0.0,36.99,36.99,40.4,20.0,2,223.4,0.0,0.4,0.4
2019-05-15 20:00:00,0.0,36.05,36.05,41.2,20.0,2,231.6,0.0,0.516,0.516
2019-05-15 21:00:00,0.0,35.13,35.13,41.9,20.0,2,208.9,0.0,0.59,0.59
2019-05-15 22:00:00,0.0,34.21,34.21,42.6,20.0,2,223.3,0.0,0.618,0.618
2019-05-15 23:00:00,0.0,33.33,33.33,43.3,20.0,1,230.9,0.0,0.616,0.616
2019-05-16 00:00:00,0.0,32.52,32.52,44.0,20.0,1,222.0,0.0,0.535,0.535
2019-05-16 01:00:00,0.0,31.68,31.68,44.7,20.0,1,250.6,0.0,0.374,0.374
2019-05-16 02:00:00,0.0,30.92,30.92,45.3,20.0,1,205.2,0.0,0.582,0.582
2019-05-16 03:00:00,0.0,30.12,30.12,45.9,20.0,0,232.5,0.0,0.459,0.459
2019-05-16 04:00:00,0.0,29.42,29.42,46.5,20.0,0,220.2,0.0,0.261,0.261
2019-05-16 05:00:00,0.0,29.57,29.57,46.3,20.0,0,229.6,0.0,0.153,0.153
2019-05-16 06:00:00,78.76,32.44,35.66,44.0,79.2,0,226.3,0.0538,0.137,0.1908
2019-05-16 07:00:00,277.87,36.77,48.12,40.6,50.8,0,214.6,0.2001,0.185,0.3851
2019-05-16 08:00:00,492.81,42.19,57.21,36.2,42.9,1,224.2,0.3485,0.272,0.6205
2019-05-16 09:00:00,692.02,45.4,66.45,33.7,40.1,1,203.3,0.4699,0.368,0.8379
2019-05-16 10:00:00,838.75,47.59,73.07,31.9,40.0,1,227.9,0.5508,0.441,0.9918
2019-05-16 11:00:00,918.35,48.87,71.11,30.9,40.0,2,224.9,0.6076,0.487,1.0946
2019-05-16 12:00:00,920.58,49.37,71.67,30.5,39.9,2,228.3,0.6078,0.489,1.0968
2019-05-16 13:00:00,846.94,49.19,69.73,30.6,39.9,2,232.5,0.5659,0.473,1.0389
2019-05-16 14:00:00,710.1,48.39,65.63,31.3,40.0,2,225.6,0.4856,0.502,0.9876
2019-05-16 15:00:00,526.42,47.0,59.81,32.4,40.6,2,223.4,0.3705,0.479,0.8495
2019-05-16 16:00:00,329.47,45.06,51.71,33.9,44.3,3,213.1,0.2329,0.463,0.6959
2019-05-16 17:00:00,141.22,42.74,45.56,35.8,57.1,3,214.8,0.0939,0.482,0.5759
2019-05-16 18:00:00,20.39,39.74,40.16,38.2,100.0,2,233.8,0.0044,0.512,0.5164
2019-05-16 19:00:00,0.0,38.3,38.3,39.4,20.0,2,236.3,0.0,0.535,0.535
2019-05-16 20:00:00,0.0,37.34,37.34,40.1,20.0,2,219.5,0.0,0.549,0.549
2019-05-16 21:00:00,0.0,36.49,36.49,40.8,20.0,2,222.4,0.0,0.544,0.544
2019-05-16 22:00:00,0.0,35.62,35.62,41.5,20.0,2,212.8,0.0,0.516,0.516
2019-05-16 23:00:00,0.0,34.84,34.84,42.1,20.0,2,233.6,0.0,0.468,0.468
2019-05-17 00:00:00,0.0,34.09,34.09,42.7,20.0,2,228.9,0.0,0.395,0.395
2019-05-17 01:00:00,0.0,33.39,33.39,43.3,20.0,2,241.7,0.0,0.367,0.367
2019-05-17 02:00:00,0.0,32.7,32.7,43.8,20.0,2,213.5,0.0,0.532,0.532
2019-05-17 03:00:00,0.0,32.0,32.0,44.4,20.0,1,218.5,0.0,0.348,0.348
2019-05-17 04:00:00,0.0,31.36,31.36,44.9,20.0,1,224.6,0.0,0.212,0.212
2019-05-17 05:00:00,0.0,31.5,31.5,44.8,20.0,1,228.8,0.0,0.174,0.174
2019-05-17 06:00:00,34.38,34.26,35.31,42.6,100.0,1,220.1,0.0206,0.181,0.2016
2019-05-17 07:00:00,122.77,37.91,41.65,39.7,100.0,1,213.6,0.0856,0.212,0.2976
2019-05-17 08:00:00,387.82,43.35,55.15,35.3,62.7,1,231.1,0.2729,0.252,0.5249
2019-05-17 09:00:00,691.68,46.96,75.14,32.4,41.2,0,229.5,0.4506,0.3,0.7506
2019-05-17 10:00:00,831.37,48.83,82.66,30.9,39.5,0,213.1,0.5211,0.341,0.8621
2019-05-17 11:00:00,913.76,49.94,87.1,30.0,39.7,0,235.8,0.5592,0.368,0.9272
2019-05-17 12:00:00,910.26,50.38,78.03,29.7,39.3,1,234.0,0.5831,0.364,0.9471
2019-05-17 13:00:00,828.65,50.13,75.32,29.9,39.4,1,223.6,0.5392,0.359,0.8982
2019-05-17 14:00:00,631.49,49.36,68.56,30.5,54.8,1,223.1,0.4234,0.408,0.8314
2019-05-17 15:00:00,487.78,48.01,62.88,31.6,53.7,1,227.8,0.3365,0.525,0.8615
2019-05-17 16:00:00,330.94,46.07,56.14,33.1,47.9,1,213.7,0.2296,0.664,0.8936
2019-05-17 17:00:00,135.69,43.62,47.72,35.1,63.7,1,222.6,0.0899,0.748,0.8379
2019-05-17 18:00:00,18.14,40.81,41.27,37.4,100.0,1,200.8,0.0034,0.78,0.7834
2019-05-17 19:00:00,0.0,39.54,39.54,38.4,20.0,0,231.1,0.0,0.751,0.751
2019-05-17 20:00:00,0.0,38.63,38.63,39.1,20.0,0,206.7,0.0,0.684,0.684
2019-05-17 21:00:00,0.0,37.75,37.75,39.8,20.0,0,237.3,0.0,0.619,0.619
2019-05-17 22:00:00,0.0,36.86,36.86,40.5,20.0,0,219.0,0.0,0.575,0.575
2019-05-17 23:00:00,0.0,35.96,35.96,41.2,20.0,1,220.2,0.0,0.516,0.516
2019-05-18 00:00:00,0.0,35.07,35.07,41.9,20.0,1,216.4,0.0,0.401,0.401
2019-05-18 01:00:00,0.0,34.25,34.25,42.6,20.0,1,219.8,0.0,0.552,0.552
2019-05-18 02:00:00,0.0,33.47,33.47,43.2,20.0,1,236.8,0.0,0.649,0.649
2019-05-18 03:00:00,0.0,32.73,32.73,43.8,20.0,1,197.8,0.0,0.552,0.552
2019-05-18 04:00:00,0.0,32.05,32.05,44.4,20.0,1,235.4,0.0,0.435,0.435
2019-05-18 05:00:00,0.0,32.22,32.22,44.2,20.0,1,226.0,0.0,0.349,0.349
2019-05-18 06:00:00,63.2,34.8,36.73,42.2,100.0,1,210.6,0.0423,0.314,0.3563
2019-05-18 07:00:00,206.27,39.37,45.66,38.5,74.8,1,211.9,0.1473,0.334,0.4813
2019-05-18 08:00:00,386.63,43.59,55.35,35.1,66.6,1,239.4,0.2716,0.379,0.6506
2019-05-18 09:00:00,534.48,46.46,62.69,32.8,65.1,1,213.2,0.3646,0.411,0.7756
2019-05-18 10:00:00,673.69,48.36,68.79,31.3,62.2,1,211.1,0.4476,0.416,0.8636
2019-05-18 11:00:00,877.57,49.37,70.62,30.5,41.4,2,234.0,0.5817,0.41,0.9917
2019-05-18 12:00:00,903.79,49.62,71.51,30.3,38.9,2,226.0,0.5973,0.37,0.9673
2019-05-18 13:00:00,840.04,49.18,66.11,30.7,39.5,3,213.3,0.5708,0.297,0.8678
2019-05-18 14:00:00,626.45,48.21,60.84,31.4,59.2,3,224.8,0.4347,0.25,0.6847
2019-05-18 15:00:00,268.85,46.65,52.08,32.7,90.0,3,212.4,0.1881,0.214,0.4021
2019-05-18 16:00:00,129.56,44.59,47.22,34.3,100.0,3,233.7,0.089,0.201,0.29
2019-05-18 17:00:00,86.9,42.2,43.96,36.2,100.0,3,233.3,0.058,0.212,0.27
2019-05-18 18:00:00,6.49,39.5,39.61,38.4,20.0,3,228.0,0.0,0.227,0.227
2019-05-18 19:00:00,0.0,37.88,37.88,39.7,20.0,3,226.3,0.0,0.22,0.22
2019-05-18 20:00:00,0.0,36.9,36.9,40.5,20.0,3,240.3,0.0,0.192,0.192
2019-05-18 21:00:00,0.0,36.06,36.06,41.2,20.0,3,222.6,0.0,0.125,0.125
2019-05-18 22:00:00,0.0,35.3,35.3,41.8,20.0,3,210.8,0.0,0.064,0.064
2019-05-18 23:00:00,0.0,34.55,34.55,42.4,20.0,3,227.1,0.0,0.033,0.033
2019-05-19 00:00:00,0.0,33.88,33.88,42.9,20.0,3,243.8,0.0,0.013,0.013
2019-05-19 01:00:00,0.0,33.16,33.16,43.5,20.0,3,212.8,0.0,0.005,0.005
2019-05-19 02:00:00,0.0,32.42,32.42,44.1,20.0,3,219.4,0.0,0.03,0.03
2019-05-19 03:00:00,0.0,31.63,31.63,44.7,20.0,3,227.2,0.0,0.03,0.03
2019-05-19 04:00:00,0.0,30.85,30.85,45.3,20.0,3,222.4,0.0,0.024,0.024
2019-05-19 05:00:00,0.0,30.74,30.74,45.4,20.0,3,213.2,0.0,0.026,0.026
2019-05-19 06:00:00,71.59,32.84,34.29,43.7,89.3,3,234.2,0.049,0.04,0.089
2019-05-19 07:00:00,268.85,36.93,41.58,40.5,53.7,4,246.2,0.1989,0.063,0.2619
2019-05-19 08:00:00,492.19,40.46,48.98,37.6,43.1,4,225.0,0.3609,0.09,0.4509
2019-05-19 09:00:00,691.42,43.37,57.32,35.3,40.2,3,213.9,0.4892,0.125,0.6142
2019-05-19 10:00:00,835.82,45.6,62.45,33.5,39.9,3,207.5,0.5764,0.16,0.7364
2019-05-19 11:00:00,916.16,47.01,69.2,32.4,40.0,2,225.6,0.6115,0.179,0.7905
2019-05-19 12:00:00,918.46,47.59,69.84,31.9,39.9,2,234.0,0.6116,0.174,0.7856
2019-05-19 13:00:00,846.1,47.35,67.86,32.1,40.0,2,227.7,0.5702,0.156,0.7262
2019-05-19 14:00:00,709.58,46.34,60.67,32.9,39.9,3,223.0,0.4962,0.118,0.6142
2019-05-19 15:00:00,489.56,44.82,54.72,34.1,54.0,3,217.1,0.3505,0.078,0.4285
2019-05-19 16:00:00,330.83,42.81,49.48,35.8,44.2,3,212.1,0.2362,0.054,0.2902
2019-05-19 17:00:00,144.48,40.56,43.03,37.6,56.4,4,231.3,0.0974,0.044,0.1414
2019-05-19 18:00:00,23.42,38.35,38.75,39.3,100.0,3,232.1,0.0058,0.044,0.0498
2019-05-19 19:00:00,0.0,36.79,36.79,40.6,20.0,3,207.5,0.0,0.051,0.051
2019-05-19 20:00:00,0.0,35.84,35.84,41.3,20.0,3,238.9,0.0,0.06,0.06
2019-05-19 21:00:00,0.0,35.01,35.01,42.0,20.0,3,228.7,0.0,0.048,0.048
2019-05-19 22:00:00,0.0,34.22,34.22,42.6,20.0,3,237.0,0.0,0.025,0.025
2019-05-19 23:00:00,0.0,33.42,33.42,43.3,20.0,3,209.6,0.0,0.012,0.012
2019-05-20 00:00:00,0.0,32.69,32.69,43.8,20.0,4,209.6,0.0,0.006,0.006
2019-05-20 01:00:00,0.0,31.95,31.95,44.4,20.0,4,221.8,0.0,0.004,0.004
2019-05-20 02:00:00,0.0,31.3,31.3,45.0,20.0,4,228.3,0.0,0.005,0.005
2019-05-20 03:00:00,0.0,30.75,30.75,45.4,20.0,4,241.3,0.0,0.0,0.0
2019-05-20 04:00:00,0.0,30.25,30.25,45.8,20.0,4,230.4,0.0,0.0,0.0
2019-05-20 05:00:00,0.0,30.55,30.55,45.6,20.0,4,220.9,0.0,0.0,0.0
2019-05-20 06:00:00,80.09,33.07,34.69,43.5,81.2,3,213.0,0.0552,0.0,0.0552
2019-05-20 07:00:00,279.68,37.3,42.15,40.2,50.5,4,235.6,0.2069,0.0,0.2069
2019-05-20 08:00:00,493.85,40.28,48.82,37.8,42.9,4,213.7,0.3624,0.0,0.3624
2019-05-20 09:00:00,691.85,42.42,54.37,36.1,40.3,4,239.6,0.4958,0.002,0.4978
2019-05-20 10:00:00,836.12,44.16,58.58,34.7,40.0,4,220.5,0.5866,0.006,0.5926
2019-05-20 11:00:00,915.44,45.32,61.1,33.7,40.0,4,239.2,0.6339,0.012,0.6459
2019-05-20 12:00:00,918.74,45.85,59.7,33.3,40.0,5,230.1,0.6405,0.021,0.6615
2019-05-20 13:00:00,845.54,45.74,58.49,33.4,40.0,5,221.9,0.5944,0.046,0.6404
2019-05-20 14:00:00,710.12,45.1,55.82,33.9,40.0,5,218.1,0.5073,0.055,0.5623
2019-05-20 15:00:00,526.71,44.02,51.1,34.8,40.4,6,219.9,0.3853,0.046,0.4313
2019-05-20 16:00:00,332.03,42.49,46.94,36.0,44.2,6,227.6,0.2398,0.035,0.2748
2019-05-20 17:00:00,145.46,40.71,42.89,37.4,56.3,5,224.1,0.0982,0.027,0.1252
2019-05-20 18:00:00,24.24,38.42,38.78,39.3,100.0,4,217.4,0.0061,0.023,0.0291
2019-05-20 19:00:00,0.0,36.88,36.88,40.5,20.0,4,221.6,0.0,0.021,0.021
2019-05-20 20:00:00,0.0,35.86,35.86,41.3,20.0,4,224.1,0.0,0.018,0.018
2019-05-20 21:00:00,0.0,34.98,34.98,42.0,20.0,4,202.0,0.0,0.014,0.014
2019-05-20 22:00:00,0.0,34.02,34.02,42.8,20.0,4,227.9,0.0,0.01,0.01
2019-05-20 23:00:00,0.0,33.11,33.11,43.5,20.0,3,213.5,0.0,0.006,0.006
2019-05-21 00:00:00,0.0,32.2,32.2,44.2,20.0,3,212.1,0.0,0.003,0.003
2019-05-21 01:00:00,0.0,31.37,31.37,44.9,20.0,3,206.7,0.0,0.001,0.001
2019-05-21 02:00:00,0.0,30.54,30.54,45.6,20.0,3,205.6,0.0,0.0,0.0
2019-05-21 03:00:00,0.0,29.84,29.84,46.1,20.0,3,210.0,0.0,0.0,0.0
2019-05-21 04:00:00,0.0,29.18,29.18,46.7,20.0,2,216.5,0.0,0.0,0.0
2019-05-21 05:00:00,0.0,29.44,29.44,46.4,20.0,2,243.1,0.0,0.0,0.0
2019-05-21 06:00:00,84.56,32.24,34.3,44.2,78.9,2,218.3,0.0587,0.001,0.0597
2019-05-21 07:00:00,280.92,36.36,44.93,40.9,50.5,1,225.4,0.2053,0.004,0.2093
2019-05-21 08:00:00,494.47,41.71,56.78,36.6,43.0,1,227.6,0.3503,0.01,0.3603
2019-05-21 09:00:00,691.19,44.66,65.68,34.3,40.2,1,224.9,0.4709,0.018,0.4889
2019-05-21 10:00:00,836.39,46.78,72.19,32.6,39.9,1,222.8,0.5515,0.035,0.5865
2019-05-21 11:00:00,913.77,48.23,75.98,31.4,39.9,1,211.6,0.5907,0.067,0.6577
2019-05-21 12:00:00,917.11,48.87,76.72,30.9,39.9,1,238.1,0.5911,0.103,0.6941
2019-05-21 13:00:00,845.95,48.86,74.57,30.9,40.0,1,241.7,0.5523,0.137,0.6893
2019-05-21 14:00:00,709.76,48.06,69.66,31.6,40.0,1,206.8,0.4762,0.143,0.6192
2019-05-21 15:00:00,527.47,46.6,62.7,32.7,40.5,1,213.3,0.3663,0.132,0.4983
2019-05-21 16:00:00,332.35,44.58,52.64,34.3,44.1,2,220.8,0.2339,0.16,0.3939
2019-05-21 17:00:00,146.45,42.14,45.67,36.3,56.3,2,213.9,0.0976,0.252,0.3496
2019-05-21 18:00:00,27.11,39.16,39.72,38.7,100.0,2,228.6,0.0073,0.38,0.3873
2019-05-21 19:00:00,0.0,37.77,37.77,39.8,20.0,1,216.3,0.0,0.476,0.476
2019-05-21 20:00:00,0.0,36.87,36.87,40.5,20.0,1,245.2,0.0,0.513,0.513
2019-05-21 21:00:00,0.0,35.99,35.99,41.2,20.0,1,235.5,0.0,0.504,0.504
2019-05-21 22:00:00,0.0,35.2,35.2,41.8,20.0,1,225.7,0.0,0.476,0.476
2019-05-21 23:00:00,0.0,34.41,34.41,42.5,20.0,1,233.9,0.0,0.408,0.408
2019-05-22 00:00:00,0.0,33.69,33.69,43.1,20.0,1,234.9,0.0,0.281,0.281
2019-05-22 01:00:00,0.0,32.97,32.97,43.6,20.0,1,218.2,0.0,0.176,0.176
2019-05-22 02:00:00,0.0,32.31,32.31,44.2,20.0,1,215.7,0.0,0.352,0.352
2019-05-22 03:00:00,0.0,31.63,31.63,44.7,20.0,1,224.6,0.0,0.245,0.245
2019-05-22 04:00:00,0.0,31.04,31.04,45.2,20.0,0,232.5,0.0,0.158,0.158
2019-05-22 05:00:00,0.0,31.3,31.3,45.0,20.0,0,225.2,0.0,0.123,0.123
2019-05-22 06:00:00,84.77,34.24,37.7,42.6,78.2,0,208.1,0.0578,0.134,0.1918
2019-05-22 07:00:00,281.24,38.04,49.52,39.6,50.4,0,215.8,0.2013,0.179,0.3803
2019-05-22 08:00:00,494.14,43.76,63.92,35.0,43.0,0,223.1,0.3388,0.239,0.5778
2019-05-22 09:00:00,690.66,46.91,75.04,32.5,40.2,0,223.1,0.4501,0.274,0.7241
2019-05-22 10:00:00,835.74,48.82,82.82,30.9,39.9,0,243.6,0.5233,0.279,0.8023
2019-05-22 11:00:00,914.03,50.07,87.23,29.9,40.0,0,210.0,0.5589,0.275,0.8339
2019-05-22 12:00:00,916.46,50.7,87.97,29.4,39.9,0,228.9,0.5585,0.259,0.8175
2019-05-22 13:00:00,844.42,50.57,84.94,29.5,39.8,0,238.7,0.524,0.247,0.771
2019-05-22 14:00:00,709.41,49.79,78.71,30.2,40.0,0,246.6,0.4556,0.263,0.7186
2019-05-22 15:00:00,527.9,48.39,69.96,31.3,40.5,0,219.8,0.3542,0.333,0.6872
2019-05-22 16:00:00,332.69,46.31,59.85,33.0,44.1,0,228.8,0.2265,0.459,0.6855
2019-05-22 17:00:00,146.74,43.76,49.69,35.0,56.1,0,229.5,0.0959,0.591,0.6869
2019-05-22 18:00:00,25.65,40.74,41.62,37.4,100.0,0,225.8,0.0066,0.67,0.6766
2019-05-22 19:00:00,0.0,39.47,39.47,38.4,20.0,1,222.9,0.0,0.698,0.698
2019-05-22 20:00:00,0.0,38.56,38.56,39.1,20.0,1,228.2,0.0,0.697,0.697
2019-05-22 21:00:00,0.0,37.7,37.7,39.8,20.0,2,198.5,0.0,0.661,0.661
2019-05-22 22:00:00,0.0,36.82,36.82,40.5,20.0,2,230.7,0.0,0.564,0.564
2019-05-22 23:00:00,0.0,35.92,35.92,41.3,20.0,3,225.1,0.0,0.494,0.494
2019-05-23 00:00:00,0.0,35.04,35.04,42.0,20.0,3,221.9,0.0,0.383,0.383
2019-05-23 01:00:00,0.0,34.24,34.24,42.6,20.0,3,244.6,0.0,0.172,0.172
2019-05-23 02:00:00,0.0,33.45,33.45,43.2,20.0,3,217.3,0.0,0.307,0.307
2019-05-23 03:00:00,0.0,32.68,32.68,43.9,20.0,3,220.1,0.0,0.244,0.244
2019-05-23 04:00:00,0.0,32.0,32.0,44.4,20.0,3,244.0,0.0,0.157,0.157
2019-05-23 05:00:00,0.0,32.22,32.22,44.2,20.0,2,215.8,0.0,0.155,0.155
2019-05-23 06:00:00,70.92,34.82,36.55,42.1,92.6,2,218.6,0.048,0.19,0.238
2019-05-23 07:00:00,270.15,38.7,45.27,39.0,53.6,2,222.6,0.1966,0.223,0.4196
2019-05-23 08:00:00,479.03,43.77,55.41,35.0,45.8,2,232.5,0.3408,0.244,0.5848
2019-05-23 09:00:00,673.38,47.3,63.64,32.2,41.8,2,226.2,0.4626,0.261,0.7236
2019-05-23 10:00:00,736.99,49.74,72.11,30.2,51.4,1,211.2,0.4841,0.3,0.7841
2019-05-23 11:00:00,884.04,51.3,78.14,29.0,40.6,1,218.8,0.5654,0.341,0.9064
2019-05-23 12:00:00,827.73,51.97,77.09,28.4,44.7,1,218.0,0.5316,0.362,0.8936
2019-05-23 13:00:00,597.1,51.83,69.94,28.5,71.2,1,223.3,0.3931,0.362,0.7551
2019-05-23 14:00:00,527.81,50.82,66.85,29.3,71.4,1,228.3,0.3534,0.395,0.7484
2019-05-23 15:00:00,474.84,49.14,60.68,30.7,57.9,2,228.3,0.3301,0.464,0.7941
2019-05-23 16:00:00,333.56,47.0,53.72,32.4,44.2,3,206.3,0.2337,0.526,0.7597
2019-05-23 17:00:00,145.91,44.64,47.56,34.3,57.7,3,234.7,0.0966,0.595,0.6916
2019-05-23 18:00:00,24.35,42.1,42.52,36.3,100.0,3,226.6,0.006,0.626,0.632
2019-05-23 19:00:00,0.0,40.42,40.42,37.7,20.0,4,237.9,0.0,0.623,0.623
2019-05-23 20:00:00,0.0,39.19,39.19,38.6,20.0,4,228.5,0.0,0.63,0.63
2019-05-23 21:00:00,0.0,38.08,38.08,39.5,20.0,4,235.1,0.0,0.611,0.611
2019-05-23 22:00:00,0.0,37.09,37.09,40.3,20.0,4,228.7,0.0,0.584,0.584
2019-05-23 23:00:00,0.0,36.27,36.27,41.0,20.0,3,237.5,0.0,0.571,0.571
2019-05-24 00:00:00,0.0,35.59,35.59,41.5,20.0,3,229.5,0.0,0.532,0.532
2019-05-24 01:00:00,0.0,34.93,34.93,42.1,20.0,3,223.3,0.0,0.618,0.618
2019-05-24 02:00:00,0.0,34.33,34.33,42.5,20.0,3,247.0,0.0,0.696,0.696
2019-05-24 03:00:00,0.0,33.71,33.71,43.0,20.0,2,233.2,0.0,0.51,0.51
2019-05-24 04:00:00,0.0,33.13,33.13,43.5,20.0,2,230.0,0.0,0.332,0.332
2019-05-24 05:00:00,0.0,33.5,33.5,43.2,20.0,2,211.5,0.0,0.233,0.233
2019-05-24 06:00:00,75.9,36.28,38.6,41.0,86.8,1,211.4,0.0512,0.195,0.2462
2019-05-24 07:00:00,258.63,40.49,48.37,37.6,59.6,1,227.2,0.1851,0.188,0.3731
2019-05-24 08:00:00,486.03,45.2,60.0,33.8,44.5,1,225.7,0.3389,0.192,0.5309
2019-05-24 09:00:00,679.3,48.09,68.75,31.5,41.2,1,218.1,0.4559,0.217,0.6729
2019-05-24 10:00:00,825.2,49.99,69.99,30.0,40.6,2,225.7,0.5496,0.264,0.8136
2019-05-24 11:00:00,906.91,51.02,72.99,29.2,39.6,2,240.2,0.5947,0.316,0.9107
2019-05-24 12:00:00,913.3,51.26,69.66,29.0,39.8,3,231.2,0.6086,0.367,0.9756
2019-05-24 13:00:00,844.39,50.92,67.95,29.3,39.9,3,212.9,0.5687,0.431,0.9997
2019-05-24 14:00:00,709.53,50.03,62.29,30.0,39.9,4,223.2,0.4924,0.547,1.0394
2019-05-24 15:00:00,528.58,48.62,57.77,31.1,40.6,4,216.2,0.3753,0.621,0.9963
2019-05-24 16:00:00,334.82,46.83,52.61,32.5,44.2,4,220.4,0.2358,0.658,0.8938
2019-05-24 17:00:00,146.92,44.76,47.28,34.2,57.7,4,220.2,0.0975,0.682,0.7795
2019-05-24 18:00:00,27.25,42.46,42.86,36.0,100.0,4,219.5,0.0072,0.7,0.7072
2019-05-24 19:00:00,0.0,40.86,40.86,37.3,20.0,4,211.7,0.0,0.706,0.706
2019-05-24 20:00:00,0.0,39.86,39.86,38.1,20.0,3,223.0,0.0,0.697,0.697
2019-05-24 21:00:00,0.0,38.92,38.92,38.9,20.0,3,218.7,0.0,0.683,0.683
2019-05-24 22:00:00,0.0,38.03,38.03,39.6,20.0,3,195.0,0.0,0.655,0.655
2019-05-24 23:00:00,0.0,37.17,37.17,40.3,20.0,3,244.8,0.0,0.635,0.635
2019-05-25 00:00:00,0.0,36.32,36.32,40.9,20.0,3,235.4,0.0,0.58,0.58
2019-05-25 01:00:00,0.0,35.54,35.54,41.6,20.0,3,220.7,0.0,0.417,0.417
2019-05-25 02:00:00,0.0,34.78,34.78,42.2,20.0,3,224.7,0.0,0.447,0.447
2019-05-25 03:00:00,0.0,34.08,34.08,42.7,20.0,3,212.8,0.0,0.287,0.287
2019-05-25 04:00:00,0.0,33.35,33.35,43.3,20.0,3,241.4,0.0,0.169,0.169
2019-05-25 05:00:00,0.0,33.54,33.54,43.2,20.0,3,243.4,0.0,0.116,0.116
2019-05-25 06:00:00,79.59,36.15,38.08,41.1,82.8,2,226.0,0.054,0.099,0.153
2019-05-25 07:00:00,282.15,40.36,47.22,37.7,50.4,2,234.7,0.204,0.104,0.308
2019-05-25 08:00:00,493.76,44.44,54.42,34.4,42.9,3,226.2,0.3534,0.115,0.4684
2019-05-25 09:00:00,689.99,46.73,60.65,32.6,40.2,3,211.1,0.4809,0.136,0.6169
2019-05-25 10:00:00,833.81,48.36,65.16,31.3,39.9,3,220.4,0.5679,0.17,0.7379
2019-05-25 11:00:00,911.03,49.35,67.7,30.5,39.9,3,225.8,0.6123,0.193,0.8053
2019-05-25 12:00:00,914.61,49.75,65.52,30.2,39.9,4,219.9,0.6211,0.207,0.8281
2019-05-25 13:00:00,843.93,49.6,64.16,30.3,39.9,4,222.3,0.5783,0.209,0.7873
2019-05-25 14:00:00,709.25,48.87,61.13,30.9,39.9,4,223.6,0.4948,0.203,0.6978
2019-05-25 15:00:00,529.06,47.65,55.66,31.9,40.5,5,223.7,0.3792,0.235,0.6142
2019-05-25 16:00:00,335.2,46.01,51.07,33.2,44.1,5,225.0,0.2377,0.31,0.5477
2019-05-25 17:00:00,148.97,44.11,46.34,34.7,58.5,5,213.9,0.0996,0.376,0.4756
2019-05-25 18:00:00,27.81,41.93,42.28,36.5,100.0,5,217.3,0.0075,0.435,0.4425
2019-05-25 19:00:00,0.0,40.51,40.51,37.6,20.0,5,211.6,0.0,0.484,0.484
2019-05-25 20:00:00,0.0,39.58,39.58,38.3,20.0,5,234.2,0.0,0.51,0.51
2019-05-25 21:00:00,0.0,38.66,38.66,39.1,20.0,5,203.4,0.0,0.441,0.441
2019-05-25 22:00:00,0.0,37.78,37.78,39.8,20.0,5,236.0,0.0,0.317,0.317
2019-05-25 23:00:00,0.0,36.92,36.92,40.5,20.0,5,238.3,0.0,0.203,0.203
2019-05-26 00:00:00,0.0,36.09,36.09,41.1,20.0,4,221.6,0.0,0.109,0.109
2019-05-26 01:00:00,0.0,35.31,35.31,41.8,20.0,4,198.6,0.0,0.042,0.042
2019-05-26 02:00:00,0.0,34.53,34.53,42.4,20.0,4,221.0,0.0,0.036,0.036
2019-05-26 03:00:00,0.0,33.81,33.81,43.0,20.0,4,224.0,0.0,0.009,0.009
2019-05-26 04:00:00,0.0,33.04,33.04,43.6,20.0,4,214.5,0.0,0.004,0.004
2019-05-26 05:00:00,0.0,33.1,33.1,43.5,20.0,4,219.5,0.0,0.004,0.004
2019-05-26 06:00:00,80.7,35.43,37.06,41.7,82.2,3,239.9,0.0551,0.007,0.0621
2019-05-26 07:00:00,283.35,39.62,45.35,38.3,50.4,3,231.3,0.2066,0.012,0.2186
2019-05-26 08:00:00,494.06,44.43,52.98,34.5,42.8,4,215.4,0.3559,0.017,0.3729
2019-05-26 09:00:00,688.51,47.51,61.4,32.0,40.2,3,208.6,0.4782,0.036,0.5142
2019-05-26 10:00:00,833.18,49.45,66.24,30.4,39.9,3,221.4,0.5647,0.068,0.6327
2019-05-26 11:00:00,909.42,50.8,69.11,29.4,39.8,3,222.5,0.6072,0.099,0.7062
2019-05-26 12:00:00,914.03,51.38,73.52,28.9,39.9,2,229.6,0.5981,0.123,0.7211
2019-05-26 13:00:00,843.49,51.23,71.68,29.0,39.9,2,219.3,0.5583,0.152,0.7103
2019-05-26 14:00:00,708.98,50.38,64.69,29.7,39.9,3,229.7,0.4866,0.159,0.6456
2019-05-26 15:00:00,528.98,48.97,59.68,30.8,40.5,3,244.0,0.3723,0.134,0.5063
2019-05-26 16:00:00,335.6,47.14,52.93,32.3,44.0,4,232.8,0.236,0.11,0.346
2019-05-26 17:00:00,149.29,45.1,47.66,33.9,58.3,4,224.1,0.0992,0.104,0.2032
2019-05-26 18:00:00,28.6,42.5,42.91,36.0,100.0,4,222.8,0.0078,0.107,0.1148
2019-05-26 19:00:00,0.0,40.84,40.84,37.3,20.0,4,221.1,0.0,0.105,0.105
2019-05-26 20:00:00,0.0,39.89,39.89,38.1,20.0,4,236.4,0.0,0.093,0.093
2019-05-26 21:00:00,0.0,38.99,38.99,38.8,20.0,4,218.4,0.0,0.072,0.072
2019-05-26 22:00:00,0.0,38.1,38.1,39.5,20.0,4,225.1,0.0,0.046,0.046
2019-05-26 23:00:00,0.0,37.13,37.13,40.3,20.0,4,225.1,0.0,0.025,0.025
2019-05-27 00:00:00,0.0,36.16,36.16,41.1,20.0,4,219.7,0.0,0.01,0.01
2019-05-27 01:00:00,0.0,35.22,35.22,41.8,20.0,4,211.0,0.0,0.003,0.003
2019-05-27 02:00:00,0.0,34.42,34.42,42.5,20.0,4,228.0,0.0,0.01,0.01
2019-05-27 03:00:00,0.0,33.7,33.7,43.0,20.0,4,224.1,0.0,0.005,0.005
2019-05-27 04:00:00,0.0,33.09,33.09,43.5,20.0,4,229.8,0.0,0.001,0.001
2019-05-27 05:00:00,0.0,33.38,33.38,43.3,20.0,4,219.4,0.0,0.0,0.0
2019-05-27 06:00:00,70.25,35.86,37.28,41.3,96.2,3,237.0,0.0474,0.002,0.0494
2019-05-27 07:00:00,229.31,40.09,44.73,37.9,68.1,3,216.0,0.1655,0.013,0.1785
2019-05-27 08:00:00,432.66,44.78,53.51,34.2,55.1,3,241.9,0.3085,0.034,0.3425
2019-05-27 09:00:00,627.12,47.91,60.55,31.7,51.0,3,207.3,0.4353,0.064,0.4993
2019-05-27 10:00:00,781.89,49.84,68.78,30.1,44.6,2,229.1,0.5229,0.098,0.6209
2019-05-27 11:00:00,857.42,50.9,71.67,29.3,39.4,2,229.5,0.5657,0.121,0.6867
2019-05-27 12:00:00,873.16,51.11,72.26,29.1,39.1,2,216.8,0.5748,0.136,0.7108
2019-05-27 13:00:00,791.83,50.59,66.55,29.5,41.5,3,229.0,0.5363,0.161,0.6973
2019-05-27 14:00:00,660.26,49.66,62.99,30.3,46.4,3,237.5,0.4554,0.183,0.6384
2019-05-27 15:00:00,487.85,48.35,58.21,31.3,55.1,3,202.6,0.3435,0.234,0.5775
2019-05-27 16:00:00,312.0,46.62,52.92,32.7,66.7,3,229.8,0.2202,0.336,0.5562
2019-05-27 17:00:00,139.14,44.67,47.47,34.3,71.6,3,199.8,0.0937,0.463,0.5567
2019-05-27 18:00:00,25.98,42.56,43.0,36.0,100.0,3,215.1,0.0067,0.576,0.5827
2019-05-27 19:00:00,0.0,41.06,41.06,37.1,20.0,2,241.0,0.0,0.631,0.631
2019-05-27 20:00:00,0.0,40.12,40.12,37.9,20.0,2,218.9,0.0,0.645,0.645
2019-05-27 21:00:00,0.0,39.21,39.21,38.6,20.0,2,213.0,0.0,0.607,0.607
2019-05-27 22:00:00,0.0,38.23,38.23,39.4,20.0,2,222.8,0.0,0.54,0.54
2019-05-27 23:00:00,0.0,37.27,37.27,40.2,20.0,2,245.4,0.0,0.479,0.479
2019-05-28 00:00:00,0.0,36.25,36.25,41.0,20.0,1,206.5,0.0,0.401,0.401
2019-05-28 01:00:00,0.0,35.28,35.28,41.8,20.0,0,214.3,0.0,0.302,0.302
2019-05-28 02:00:00,0.0,34.42,34.42,42.5,20.0,1,239.8,0.0,0.272,0.272
2019-05-28 03:00:00,0.0,33.72,33.72,43.0,20.0,3,243.4,0.0,0.159,0.159
2019-05-28 04:00:00,0.0,32.93,32.93,43.7,20.0,4,223.8,0.0,0.073,0.073
2019-05-28 05:00:00,0.0,32.64,32.64,43.9,20.0,5,212.5,0.0,0.027,0.027
2019-05-28 06:00:00,77.92,34.2,35.25,42.6,90.1,6,245.8,0.0537,0.012,0.0657
2019-05-28 07:00:00,219.21,36.69,39.64,40.6,71.7,6,240.8,0.1614,0.01,0.1714
2019-05-28 08:00:00,402.64,39.52,44.92,38.4,63.8,6,231.6,0.2967,0.018,0.3147
2019-05-28 09:00:00,587.14,42.27,51.12,36.2,57.5,5,216.7,0.4235,0.042,0.4655
2019-05-28 10:00:00,735.44,44.73,55.81,34.2,51.5,5,224.4,0.5203,0.082,0.6023
2019-05-28 11:00:00,843.72,46.72,61.27,32.6,42.6,4,223.3,0.5834,0.13,0.7134
2019-05-28 12:00:00,839.82,48.05,62.53,31.6,41.0,4,228.2,0.5779,0.17,0.7479
2019-05-28 13:00:00,785.98,48.71,64.55,31.0,39.6,3,239.4,0.5374,0.2,0.7374
2019-05-28 14:00:00,666.71,48.47,61.92,31.2,45.2,3,233.6,0.4623,0.194,0.6563
2019-05-28 15:00:00,506.68,47.49,57.74,32.0,51.3,3,214.1,0.3582,0.139,0.4972
2019-05-28 16:00:00,317.62,45.9,53.61,33.3,55.8,2,238.6,0.223,0.077,0.3
2019-05-28 17:00:00,136.42,43.84,47.14,34.9,71.0,2,228.0,0.0918,0.034,0.1258
2019-05-28 18:00:00,26.78,41.79,42.34,36.6,100.0,2,231.7,0.007,0.014,0.021
2019-05-28 19:00:00,0.0,40.42,40.42,37.7,20.0,2,239.5,0.0,0.011,0.011
2019-05-28 20:00:00,0.0,39.53,39.53,38.4,20.0,2,213.7,0.0,0.029,0.029
2019-05-28 21:00:00,0.0,38.54,38.54,39.2,20.0,2,224.5,0.0,0.068,0.068
2019-05-28 22:00:00,0.0,37.61,37.61,39.9,20.0,2,219.5,0.0,0.104,0.104
2019-05-28 23:00:00,0.0,36.66,36.66,40.7,20.0,2,209.2,0.0,0.115,0.115
2019-05-29 00:00:00,0.0,35.77,35.77,41.4,20.0,2,228.4,0.0,0.092,0.092
2019-05-29 01:00:00,0.0,34.86,34.86,42.1,20.0,2,250.0,0.0,0.03,0.03
2019-05-29 02:00:00,0.0,33.93,33.93,42.9,20.0,2,206.5,0.0,0.002,0.002
2019-05-29 03:00:00,0.0,32.99,32.99,43.6,20.0,2,224.6,0.0,0.001,0.001
2019-05-29 04:00:00,0.0,31.96,31.96,44.4,20.0,2,231.3,0.0,0.004,0.004
2019-05-29 05:00:00,0.0,31.94,31.94,44.4,20.0,2,226.2,0.0,0.005,0.005
2019-05-29 06:00:00,68.0,34.52,36.6,42.4,98.6,1,223.8,0.0459,0.002,0.0479
2019-05-29 07:00:00,214.12,38.89,45.42,38.9,73.4,1,211.9,0.1533,0.0,0.1533
2019-05-29 08:00:00,403.06,43.23,55.49,35.4,63.7,1,227.3,0.2835,0.0,0.2835
2019-05-29 09:00:00,592.75,46.45,64.45,32.8,56.2,1,217.4,0.403,0.0,0.403
2019-05-29 10:00:00,746.9,48.56,71.23,31.2,49.6,1,203.0,0.4929,0.0,0.4929
2019-05-29 11:00:00,837.28,49.78,75.2,30.2,43.0,1,236.9,0.5427,0.0,0.5427
2019-05-29 12:00:00,852.83,50.15,76.04,29.9,40.4,1,234.5,0.5512,0.0,0.5512
2019-05-29 13:00:00,804.96,49.77,69.28,30.2,38.2,2,225.4,0.5388,0.001,0.5398
2019-05-29 14:00:00,681.48,48.71,65.25,31.0,44.6,2,227.2,0.4656,0.021,0.4866
2019-05-29 15:00:00,436.16,47.14,55.96,32.3,66.0,3,235.7,0.3082,0.107,0.4152
2019-05-29 16:00:00,68.91,45.11,46.51,33.9,100.0,3,227.2,0.044,0.281,0.325
2019-05-29 17:00:00,34.39,42.84,43.54,35.7,100.0,3,234.0,0.0195,0.46,0.4795
2019-05-29 18:00:00,19.97,40.26,40.59,37.8,100.0,3,222.0,0.0042,0.551,0.5552
2019-05-29 19:00:00,0.0,38.46,38.46,39.2,20.0,3,238.0,0.0,0.576,0.576
2019-05-29 20:00:00,0.0,37.35,37.35,40.1,20.0,3,228.1,0.0,0.58,0.58
2019-05-29 21:00:00,0.0,36.33,36.33,40.9,20.0,3,226.9,0.0,0.531,0.531
2019-05-29 22:00:00,0.0,35.37,35.37,41.7,20.0,3,212.2,0.0,0.519,0.519
2019-05-29 23:00:00,0.0,34.44,34.44,42.5,20.0,3,227.8,0.0,0.592,0.592
2019-05-30 00:00:00,0.0,33.56,33.56,43.2,20.0,4,216.7,0.0,0.635,0.635
2019-05-30 01:00:00,0.0,32.66,32.66,43.9,20.0,4,218.6,0.0,0.698,0.698
2019-05-30 02:00:00,0.0,31.84,31.84,44.5,20.0,4,216.8,0.0,0.675,0.675
2019-05-30 03:00:00,0.0,31.15,31.15,45.1,20.0,4,214.3,0.0,0.566,0.566
2019-05-30 04:00:00,0.0,30.49,30.49,45.6,20.0,4,246.2,0.0,0.43,0.43
2019-05-30 05:00:00,0.0,30.78,30.78,45.4,20.0,4,238.3,0.0,0.272,0.272
2019-05-30 06:00:00,72.29,33.37,34.84,43.3,95.1,3,244.2,0.0496,0.151,0.2006
2019-05-30 07:00:00,225.85,37.72,43.21,39.8,69.8,2,212.7,0.1639,0.072,0.2359
2019-05-30 08:00:00,439.64,41.2,51.87,37.0,55.5,2,225.7,0.3159,0.029,0.3449
2019-05-30 09:00:00,627.32,43.41,58.62,35.3,50.7,2,212.0,0.4392,0.012,0.4512
2019-05-30 10:00:00,793.1,45.06,64.27,34.0,43.4,2,218.0,0.5417,0.005,0.5467
2019-05-30 11:00:00,880.85,46.08,67.42,33.1,39.7,2,215.8,0.5928,0.001,0.5938
2019-05-30 12:00:00,894.74,46.45,68.12,32.8,38.8,2,237.4,0.6006,0.0,0.6006
2019-05-30 13:00:00,834.41,46.26,66.48,33.0,39.4,2,221.0,0.5657,0.0,0.5657
2019-05-30 14:00:00,708.91,45.39,59.7,33.7,39.9,3,235.7,0.4976,0.0,0.4976
2019-05-30 15:00:00,530.94,44.0,54.74,34.8,40.5,3,231.0,0.382,0.008,0.39
2019-05-30 16:00:00,338.74,42.19,49.02,36.2,44.0,3,248.0,0.2425,0.058,0.3005
2019-05-30 17:00:00,157.08,40.11,43.26,37.9,58.6,3,210.2,0.1071,0.154,0.2611
2019-05-30 18:00:00,32.11,38.04,38.59,39.6,100.0,3,237.6,0.0096,0.261,0.2706
2019-05-30 19:00:00,0.0,36.53,36.53,40.8,20.0,3,236.4,0.0,0.387,0.387
2019-05-30 20:00:00,0.0,35.68,35.68,41.5,20.0,3,215.2,0.0,0.507,0.507
2019-05-30 21:00:00,0.0,34.9,34.9,42.1,20.0,2,235.0,0.0,0.561,0.561
2019-05-30 22:00:00,0.0,34.17,34.17,42.7,20.0,2,228.3,0.0,0.572,0.572
2019-05-30 23:00:00,0.0,33.56,33.56,43.2,20.0,2,222.7,0.0,0.534,0.534
2019-05-31 00:00:00,0.0,32.96,32.96,43.6,20.0,2,216.8,0.0,0.459,0.459
2019-05-31 01:00:00,0.0,32.4,32.4,44.1,20.0,3,217.8,0.0,0.445,0.445
2019-05-31 02:00:00,0.0,31.83,31.83,44.5,20.0,3,245.5,0.0,0.395,0.395
2019-05-31 03:00:00,0.0,31.3,31.3,45.0,20.0,3,225.0,0.0,0.225,0.225
2019-05-31 04:00:00,0.0,30.74,30.74,45.4,20.0,3,232.8,0.0,0.093,0.093
2019-05-31 05:00:00,0.0,31.25,31.25,45.0,20.0,3,217.1,0.0,0.026,0.026
2019-05-31 06:00:00,83.75,34.03,36.07,42.8,81.1,2,217.2,0.0576,0.005,0.0626
2019-05-31 07:00:00,283.82,38.36,45.26,39.3,50.4,2,235.8,0.207,0.001,0.208
2019-05-31 08:00:00,493.17,42.52,52.48,36.0,42.9,3,211.5,0.356,0.0,0.356
2019-05-31 09:00:00,686.8,44.93,58.79,34.1,40.2,3,220.8,0.4826,0.0,0.4826
2019-05-31 10:00:00,826.4,46.76,63.41,32.6,39.9,3,225.3,0.5673,0.0,0.5673
2019-05-31 11:00:00,907.34,47.92,66.19,31.7,39.9,3,226.1,0.614,0.001,0.615
2019-05-31 12:00:00,911.41,48.4,66.76,31.3,40.0,3,223.2,0.6154,0.003,0.6184
2019-05-31 13:00:00,842.57,48.26,65.25,31.4,40.0,3,229.0,0.5744,0.007,0.5814
2019-05-31 14:00:00,709.68,47.55,61.88,32.0,40.0,3,231.9,0.4933,0.013,0.5063
2019-05-31 15:00:00,531.88,46.32,55.53,32.9,40.5,4,232.3,0.3813,0.013,0.3943
2019-05-31 16:00:00,339.2,44.64,50.49,34.3,43.9,4,215.1,0.2413,0.016,0.2573
2019-05-31 17:00:00,152.31,42.67,45.28,35.9,59.0,4,222.2,0.1027,0.027,0.1297
2019-05-31 18:00:00,30.97,40.32,40.84,37.7,100.0,3,236.9,0.009,0.05,0.059
2019-05-31 19:00:00,0.0,38.66,38.66,39.1,20.0,3,233.9,0.0,0.087,0.087
2019-05-31 20:00:00,0.0,37.75,37.75,39.8,20.0,3,211.3,0.0,0.136,0.136
2019-05-31 21:00:00,0.0,36.89,36.89,40.5,20.0,3,228.5,0.0,0.177,0.177
2019-05-31 22:00:00,0.0,36.1,36.1,41.1,20.0,3,205.2,0.0,0.196,0.196
2019-05-31 23:00:00,0.0,35.32,35.32,41.7,20.0,3,225.5,0.0,0.176,0.176
2019-06-01 00:00:00,0.0,34.58,34.58,67.3,20.0,3,244.0,0.0,0.127,0.127
2019-06-01 01:00:00,0.0,33.81,33.81,67.9,20.0,4,215.5,0.0,0.093,0.093
2019-06-01 02:00:00,0.0,33.06,33.06,68.6,20.0,4,216.7,0.0,0.176,0.176
2019-06-01 03:00:00,0.0,32.36,32.36,69.1,20.0,4,232.6,0.0,0.195,0.195
2019-06-01 04:00:00,0.0,31.66,31.66,69.7,20.0,4,209.6,0.0,0.182,0.182
2019-06-01 05:00:00,0.0,30.94,30.94,70.3,20.0,3,218.7,0.0,0.181,0.181
2019-06-01 06:00:00,80.84,33.0,34.64,68.6,81.4,3,231.0,0.0558,0.175,0.2308
2019-06-01 07:00:00,270.94,36.13,40.82,66.1,51.3,4,218.7,0.201,0.159,0.36
2019-06-01 08:00:00,474.74,39.45,47.66,63.4,43.7,4,222.6,0.3495,0.135,0.4845
2019-06-01 09:00:00,662.57,42.53,55.9,61.0,40.8,3,232.4,0.4712,0.093,0.5642
2019-06-01 10:00:00,802.59,45.12,64.57,58.9,40.5,2,229.2,0.5479,0.061,0.6089
2019-06-01 11:00:00,880.57,47.0,68.33,57.4,40.6,2,227.7,0.59,0.045,0.635
2019-06-01 12:00:00,885.03,48.16,75.03,56.5,40.6,1,221.6,0.5748,0.045,0.6198
2019-06-01 13:00:00,817.0,48.41,73.24,56.3,40.5,1,228.7,0.5365,0.083,0.6195
2019-06-01 14:00:00,688.05,47.88,75.92,56.7,40.5,0,223.8,0.4474,0.169,0.6164
2019-06-01 15:00:00,514.75,46.67,67.7,57.7,41.2,0,229.6,0.3485,0.274,0.6225
2019-06-01 16:00:00,328.29,44.8,58.16,59.2,44.9,0,220.0,0.2252,0.374,0.5992
2019-06-01 17:00:00,153.67,42.45,48.66,61.0,59.7,0,223.2,0.1022,0.448,0.5502
2019-06-01 18:00:00,31.74,39.89,40.98,63.1,100.0,0,215.1,0.0093,0.501,0.5103
2019-06-01 19:00:00,0.0,38.55,38.55,64.2,20.0,1,224.6,0.0,0.525,0.525
2019-06-01 20:00:00,0.0,37.86,37.86,64.7,20.0,2,216.9,0.0,0.533,0.533
2019-06-01 21:00:00,0.0,36.92,36.92,65.5,20.0,3,213.9,0.0,0.532,0.532
2019-06-01 22:00:00,0.0,35.88,35.88,66.3,20.0,3,227.6,0.0,0.536,0.536
2019-06-01 23:00:00,0.0,34.9,34.9,67.1,20.0,4,227.1,0.0,0.527,0.527
2019-06-02 00:00:00,0.0,34.02,34.02,67.8,20.0,4,232.8,0.0,0.418,0.418
2019-06-02 01:00:00,0.0,33.21,33.21,68.4,20.0,4,220.7,0.0,0.358,0.358
2019-06-02 02:00:00,0.0,32.52,32.52,69.0,20.0,4,229.0,0.0,0.476,0.476
2019-06-02 03:00:00,0.0,31.87,31.87,69.5,20.0,4,230.5,0.0,0.34,0.34
2019-06-02 04:00:00,0.0,31.22,31.22,70.0,20.0,3,229.4,0.0,0.164,0.164
2019-06-02 05:00:00,0.0,31.49,31.49,69.8,20.0,3,216.7,0.0,0.081,0.081
2019-06-02 06:00:00,81.71,33.95,35.6,67.8,81.6,3,226.5,0.0562,0.054,0.1102
2019-06-02 07:00:00,270.76,37.94,43.42,64.6,51.3,3,228.6,0.1985,0.058,0.2565
2019-06-02 08:00:00,473.45,41.39,52.9,61.9,43.6,2,225.0,0.3406,0.077,0.4176
2019-06-02 09:00:00,662.08,44.33,60.39,59.5,40.8,2,204.1,0.4615,0.088,0.5495
2019-06-02 10:00:00,802.05,46.69,71.05,57.6,40.5,1,226.6,0.5313,0.086,0.6173
2019-06-02 11:00:00,879.1,48.3,84.04,56.4,40.5,0,247.1,0.546,0.095,0.641
2019-06-02 12:00:00,883.65,49.09,85.02,55.7,40.5,0,221.4,0.5464,0.115,0.6614
2019-06-02 13:00:00,816.73,49.13,82.36,55.7,40.5,0,217.7,0.513,0.167,0.68
2019-06-02 14:00:00,687.94,48.43,76.46,56.3,40.5,0,228.7,0.4462,0.228,0.6742
2019-06-02 15:00:00,515.37,46.99,68.04,57.4,41.1,0,228.1,0.3484,0.294,0.6424
2019-06-02 16:00:00,328.77,44.99,54.99,59.0,44.8,1,236.9,0.2289,0.362,0.5909
2019-06-02 17:00:00,154.16,42.7,47.36,60.8,59.3,1,212.4,0.1032,0.441,0.5442
2019-06-02 18:00:00,32.24,40.31,41.14,62.7,100.0,1,232.3,0.0095,0.545,0.5545
2019-06-02 19:00:00,0.0,39.03,39.03,63.8,20.0,0,230.9,0.0,0.578,0.578
2019-06-02 20:00:00,0.0,38.26,38.26,64.4,20.0,0,223.5,0.0,0.588,0.588
2019-06-02 21:00:00,0.0,37.57,37.57,64.9,20.0,0,228.3,0.0,0.55,0.55
2019-06-02 22:00:00,0.0,36.86,36.86,65.5,20.0,0,235.3,0.0,0.497,0.497
2019-06-02 23:00:00,0.0,36.17,36.17,66.1,20.0,1,233.7,0.0,0.481,0.481
2019-06-03 00:00:00,0.0,35.48,35.48,66.6,20.0,1,213.5,0.0,0.435,0.435
2019-06-03 01:00:00,0.0,34.87,34.87,67.1,20.0,2,233.1,0.0,0.669,0.669
2019-06-03 02:00:00,0.0,34.22,34.22,67.6,20.0,2,224.3,0.0,0.735,0.735
2019-06-03 03:00:00,0.0,33.61,33.61,68.1,20.0,2,225.6,0.0,0.606,0.606
2019-06-03 04:00:00,0.0,32.99,32.99,68.6,20.0,2,225.6,0.0,0.38,0.38
2019-06-03 05:00:00,0.0,33.42,33.42,68.3,20.0,3,223.4,0.0,0.223,0.223
2019-06-03 06:00:00,67.77,35.94,37.59,66.2,100.0,2,236.8,0.0456,0.157,0.2026
2019-06-03 07:00:00,258.0,40.26,46.53,62.8,57.9,2,224.1,0.186,0.149,0.335
2019-06-03 08:00:00,473.1,43.95,58.36,59.8,43.6,1,213.7,0.3321,0.179,0.5111
2019-06-03 09:00:00,661.59,46.48,66.6,57.8,40.8,1,221.0,0.4482,0.211,0.6592
2019-06-03 10:00:00,801.52,48.42,81.03,56.3,40.5,0,226.7,0.506,0.248,0.754
2019-06-03 11:00:00,878.59,49.66,85.38,55.3,40.5,0,237.2,0.542,0.277,0.819
2019-06-03 12:00:00,816.04,50.26,83.43,54.8,42.3,0,230.9,0.5081,0.252,0.7601
2019-06-03 13:00:00,811.77,50.19,83.22,54.8,40.1,0,216.4,0.5077,0.171,0.6787
2019-06-03 14:00:00,577.92,49.47,72.99,55.4,61.3,0,249.8,0.3775,0.086,0.4635
2019-06-03 15:00:00,512.72,48.09,69.03,56.5,45.2,0,227.6,0.3445,0.044,0.3885
2019-06-03 16:00:00,320.96,46.14,59.22,58.1,55.9,0,237.7,0.2196,0.025,0.2446
2019-06-03 17:00:00,59.98,43.78,46.23,60.0,100.0,0,223.4,0.0377,0.011,0.0487
2019-06-03 18:00:00,31.08,41.33,42.39,61.9,100.0,0,230.2,0.0089,0.008,0.0169
2019-06-03 19:00:00,0.0,40.04,40.04,63.0,20.0,0,233.3,0.0,0.019,0.019
2019-06-03 20:00:00,0.0,39.32,39.32,63.5,20.0,1,237.1,0.0,0.051,0.051
2019-06-03 21:00:00,0.0,38.54,38.54,64.2,20.0,2,235.5,0.0,0.072,0.072
2019-06-03 22:00:00,0.0,37.85,37.85,64.7,20.0,2,233.6,0.0,0.071,0.071
2019-06-03 23:00:00,0.0,37.13,37.13,65.3,20.0,2,221.8,0.0,0.065,0.065
2019-06-04 00:00:00,0.0,36.39,36.39,65.9,20.0,2,219.1,0.0,0.068,0.068
2019-06-04 01:00:00,0.0,35.68,35.68,66.5,20.0,2,228.1,0.0,0.05,0.05
2019-06-04 02:00:00,0.0,35.03,35.03,67.0,20.0,2,234.2,0.0,0.05,0.05
2019-06-04 03:00:00,0.0,34.45,34.45,67.4,20.0,2,222.6,0.0,0.112,0.112
2019-06-04 04:00:00,0.0,33.92,33.92,67.9,20.0,2,235.5,0.0,0.115,0.115
2019-06-04 05:00:00,0.0,34.45,34.45,67.4,20.0,2,239.3,0.0,0.092,0.092
2019-06-04 06:00:00,74.51,37.15,38.97,65.3,88.6,2,215.7,0.0501,0.078,0.1281
2019-06-04 07:00:00,263.7,41.44,49.47,61.9,56.3,1,216.4,0.1878,0.079,0.2668
2019-06-04 08:00:00,472.74,45.54,64.83,58.6,43.6,0,223.4,0.3221,0.088,0.4101
2019-06-04 09:00:00,661.11,47.96,74.89,56.6,40.8,0,227.9,0.4306,0.096,0.5266
2019-06-04 10:00:00,801.01,49.73,82.31,55.2,40.5,0,219.6,0.5024,0.104,0.6064
2019-06-04 11:00:00,878.11,50.73,77.39,54.4,40.5,1,238.3,0.5636,0.115,0.6786
2019-06-04 12:00:00,882.87,51.01,77.82,54.2,40.5,1,229.1,0.5657,0.123,0.6887
2019-06-04 13:00:00,817.2,50.77,70.58,54.4,40.5,2,225.2,0.5433,0.137,0.6803
2019-06-04 14:00:00,687.78,49.8,66.5,55.2,40.5,2,210.5,0.4677,0.163,0.6307
2019-06-04 15:00:00,516.43,48.2,60.77,56.4,41.2,2,211.7,0.3611,0.185,0.5461
2019-06-04 16:00:00,329.4,46.17,52.81,58.1,44.7,3,227.6,0.2317,0.188,0.4197
2019-06-04 17:00:00,156.43,43.93,47.06,59.9,58.9,3,203.5,0.1049,0.174,0.2789
2019-06-04 18:00:00,33.77,41.91,42.6,61.5,100.0,2,234.9,0.0101,0.151,0.1611
2019-06-04 19:00:00,0.0,40.7,40.7,62.4,20.0,2,223.2,0.0,0.138,0.138
2019-06-04 20:00:00,0.0,40.04,40.04,63.0,20.0,2,257.2,0.0,0.154,0.154
2019-06-04 21:00:00,0.0,39.36,39.36,63.5,20.0,1,247.9,0.0,0.209,0.209
2019-06-04 22:00:00,0.0,38.65,38.65,64.1,20.0,1,223.0,0.0,0.252,0.252
2019-06-04 23:00:00,0.0,38.0,38.0,64.6,20.0,1,223.8,0.0,0.289,0.289
2019-06-05 00:00:00,0.0,37.34,37.34,65.1,20.0,0,234.7,0.0,0.345,0.345
2019-06-05 01:00:00,0.0,36.74,36.74,65.6,20.0,0,241.7,0.0,0.682,0.682
2019-06-05 02:00:00,0.0,36.13,36.13,66.1,20.0,0,208.3,0.0,0.799,0.799
2019-06-05 03:00:00,0.0,35.53,35.53,66.6,20.0,1,206.8,0.0,0.668,0.668
2019-06-05 04:00:00,0.0,34.96,34.96,67.0,20.0,1,218.5,0.0,0.432,0.432
2019-06-05 05:00:00,0.0,35.42,35.42,66.7,20.0,2,230.5,0.0,0.257,0.257
2019-06-05 06:00:00,78.31,38.11,40.01,64.5,84.4,2,229.7,0.0525,0.165,0.2175
2019-06-05 07:00:00,263.53,42.05,50.08,61.4,56.3,1,235.4,0.1871,0.142,0.3291
2019-06-05 08:00:00,472.39,45.51,59.9,58.6,43.6,1,212.7,0.3293,0.155,0.4843
2019-06-05 09:00:00,660.64,48.11,75.01,56.5,40.8,0,201.5,0.4301,0.192,0.6221
2019-06-05 10:00:00,800.54,50.0,82.56,55.0,40.6,0,233.3,0.5015,0.22,0.7215
2019-06-05 11:00:00,877.65,51.17,86.85,54.1,40.5,0,216.4,0.5374,0.235,0.7724
2019-06-05 12:00:00,882.52,51.6,87.48,53.7,40.5,0,204.5,0.5389,0.232,0.7709
2019-06-05 13:00:00,816.05,51.33,84.54,53.9,40.5,0,226.2,0.5069,0.232,0.7389
2019-06-05 14:00:00,688.5,50.49,71.44,54.6,40.5,1,232.6,0.4574,0.245,0.7024
2019-06-05 15:00:00,516.17,49.01,64.75,55.8,41.1,1,223.5,0.3543,0.255,0.6093
2019-06-05 16:00:00,330.81,47.02,57.08,57.4,44.7,1,220.1,0.2282,0.269,0.4972
2019-06-05 17:00:00,156.79,44.76,48.54,59.2,58.7,2,223.1,0.1044,0.274,0.3784
2019-06-05 18:00:00,34.53,42.68,43.4,60.9,100.0,2,221.0,0.0111,0.291,0.3021
2019-06-05 19:00:00,0.0,41.4,41.4,61.9,20.0,1,211.2,0.0,0.337,0.337
2019-06-05 20:00:00,0.0,40.61,40.61,62.5,20.0,1,217.6,0.0,0.404,0.404
2019-06-05 21:00:00,0.0,39.9,39.9,63.1,20.0,1,229.9,0.0,0.459,0.459
2019-06-05 22:00:00,0.0,39.17,39.17,63.7,20.0,2,227.9,0.0,0.498,0.498
2019-06-05 23:00:00,0.0,38.43,38.43,64.3,20.0,2,226.4,0.0,0.513,0.513
2019-06-06 00:00:00,0.0,37.67,37.67,64.9,20.0,2,214.6,0.0,0.471,0.471
2019-06-06 01:00:00,0.0,36.93,36.93,65.5,20.0,3,222.8,0.0,0.344,0.344
2019-06-06 02:00:00,0.0,36.09,36.09,66.1,20.0,3,202.8,0.0,0.475,0.475
2019-06-06 03:00:00,0.0,35.5,35.5,66.6,20.0,3,226.4,0.0,0.513,0.513
2019-06-06 04:00:00,0.0,35.4,35.4,66.7,20.0,3,238.9,0.0,0.367,0.367
2019-06-06 05:00:00,0.0,35.93,35.93,66.3,20.0,3,209.8,0.0,0.217,0.217
2019-06-06 06:00:00,79.2,37.72,39.33,64.8,84.5,3,218.7,0.0534,0.118,0.1714
2019-06-06 07:00:00,263.36,41.07,46.4,62.1,56.3,3,227.9,0.1901,0.067,0.2571
2019-06-06 08:00:00,472.05,44.5,55.97,59.4,43.6,2,237.1,0.3349,0.049,0.3839
2019-06-06 09:00:00,659.24,47.43,67.48,57.1,40.7,1,220.1,0.4448,0.054,0.4988
2019-06-06 10:00:00,798.15,49.6,82.07,55.3,40.4,0,217.6,0.5012,0.063,0.5642
2019-06-06 11:00:00,876.25,50.96,86.59,54.2,40.4,0,204.9,0.5373,0.079,0.6163
2019-06-06 12:00:00,882.19,51.54,78.33,53.8,40.5,1,225.6,0.5639,0.089,0.6529
2019-06-06 13:00:00,815.87,51.29,76.09,54.0,40.5,1,245.0,0.5284,0.104,0.6324
2019-06-06 14:00:00,688.47,50.44,71.39,54.6,40.5,1,227.3,0.4575,0.123,0.5805
2019-06-06 15:00:00,521.41,48.93,61.61,55.9,47.9,2,224.3,0.3626,0.197,0.5596
2019-06-06 16:00:00,132.19,46.95,50.17,57.4,100.0,2,227.8,0.0894,0.319,0.4084
2019-06-06 17:00:00,84.2,44.78,46.84,59.2,100.0,2,224.5,0.0554,0.391,0.4464
2019-06-06 18:00:00,9.28,42.57,42.76,60.9,20.0,2,216.4,0.0,0.42,0.42
2019-06-06 19:00:00,0.0,41.17,41.17,62.1,20.0,1,232.8,0.0,0.449,0.449
2019-06-06 20:00:00,0.0,40.39,40.39,62.7,20.0,0,226.8,0.0,0.529,0.529
2019-06-06 21:00:00,0.0,39.64,39.64,63.3,20.0,0,224.7,0.0,0.466,0.466
2019-06-06 22:00:00,0.0,38.9,38.9,63.9,20.0,1,214.8,0.0,0.376,0.376
2019-06-06 23:00:00,0.0,38.13,38.13,64.5,20.0,1,237.6,0.0,0.35,0.35
2019-06-07 00:00:00,0.0,37.39,37.39,65.1,20.0,1,231.1,0.0,0.291,0.291
2019-06-07 01:00:00,0.0,36.72,36.72,65.6,20.0,1,218.9,0.0,0.326,0.326
2019-06-07 02:00:00,0.0,36.02,36.02,66.2,20.0,1,234.4,0.0,0.328,0.328
2019-06-07 03:00:00,0.0,35.33,35.33,66.7,20.0,1,219.4,0.0,0.2,0.2
2019-06-07 04:00:00,0.0,34.72,34.72,67.2,20.0,1,216.6,0.0,0.107,0.107
2019-06-07 05:00:00,0.0,35.15,35.15,66.9,20.0,1,216.8,0.0,0.054,0.054
2019-06-07 06:00:00,67.99,37.96,40.03,64.6,98.6,1,206.7,0.0451,0.027,0.0721
2019-06-07 07:00:00,247.04,42.08,49.61,61.3,61.4,1,229.1,0.1751,0.017,0.1921
2019-06-07 08:00:00,330.28,45.67,59.12,58.5,74.2,0,206.1,0.2257,0.016,0.2417
2019-06-07 09:00:00,555.78,48.19,70.79,56.4,58.3,0,212.1,0.3659,0.037,0.4029
2019-06-07 10:00:00,763.84,49.98,81.05,55.0,43.2,0,203.6,0.4815,0.077,0.5585
2019-06-07 11:00:00,852.9,51.12,85.8,54.1,38.8,0,223.5,0.5252,0.112,0.6372
2019-06-07 12:00:00,853.29,51.6,86.3,53.7,38.5,0,222.9,0.5243,0.13,0.6543
2019-06-07 13:00:00,782.64,51.42,83.28,53.9,38.0,0,221.1,0.4893,0.125,0.6143
2019-06-07 14:00:00,689.39,50.6,78.69,54.5,40.6,0,214.0,0.4422,0.11,0.5522
2019-06-07 15:00:00,516.99,49.08,64.85,55.7,41.0,1,212.7,0.3547,0.076,0.4307
2019-06-07 16:00:00,331.51,47.06,57.13,57.4,44.6,1,229.0,0.2286,0.042,0.2706
2019-06-07 17:00:00,159.09,44.76,49.56,59.2,58.4,1,218.9,0.1056,0.016,0.1216
2019-06-07 18:00:00,38.6,42.65,43.65,60.9,89.1,1,227.6,0.0127,0.004,0.0167
2019-06-07 19:00:00,0.0,41.43,41.43,61.9,20.0,1,215.6,0.0,0.003,0.003
2019-06-07 20:00:00,0.0,40.78,40.78,62.4,20.0,1,226.2,0.0,0.008,0.008
2019-06-07 21:00:00,0.0,40.12,40.12,62.9,20.0,2,237.4,0.0,0.025,0.025
2019-06-07 22:00:00,0.0,39.48,39.48,63.4,20.0,2,230.3,0.0,0.054,0.054
2019-06-07 23:00:00,0.0,38.76,38.76,64.0,20.0,2,220.3,0.0,0.071,0.071
2019-06-08 00:00:00,0.0,38.01,38.01,64.6,20.0,3,226.8,0.0,0.07,0.07
2019-06-08 01:00:00,0.0,37.24,37.24,65.2,20.0,3,221.8,0.0,0.047,0.047
2019-06-08 02:00:00,0.0,36.31,36.31,66.0,20.0,4,224.3,0.0,0.037,0.037
2019-06-08 03:00:00,0.0,35.31,35.31,66.8,20.0,4,221.0,0.0,0.045,0.045
2019-06-08 04:00:00,0.0,34.38,34.38,67.5,20.0,4,222.6,0.0,0.044,0.044
2019-06-08 05:00:00,0.0,34.33,34.33,67.5,20.0,3,226.3,0.0,0.048,0.048
2019-06-08 06:00:00,75.38,36.28,37.8,66.0,88.8,3,214.3,0.051,0.055,0.106
2019-06-08 07:00:00,257.19,39.37,44.57,63.5,57.9,3,214.1,0.1869,0.061,0.2479
2019-06-08 08:00:00,460.12,42.68,53.86,60.9,46.1,2,210.3,0.3291,0.056,0.3851
2019-06-08 09:00:00,671.75,45.66,66.09,58.5,42.1,1,208.2,0.4562,0.045,0.5012
2019-06-08 10:00:00,804.9,47.86,72.31,56.7,41.3,1,212.0,0.53,0.034,0.564
2019-06-08 11:00:00,878.23,49.31,75.97,55.5,41.0,1,225.8,0.5674,0.023,0.5904
2019-06-08 12:00:00,883.47,50.02,76.84,55.0,40.9,1,215.3,0.5687,0.009,0.5777
2019-06-08 13:00:00,776.83,50.04,68.86,55.0,39.4,2,229.4,0.5206,0.001,0.5216
2019-06-08 14:00:00,699.75,49.47,66.45,55.4,41.5,2,224.6,0.4758,0.001,0.4768
2019-06-08 15:00:00,483.6,48.29,60.04,56.4,53.9,2,204.5,0.3373,0.005,0.3423
2019-06-08 16:00:00,332.06,46.61,54.66,57.7,44.5,2,230.8,0.2317,0.01,0.2417
2019-06-08 17:00:00,158.22,44.59,48.4,59.3,60.1,2,232.3,0.1058,0.005,0.1108
2019-06-08 18:00:00,34.61,42.8,43.53,60.8,100.0,2,214.3,0.0116,0.019,0.0306
2019-06-08 19:00:00,0.0,41.81,41.81,61.5,20.0,2,228.4,0.0,0.065,0.065
2019-06-08 20:00:00,0.0,41.08,41.08,62.1,20.0,3,215.6,0.0,0.128,0.128
2019-06-08 21:00:00,0.0,40.29,40.29,62.8,20.0,3,225.2,0.0,0.18,0.18
2019-06-08 22:00:00,0.0,39.36,39.36,63.5,20.0,4,211.6,0.0,0.2,0.2
2019-06-08 23:00:00,0.0,38.42,38.42,64.3,20.0,4,206.3,0.0,0.202,0.202
2019-06-09 00:00:00,0.0,37.54,37.54,65.0,20.0,4,220.2,0.0,0.178,0.178
2019-06-09 01:00:00,0.0,36.83,36.83,65.5,20.0,4,222.8,0.0,0.108,0.108
2019-06-09 02:00:00,0.0,36.28,36.28,66.0,20.0,4,220.0,0.0,0.002,0.002
2019-06-09 03:00:00,0.0,35.78,35.78,66.4,20.0,3,212.2,0.0,0.005,0.005
2019-06-09 04:00:00,0.0,35.36,35.36,66.7,20.0,3,220.0,0.0,0.005,0.005
2019-06-09 05:00:00,0.0,35.59,35.59,66.5,20.0,3,226.7,0.0,0.013,0.013
2019-06-09 06:00:00,75.37,37.32,38.84,65.1,88.8,3,223.5,0.0507,0.028,0.0787
2019-06-09 07:00:00,262.84,40.29,45.61,62.8,56.3,3,225.8,0.1904,0.043,0.2334
2019-06-09 08:00:00,470.38,43.3,52.8,60.4,43.7,3,217.3,0.3385,0.055,0.3935
2019-06-09 09:00:00,665.4,44.39,57.81,59.5,42.2,3,235.7,0.4691,0.057,0.5261
2019-06-09 10:00:00,797.03,46.34,65.65,57.9,41.4,2,212.2,0.5413,0.051,0.5923
2019-06-09 11:00:00,870.13,48.57,69.64,56.1,41.1,2,228.9,0.5793,0.037,0.6163
2019-06-09 12:00:00,802.64,49.18,65.34,55.7,44.3,3,235.8,0.5446,0.02,0.5646
2019-06-09 13:00:00,788.51,49.54,65.44,55.4,39.2,3,228.8,0.5369,0.009,0.5459
2019-06-09 14:00:00,643.36,49.04,62.02,55.8,50.4,3,222.0,0.4448,0.003,0.4478
2019-06-09 15:00:00,521.62,47.85,58.4,56.7,45.0,3,218.7,0.3683,0.001,0.3693
2019-06-09 16:00:00,282.28,45.98,50.86,58.2,71.2,4,234.4,0.2002,0.002,0.2022
2019-06-09 17:00:00,153.59,43.82,46.47,59.9,70.1,4,209.8,0.1049,0.018,0.1229
2019-06-09 18:00:00,41.13,41.77,42.4,61.6,88.3,4,214.3,0.0156,0.053,0.0686
2019-06-09 19:00:00,0.0,40.6,40.6,62.5,20.0,4,220.0,0.0,0.084,0.084
2019-06-09 20:00:00,0.0,39.66,39.66,63.3,20.0,4,236.4,0.0,0.103,0.103
2019-06-09 21:00:00,0.0,38.78,38.78,64.0,20.0,4,227.8,0.0,0.17,0.17
2019-06-09 22:00:00,0.0,38.03,38.03,64.6,20.0,4,214.3,0.0,0.325,0.325
2019-06-09 23:00:00,0.0,37.45,37.45,65.0,20.0,4,220.9,0.0,0.528,0.528
2019-06-10 00:00:00,0.0,36.84,36.84,65.5,20.0,5,217.6,0.0,0.601,0.601
2019-06-10 01:00:00,0.0,36.41,36.41,65.9,20.0,5,216.7,0.0,0.759,0.759
2019-06-10 02:00:00,0.0,36.02,36.02,66.2,20.0,4,233.5,0.0,0.745,0.745
2019-06-10 03:00:00,0.0,35.7,35.7,66.4,20.0,4,210.0,0.0,0.568,0.568
2019-06-10 04:00:00,0.0,35.37,35.37,66.7,20.0,3,239.8,0.0,0.318,0.318
2019-06-10 05:00:00,0.0,35.74,35.74,66.4,20.0,3,232.0,0.0,0.139,0.139
2019-06-10 06:00:00,53.03,37.77,38.85,64.8,100.0,3,234.7,0.0341,0.062,0.0961
2019-06-10 07:00:00,262.55,40.46,45.76,62.6,52.5,3,219.1,0.19,0.036,0.226
2019-06-10 08:00:00,469.11,42.15,51.63,61.3,43.6,3,222.3,0.3393,0.029,0.3683
2019-06-10 09:00:00,662.42,42.48,55.84,61.0,42.2,3,209.4,0.471,0.03,0.501
2019-06-10 10:00:00,794.78,42.86,58.88,60.7,41.5,3,218.5,0.5564,0.027,0.5834
2019-06-10 11:00:00,867.86,42.35,63.36,61.1,41.1,2,228.7,0.5946,0.018,0.6126
2019-06-10 12:00:00,873.42,40.85,62.0,62.3,41.0,2,236.7,0.6024,0.011,0.6134
2019-06-10 13:00:00,812.04,40.44,65.12,62.6,41.1,1,212.7,0.5535,0.013,0.5665
2019-06-10 14:00:00,693.44,40.04,61.14,63.0,41.6,1,220.1,0.483,0.041,0.524
2019-06-10 15:00:00,529.86,39.95,56.11,63.0,42.6,1,222.2,0.3784,0.105,0.4834
2019-06-10 16:00:00,333.72,39.75,49.9,63.2,44.6,1,209.8,0.238,0.201,0.439
2019-06-10 17:00:00,160.4,39.1,43.95,63.7,59.9,1,229.7,0.1097,0.311,0.4207
2019-06-10 18:00:00,35.79,38.02,38.78,64.6,100.0,2,216.5,0.0123,0.413,0.4253
2019-06-10 19:00:00,0.0,37.39,37.39,65.1,20.0,2,221.8,0.0,0.527,0.527
2019-06-10 20:00:00,0.0,36.85,36.85,65.5,20.0,3,219.2,0.0,0.654,0.654
2019-06-10 21:00:00,0.0,36.34,36.34,65.9,20.0,3,215.9,0.0,0.698,0.698
2019-06-10 22:00:00,0.0,35.75,35.75,66.4,20.0,3,223.7,0.0,0.67,0.67
2019-06-10 23:00:00,0.0,35.21,35.21,66.8,20.0,2,221.6,0.0,0.634,0.634
2019-06-11 00:00:00,0.0,34.57,34.57,67.3,20.0,2,219.8,0.0,0.579,0.579
2019-06-11 01:00:00,0.0,33.9,33.9,67.9,20.0,1,216.2,0.0,0.737,0.737
2019-06-11 02:00:00,0.0,33.29,33.29,68.4,20.0,1,226.7,0.0,0.719,0.719
2019-06-11 03:00:00,0.0,32.37,32.37,69.1,20.0,1,240.0,0.0,0.538,0.538
2019-06-11 04:00:00,0.0,31.67,31.67,69.7,20.0,1,224.9,0.0,0.31,0.31
2019-06-11 05:00:00,0.0,30.92,30.92,70.3,20.0,1,233.4,0.0,0.14,0.14
2019-06-11 06:00:00,38.11,30.92,32.08,70.3,100.0,1,209.6,0.0238,0.05,0.0738
2019-06-11 07:00:00,76.4,31.53,34.65,69.8,100.0,0,225.1,0.0523,0.013,0.0653
2019-06-11 08:00:00,132.42,32.4,37.79,69.1,100.0,0,212.5,0.0933,0.003,0.0963
2019-06-11 09:00:00,167.24,32.9,37.96,68.7,99.4,1,208.7,0.1189,0.001,0.1199
2019-06-11 10:00:00,250.54,33.1,40.68,68.5,98.9,1,216.1,0.1799,0.004,0.1839
2019-06-11 11:00:00,311.14,32.64,42.05,68.9,95.2,1,235.4,0.2243,0.013,0.2373
2019-06-11 12:00:00,427.24,32.22,49.53,69.2,89.3,0,233.0,0.3029,0.045,0.3479
2019-06-11 13:00:00,495.52,31.8,51.9,69.6,82.7,0,225.9,0.3511,0.173,0.5241
2019-06-11 14:00:00,505.45,31.51,52.06,69.8,74.3,0,208.2,0.3609,0.38,0.7409
2019-06-11 15:00:00,466.51,31.28,45.49,70.0,62.2,1,221.5,0.3459,0.488,0.8339
2019-06-11 16:00:00,325.43,31.07,40.98,70.1,63.9,1,226.5,0.2424,0.521,0.7634
2019-06-11 17:00:00,151.53,30.82,36.97,70.3,67.2,0,225.2,0.1077,0.535,0.6427
2019-06-11 18:00:00,36.52,30.58,31.88,70.5,100.0,0,205.0,0.0139,0.54,0.5539
2019-06-11 19:00:00,0.0,30.24,30.24,70.8,20.0,1,214.6,0.0,0.552,0.552
2019-06-11 20:00:00,0.0,29.98,29.98,71.0,20.0,2,222.8,0.0,0.569,0.569
2019-06-11 21:00:00,0.0,29.66,29.66,71.3,20.0,2,228.8,0.0,0.637,0.637
2019-06-11 22:00:00,0.0,29.37,29.37,71.5,20.0,2,201.5,0.0,0.732,0.732
2019-06-11 23:00:00,0.0,29.08,29.08,71.7,20.0,2,221.9,0.0,0.647,0.647
2019-06-12 00:00:00,0.0,28.81,28.81,71.9,20.0,2,224.6,0.0,0.635,0.635
2019-06-12 01:00:00,0.0,28.62,28.62,72.1,20.0,2,231.7,0.0,0.719,0.719
2019-06-12 02:00:00,0.0,28.44,28.44,72.2,20.0,1,230.1,0.0,0.613,0.613
2019-06-12 03:00:00,0.0,28.32,28.32,72.3,20.0,1,229.0,0.0,0.403,0.403
2019-06-12 04:00:00,0.0,28.2,28.2,72.4,20.0,1,215.2,0.0,0.196,0.196
2019-06-12 05:00:00,0.0,28.42,28.42,72.3,20.0,0,204.1,0.0,0.086,0.086
2019-06-12 06:00:00,82.17,29.32,31.83,71.5,82.5,1,219.3,0.0576,0.05,0.1076
2019-06-12 07:00:00,249.84,30.47,38.09,70.6,59.5,1,233.2,0.1865,0.05,0.2365
2019-06-12 08:00:00,468.75,31.46,45.74,69.8,43.8,1,237.1,0.3478,0.057,0.4048
2019-06-12 09:00:00,659.88,32.29,52.36,69.2,42.2,1,230.3,0.4764,0.061,0.5374
2019-06-12 10:00:00,792.15,32.89,56.95,68.7,41.5,1,227.5,0.5593,0.076,0.6353
2019-06-12 11:00:00,864.34,33.32,59.56,68.3,41.1,1,227.0,0.6024,0.112,0.7144
2019-06-12 12:00:00,870.17,33.58,60.0,68.1,41.0,1,217.6,0.6054,0.192,0.7974
2019-06-12 13:00:00,810.17,33.75,58.36,68.0,41.2,1,221.9,0.5692,0.343,0.9122
2019-06-12 14:00:00,644.3,33.71,53.3,68.0,49.7,1,239.9,0.4631,0.516,0.9791
2019-06-12 15:00:00,507.42,33.57,49.04,68.1,50.7,1,213.8,0.3725,0.548,0.9205
2019-06-12 16:00:00,263.6,33.17,41.21,68.5,77.3,1,239.3,0.1947,0.523,0.7177
2019-06-12 17:00:00,151.86,32.58,37.18,68.9,66.9,1,220.0,0.1078,0.54,0.6478
2019-06-12 18:00:00,37.25,31.82,32.83,69.5,100.0,1,236.4,0.0148,0.589,0.6038
2019-06-12 19:00:00,0.0,31.37,31.37,69.9,20.0,1,209.1,0.0,0.625,0.625
2019-06-12 20:00:00,0.0,30.98,30.98,70.2,20.0,1,229.0,0.0,0.693,0.693
2019-06-12 21:00:00,0.0,30.86,30.86,70.3,20.0,1,215.8,0.0,0.8,0.8
2019-06-12 22:00:00,0.0,30.46,30.46,70.6,20.0,1,209.0,0.0,0.867,0.867
2019-06-12 23:00:00,0.0,30.18,30.18,70.9,20.0,1,225.4,0.0,0.804,0.804
2019-06-13 00:00:00,0.0,29.8,29.8,71.2,20.0,1,233.0,0.0,0.694,0.694
2019-06-13 01:00:00,0.0,29.52,29.52,71.4,20.0,1,214.4,0.0,0.525,0.525
2019-06-13 02:00:00,0.0,29.23,29.23,71.6,20.0,1,207.9,0.0,0.32,0.32
2019-06-13 03:00:00,0.0,29.05,29.05,71.8,20.0,1,221.9,0.0,0.21,0.21
2019-06-13 04:00:00,0.0,28.8,28.8,72.0,20.0,2,222.0,0.0,0.177,0.177
2019-06-13 05:00:00,0.0,29.16,29.16,71.7,20.0,2,228.3,0.0,0.153,0.153
2019-06-13 06:00:00,17.64,31.06,31.49,70.2,100.0,2,232.4,0.0084,0.134,0.1424
2019-06-13 07:00:00,265.52,34.1,40.56,67.7,62.6,2,222.3,0.1967,0.13,0.3267
2019-06-13 08:00:00,276.18,36.49,43.18,65.8,79.4,2,241.4,0.2008,0.136,0.3368
2019-06-13 09:00:00,113.07,38.01,40.74,64.6,100.0,2,225.1,0.0767,0.154,0.2307
2019-06-13 10:00:00,143.29,38.99,42.45,63.8,99.3,2,219.4,0.098,0.185,0.283
2019-06-13 11:00:00,184.19,39.53,45.1,63.4,98.0,1,206.7,0.1268,0.228,0.3548
2019-06-13 12:00:00,232.15,39.63,49.03,63.3,98.4,0,220.2,0.1595,0.286,0.4455
2019-06-13 13:00:00,295.74,39.19,51.18,63.6,93.0,0,219.5,0.205,0.337,0.542
2019-06-13 14:00:00,424.58,38.88,51.76,63.9,84.7,1,232.5,0.301,0.329,0.63
2019-06-13 15:00:00,414.79,38.13,50.76,64.5,73.3,1,227.5,0.2986,0.302,0.6006
2019-06-13 16:00:00,270.1,37.36,45.59,65.1,79.4,1,211.1,0.196,0.304,0.5
2019-06-13 17:00:00,157.66,36.15,39.96,66.1,62.7,2,224.6,0.1102,0.315,0.4252
2019-06-13 18:00:00,42.42,34.5,35.43,67.4,91.7,2,229.6,0.0179,0.401,0.4189
2019-06-13 19:00:00,0.0,33.4,33.4,68.3,20.0,3,238.1,0.0,0.457,0.457
2019-06-13 20:00:00,0.0,32.77,32.77,68.8,20.0,3,231.7,0.0,0.573,0.573
2019-06-13 21:00:00,0.0,32.19,32.19,69.3,20.0,3,230.5,0.0,0.513,0.513
2019-06-13 22:00:00,0.0,31.69,31.69,69.6,20.0,3,223.5,0.0,0.442,0.442
2019-06-13 23:00:00,0.0,31.2,31.2,70.0,20.0,3,226.7,0.0,0.404,0.404
2019-06-14 00:00:00,0.0,30.71,30.71,70.4,20.0,2,235.0,0.0,0.462,0.462
2019-06-14 01:00:00,0.0,30.29,30.29,70.8,20.0,2,209.2,0.0,0.586,0.586
2019-06-14 02:00:00,0.0,29.9,29.9,71.1,20.0,2,219.0,0.0,0.457,0.457
2019-06-14 03:00:00,0.0,29.44,29.44,71.4,20.0,1,214.8,0.0,0.324,0.324
2019-06-14 04:00:00,0.0,29.1,29.1,71.7,20.0,1,226.3,0.0,0.243,0.243
2019-06-14 05:00:00,0.0,29.54,29.54,71.4,20.0,1,234.8,0.0,0.198,0.198
2019-06-14 06:00:00,65.05,31.81,33.8,69.6,100.0,1,216.5,0.0443,0.179,0.2233
2019-06-14 07:00:00,210.44,35.41,41.82,66.7,72.2,1,198.6,0.1529,0.176,0.3289
2019-06-14 08:00:00,448.93,38.14,51.81,64.5,49.5,1,218.4,0.3234,0.18,0.5034
2019-06-14 09:00:00,572.38,40.18,57.57,62.9,56.2,1,231.7,0.4012,0.172,0.5732
2019-06-14 10:00:00,777.47,41.97,65.59,61.4,41.2,1,227.9,0.528,0.155,0.683
2019-06-14 11:00:00,871.52,43.34,69.8,60.3,41.0,1,226.8,0.5798,0.149,0.7288
2019-06-14 12:00:00,839.81,44.18,69.67,59.7,45.3,1,219.7,0.5585,0.159,0.7175
2019-06-14 13:00:00,215.8,44.41,50.94,59.5,90.4,1,209.7,0.147,0.173,0.32
2019-06-14 14:00:00,399.27,43.94,60.15,59.9,91.0,0,227.7,0.2714,0.186,0.4574
2019-06-14 15:00:00,238.46,42.8,52.51,60.8,96.5,0,214.2,0.1647,0.171,0.3357
2019-06-14 16:00:00,170.22,41.06,48.01,62.2,97.3,0,244.4,0.1188,0.139,0.2578
2019-06-14 17:00:00,39.04,38.83,40.43,63.9,100.0,0,228.2,0.0234,0.112,0.1354
2019-06-14 18:00:00,9.28,36.91,37.25,65.5,20.0,0,216.7,0.0005,0.092,0.0925
2019-06-14 19:00:00,0.0,34.7,34.7,67.2,20.0,0,216.4,0.0,0.085,0.085
2019-06-14 20:00:00,0.0,34.99,34.99,67.0,20.0,0,221.6,0.0,0.097,0.097
2019-06-14 21:00:00,0.0,33.73,33.73,68.0,20.0,0,220.1,0.0,0.152,0.152
2019-06-14 22:00:00,0.0,33.08,33.08,68.5,20.0,0,233.7,0.0,0.223,0.223
2019-06-14 23:00:00,0.0,33.0,33.0,68.6,20.0,0,224.4,0.0,0.314,0.314
2019-06-15 00:00:00,0.0,32.51,32.51,69.0,20.0,1,214.8,0.0,0.394,0.394
2019-06-15 01:00:00,0.0,32.24,32.24,69.2,20.0,1,241.0,0.0,0.561,0.561
2019-06-15 02:00:00,0.0,32.2,32.2,69.2,20.0,2,222.6,0.0,0.586,0.586
2019-06-15 03:00:00,0.0,31.55,31.55,69.8,20.0,2,229.8,0.0,0.556,0.556
2019-06-15 04:00:00,0.0,31.05,31.05,70.2,20.0,3,216.1,0.0,0.504,0.504
2019-06-15 05:00:00,0.0,30.73,30.73,70.4,20.0,3,225.8,0.0,0.431,0.431
2019-06-15 06:00:00,84.05,31.43,32.88,69.9,78.9,4,225.3,0.0586,0.358,0.4166
2019-06-15 07:00:00,266.98,32.79,37.4,68.8,51.3,4,203.2,0.2006,0.317,0.5176
2019-06-15 08:00:00,465.95,34.89,42.95,67.1,43.6,4,242.3,0.3498,0.294,0.6438
2019-06-15 09:00:00,661.33,36.99,48.41,65.4,42.2,4,235.0,0.4856,0.286,0.7716
2019-06-15 10:00:00,794.84,38.28,54.3,64.4,41.4,3,218.2,0.5677,0.288,0.8557
2019-06-15 11:00:00,826.14,39.02,55.66,63.8,40.5,3,211.1,0.5857,0.284,0.8697
2019-06-15 12:00:00,757.27,39.3,54.53,63.6,54.0,3,225.6,0.5376,0.258,0.7956
2019-06-15 13:00:00,760.76,39.04,54.36,63.8,47.2,3,223.0,0.5428,0.211,0.7538
2019-06-15 14:00:00,336.65,38.54,45.32,64.2,90.1,3,225.7,0.2428,0.179,0.4218
2019-06-15 15:00:00,451.45,37.46,46.58,65.0,61.1,3,224.1,0.3328,0.111,0.4438
2019-06-15 16:00:00,207.85,36.1,40.31,66.1,92.8,3,227.2,0.1524,0.058,0.2104
2019-06-15 17:00:00,140.14,34.58,37.0,67.3,74.5,4,236.6,0.0999,0.054,0.1539
2019-06-15 18:00:00,21.96,33.06,33.47,68.6,100.0,3,227.8,0.0076,0.099,0.1066
2019-06-15 19:00:00,0.0,32.09,32.09,69.3,20.0,3,211.6,0.0,0.212,0.212
2019-06-15 20:00:00,0.0,31.46,31.46,69.8,20.0,3,235.8,0.0,0.338,0.338
2019-06-15 21:00:00,0.0,30.98,30.98,70.2,20.0,3,238.5,0.0,0.491,0.491
2019-06-15 22:00:00,0.0,30.53,30.53,70.6,20.0,3,253.7,0.0,0.514,0.514
2019-06-15 23:00:00,0.0,30.15,30.15,70.9,20.0,3,210.9,0.0,0.447,0.447
2019-06-16 00:00:00,0.0,29.84,29.84,71.1,20.0,3,224.2,0.0,0.43,0.43
2019-06-16 01:00:00,0.0,29.55,29.55,71.4,20.0,3,200.9,0.0,0.744,0.744
2019-06-16 02:00:00,0.0,29.28,29.28,71.6,20.0,3,227.3,0.0,0.75,0.75
2019-06-16 03:00:00,0.0,29.0,29.0,71.8,20.0,3,216.3,0.0,0.697,0.697
2019-06-16 04:00:00,0.0,28.8,28.8,72.0,20.0,3,241.0,0.0,0.637,0.637
2019-06-16 05:00:00,0.0,29.05,29.05,71.8,20.0,3,214.0,0.0,0.585,0.585
2019-06-16 06:00:00,67.75,29.78,30.96,71.2,100.0,4,204.9,0.0471,0.549,0.5961
2019-06-16 07:00:00,266.36,29.97,34.58,71.0,51.4,4,217.0,0.2025,0.535,0.7375
2019-06-16 08:00:00,428.0,30.41,36.87,70.7,53.6,5,202.0,0.3278,0.538,0.8658
2019-06-16 09:00:00,355.81,30.88,36.23,70.3,90.3,5,229.3,0.2669,0.547,0.8139
2019-06-16 10:00:00,319.05,31.51,36.3,69.8,95.9,5,201.1,0.2365,0.548,0.7845
2019-06-16 11:00:00,364.28,31.87,37.33,69.5,94.0,5,222.0,0.27,0.532,0.802
2019-06-16 12:00:00,450.1,31.97,38.73,69.4,87.9,5,201.0,0.3349,0.481,0.8159
2019-06-16 13:00:00,227.47,31.68,35.09,69.7,97.5,5,218.5,0.1666,0.386,0.5526
2019-06-16 14:00:00,119.55,31.03,33.09,70.2,100.0,4,238.2,0.0847,0.3,0.3847
2019-06-16 15:00:00,97.91,30.25,31.94,70.8,100.0,4,225.3,0.0692,0.218,0.2872
2019-06-16 16:00:00,69.85,29.46,30.67,71.4,100.0,4,213.1,0.0484,0.15,0.1984
2019-06-16 17:00:00,36.25,28.67,29.3,72.1,100.0,4,221.4,0.0227,0.143,0.1657
2019-06-16 18:00:00,10.2,27.75,27.91,72.8,100.0,4,221.9,0.0011,0.207,0.2081
2019-06-16 19:00:00,0.0,27.01,27.01,73.4,20.0,4,226.5,0.0,0.325,0.325
2019-06-16 20:00:00,0.0,26.55,26.55,73.8,20.0,4,208.1,0.0,0.431,0.431
2019-06-16 21:00:00,0.0,26.37,26.37,73.9,20.0,4,227.7,0.0,0.484,0.484
2019-06-16 22:00:00,0.0,26.32,26.32,73.9,20.0,4,194.7,0.0,0.523,0.523
2019-06-16 23:00:00,0.0,26.28,26.28,74.0,20.0,4,215.4,0.0,0.429,0.429
2019-06-17 00:00:00,0.0,26.22,26.22,74.0,20.0,4,216.4,0.0,0.425,0.425
2019-06-17 01:00:00,0.0,26.13,26.13,74.1,20.0,4,227.7,0.0,0.635,0.635
2019-06-17 02:00:00,0.0,25.98,25.98,74.2,20.0,3,221.5,0.0,0.606,0.606
2019-06-17 03:00:00,0.0,25.85,25.85,74.3,20.0,3,207.3,0.0,0.583,0.583
2019-06-17 04:00:00,0.0,25.74,25.74,74.4,20.0,3,211.5,0.0,0.588,0.588
2019-06-17 05:00:00,0.0,25.93,25.93,74.3,20.0,3,223.3,0.0,0.604,0.604
2019-06-17 06:00:00,39.04,27.02,27.82,73.4,100.0,3,220.5,0.0251,0.621,0.6461
2019-06-17 07:00:00,138.09,28.65,31.44,72.1,97.4,3,215.5,0.1019,0.637,0.7389
2019-06-17 08:00:00,204.55,30.01,34.13,71.0,95.1,3,216.5,0.1516,0.656,0.8076
2019-06-17 09:00:00,419.93,31.22,41.38,70.0,78.6,2,228.3,0.3111,0.655,0.9661
2019-06-17 10:00:00,328.36,32.5,40.42,69.0,94.9,2,216.1,0.2396,0.635,0.8746
2019-06-17 11:00:00,449.9,33.43,47.03,68.3,91.1,1,220.4,0.3228,0.595,0.9178
2019-06-17 12:00:00,519.36,33.88,49.6,67.9,87.1,1,243.0,0.3707,0.503,0.8737
2019-06-17 13:00:00,491.58,33.91,48.8,67.9,82.6,1,207.1,0.353,0.37,0.723
2019-06-17 14:00:00,654.44,33.55,60.2,68.2,50.5,0,202.8,0.4562,0.307,0.7632
2019-06-17 15:00:00,350.2,32.78,43.43,68.8,83.3,1,229.2,0.2579,0.311,0.5689
2019-06-17 16:00:00,264.77,31.79,39.86,69.6,81.1,1,214.5,0.1969,0.355,0.5519
2019-06-17 17:00:00,157.08,30.65,35.4,70.5,61.2,1,218.1,0.1119,0.422,0.5339
2019-06-17 18:00:00,32.31,29.46,30.17,71.4,100.0,2,213.5,0.0132,0.519,0.5322
2019-06-17 19:00:00,0.0,28.6,28.6,72.1,20.0,2,218.7,0.0,0.633,0.633
2019-06-17 20:00:00,0.0,27.87,27.87,72.7,20.0,3,237.3,0.0,0.668,0.668
2019-06-17 21:00:00,0.0,27.33,27.33,73.1,20.0,3,229.3,0.0,0.655,0.655
2019-06-17 22:00:00,0.0,26.95,26.95,73.4,20.0,2,229.9,0.0,0.58,0.58
2019-06-17 23:00:00,0.0,26.68,26.68,73.7,20.0,2,207.2,0.0,0.499,0.499
2019-06-18 00:00:00,0.0,26.46,26.46,73.8,20.0,2,209.4,0.0,0.474,0.474
2019-06-18 01:00:00,0.0,26.24,26.24,74.0,20.0,1,192.5,0.0,0.626,0.626
2019-06-18 02:00:00,0.0,26.03,26.03,74.2,20.0,1,212.8,0.0,0.59,0.59
2019-06-18 03:00:00,0.0,26.06,26.06,74.1,20.0,1,230.4,0.0,0.482,0.482
2019-06-18 04:00:00,0.0,26.06,26.06,74.1,20.0,1,226.0,0.0,0.369,0.369
2019-06-18 05:00:00,0.0,26.2,26.2,74.0,20.0,1,218.7,0.0,0.286,0.286
2019-06-18 06:00:00,24.15,27.49,28.22,73.0,100.0,1,220.6,0.0136,0.244,0.2576
2019-06-18 07:00:00,125.32,29.9,33.72,71.1,100.0,1,214.0,0.0908,0.236,0.3268
2019-06-18 08:00:00,181.46,31.78,37.29,69.6,98.0,1,222.9,0.1315,0.251,0.3825
2019-06-18 09:00:00,290.78,33.68,42.49,68.1,94.9,1,228.5,0.2101,0.276,0.4861
2019-06-18 10:00:00,286.01,35.57,42.47,66.5,95.7,2,204.7,0.2054,0.277,0.4824
2019-06-18 11:00:00,437.33,37.28,47.83,65.2,91.5,2,223.9,0.3123,0.253,0.5653
2019-06-18 12:00:00,417.96,38.35,48.44,64.3,95.0,2,230.2,0.297,0.207,0.504
2019-06-18 13:00:00,458.98,38.77,49.85,64.0,92.8,2,216.7,0.3264,0.153,0.4794
2019-06-18 14:00:00,386.04,38.53,47.87,64.2,91.8,2,227.9,0.2769,0.1,0.3769
2019-06-18 15:00:00,465.91,37.71,49.03,64.8,60.2,2,249.0,0.3403,0.027,0.3673
2019-06-18 16:00:00,327.43,36.32,46.29,65.9,64.3,1,219.8,0.2385,0.001,0.2395
2019-06-18 17:00:00,143.86,34.64,39.01,67.3,76.2,1,224.8,0.102,0.0,0.102
2019-06-18 18:00:00,34.38,32.54,33.5,69.0,100.0,1,213.5,0.0144,0.0,0.0144
2019-06-18 19:00:00,0.0,31.23,31.23,70.0,20.0,2,222.7,0.0,0.008,0.008
2019-06-18 20:00:00,0.0,30.42,30.42,70.7,20.0,3,225.5,0.0,0.093,0.093
2019-06-18 21:00:00,0.0,29.57,29.57,71.3,20.0,3,222.8,0.0,0.281,0.281
2019-06-18 22:00:00,0.0,28.8,28.8,72.0,20.0,2,210.7,0.0,0.367,0.367
2019-06-18 23:00:00,0.0,28.1,28.1,72.5,20.0,2,222.9,0.0,0.318,0.318
2019-06-19 00:00:00,0.0,27.54,27.54,73.0,20.0,2,235.0,0.0,0.361,0.361
2019-06-19 01:00:00,0.0,27.03,27.03,73.4,20.0,2,224.9,0.0,0.544,0.544
2019-06-19 02:00:00,0.0,26.5,26.5,73.8,20.0,1,230.0,0.0,0.547,0.547
2019-06-19 03:00:00,0.0,25.99,25.99,74.2,20.0,1,218.0,0.0,0.447,0.447
2019-06-19 04:00:00,0.0,25.51,25.51,74.6,20.0,1,227.9,0.0,0.314,0.314
2019-06-19 05:00:00,0.0,25.86,25.86,74.3,20.0,1,223.2,0.0,0.234,0.234
2019-06-19 06:00:00,69.28,28.04,30.16,72.6,96.1,1,210.9,0.0484,0.201,0.2494
2019-06-19 07:00:00,251.44,31.72,41.98,69.6,58.0,0,223.6,0.1845,0.194,0.3785
2019-06-19 08:00:00,463.53,35.04,53.95,67.0,43.7,0,210.5,0.3317,0.202,0.5337
2019-06-19 09:00:00,637.99,37.48,63.46,65.0,43.3,0,214.1,0.438,0.233,0.671
2019-06-19 10:00:00,775.3,39.22,62.76,63.6,41.7,1,222.3,0.5333,0.265,0.7983
2019-06-19 11:00:00,825.61,40.46,65.53,62.6,39.5,1,223.4,0.5603,0.288,0.8483
2019-06-19 12:00:00,879.22,41.16,67.86,62.1,40.6,1,208.5,0.5904,0.315,0.9054
2019-06-19 13:00:00,816.66,41.31,66.12,62.0,40.5,1,230.9,0.5541,0.338,0.8921
2019-06-19 14:00:00,693.38,40.85,57.68,62.3,40.5,2,226.1,0.4905,0.348,0.8385
2019-06-19 15:00:00,522.92,39.85,52.57,63.1,41.2,2,213.3,0.3792,0.284,0.6632
2019-06-19 16:00:00,341.72,38.39,48.78,64.3,48.7,1,205.0,0.2457,0.22,0.4657
2019-06-19 17:00:00,135.55,36.72,40.85,65.6,86.8,1,218.9,0.0958,0.192,0.2878
2019-06-19 18:00:00,40.59,33.97,35.11,67.8,100.0,1,215.9,0.0181,0.185,0.2031
2019-06-19 19:00:00,0.0,32.15,32.15,69.3,20.0,0,221.5,0.0,0.192,0.192
2019-06-19 20:00:00,0.0,32.58,32.58,68.9,20.0,0,216.8,0.0,0.194,0.194
2019-06-19 21:00:00,0.0,31.84,31.84,69.5,20.0,1,200.3,0.0,0.161,0.161
2019-06-19 22:00:00,0.0,31.62,31.62,69.7,20.0,2,216.5,0.0,0.104,0.104
2019-06-19 23:00:00,0.0,30.92,30.92,70.3,20.0,2,217.3,0.0,0.07,0.07
2019-06-20 00:00:00,0.0,30.21,30.21,70.8,20.0,3,226.2,0.0,0.114,0.114
2019-06-20 01:00:00,0.0,29.48,29.48,71.4,20.0,3,212.9,0.0,0.304,0.304
2019-06-20 02:00:00,0.0,28.77,28.77,72.0,20.0,3,236.7,0.0,0.35,0.35
2019-06-20 03:00:00,0.0,28.1,28.1,72.5,20.0,2,200.8,0.0,0.38,0.38
2019-06-20 04:00:00,0.0,27.52,27.52,73.0,20.0,2,233.0,0.0,0.421,0.421
2019-06-20 05:00:00,0.0,27.91,27.91,72.7,20.0,2,217.6,0.0,0.464,0.464
2019-06-20 06:00:00,72.13,29.62,31.38,71.3,90.5,2,228.5,0.0502,0.508,0.5582
2019-06-20 07:00:00,255.67,33.1,40.9,68.5,56.4,1,220.7,0.1887,0.55,0.7387
2019-06-20 08:00:00,463.26,36.96,48.22,65.4,43.7,2,231.3,0.34,0.578,0.918
2019-06-20 09:00:00,649.87,39.67,55.44,63.3,40.9,2,216.0,0.463,0.591,1.054
2019-06-20 10:00:00,790.53,41.8,60.95,61.6,40.5,2,208.9,0.5485,0.557,1.1055
2019-06-20 11:00:00,875.31,43.3,64.49,60.4,41.0,2,234.1,0.5967,0.472,1.0687
2019-06-20 12:00:00,882.08,44.15,65.52,59.7,40.9,2,218.8,0.5987,0.367,0.9657
2019-06-20 13:00:00,822.5,44.37,64.3,59.5,41.0,2,222.1,0.5627,0.278,0.8407
2019-06-20 14:00:00,703.97,43.9,60.98,59.9,41.4,2,232.2,0.4907,0.228,0.7187
2019-06-20 15:00:00,524.07,42.88,55.62,60.7,41.0,2,209.6,0.3749,0.175,0.5499
2019-06-20 16:00:00,341.59,41.49,49.77,61.8,44.6,2,225.8,0.2443,0.153,0.3973
2019-06-20 17:00:00,167.38,39.83,43.87,63.1,58.1,2,214.0,0.1147,0.162,0.2767
2019-06-20 18:00:00,41.81,37.73,38.91,64.8,98.1,1,218.6,0.0187,0.149,0.1677
2019-06-20 19:00:00,0.0,35.69,35.69,66.5,20.0,1,220.6,0.0,0.113,0.113
2019-06-20 20:00:00,0.0,35.9,35.9,66.3,20.0,1,204.9,0.0,0.087,0.087
2019-06-20 21:00:00,0.0,35.18,35.18,66.9,20.0,2,212.1,0.0,0.066,0.066
2019-06-20 22:00:00,0.0,34.53,34.53,67.4,20.0,2,233.4,0.0,0.045,0.045
2019-06-20 23:00:00,0.0,33.73,33.73,68.0,20.0,3,228.7,0.0,0.032,0.032
2019-06-21 00:00:00,0.0,33.02,33.02,68.6,20.0,3,218.7,0.0,0.018,0.018
2019-06-21 01:00:00,0.0,32.32,32.32,69.1,20.0,3,221.8,0.0,0.018,0.018
2019-06-21 02:00:00,0.0,31.7,31.7,69.6,20.0,3,216.4,0.0,0.019,0.019
2019-06-21 03:00:00,0.0,31.22,31.22,70.0,20.0,3,232.9,0.0,0.057,0.057
2019-06-21 04:00:00,0.0,30.88,30.88,70.3,20.0,3,217.4,0.0,0.127,0.127
2019-06-21 05:00:00,0.0,31.38,31.38,69.9,20.0,3,221.7,0.0,0.191,0.191
2019-06-21 06:00:00,74.75,33.36,34.88,68.3,86.7,3,230.8,0.0512,0.23,0.2812
2019-06-21 07:00:00,255.09,36.34,41.49,65.9,56.6,3,211.6,0.1877,0.256,0.4437
2019-06-21 08:00:00,461.43,39.11,47.09,63.7,43.7,4,234.9,0.3403,0.278,0.6183
2019-06-21 09:00:00,648.67,41.24,52.44,62.0,40.8,4,204.1,0.4682,0.281,0.7492
2019-06-21 10:00:00,799.83,43.05,56.85,60.6,41.3,4,235.7,0.5651,0.268,0.8331
2019-06-21 11:00:00,869.55,44.31,59.3,59.6,40.4,4,215.6,0.6068,0.246,0.8528
2019-06-21 12:00:00,879.3,45.13,60.28,58.9,40.6,4,216.9,0.6111,0.223,0.8341
2019-06-21 13:00:00,817.89,45.29,61.78,58.8,40.5,3,200.5,0.566,0.196,0.762
2019-06-21 14:00:00,693.91,44.97,58.98,59.0,40.5,3,214.8,0.488,0.193,0.681
2019-06-21 15:00:00,525.3,44.05,54.68,59.8,41.0,3,209.0,0.3774,0.194,0.5714
2019-06-21 16:00:00,341.37,42.77,49.66,60.8,44.4,3,213.3,0.2443,0.192,0.4363
2019-06-21 17:00:00,168.48,41.1,44.47,62.1,58.0,3,218.0,0.1152,0.18,0.2952
2019-06-21 18:00:00,39.6,38.69,39.58,64.0,100.0,2,228.9,0.0176,0.158,0.1756
2019-06-21 19:00:00,0.0,37.47,37.47,65.0,20.0,2,221.4,0.0,0.125,0.125
2019-06-21 20:00:00,0.0,36.79,36.79,65.6,20.0,3,222.4,0.0,0.092,0.092
2019-06-21 21:00:00,0.0,35.94,35.94,66.2,20.0,3,208.4,0.0,0.075,0.075
2019-06-21 22:00:00,0.0,35.15,35.15,66.9,20.0,4,210.6,0.0,0.074,0.074
2019-06-21 23:00:00,0.0,34.4,34.4,67.5,20.0,4,237.3,0.0,0.084,0.084
2019-06-22 00:00:00,0.0,33.79,33.79,68.0,20.0,5,211.5,0.0,0.083,0.083
2019-06-22 01:00:00,0.0,33.3,33.3,68.4,20.0,5,235.4,0.0,0.144,0.144
2019-06-22 02:00:00,0.0,32.86,32.86,68.7,20.0,5,216.4,0.0,0.252,0.252
2019-06-22 03:00:00,0.0,32.34,32.34,69.1,20.0,5,218.8,0.0,0.301,0.301
2019-06-22 04:00:00,0.0,31.78,31.78,69.6,20.0,4,229.5,0.0,0.329,0.329
2019-06-22 05:00:00,0.0,31.99,31.99,69.4,20.0,4,231.5,0.0,0.319,0.319
2019-06-22 06:00:00,70.99,33.74,34.97,68.0,91.5,4,217.7,0.0484,0.277,0.3254
2019-06-22 07:00:00,249.24,36.1,40.41,66.1,58.3,4,214.9,0.184,0.227,0.411
2019-06-22 08:00:00,461.19,38.78,46.75,64.0,43.7,4,218.2,0.3406,0.184,0.5246
2019-06-22 09:00:00,660.08,41.12,52.52,62.1,42.1,4,222.2,0.4763,0.144,0.6203
2019-06-22 10:00:00,795.97,43.16,56.89,60.5,41.4,4,227.7,0.5622,0.107,0.6692
2019-06-22 11:00:00,870.38,44.51,62.04,59.4,41.0,3,218.9,0.5999,0.061,0.6609
2019-06-22 12:00:00,879.35,45.37,63.08,58.7,40.9,3,225.0,0.6034,0.024,0.6274
2019-06-22 13:00:00,821.05,45.7,62.24,58.4,41.0,3,235.2,0.5669,0.017,0.5839
2019-06-22 14:00:00,702.84,45.44,59.63,58.6,41.4,3,222.6,0.4928,0.047,0.5398
2019-06-22 15:00:00,525.62,44.5,53.6,59.4,41.0,4,221.9,0.3794,0.148,0.5274
2019-06-22 16:00:00,342.55,43.17,50.08,60.5,44.5,3,203.6,0.2447,0.237,0.4817
2019-06-22 17:00:00,164.62,41.48,44.77,61.8,56.4,3,192.5,0.112,0.26,0.372
2019-06-22 18:00:00,37.84,39.2,40.06,63.6,100.0,2,222.7,0.0168,0.241,0.2578
2019-06-22 19:00:00,0.0,37.87,37.87,64.7,20.0,2,217.9,0.0,0.214,0.214
2019-06-22 20:00:00,0.0,37.16,37.16,65.3,20.0,3,213.7,0.0,0.218,0.218
2019-06-22 21:00:00,0.0,36.35,36.35,65.9,20.0,3,221.2,0.0,0.172,0.172
2019-06-22 22:00:00,0.0,35.59,35.59,66.5,20.0,4,218.2,0.0,0.096,0.096
2019-06-22 23:00:00,0.0,34.81,34.81,67.2,20.0,4,230.1,0.0,0.061,0.061
2019-06-23 00:00:00,0.0,34.12,34.12,67.7,20.0,4,219.1,0.0,0.031,0.031
2019-06-23 01:00:00,0.0,33.5,33.5,68.2,20.0,5,210.8,0.0,0.052,0.052
2019-06-23 02:00:00,0.0,32.94,32.94,68.6,20.0,5,228.1,0.0,0.112,0.112
2019-06-23 03:00:00,0.0,32.38,32.38,69.1,20.0,4,216.1,0.0,0.151,0.151
2019-06-23 04:00:00,0.0,31.81,31.81,69.6,20.0,4,223.5,0.0,0.178,0.178
2019-06-23 05:00:00,0.0,31.95,31.95,69.4,20.0,4,213.5,0.0,0.197,0.197
2019-06-23 06:00:00,69.87,33.58,34.8,68.1,92.5,4,211.7,0.0476,0.212,0.2596
2019-06-23 07:00:00,236.81,36.45,40.54,65.8,61.9,4,219.1,0.1742,0.214,0.3882
2019-06-23 08:00:00,442.27,39.24,46.89,63.6,47.7,4,218.4,0.3256,0.201,0.5266
2019-06-23 09:00:00,635.02,41.64,52.6,61.7,43.0,4,223.0,0.4576,0.193,0.6506
2019-06-23 10:00:00,778.16,43.75,57.17,60.0,41.1,4,215.5,0.5489,0.183,0.7319
2019-06-23 11:00:00,869.39,45.29,60.28,58.8,41.0,4,199.9,0.604,0.164,0.768
2019-06-23 12:00:00,876.58,46.24,63.89,58.0,40.9,3,213.9,0.5994,0.137,0.7364
2019-06-23 13:00:00,818.55,46.41,62.91,57.9,41.0,3,226.2,0.5635,0.119,0.6825
2019-06-23 14:00:00,701.62,46.06,60.22,58.2,41.5,3,215.3,0.4906,0.111,0.6016
2019-06-23 15:00:00,539.51,45.05,55.97,59.0,42.4,3,215.8,0.3855,0.114,0.4995
2019-06-23 16:00:00,344.31,43.76,52.11,60.0,48.3,2,228.1,0.2441,0.114,0.3581
2019-06-23 17:00:00,155.04,42.03,45.78,61.4,69.3,2,211.1,0.1064,0.101,0.2074
2019-06-23 18:00:00,40.34,39.78,40.69,63.2,100.0,2,202.8,0.0183,0.089,0.1073
2019-06-23 19:00:00,0.0,38.5,38.5,64.2,20.0,2,216.6,0.0,0.087,0.087
2019-06-23 20:00:00,0.0,37.86,37.86,64.7,20.0,2,213.4,0.0,0.104,0.104
2019-06-23 21:00:00,0.0,37.02,37.02,65.4,20.0,3,208.6,0.0,0.118,0.118
2019-06-23 22:00:00,0.0,36.27,36.27,66.0,20.0,3,216.5,0.0,0.128,0.128
2019-06-23 23:00:00,0.0,35.48,35.48,66.6,20.0,4,223.1,0.0,0.123,0.123
2019-06-24 00:00:00,0.0,34.65,34.65,67.3,20.0,4,217.5,0.0,0.118,0.118
2019-06-24 01:00:00,0.0,33.98,33.98,67.8,20.0,4,220.7,0.0,0.183,0.183
2019-06-24 02:00:00,0.0,33.29,33.29,68.4,20.0,4,235.8,0.0,0.119,0.119
2019-06-24 03:00:00,0.0,32.87,32.87,68.7,20.0,4,214.2,0.0,0.059,0.059
2019-06-24 04:00:00,0.0,32.49,32.49,69.0,20.0,3,220.4,0.0,0.031,0.031
2019-06-24 05:00:00,0.0,32.53,32.53,69.0,20.0,3,212.5,0.0,0.018,0.018
2019-06-24 06:00:00,69.86,33.62,35.04,68.1,92.5,3,209.2,0.0476,0.011,0.0586
2019-06-24 07:00:00,237.16,35.88,41.65,66.3,62.2,2,211.8,0.1737,0.007,0.1807
2019-06-24 08:00:00,447.56,38.69,47.73,64.1,46.3,3,212.8,0.3286,0.005,0.3336
2019-06-24 09:00:00,640.68,41.6,54.53,61.7,42.0,3,221.2,0.458,0.003,0.461
2019-06-24 10:00:00,788.31,43.77,59.66,60.0,41.4,3,241.1,0.55,0.004,0.554
2019-06-24 11:00:00,863.62,44.48,61.88,59.4,41.1,3,210.5,0.5957,0.007,0.6027
2019-06-24 12:00:00,803.94,44.74,64.2,59.2,42.7,2,213.5,0.5485,0.022,0.5705
2019-06-24 13:00:00,739.46,45.1,63.01,58.9,48.2,2,217.0,0.5074,0.08,0.5874
2019-06-24 14:00:00,567.61,45.12,58.87,58.9,64.3,2,221.6,0.3953,0.179,0.5743
2019-06-24 15:00:00,491.5,44.35,59.32,59.5,54.2,1,220.3,0.3439,0.255,0.5989
2019-06-24 16:00:00,320.15,43.01,52.76,60.6,61.1,1,230.5,0.2261,0.3,0.5261
2019-06-24 17:00:00,149.96,41.26,44.9,62.0,73.3,2,193.4,0.1035,0.305,0.4085
2019-06-24 18:00:00,32.44,39.04,39.65,63.8,100.0,3,193.8,0.0131,0.278,0.2911
2019-06-24 19:00:00,0.0,37.21,37.21,65.2,20.0,3,212.7,0.0,0.236,0.236
2019-06-24 20:00:00,0.0,35.48,35.48,66.6,20.0,4,228.6,0.0,0.188,0.188
2019-06-24 21:00:00,0.0,33.99,33.99,67.8,20.0,4,202.0,0.0,0.133,0.133
2019-06-24 22:00:00,0.0,32.76,32.76,68.8,20.0,3,187.6,0.0,0.095,0.095
2019-06-24 23:00:00,0.0,31.7,31.7,69.6,20.0,3,223.3,0.0,0.076,0.076
2019-06-25 00:00:00,0.0,30.84,30.84,70.3,20.0,3,219.4,0.0,0.053,0.053
2019-06-25 01:00:00,0.0,30.08,30.08,70.9,20.0,3,206.1,0.0,0.101,0.101
2019-06-25 02:00:00,0.0,29.55,29.55,71.4,20.0,3,207.1,0.0,0.101,0.101
2019-06-25 03:00:00,0.0,29.11,29.11,71.7,20.0,3,207.3,0.0,0.09,0.09
2019-06-25 04:00:00,0.0,28.78,28.78,72.0,20.0,3,218.1,0.0,0.084,0.084
2019-06-25 05:00:00,0.0,28.75,28.75,72.0,20.0,2,210.7,0.0,0.083,0.083
2019-06-25 06:00:00,78.51,29.15,30.74,71.7,81.0,3,221.9,0.055,0.092,0.147
2019-06-25 07:00:00,259.27,29.59,34.83,71.3,54.5,3,188.5,0.1965,0.11,0.3065
2019-06-25 08:00:00,457.46,30.19,39.43,70.9,45.9,3,208.4,0.3482,0.136,0.4842
2019-06-25 09:00:00,502.49,30.86,43.02,70.3,65.4,2,205.7,0.3731,0.151,0.5241
2019-06-25 10:00:00,748.13,31.8,49.92,69.6,43.9,2,214.4,0.544,0.159,0.703
2019-06-25 11:00:00,804.97,31.91,51.4,69.5,41.6,2,211.6,0.5811,0.194,0.7751
2019-06-25 12:00:00,776.34,32.03,50.81,69.4,51.1,2,225.0,0.5605,0.254,0.8145
2019-06-25 13:00:00,633.33,31.89,47.21,69.5,64.3,2,198.4,0.4627,0.303,0.7657
2019-06-25 14:00:00,693.22,31.65,48.47,69.7,41.6,2,217.5,0.5101,0.311,0.8211
2019-06-25 15:00:00,370.94,31.46,40.46,69.8,80.4,2,222.6,0.2774,0.308,0.5854
2019-06-25 16:00:00,264.68,31.1,37.54,70.1,76.8,2,235.6,0.1986,0.304,0.5026
2019-06-25 17:00:00,117.23,30.69,33.54,70.5,96.3,2,212.2,0.0852,0.303,0.3882
2019-06-25 18:00:00,42.37,30.16,31.11,70.9,100.0,2,220.2,0.0199,0.283,0.3029
2019-06-25 19:00:00,0.0,29.86,29.86,71.1,20.0,2,199.0,0.0,0.267,0.267
2019-06-25 20:00:00,0.0,29.64,29.64,71.3,20.0,2,193.1,0.0,0.25,0.25
2019-06-25 21:00:00,0.0,29.37,29.37,71.5,20.0,2,225.5,0.0,0.227,0.227
2019-06-25 22:00:00,0.0,29.16,29.16,71.7,20.0,2,216.9,0.0,0.181,0.181
2019-06-25 23:00:00,0.0,28.91,28.91,71.9,20.0,2,228.8,0.0,0.13,0.13
2019-06-26 00:00:00,0.0,28.7,28.7,72.0,20.0,2,202.6,0.0,0.085,0.085
2019-06-26 01:00:00,0.0,28.54,28.54,72.2,20.0,2,221.6,0.0,0.09,0.09
2019-06-26 02:00:00,0.0,28.3,28.3,72.4,20.0,2,235.0,0.0,0.068,0.068
2019-06-26 03:00:00,0.0,28.1,28.1,72.5,20.0,2,220.6,0.0,0.056,0.056
2019-06-26 04:00:00,0.0,27.87,27.87,72.7,20.0,2,219.1,0.0,0.061,0.061
2019-06-26 05:00:00,0.0,28.18,28.18,72.5,20.0,2,216.4,0.0,0.078,0.078
2019-06-26 06:00:00,40.91,29.76,30.75,71.2,100.0,2,200.6,0.0262,0.096,0.1222
2019-06-26 07:00:00,144.76,31.71,35.23,69.6,94.4,2,229.9,0.1055,0.108,0.2135
2019-06-26 08:00:00,310.79,32.79,40.33,68.8,75.8,2,210.2,0.2305,0.119,0.3495
2019-06-26 09:00:00,274.98,33.3,41.64,68.4,91.5,1,221.4,0.1991,0.133,0.3321
2019-06-26 10:00:00,709.66,33.56,55.1,68.1,55.7,1,200.7,0.5028,0.148,0.6508
2019-06-26 11:00:00,730.42,33.35,55.5,68.3,57.0,1,204.6,0.5156,0.178,0.6936
2019-06-26 12:00:00,625.95,33.65,52.61,68.1,70.4,1,230.7,0.445,0.236,0.681
2019-06-26 13:00:00,803.11,33.02,57.41,68.6,43.8,1,212.9,0.5661,0.3,0.8661
2019-06-26 14:00:00,562.94,32.76,55.66,68.8,65.4,0,230.9,0.3975,0.365,0.7625
2019-06-26 15:00:00,513.48,32.56,53.52,68.9,49.2,0,215.6,0.3697,0.376,0.7457
2019-06-26 16:00:00,332.79,32.3,45.86,69.2,48.8,0,197.9,0.2423,0.365,0.6073
2019-06-26 17:00:00,162.16,31.8,38.38,69.6,64.9,0,225.3,0.115,0.374,0.489
2019-06-26 18:00:00,42.43,31.3,32.49,70.0,100.0,1,210.5,0.02,0.357,0.377
2019-06-26 19:00:00,0.0,30.79,30.79,70.4,20.0,1,223.3,0.0,0.281,0.281
2019-06-26 20:00:00,0.0,30.55,30.55,70.6,20.0,1,216.6,0.0,0.162,0.162
2019-06-26 21:00:00,0.0,30.26,30.26,70.8,20.0,1,200.9,0.0,0.111,0.111
2019-06-26 22:00:00,0.0,29.92,29.92,71.1,20.0,1,218.0,0.0,0.148,0.148
2019-06-26 23:00:00,0.0,29.6,29.6,71.3,20.0,1,238.3,0.0,0.223,0.223
2019-06-27 00:00:00,0.0,29.32,29.32,71.5,20.0,1,220.6,0.0,0.274,0.274
2019-06-27 01:00:00,0.0,28.96,28.96,71.8,20.0,2,215.1,0.0,0.447,0.447
2019-06-27 02:00:00,0.0,28.69,28.69,72.0,20.0,2,226.4,0.0,0.53,0.53
2019-06-27 03:00:00,0.0,28.32,28.32,72.3,20.0,2,217.8,0.0,0.503,0.503
2019-06-27 04:00:00,0.0,27.99,27.99,72.6,20.0,2,217.8,0.0,0.444,0.444
2019-06-27 05:00:00,0.0,27.82,27.82,72.7,20.0,1,204.8,0.0,0.374,0.374
2019-06-27 06:00:00,78.04,28.0,30.37,72.6,82.7,1,218.0,0.0548,0.291,0.3458
2019-06-27 07:00:00,226.3,28.51,35.41,72.2,68.7,1,226.0,0.1698,0.217,0.3868
2019-06-27 08:00:00,372.73,29.4,44.59,71.5,65.2,0,207.3,0.2742,0.156,0.4302
2019-06-27 09:00:00,591.1,30.26,54.31,70.8,51.6,0,229.9,0.4213,0.117,0.5383
2019-06-27 10:00:00,698.21,30.97,59.35,70.2,52.2,0,214.8,0.4859,0.085,0.5709
2019-06-27 11:00:00,784.36,31.77,63.64,69.6,46.0,0,206.8,0.5358,0.056,0.5918
2019-06-27 12:00:00,753.01,32.02,62.61,69.4,54.2,0,225.7,0.5157,0.026,0.5417
2019-06-27 13:00:00,566.14,32.08,55.07,69.3,70.4,0,212.8,0.3983,0.011,0.4093
2019-06-27 14:00:00,690.88,32.24,60.38,69.2,42.5,0,223.3,0.4825,0.007,0.4895
2019-06-27 15:00:00,533.58,31.9,53.68,69.5,47.9,0,212.8,0.3844,0.013,0.3974
2019-06-27 16:00:00,165.8,31.47,38.24,69.8,96.2,0,215.1,0.1208,0.036,0.1568
2019-06-27 17:00:00,120.89,30.94,34.63,70.3,95.1,1,220.6,0.0876,0.083,0.1706
2019-06-27 18:00:00,25.96,30.12,30.85,70.9,100.0,1,218.6,0.0105,0.118,0.1285
2019-06-27 19:00:00,0.0,29.62,29.62,71.3,20.0,2,195.7,0.0,0.133,0.133
2019-06-27 20:00:00,0.0,29.4,29.4,71.5,20.0,2,204.5,0.0,0.144,0.144
2019-06-27 21:00:00,0.0,29.23,29.23,71.6,20.0,2,225.0,0.0,0.155,0.155
2019-06-27 22:00:00,0.0,29.22,29.22,71.6,20.0,2,214.4,0.0,0.124,0.124
2019-06-27 23:00:00,0.0,29.23,29.23,71.6,20.0,2,210.4,0.0,0.118,0.118
2019-06-28 00:00:00,0.0,29.06,29.06,71.8,20.0,2,201.4,0.0,0.104,0.104
2019-06-28 01:00:00,0.0,28.73,28.73,72.0,20.0,2,204.2,0.0,0.141,0.141
2019-06-28 02:00:00,0.0,28.4,28.4,72.3,20.0,2,194.8,0.0,0.211,0.211
2019-06-28 03:00:00,0.0,28.08,28.08,72.5,20.0,2,214.0,0.0,0.199,0.199
2019-06-28 04:00:00,0.0,27.66,27.66,72.9,20.0,2,209.0,0.0,0.126,0.126
2019-06-28 05:00:00,0.0,27.5,27.5,73.0,20.0,1,205.3,0.0,0.072,0.072
2019-06-28 06:00:00,51.17,27.76,29.32,72.8,100.0,1,214.3,0.0344,0.042,0.0764
2019-06-28 07:00:00,147.05,28.26,32.74,72.4,95.1,1,218.6,0.1085,0.029,0.1375
2019-06-28 08:00:00,275.96,30.02,38.41,71.0,85.8,1,235.9,0.2047,0.023,0.2277
2019-06-28 09:00:00,529.84,31.86,47.95,69.5,60.7,1,199.9,0.3863,0.016,0.4023
2019-06-28 10:00:00,690.79,32.43,53.39,69.1,55.3,1,226.6,0.493,0.009,0.502
2019-06-28 11:00:00,858.11,32.56,53.34,69.0,41.1,2,224.7,0.6145,0.004,0.6185
2019-06-28 12:00:00,798.72,32.48,56.72,69.0,44.8,1,207.2,0.5631,0.004,0.5671
2019-06-28 13:00:00,810.92,32.71,57.35,68.8,41.2,1,217.0,0.5721,0.02,0.5921
2019-06-28 14:00:00,492.03,32.84,47.77,68.7,74.8,1,210.4,0.3575,0.063,0.4205
2019-06-28 15:00:00,474.06,32.68,47.12,68.9,60.9,1,216.8,0.3491,0.094,0.4431
2019-06-28 16:00:00,282.36,32.29,40.89,69.2,69.2,1,230.1,0.2093,0.103,0.3123
2019-06-28 17:00:00,130.42,31.78,35.76,69.6,90.1,1,221.0,0.0944,0.103,0.1974
2019-06-28 18:00:00,29.72,30.69,31.54,70.4,100.0,1,220.1,0.0128,0.114,0.1268
2019-06-28 19:00:00,0.0,29.38,29.38,71.5,20.0,0,210.7,0.0,0.133,0.133
2019-06-28 20:00:00,0.0,28.76,28.76,72.0,20.0,0,200.1,0.0,0.155,0.155
2019-06-28 21:00:00,0.0,28.52,28.52,72.2,20.0,0,212.9,0.0,0.195,0.195
2019-06-28 22:00:00,0.0,27.98,27.98,72.6,20.0,0,227.0,0.0,0.227,0.227
2019-06-28 23:00:00,0.0,27.93,27.93,72.7,20.0,0,199.7,0.0,0.243,0.243
2019-06-29 00:00:00,0.0,27.32,27.32,73.1,20.0,0,203.7,0.0,0.274,0.274
2019-06-29 01:00:00,0.0,27.43,27.43,73.1,20.0,0,215.5,0.0,0.39,0.39
2019-06-29 02:00:00,0.0,26.83,26.83,73.5,20.0,1,204.4,0.0,0.359,0.359
2019-06-29 03:00:00,0.0,27.11,27.11,73.3,20.0,1,206.3,0.0,0.272,0.272
2019-06-29 04:00:00,0.0,27.01,27.01,73.4,20.0,2,210.0,0.0,0.217,0.217
2019-06-29 05:00:00,0.0,27.51,27.51,73.0,20.0,2,200.6,0.0,0.182,0.182
2019-06-29 06:00:00,59.56,29.22,30.68,71.6,100.0,2,204.5,0.0407,0.155,0.1957
2019-06-29 07:00:00,204.4,31.66,35.79,69.7,71.9,3,221.3,0.1522,0.133,0.2852
2019-06-29 08:00:00,396.97,33.8,41.81,68.0,56.9,3,201.2,0.2969,0.113,0.4099
2019-06-29 09:00:00,595.27,35.07,47.07,66.9,50.7,3,198.3,0.4379,0.089,0.5269
2019-06-29 10:00:00,709.56,35.37,49.66,66.7,52.5,3,208.0,0.5151,0.054,0.5691
2019-06-29 11:00:00,844.06,35.54,52.54,66.6,39.2,3,221.6,0.6068,0.022,0.6288
2019-06-29 12:00:00,733.17,35.38,50.13,66.7,57.5,3,212.3,0.5297,0.005,0.5347
2019-06-29 13:00:00,779.55,35.1,50.82,66.9,39.6,3,209.6,0.5659,0.001,0.5669
2019-06-29 14:00:00,591.85,34.8,46.72,67.2,60.6,3,214.7,0.4354,0.0,0.4354
2019-06-29 15:00:00,501.52,34.47,44.61,67.4,52.8,3,196.8,0.3746,0.011,0.3856
2019-06-29 16:00:00,298.88,33.75,39.78,68.0,61.5,3,219.2,0.2229,0.076,0.2989
2019-06-29 17:00:00,111.34,32.89,35.14,68.7,97.6,3,218.1,0.0801,0.162,0.2421
2019-06-29 18:00:00,10.2,31.84,32.03,69.5,100.0,3,210.2,0.0015,0.223,0.2245
2019-06-29 19:00:00,0.0,31.19,31.19,70.1,20.0,2,224.3,0.0,0.283,0.283
2019-06-29 20:00:00,0.0,30.71,30.71,70.4,20.0,2,203.0,0.0,0.358,0.358
2019-06-29 21:00:00,0.0,30.2,30.2,70.8,20.0,2,225.5,0.0,0.41,0.41
2019-06-29 22:00:00,0.0,29.71,29.71,71.2,20.0,3,215.8,0.0,0.423,0.423
2019-06-29 23:00:00,0.0,29.28,29.28,71.6,20.0,3,210.9,0.0,0.41,0.41
2019-06-30 00:00:00,0.0,28.88,28.88,71.9,20.0,3,213.3,0.0,0.375,0.375
2019-06-30 01:00:00,0.0,28.46,28.46,72.2,20.0,3,212.4,0.0,0.453,0.453
2019-06-30 02:00:00,0.0,28.05,28.05,72.6,20.0,3,225.7,0.0,0.498,0.498
2019-06-30 03:00:00,0.0,27.64,27.64,72.9,20.0,3,202.7,0.0,0.498,0.498
2019-06-30 04:00:00,0.0,27.27,27.27,73.2,20.0,3,205.9,0.0,0.513,0.513
2019-06-30 05:00:00,0.0,27.49,27.49,73.0,20.0,3,223.9,0.0,0.471,0.471
2019-06-30 06:00:00,43.7,29.09,29.97,71.7,100.0,3,207.6,0.0284,0.404,0.4324
2019-06-30 07:00:00,182.75,31.66,35.35,69.7,79.3,3,222.5,0.1354,0.345,0.4804
2019-06-30 08:00:00,351.06,34.21,40.28,67.6,69.3,4,230.5,0.2622,0.307,0.5692
2019-06-30 09:00:00,453.43,35.98,45.11,66.2,73.2,3,209.5,0.332,0.286,0.618
2019-06-30 10:00:00,682.76,36.66,50.4,65.7,56.4,3,220.3,0.4934,0.28,0.7734
2019-06-30 11:00:00,769.56,37.48,52.97,65.0,50.6,3,202.0,0.5504,0.273,0.8234
2019-06-30 12:00:00,812.83,37.96,54.32,64.6,42.3,3,221.1,0.5795,0.224,0.8035
2019-06-30 13:00:00,823.44,38.16,54.76,64.5,41.0,3,215.5,0.5876,0.192,0.7796
2019-06-30 14:00:00,707.44,38.29,52.57,64.4,41.4,3,218.2,0.5116,0.17,0.6816
2019-06-30 15:00:00,544.78,38.03,49.04,64.6,42.3,3,207.1,0.4013,0.159,0.5603
2019-06-30 16:00:00,347.01,37.16,44.16,65.3,44.3,3,196.9,0.2548,0.179,0.4338
2019-06-30 17:00:00,173.55,35.95,40.14,66.2,57.3,2,218.5,0.1214,0.223,0.3444
2019-06-30 18:00:00,43.14,34.02,35.0,67.8,100.0,2,192.9,0.0205,0.254,0.2745
2019-06-30 19:00:00,0.0,33.22,33.22,68.4,20.0,2,210.3,0.0,0.265,0.265
2019-06-30 20:00:00,0.0,32.74,32.74,68.8,20.0,2,222.9,0.0,0.263,0.263
2019-06-30 21:00:00,0.0,32.21,32.21,69.2,20.0,2,215.4,0.0,0.253,0.253
2019-06-30 22:00:00,0.0,31.73,31.73,69.6,20.0,2,233.0,0.0,0.258,0.258
2019-06-30 23:00:00,0.0,31.13,31.13,70.1,20.0,2,223.8,0.0,0.228,0.228
2019-07-01 00:00:00,0.0,30.5,30.5,70.6,20.0,2,206.2,0.0,0.204,0.204
2019-07-01 01:00:00,0.0,29.91,29.91,71.1,20.0,2,213.0,0.0,0.252,0.252
2019-07-01 02:00:00,0.0,29.38,29.38,71.5,20.0,2,212.3,0.0,0.225,0.225
2019-07-01 03:00:00,0.0,28.88,28.88,71.9,20.0,1,196.9,0.0,0.193,0.193
2019-07-01 04:00:00,0.0,28.44,28.44,72.2,20.0,1,203.3,0.0,0.196,0.196
2019-07-01 05:00:00,0.0,34.04,34.04,67.8,20.0,3,207.1,0.0,0.206,0.206
2019-07-01 06:00:00,62.27,36.51,38.03,65.8,100.0,2,192.4,0.0413,0.214,0.2553
2019-07-01 07:00:00,229.18,40.57,46.14,62.5,60.2,2,213.2,0.1641,0.223,0.3871
2019-07-01 08:00:00,423.11,43.7,53.98,60.0,47.7,2,210.3,0.3016,0.237,0.5386
2019-07-01 09:00:00,623.8,46.04,61.17,58.2,40.6,2,196.0,0.433,0.221,0.654
2019-07-01 10:00:00,762.74,47.85,66.33,56.7,40.2,2,216.8,0.5164,0.163,0.6794
2019-07-01 11:00:00,846.2,49.1,69.59,55.7,40.2,2,219.9,0.5636,0.098,0.6616
2019-07-01 12:00:00,857.35,49.65,70.42,55.3,40.2,2,215.0,0.569,0.056,0.625
2019-07-01 13:00:00,799.77,49.59,68.97,55.3,40.3,2,209.5,0.5355,0.063,0.5985
2019-07-01 14:00:00,659.29,49.02,65.01,55.8,44.9,2,218.7,0.4502,0.136,0.5862
2019-07-01 15:00:00,515.16,47.87,60.4,56.7,40.8,2,219.6,0.3604,0.225,0.5854
2019-07-01 16:00:00,326.34,46.19,54.11,58.0,48.2,2,215.8,0.2288,0.282,0.5108
2019-07-01 17:00:00,163.73,44.17,48.13,59.7,61.4,2,204.5,0.1105,0.333,0.4435
2019-07-01 18:00:00,43.15,42.1,43.08,61.3,100.0,2,215.5,0.0196,0.379,0.3986
2019-07-01 19:00:00,0.0,40.66,40.66,62.5,20.0,2,224.7,0.0,0.429,0.429
2019-07-01 20:00:00,0.0,39.96,39.96,63.0,20.0,2,206.8,0.0,0.514,0.514
2019-07-01 21:00:00,0.0,39.3,39.3,63.6,20.0,2,233.7,0.0,0.501,0.501
2019-07-01 22:00:00,0.0,38.71,38.71,64.0,20.0,3,207.5,0.0,0.491,0.491
2019-07-01 23:00:00,0.0,38.14,38.14,64.5,20.0,3,213.1,0.0,0.361,0.361
2019-07-02 00:00:00,0.0,37.58,37.58,64.9,20.0,2,205.2,0.0,0.254,0.254
2019-07-02 01:00:00,0.0,37.03,37.03,65.4,20.0,2,214.2,0.0,0.241,0.241
2019-07-02 02:00:00,0.0,36.32,36.32,65.9,20.0,1,194.5,0.0,0.418,0.418
2019-07-02 03:00:00,0.0,35.53,35.53,66.6,20.0,0,206.5,0.0,0.54,0.54
2019-07-02 04:00:00,0.0,34.86,34.86,67.1,20.0,1,201.0,0.0,0.628,0.628
2019-07-02 05:00:00,0.0,35.29,35.29,66.8,20.0,2,213.3,0.0,0.639,0.639
2019-07-02 06:00:00,61.36,37.34,38.59,65.1,100.0,3,221.9,0.0405,0.596,0.6365
2019-07-02 07:00:00,232.97,40.2,44.9,62.8,58.5,3,218.4,0.1679,0.523,0.6909
2019-07-02 08:00:00,438.94,42.98,53.65,60.6,43.8,2,188.2,0.3141,0.448,0.7621
2019-07-02 09:00:00,623.74,45.56,60.7,58.5,40.6,2,232.4,0.4339,0.313,0.7469
2019-07-02 10:00:00,762.81,47.74,70.92,56.8,40.2,1,214.9,0.5056,0.187,0.6926
2019-07-02 11:00:00,846.4,49.39,75.09,55.5,40.2,1,204.2,0.5493,0.099,0.6483
2019-07-02 12:00:00,799.99,50.37,74.66,54.7,42.3,1,213.5,0.5199,0.044,0.5639
2019-07-02 13:00:00,799.22,50.67,74.95,54.5,40.2,1,213.7,0.5202,0.047,0.5672
2019-07-02 14:00:00,680.94,50.29,78.04,54.8,40.3,0,205.3,0.4378,0.111,0.5488
2019-07-02 15:00:00,515.54,49.31,70.36,55.6,40.8,0,213.9,0.3442,0.172,0.5162
2019-07-02 16:00:00,338.65,47.75,61.55,56.8,46.3,0,205.9,0.2297,0.179,0.4087
2019-07-02 17:00:00,156.12,45.76,52.09,58.4,64.2,0,207.9,0.1034,0.266,0.3694
2019-07-02 18:00:00,19.52,43.77,44.33,60.0,100.0,1,205.1,0.0062,0.459,0.4652
2019-07-02 19:00:00,0.0,42.43,42.43,61.1,20.0,2,197.6,0.0,0.515,0.515
2019-07-02 20:00:00,0.0,41.4,41.4,61.9,20.0,2,213.4,0.0,0.565,0.565
2019-07-02 21:00:00,0.0,40.24,40.24,62.8,20.0,3,217.8,0.0,0.605,0.605
2019-07-02 22:00:00,0.0,38.99,38.99,63.8,20.0,3,217.1,0.0,0.601,0.601
2019-07-02 23:00:00,0.0,37.71,37.71,64.8,20.0,3,220.2,0.0,0.568,0.568
2019-07-03 00:00:00,0.0,36.59,36.59,65.7,20.0,3,214.4,0.0,0.55,0.55
2019-07-03 01:00:00,0.0,35.71,35.71,66.4,20.0,4,205.8,0.0,0.675,0.675
2019-07-03 02:00:00,0.0,34.99,34.99,67.0,20.0,3,219.5,0.0,0.769,0.769
2019-07-03 03:00:00,0.0,34.36,34.36,67.5,20.0,3,197.6,0.0,0.772,0.772
2019-07-03 04:00:00,0.0,33.81,33.81,68.0,20.0,3,202.1,0.0,0.761,0.761
2019-07-03 05:00:00,0.0,33.88,33.88,67.9,20.0,3,201.5,0.0,0.748,0.748
2019-07-03 06:00:00,63.36,35.41,36.7,66.7,98.6,3,221.9,0.0424,0.737,0.7794
2019-07-03 07:00:00,211.65,36.61,40.89,65.7,65.9,3,220.6,0.1544,0.721,0.8754
2019-07-03 08:00:00,432.04,37.78,48.28,64.8,47.1,2,216.0,0.3161,0.677,0.9931
2019-07-03 09:00:00,612.4,38.92,53.78,63.9,43.0,2,221.9,0.4389,0.637,1.0759
2019-07-03 10:00:00,748.58,39.57,57.71,63.3,41.9,2,202.3,0.5266,0.574,1.1006
2019-07-03 11:00:00,684.84,40.02,56.58,63.0,59.9,2,214.6,0.4804,0.484,0.9644
2019-07-03 12:00:00,637.53,40.88,56.28,62.3,68.3,2,209.9,0.4464,0.379,0.8254
2019-07-03 13:00:00,569.34,41.72,55.48,61.6,79.7,2,219.6,0.3989,0.385,0.7839
2019-07-03 14:00:00,478.31,42.61,54.19,60.9,77.8,2,210.0,0.3373,0.391,0.7283
2019-07-03 15:00:00,301.34,42.22,49.52,61.2,92.8,2,207.3,0.214,0.376,0.59
2019-07-03 16:00:00,238.95,41.16,46.97,62.1,88.9,2,216.6,0.1713,0.365,0.5363
2019-07-03 17:00:00,154.3,40.27,44.01,62.8,68.9,2,219.9,0.1067,0.376,0.4827
2019-07-03 18:00:00,39.72,38.87,39.77,63.9,100.0,2,204.5,0.018,0.394,0.412
2019-07-03 19:00:00,0.0,37.83,37.83,64.7,20.0,2,210.5,0.0,0.413,0.413
2019-07-03 20:00:00,0.0,36.97,36.97,65.4,20.0,3,200.6,0.0,0.51,0.51
2019-07-03 21:00:00,0.0,36.11,36.11,66.1,20.0,3,186.2,0.0,0.457,0.457
2019-07-03 22:00:00,0.0,35.32,35.32,66.7,20.0,3,213.1,0.0,0.376,0.376
2019-07-03 23:00:00,0.0,34.64,34.64,67.3,20.0,3,217.2,0.0,0.327,0.327
2019-07-04 00:00:00,0.0,33.96,33.96,67.8,20.0,3,212.9,0.0,0.35,0.35
2019-07-04 01:00:00,0.0,33.43,33.43,68.3,20.0,3,190.8,0.0,0.362,0.362
2019-07-04 02:00:00,0.0,32.96,32.96,68.6,20.0,3,206.8,0.0,0.509,0.509
2019-07-04 03:00:00,0.0,32.58,32.58,68.9,20.0,2,188.1,0.0,0.654,0.654
2019-07-04 04:00:00,0.0,32.33,32.33,69.1,20.0,2,224.0,0.0,0.724,0.724
2019-07-04 05:00:00,0.0,32.55,32.55,69.0,20.0,3,199.4,0.0,0.744,0.744
2019-07-04 06:00:00,59.54,33.09,34.3,68.5,100.0,3,222.9,0.04,0.744,0.784
2019-07-04 07:00:00,225.87,33.94,38.51,67.8,60.5,3,219.8,0.1672,0.753,0.9202
2019-07-04 08:00:00,426.05,35.7,46.06,66.4,46.3,2,201.3,0.3147,0.779,1.0937
2019-07-04 09:00:00,607.39,36.21,50.94,66.0,44.0,2,199.0,0.4405,0.796,1.2365
2019-07-04 10:00:00,747.86,34.91,53.03,67.1,42.2,2,213.8,0.5369,0.793,1.3299
2019-07-04 11:00:00,856.29,34.73,55.46,67.2,41.7,2,201.9,0.6075,0.768,1.3755
2019-07-04 12:00:00,867.81,34.84,55.86,67.1,41.6,2,211.3,0.6148,0.687,1.3018
2019-07-04 13:00:00,812.54,34.8,54.49,67.2,41.7,2,205.5,0.5804,0.644,1.2244
2019-07-04 14:00:00,699.15,34.97,51.94,67.0,42.1,2,192.5,0.5068,0.62,1.1268
2019-07-04 15:00:00,512.77,34.83,47.3,67.1,46.2,2,188.0,0.3795,0.647,1.0265
2019-07-04 16:00:00,294.19,34.25,41.4,67.6,62.8,2,212.6,0.2179,0.689,0.9069
2019-07-04 17:00:00,156.25,33.47,37.26,68.2,73.1,2,204.7,0.1122,0.753,0.8652
2019-07-04 18:00:00,44.24,32.55,33.55,69.0,95.0,2,204.8,0.0214,0.849,0.8704
2019-07-04 19:00:00,0.0,31.91,31.91,69.5,20.0,2,217.3,0.0,0.852,0.852
2019-07-04 20:00:00,0.0,31.41,31.41,69.9,20.0,3,222.0,0.0,0.812,0.812
2019-07-04 21:00:00,0.0,30.96,30.96,70.2,20.0,3,207.6,0.0,0.722,0.722
2019-07-04 22:00:00,0.0,30.6,30.6,70.5,20.0,3,206.9,0.0,0.615,0.615
2019-07-04 23:00:00,0.0,30.22,30.22,70.8,20.0,3,215.3,0.0,0.556,0.556
2019-07-05 00:00:00,0.0,29.89,29.89,71.1,20.0,3,195.9,0.0,0.447,0.447
2019-07-05 01:00:00,0.0,29.55,29.55,71.4,20.0,3,211.7,0.0,0.341,0.341
2019-07-05 02:00:00,0.0,29.26,29.26,71.6,20.0,2,215.0,0.0,0.305,0.305
2019-07-05 03:00:00,0.0,29.0,29.0,71.8,20.0,2,216.2,0.0,0.433,0.433
2019-07-05 04:00:00,0.0,28.83,28.83,71.9,20.0,2,190.1,0.0,0.495,0.495
2019-07-05 05:00:00,0.0,29.02,29.02,71.8,20.0,2,201.8,0.0,0.516,0.516
2019-07-05 06:00:00,58.63,29.85,31.28,71.1,100.0,2,200.7,0.0399,0.491,0.5309
2019-07-05 07:00:00,230.56,30.89,36.49,70.3,58.9,2,210.4,0.1724,0.448,0.6204
2019-07-05 08:00:00,420.58,31.68,41.9,69.7,47.8,2,214.3,0.3159,0.479,0.7949
2019-07-05 09:00:00,601.6,32.35,46.94,69.1,45.1,2,224.4,0.4436,0.574,1.0176
2019-07-05 10:00:00,723.43,32.83,50.35,68.7,47.4,2,204.5,0.5245,0.669,1.1935
2019-07-05 11:00:00,856.57,33.12,59.12,68.5,41.7,1,204.5,0.5981,0.714,1.3121
2019-07-05 12:00:00,867.23,33.23,59.56,68.4,41.6,1,220.9,0.6045,0.712,1.3165
2019-07-05 13:00:00,812.08,33.26,57.93,68.4,41.7,1,212.4,0.5714,0.724,1.2954
2019-07-05 14:00:00,654.92,33.12,53.04,68.5,46.3,1,222.1,0.4716,0.773,1.2446
2019-07-05 15:00:00,505.14,32.89,48.29,68.7,43.2,1,212.3,0.3724,0.77,1.1424
2019-07-05 16:00:00,336.69,32.57,42.82,68.9,47.0,1,197.9,0.2487,0.724,0.9727
2019-07-05 17:00:00,155.92,32.15,36.87,69.3,63.8,1,196.1,0.1109,0.683,0.7939
2019-07-05 18:00:00,35.95,31.59,32.61,69.7,100.0,1,193.9,0.0165,0.633,0.6495
2019-07-05 19:00:00,0.0,31.33,31.33,69.9,20.0,1,216.1,0.0,0.639,0.639
2019-07-05 20:00:00,0.0,31.11,31.11,70.1,20.0,1,221.3,0.0,0.72,0.72
2019-07-05 21:00:00,0.0,30.82,30.82,70.3,20.0,1,227.9,0.0,0.702,0.702
2019-07-05 22:00:00,0.0,30.46,30.46,70.6,20.0,1,217.9,0.0,0.622,0.622
2019-07-05 23:00:00,0.0,30.01,30.01,71.0,20.0,2,221.1,0.0,0.574,0.574
2019-07-06 00:00:00,0.0,29.6,29.6,71.3,20.0,2,202.8,0.0,0.575,0.575
2019-07-06 01:00:00,0.0,29.22,29.22,71.6,20.0,2,197.0,0.0,0.668,0.668
2019-07-06 02:00:00,0.0,28.87,28.87,71.9,20.0,2,217.1,0.0,0.763,0.763
2019-07-06 03:00:00,0.0,28.57,28.57,72.1,20.0,1,212.7,0.0,0.71,0.71
2019-07-06 04:00:00,0.0,28.37,28.37,72.3,20.0,1,209.6,0.0,0.727,0.727
2019-07-06 05:00:00,0.0,28.37,28.37,72.3,20.0,1,212.4,0.0,0.778,0.778
2019-07-06 06:00:00,58.62,28.8,31.2,72.0,100.0,0,211.8,0.0399,0.831,0.8709
2019-07-06 07:00:00,66.12,29.63,32.33,71.3,100.0,0,221.4,0.045,0.877,0.922
2019-07-06 08:00:00,120.29,30.34,35.23,70.7,100.0,0,221.5,0.0852,0.917,1.0022
2019-07-06 09:00:00,241.72,30.99,40.8,70.2,95.8,0,214.0,0.1742,0.931,1.1052
2019-07-06 10:00:00,415.33,31.82,48.66,69.5,85.0,0,217.0,0.2962,0.923,1.2192
2019-07-06 11:00:00,787.28,32.15,64.15,69.3,44.1,0,213.7,0.5369,0.907,1.4439
2019-07-06 12:00:00,868.6,32.13,67.45,69.3,41.6,0,204.0,0.5843,0.92,1.5043
2019-07-06 13:00:00,813.44,32.12,65.21,69.3,41.7,0,216.1,0.554,0.964,1.518
2019-07-06 14:00:00,455.32,32.11,50.61,69.3,79.0,0,194.6,0.3256,0.961,1.2866
2019-07-06 15:00:00,453.28,31.96,50.45,69.4,60.1,0,219.1,0.3286,0.934,1.2626
2019-07-06 16:00:00,300.61,31.6,43.86,69.7,63.1,0,196.6,0.2205,0.866,1.0865
2019-07-06 17:00:00,168.06,31.04,36.1,70.2,52.7,1,211.4,0.1186,0.658,0.7766
2019-07-06 18:00:00,10.2,30.28,30.56,70.8,100.0,1,200.1,0.0015,0.513,0.5145
2019-07-06 19:00:00,0.0,29.86,29.86,71.1,20.0,2,214.1,0.0,0.423,0.423
2019-07-06 20:00:00,0.0,29.49,29.49,71.4,20.0,2,208.2,0.0,0.374,0.374
2019-07-06 21:00:00,0.0,29.17,29.17,71.7,20.0,2,192.6,0.0,0.349,0.349
2019-07-06 22:00:00,0.0,28.82,28.82,71.9,20.0,2,212.8,0.0,0.378,0.378
2019-07-06 23:00:00,0.0,28.54,28.54,72.2,20.0,2,202.8,0.0,0.398,0.398
2019-07-07 00:00:00,0.0,28.25,28.25,72.4,20.0,2,216.5,0.0,0.443,0.443
2019-07-07 01:00:00,0.0,27.99,27.99,72.6,20.0,2,207.7,0.0,0.516,0.516
2019-07-07 02:00:00,0.0,27.69,27.69,72.8,20.0,2,211.6,0.0,0.642,0.642
2019-07-07 03:00:00,0.0,27.37,27.37,73.1,20.0,2,198.1,0.0,0.682,0.682
2019-07-07 04:00:00,0.0,27.13,27.13,73.3,20.0,2,201.8,0.0,0.725,0.725
2019-07-07 05:00:00,0.0,27.38,27.38,73.1,20.0,2,203.1,0.0,0.724,0.724
2019-07-07 06:00:00,21.36,28.59,29.11,72.1,100.0,2,216.2,0.0114,0.68,0.6914
2019-07-07 07:00:00,154.03,30.35,34.09,70.7,85.6,2,224.4,0.1134,0.63,0.7434
2019-07-07 08:00:00,141.7,31.9,35.33,69.5,100.0,2,199.6,0.1017,0.561,0.6627
2019-07-07 09:00:00,232.77,32.86,39.91,68.7,96.8,1,218.4,0.168,0.506,0.674
2019-07-07 10:00:00,266.34,33.19,41.25,68.4,96.5,1,186.0,0.1916,0.473,0.6646
2019-07-07 11:00:00,235.18,33.26,42.78,68.4,98.4,0,195.7,0.1663,0.415,0.5813
2019-07-07 12:00:00,188.87,32.66,38.38,68.9,97.5,1,198.1,0.1343,0.345,0.4793
2019-07-07 13:00:00,176.06,32.21,37.54,69.2,98.9,1,194.1,0.1254,0.4,0.5254
2019-07-07 14:00:00,288.69,32.21,40.96,69.2,95.5,1,191.8,0.2103,0.469,0.6793
2019-07-07 15:00:00,209.98,32.1,38.48,69.3,91.0,1,211.8,0.1534,0.527,0.6804
2019-07-07 16:00:00,332.1,31.75,45.29,69.6,52.3,0,205.5,0.2428,0.564,0.8068
2019-07-07 17:00:00,160.52,31.22,37.74,70.0,64.9,0,211.5,0.1141,0.595,0.7091
2019-07-07 18:00:00,40.83,30.53,31.69,70.6,100.0,1,214.6,0.0194,0.605,0.6244
2019-07-07 19:00:00,0.0,30.14,30.14,70.9,20.0,1,210.3,0.0,0.607,0.607
2019-07-07 20:00:00,0.0,29.83,29.83,71.1,20.0,1,214.2,0.0,0.517,0.517
2019-07-07 21:00:00,0.0,29.52,29.52,71.4,20.0,1,207.0,0.0,0.422,0.422
2019-07-07 22:00:00,0.0,29.2,29.2,71.6,20.0,1,195.8,0.0,0.381,0.381
2019-07-07 23:00:00,0.0,28.87,28.87,71.9,20.0,1,218.2,0.0,0.399,0.399
2019-07-08 00:00:00,0.0,28.58,28.58,72.1,20.0,1,200.8,0.0,0.464,0.464
2019-07-08 01:00:00,0.0,28.36,28.36,72.3,20.0,1,197.4,0.0,0.436,0.436
2019-07-08 02:00:00,0.0,28.1,28.1,72.5,20.0,1,205.0,0.0,0.541,0.541
2019-07-08 03:00:00,0.0,27.9,27.9,72.7,20.0,1,197.6,0.0,0.563,0.563
2019-07-08 04:00:00,0.0,27.66,27.66,72.9,20.0,1,202.6,0.0,0.555,0.555
2019-07-08 05:00:00,0.0,27.87,27.87,72.7,20.0,1,210.2,0.0,0.559,0.559
2019-07-08 06:00:00,53.04,28.86,30.48,71.9,100.0,1,210.2,0.0356,0.573,0.6086
2019-07-08 07:00:00,222.14,31.01,36.4,70.2,61.1,2,197.8,0.1658,0.599,0.7648
2019-07-08 08:00:00,385.2,33.22,42.58,68.4,57.5,2,201.9,0.2869,0.633,0.9199
2019-07-08 09:00:00,516.49,34.29,46.81,67.6,58.4,2,217.5,0.3785,0.622,1.0005
2019-07-08 10:00:00,355.4,34.71,45.46,67.2,89.6,1,211.7,0.2551,0.555,0.8101
2019-07-08 11:00:00,618.54,35.29,54.03,66.8,68.8,1,227.5,0.437,0.512,0.949
2019-07-08 12:00:00,518.02,35.51,56.51,66.6,80.2,0,218.5,0.3593,0.51,0.8693
2019-07-08 13:00:00,817.15,35.71,68.96,66.4,41.6,0,218.2,0.547,0.472,1.019
2019-07-08 14:00:00,702.72,35.6,64.23,66.5,42.1,0,192.9,0.4824,0.416,0.8984
2019-07-08 15:00:00,542.86,35.22,57.38,66.8,43.0,0,214.4,0.3854,0.442,0.8274
2019-07-08 16:00:00,338.74,34.7,48.5,67.2,44.3,0,206.2,0.244,0.498,0.742
2019-07-08 17:00:00,168.36,33.89,40.69,67.9,52.7,0,201.2,0.1164,0.562,0.6784
2019-07-08 18:00:00,25.97,30.19,31.17,70.9,100.0,0,208.4,0.0105,0.62,0.6305
2019-07-08 19:00:00,0.0,31.02,31.02,70.2,20.0,0,216.2,0.0,0.675,0.675
2019-07-08 20:00:00,0.0,30.06,30.06,70.9,20.0,0,211.7,0.0,0.724,0.724
2019-07-08 21:00:00,0.0,29.82,29.82,71.1,20.0,0,198.0,0.0,0.684,0.684
2019-07-08 22:00:00,0.0,29.51,29.51,71.4,20.0,0,214.2,0.0,0.6,0.6
2019-07-08 23:00:00,0.0,29.64,29.64,71.3,20.0,0,200.4,0.0,0.557,0.557
2019-07-09 00:00:00,0.0,28.7,28.7,72.0,20.0,1,208.0,0.0,0.523,0.523
2019-07-09 01:00:00,0.0,28.89,28.89,71.9,20.0,1,202.8,0.0,0.466,0.466
2019-07-09 02:00:00,0.0,28.78,28.78,72.0,20.0,1,203.6,0.0,0.566,0.566
2019-07-09 03:00:00,0.0,28.52,28.52,72.2,20.0,2,213.5,0.0,0.589,0.589
2019-07-09 04:00:00,0.0,28.28,28.28,72.4,20.0,2,195.4,0.0,0.599,0.599
2019-07-09 05:00:00,0.0,28.65,28.65,72.1,20.0,2,225.2,0.0,0.615,0.615
2019-07-09 06:00:00,43.7,30.44,31.5,70.7,100.0,2,187.6,0.0282,0.621,0.6492
2019-07-09 07:00:00,151.73,32.57,35.64,68.9,90.2,3,199.8,0.1108,0.599,0.7098
2019-07-09 08:00:00,320.09,34.22,40.67,67.6,70.9,3,209.5,0.2377,0.565,0.8027
2019-07-09 09:00:00,327.84,35.65,42.24,66.5,90.3,3,211.6,0.239,0.526,0.765
2019-07-09 10:00:00,302.1,36.98,43.05,65.4,95.3,3,204.8,0.2171,0.488,0.7051
2019-07-09 11:00:00,428.5,38.0,46.6,64.6,88.1,3,205.2,0.3078,0.418,0.7258
2019-07-09 12:00:00,705.08,38.87,55.92,63.9,57.3,2,209.9,0.4967,0.302,0.7987
2019-07-09 13:00:00,743.25,39.25,57.25,63.6,46.9,2,203.5,0.5235,0.294,0.8175
2019-07-09 14:00:00,666.68,39.05,55.23,63.8,45.4,2,219.7,0.4757,0.336,0.8117
2019-07-09 15:00:00,361.27,38.44,47.21,64.2,78.9,2,214.2,0.2622,0.405,0.6672
2019-07-09 16:00:00,315.77,37.64,47.25,64.9,54.6,1,214.5,0.2285,0.449,0.6775
2019-07-09 17:00:00,156.36,36.65,41.38,65.7,63.8,1,196.1,0.109,0.454,0.563
2019-07-09 18:00:00,13.0,34.9,35.27,67.1,100.0,1,205.0,0.0028,0.466,0.4688
2019-07-09 19:00:00,0.0,34.03,34.03,67.8,20.0,2,202.8,0.0,0.471,0.471
2019-07-09 20:00:00,0.0,33.13,33.13,68.5,20.0,2,195.7,0.0,0.454,0.454
2019-07-09 21:00:00,0.0,32.48,32.48,69.0,20.0,2,209.4,0.0,0.388,0.388
2019-07-09 22:00:00,0.0,31.8,31.8,69.6,20.0,2,200.4,0.0,0.322,0.322
2019-07-09 23:00:00,0.0,31.3,31.3,70.0,20.0,2,212.3,0.0,0.311,0.311
2019-07-10 00:00:00,0.0,30.82,30.82,70.3,20.0,3,194.1,0.0,0.379,0.379
2019-07-10 01:00:00,0.0,30.41,30.41,70.7,20.0,3,222.0,0.0,0.497,0.497
2019-07-10 02:00:00,0.0,30.04,30.04,71.0,20.0,3,195.9,0.0,0.63,0.63
2019-07-10 03:00:00,0.0,29.68,29.68,71.3,20.0,2,207.0,0.0,0.682,0.682
2019-07-10 04:00:00,0.0,29.31,29.31,71.6,20.0,2,212.7,0.0,0.69,0.69
2019-07-10 05:00:00,0.0,29.33,29.33,71.5,20.0,2,199.1,0.0,0.688,0.688
2019-07-10 06:00:00,23.22,30.01,30.58,71.0,100.0,2,213.4,0.0127,0.695,0.7077
2019-07-10 07:00:00,165.01,31.08,35.09,70.1,80.4,2,192.5,0.1216,0.697,0.8186
2019-07-10 08:00:00,342.13,32.64,39.55,68.9,65.5,3,219.3,0.2564,0.686,0.9424
2019-07-10 09:00:00,545.11,35.18,46.16,66.9,57.5,3,205.0,0.4012,0.646,1.0472
2019-07-10 10:00:00,736.54,37.29,52.13,65.2,44.0,3,198.9,0.5306,0.564,1.0946
2019-07-10 11:00:00,728.25,38.67,53.33,64.1,56.0,3,201.8,0.5191,0.442,0.9611
2019-07-10 12:00:00,870.43,39.5,54.51,63.4,41.6,4,212.9,0.6202,0.289,0.9092
2019-07-10 13:00:00,647.17,39.75,50.89,63.2,61.2,4,199.0,0.466,0.259,0.725
2019-07-10 14:00:00,661.4,39.2,50.62,63.6,45.5,4,197.3,0.4814,0.272,0.7534
2019-07-10 15:00:00,522.45,37.77,48.34,64.8,44.8,3,202.6,0.3853,0.341,0.7263
2019-07-10 16:00:00,291.75,36.64,42.53,65.7,64.2,3,193.1,0.2151,0.42,0.6351
2019-07-10 17:00:00,166.73,35.24,38.59,66.8,59.1,3,223.0,0.1175,0.491,0.6085
2019-07-10 18:00:00,42.36,33.84,34.63,67.9,100.0,3,199.2,0.0195,0.523,0.5425
2019-07-10 19:00:00,0.0,32.9,32.9,68.7,20.0,3,213.1,0.0,0.501,0.501
2019-07-10 20:00:00,0.0,32.14,32.14,69.3,20.0,3,206.9,0.0,0.454,0.454
2019-07-10 21:00:00,0.0,31.48,31.48,69.8,20.0,3,195.0,0.0,0.379,0.379
2019-07-10 22:00:00,0.0,30.88,30.88,70.3,20.0,3,204.8,0.0,0.355,0.355
2019-07-10 23:00:00,0.0,30.41,30.41,70.7,20.0,3,212.7,0.0,0.317,0.317
2019-07-11 00:00:00,0.0,29.97,29.97,71.0,20.0,3,202.0,0.0,0.376,0.376
2019-07-11 01:00:00,0.0,29.56,29.56,71.3,20.0,3,215.8,0.0,0.457,0.457
2019-07-11 02:00:00,0.0,29.23,29.23,71.6,20.0,3,214.1,0.0,0.53,0.53
2019-07-11 03:00:00,0.0,28.78,28.78,72.0,20.0,3,213.0,0.0,0.488,0.488
2019-07-11 04:00:00,0.0,28.34,28.34,72.3,20.0,3,199.2,0.0,0.419,0.419
2019-07-11 05:00:00,0.0,28.31,28.31,72.3,20.0,3,193.0,0.0,0.367,0.367
2019-07-11 06:00:00,29.73,29.4,30.0,71.5,100.0,3,197.7,0.0177,0.351,0.3687
2019-07-11 07:00:00,98.61,30.73,32.72,70.4,100.0,3,205.8,0.0703,0.355,0.4253
2019-07-11 08:00:00,194.53,31.73,35.66,69.6,95.3,3,209.3,0.1429,0.364,0.5069
2019-07-11 09:00:00,369.49,32.43,39.86,69.1,86.5,3,182.1,0.2738,0.355,0.6288
2019-07-11 10:00:00,498.96,32.67,42.7,68.9,79.2,3,203.8,0.3679,0.32,0.6879
2019-07-11 11:00:00,301.4,32.53,38.58,69.0,89.8,3,205.4,0.2206,0.252,0.4726
2019-07-11 12:00:00,658.42,32.67,45.91,68.9,60.3,3,201.1,0.4833,0.196,0.6793
2019-07-11 13:00:00,813.21,32.4,52.11,69.1,41.7,2,216.8,0.5869,0.22,0.8069
2019-07-11 14:00:00,700.0,32.61,49.59,68.9,42.1,2,208.1,0.5126,0.271,0.7836
2019-07-11 15:00:00,521.35,31.96,44.63,69.4,42.5,2,216.9,0.3908,0.343,0.7338
2019-07-11 16:00:00,335.62,31.72,39.87,69.6,48.2,2,201.7,0.2512,0.428,0.6792
2019-07-11 17:00:00,138.16,31.23,34.58,70.0,85.9,2,213.2,0.1006,0.476,0.5766
2019-07-11 18:00:00,40.41,30.64,31.56,70.5,100.0,2,220.2,0.0196,0.52,0.5396
2019-07-11 19:00:00,0.0,30.34,30.34,70.7,20.0,2,217.0,0.0,0.574,0.574
2019-07-11 20:00:00,0.0,30.11,30.11,70.9,20.0,2,192.9,0.0,0.58,0.58
2019-07-11 21:00:00,0.0,29.88,29.88,71.1,20.0,2,201.3,0.0,0.535,0.535
2019-07-11 22:00:00,0.0,29.64,29.64,71.3,20.0,2,200.4,0.0,0.519,0.519
2019-07-11 23:00:00,0.0,29.38,29.38,71.5,20.0,2,208.7,0.0,0.513,0.513
2019-07-12 00:00:00,0.0,29.12,29.12,71.7,20.0,2,209.7,0.0,0.442,0.442
2019-07-12 01:00:00,0.0,28.91,28.91,71.9,20.0,2,194.4,0.0,0.53,0.53
2019-07-12 02:00:00,0.0,28.69,28.69,72.0,20.0,1,203.5,0.0,0.578,0.578
2019-07-12 03:00:00,0.0,28.51,28.51,72.2,20.0,1,182.6,0.0,0.538,0.538
2019-07-12 04:00:00,0.0,28.39,28.39,72.3,20.0,1,217.3,0.0,0.481,0.481
2019-07-12 05:00:00,0.0,28.56,28.56,72.1,20.0,1,197.7,0.0,0.447,0.447
2019-07-12 06:00:00,33.45,29.59,30.62,71.3,100.0,1,203.4,0.0204,0.423,0.4434
2019-07-12 07:00:00,181.32,31.47,36.99,69.8,75.2,1,199.7,0.1333,0.396,0.5293
2019-07-12 08:00:00,322.04,32.51,42.31,69.0,71.8,1,214.3,0.2376,0.379,0.6166
2019-07-12 09:00:00,341.75,32.51,42.86,69.0,91.5,1,174.5,0.2489,0.369,0.6179
2019-07-12 10:00:00,410.7,32.68,45.12,68.9,92.6,1,202.7,0.2968,0.348,0.6448
2019-07-12 11:00:00,389.08,32.53,44.3,69.0,93.1,1,201.8,0.2808,0.294,0.5748
2019-07-12 12:00:00,513.02,32.49,48.03,69.0,80.9,1,198.3,0.3692,0.194,0.5632
2019-07-12 13:00:00,212.7,32.63,39.07,68.9,97.8,1,220.1,0.1525,0.163,0.3155
2019-07-12 14:00:00,138.3,32.52,36.71,69.0,100.0,1,194.0,0.0976,0.192,0.2896
2019-07-12 15:00:00,106.3,32.25,36.57,69.2,100.0,0,210.6,0.074,0.264,0.338
2019-07-12 16:00:00,118.72,31.84,36.68,69.5,100.0,0,206.4,0.0847,0.355,0.4397
2019-07-12 17:00:00,87.44,31.2,34.78,70.0,100.0,0,215.4,0.0615,0.42,0.4815
2019-07-12 18:00:00,17.65,30.52,31.2,70.6,100.0,0,196.2,0.0058,0.444,0.4498
2019-07-12 19:00:00,0.0,30.04,30.04,71.0,20.0,0,195.5,0.0,0.446,0.446
2019-07-12 20:00:00,0.0,29.84,29.84,71.1,20.0,1,213.8,0.0,0.44,0.44
2019-07-12 21:00:00,0.0,29.28,29.28,71.6,20.0,0,207.1,0.0,0.407,0.407
2019-07-12 22:00:00,0.0,29.19,29.19,71.7,20.0,0,187.4,0.0,0.37,0.37
2019-07-12 23:00:00,0.0,28.48,28.48,72.2,20.0,0,197.4,0.0,0.345,0.345
2019-07-13 00:00:00,0.0,28.43,28.43,72.3,20.0,0,205.7,0.0,0.39,0.39
2019-07-13 01:00:00,0.0,27.59,27.59,72.9,20.0,0,210.2,0.0,0.591,0.591
2019-07-13 02:00:00,0.0,27.79,27.79,72.8,20.0,0,195.0,0.0,0.69,0.69
2019-07-13 03:00:00,0.0,27.52,27.52,73.0,20.0,0,172.7,0.0,0.693,0.693
2019-07-13 04:00:00,0.0,27.62,27.62,72.9,20.0,0,207.0,0.0,0.656,0.656
2019-07-13 05:00:00,0.0,27.8,27.8,72.8,20.0,0,189.6,0.0,0.604,0.604
2019-07-13 06:00:00,51.17,28.75,30.84,72.0,100.0,0,181.6,0.0341,0.556,0.5901
2019-07-13 07:00:00,160.42,30.36,35.25,70.7,86.1,1,173.5,0.1179,0.516,0.6339
2019-07-13 08:00:00,187.71,31.56,37.26,69.8,96.1,1,209.9,0.1366,0.498,0.6346
2019-07-13 09:00:00,380.67,32.29,47.75,69.2,81.9,0,203.1,0.2733,0.508,0.7813
2019-07-13 10:00:00,614.72,32.79,57.76,68.8,63.7,0,199.5,0.4287,0.533,0.9617
2019-07-13 11:00:00,585.63,32.98,50.72,68.6,73.5,1,215.7,0.4188,0.538,0.9568
2019-07-13 12:00:00,800.63,33.09,57.39,68.5,42.6,1,208.2,0.5632,0.453,1.0162
2019-07-13 13:00:00,822.54,33.2,58.19,68.4,41.6,1,218.0,0.5782,0.413,0.9912
2019-07-13 14:00:00,538.15,33.03,49.37,68.6,69.1,1,187.9,0.3898,0.429,0.8188
2019-07-13 15:00:00,361.62,32.9,43.9,68.7,80.0,1,201.5,0.2662,0.425,0.6912
2019-07-13 16:00:00,226.09,32.49,39.38,69.0,90.8,1,185.6,0.1672,0.447,0.6142
2019-07-13 17:00:00,118.8,31.97,35.6,69.4,95.7,1,199.5,0.0856,0.437,0.5226
2019-07-13 18:00:00,11.13,30.81,31.23,70.4,100.0,0,199.3,0.002,0.42,0.422
2019-07-13 19:00:00,0.0,30.1,30.1,70.9,20.0,0,208.1,0.0,0.416,0.416
2019-07-13 20:00:00,0.0,29.59,29.59,71.3,20.0,0,202.3,0.0,0.43,0.43
2019-07-13 21:00:00,0.0,29.56,29.56,71.4,20.0,0,208.0,0.0,0.464,0.464
2019-07-13 22:00:00,0.0,28.67,28.67,72.1,20.0,0,208.8,0.0,0.626,0.626
2019-07-13 23:00:00,0.0,28.82,28.82,71.9,20.0,0,223.4,0.0,0.674,0.674
2019-07-14 00:00:00,0.0,28.27,28.27,72.4,20.0,1,197.6,0.0,0.666,0.666
2019-07-14 01:00:00,0.0,27.98,27.98,72.6,20.0,1,191.3,0.0,0.776,0.776
2019-07-14 02:00:00,0.0,27.48,27.48,73.0,20.0,0,203.2,0.0,0.866,0.866
2019-07-14 03:00:00,0.0,27.42,27.42,73.1,20.0,0,192.7,0.0,0.88,0.88
2019-07-14 04:00:00,0.0,27.13,27.13,73.3,20.0,0,215.6,0.0,0.871,0.871
2019-07-14 05:00:00,0.0,27.57,27.57,72.9,20.0,1,197.9,0.0,0.865,0.865
2019-07-14 06:00:00,47.44,28.96,30.41,71.8,100.0,1,195.1,0.0313,0.859,0.8903
2019-07-14 07:00:00,183.42,30.95,36.54,70.2,73.6,1,196.0,0.1353,0.84,0.9753
2019-07-14 08:00:00,367.72,32.58,43.78,68.9,61.1,1,207.9,0.2719,0.807,1.0789
2019-07-14 09:00:00,543.81,33.5,46.68,68.2,57.4,2,199.2,0.3994,0.769,1.1684
2019-07-14 10:00:00,451.74,34.15,45.06,67.7,82.6,2,194.3,0.3285,0.712,1.0405
2019-07-14 11:00:00,263.76,34.54,42.52,67.4,97.5,1,217.4,0.1881,0.621,0.8091
2019-07-14 12:00:00,374.61,34.42,45.75,67.5,91.3,1,192.2,0.2685,0.457,0.7255
2019-07-14 13:00:00,499.02,33.95,46.01,67.8,79.6,2,201.1,0.363,0.291,0.654
2019-07-14 14:00:00,645.5,33.33,48.98,68.3,52.2,2,207.3,0.4721,0.214,0.6861
2019-07-14 15:00:00,521.54,32.67,45.36,68.9,42.4,2,184.4,0.3898,0.205,0.5948
2019-07-14 16:00:00,330.03,32.15,42.2,69.3,53.0,1,205.6,0.2447,0.261,0.5057
2019-07-14 17:00:00,164.54,31.43,36.41,69.9,61.3,1,190.2,0.1174,0.342,0.4594
2019-07-14 18:00:00,39.58,30.71,32.2,70.4,100.0,0,209.0,0.0183,0.369,0.3873
2019-07-14 19:00:00,0.0,29.06,29.06,71.8,20.0,0,191.1,0.0,0.432,0.432
2019-07-14 20:00:00,0.0,29.16,29.16,71.7,20.0,1,207.7,0.0,0.401,0.401
2019-07-14 21:00:00,0.0,28.9,28.9,71.9,20.0,1,211.8,0.0,0.384,0.384
2019-07-14 22:00:00,0.0,28.89,28.89,71.9,20.0,1,209.4,0.0,0.398,0.398
2019-07-14 23:00:00,0.0,28.64,28.64,72.1,20.0,1,203.3,0.0,0.437,0.437
2019-07-15 00:00:00,0.0,28.34,28.34,72.3,20.0,1,197.4,0.0,0.529,0.529
2019-07-15 01:00:00,0.0,27.96,27.96,72.6,20.0,1,193.9,0.0,0.674,0.674
2019-07-15 02:00:00,0.0,27.6,27.6,72.9,20.0,0,214.4,0.0,0.75,0.75
2019-07-15 03:00:00,0.0,26.95,26.95,73.4,20.0,0,192.7,0.0,0.737,0.737
2019-07-15 04:00:00,0.0,26.67,26.67,73.7,20.0,0,189.3,0.0,0.705,0.705
2019-07-15 05:00:00,0.0,26.78,26.78,73.6,20.0,0,206.3,0.0,0.692,0.692
2019-07-15 06:00:00,52.1,28.99,30.58,71.8,100.0,1,191.7,0.0349,0.686,0.7209
2019-07-15 07:00:00,223.86,32.11,38.93,69.3,58.0,1,190.2,0.1653,0.683,0.8483
2019-07-15 08:00:00,429.5,33.8,44.24,68.0,43.9,2,185.3,0.3202,0.674,0.9942
2019-07-15 09:00:00,642.76,34.56,50.15,67.4,42.9,2,194.9,0.4686,0.633,1.1016
2019-07-15 10:00:00,783.1,35.1,58.88,66.9,42.1,1,198.9,0.5484,0.566,1.1144
2019-07-15 11:00:00,722.23,35.14,57.05,66.9,56.6,1,202.1,0.5065,0.46,0.9665
2019-07-15 12:00:00,876.01,34.91,61.51,67.1,41.5,1,209.2,0.6054,0.3,0.9054
2019-07-15 13:00:00,636.72,34.35,49.75,67.5,63.3,2,205.0,0.4604,0.246,0.7064
2019-07-15 14:00:00,615.48,33.58,48.5,68.1,58.2,2,197.8,0.4501,0.311,0.7611
2019-07-15 15:00:00,397.95,33.13,42.79,68.5,73.0,2,197.7,0.296,0.405,0.701
2019-07-15 16:00:00,318.58,32.93,40.67,68.7,57.4,2,204.8,0.2376,0.484,0.7216
2019-07-15 17:00:00,158.78,32.19,37.01,69.2,64.7,1,212.4,0.1132,0.539,0.6522
2019-07-15 18:00:00,37.06,31.52,32.56,69.8,100.0,1,201.0,0.0165,0.556,0.5725
2019-07-15 19:00:00,0.0,30.81,30.81,70.4,20.0,0,195.0,0.0,0.566,0.566
2019-07-15 20:00:00,0.0,28.9,28.9,71.9,20.0,0,189.8,0.0,0.618,0.618
2019-07-15 21:00:00,0.0,29.02,29.02,71.8,20.0,0,185.2,0.0,0.608,0.608
2019-07-15 22:00:00,0.0,28.34,28.34,72.3,20.0,1,206.4,0.0,0.523,0.523
2019-07-15 23:00:00,0.0,28.53,28.53,72.2,20.0,1,205.5,0.0,0.445,0.445
2019-07-16 00:00:00,0.0,28.03,28.03,72.6,20.0,1,204.4,0.0,0.367,0.367
2019-07-16 01:00:00,0.0,27.9,27.9,72.7,20.0,1,197.3,0.0,0.523,0.523
2019-07-16 02:00:00,0.0,27.61,27.61,72.9,20.0,1,212.7,0.0,0.575,0.575
2019-07-16 03:00:00,0.0,27.25,27.25,73.2,20.0,1,193.8,0.0,0.47,0.47
2019-07-16 04:00:00,0.0,26.93,26.93,73.5,20.0,1,208.2,0.0,0.379,0.379
2019-07-16 05:00:00,0.0,27.38,27.38,73.1,20.0,1,198.2,0.0,0.346,0.346
2019-07-16 06:00:00,59.9,28.98,30.81,71.8,90.0,1,192.5,0.0407,0.358,0.3987
2019-07-16 07:00:00,228.56,32.12,39.08,69.3,56.5,1,204.5,0.1689,0.372,0.5409
2019-07-16 08:00:00,428.95,34.18,47.25,67.7,44.0,1,202.7,0.3157,0.377,0.6927
2019-07-16 09:00:00,618.32,35.44,54.25,66.6,40.7,1,202.2,0.4428,0.4,0.8428
2019-07-16 10:00:00,764.32,36.53,59.75,65.8,40.3,1,199.4,0.5333,0.395,0.9283
2019-07-16 11:00:00,845.87,37.46,63.14,65.0,40.0,1,198.2,0.5804,0.341,0.9214
2019-07-16 12:00:00,852.71,37.92,63.81,64.7,39.5,1,222.5,0.5835,0.231,0.8145
2019-07-16 13:00:00,786.23,37.98,61.88,64.6,38.7,1,210.4,0.544,0.153,0.697
2019-07-16 14:00:00,563.2,37.7,54.8,64.8,64.8,1,205.8,0.3993,0.156,0.5553
2019-07-16 15:00:00,482.79,37.02,51.73,65.4,51.1,1,199.7,0.3495,0.195,0.5445
2019-07-16 16:00:00,323.99,36.04,45.91,66.2,51.3,1,208.7,0.2361,0.248,0.4841
2019-07-16 17:00:00,141.49,35.0,39.3,67.0,75.0,1,203.8,0.1,0.297,0.397
2019-07-16 18:00:00,9.28,33.42,33.68,68.3,20.0,1,198.9,0.0007,0.325,0.3257
2019-07-16 19:00:00,0.0,31.93,31.93,69.5,20.0,1,195.6,0.0,0.341,0.341
2019-07-16 20:00:00,0.0,31.87,31.87,69.5,20.0,1,197.8,0.0,0.331,0.331
2019-07-16 21:00:00,0.0,31.4,31.4,69.9,20.0,1,166.9,0.0,0.332,0.332
2019-07-16 22:00:00,0.0,30.82,30.82,70.3,20.0,2,200.7,0.0,0.322,0.322
2019-07-16 23:00:00,0.0,30.2,30.2,70.8,20.0,2,193.7,0.0,0.323,0.323
2019-07-17 00:00:00,0.0,29.64,29.64,71.3,20.0,2,213.4,0.0,0.338,0.338
2019-07-17 01:00:00,0.0,29.13,29.13,71.7,20.0,2,197.7,0.0,0.464,0.464
2019-07-17 02:00:00,0.0,28.66,28.66,72.1,20.0,2,185.6,0.0,0.489,0.489
2019-07-17 03:00:00,0.0,28.22,28.22,72.4,20.0,2,197.0,0.0,0.402,0.402
2019-07-17 04:00:00,0.0,27.88,27.88,72.7,20.0,2,187.0,0.0,0.273,0.273
2019-07-17 05:00:00,0.0,28.23,28.23,72.4,20.0,1,202.2,0.0,0.177,0.177
2019-07-17 06:00:00,39.04,29.91,31.1,71.1,100.0,1,200.4,0.0247,0.12,0.1447
2019-07-17 07:00:00,212.85,33.23,39.71,68.4,59.2,1,207.1,0.1562,0.094,0.2502
2019-07-17 08:00:00,429.03,36.06,49.13,66.2,44.0,1,189.6,0.3132,0.082,0.3952
2019-07-17 09:00:00,618.72,37.72,56.54,64.8,40.8,1,197.8,0.4386,0.082,0.5206
2019-07-17 10:00:00,763.8,39.21,57.72,63.6,40.3,2,183.9,0.5378,0.089,0.6268
2019-07-17 11:00:00,849.28,40.24,60.81,62.8,40.3,2,204.5,0.5889,0.089,0.6779
2019-07-17 12:00:00,863.85,40.87,61.79,62.3,40.3,2,202.7,0.5964,0.087,0.6834
2019-07-17 13:00:00,774.32,40.9,59.67,62.3,39.9,2,202.5,0.5408,0.082,0.6228
2019-07-17 14:00:00,596.82,40.58,52.61,62.5,58.9,3,197.5,0.4284,0.077,0.5054
2019-07-17 15:00:00,522.62,39.68,50.25,63.3,42.4,3,201.6,0.3826,0.083,0.4656
2019-07-17 16:00:00,339.32,38.42,45.27,64.3,44.3,3,213.5,0.2483,0.094,0.3423
2019-07-17 17:00:00,165.11,36.89,40.2,65.5,59.6,3,194.6,0.1155,0.116,0.2315
2019-07-17 18:00:00,38.08,35.27,36.11,66.8,100.0,2,198.9,0.016,0.155,0.171
2019-07-17 19:00:00,0.0,34.19,34.19,67.7,20.0,2,186.6,0.0,0.197,0.197
2019-07-17 20:00:00,0.0,33.47,33.47,68.2,20.0,2,188.8,0.0,0.243,0.243
2019-07-17 21:00:00,0.0,32.79,32.79,68.8,20.0,2,198.5,0.0,0.233,0.233
2019-07-17 22:00:00,0.0,32.16,32.16,69.3,20.0,2,208.5,0.0,0.183,0.183
2019-07-17 23:00:00,0.0,31.6,31.6,69.7,20.0,2,194.9,0.0,0.146,0.146
2019-07-18 00:00:00,0.0,31.01,31.01,70.2,20.0,3,194.0,0.0,0.097,0.097
2019-07-18 01:00:00,0.0,30.49,30.49,70.6,20.0,3,192.3,0.0,0.058,0.058
2019-07-18 02:00:00,0.0,29.99,29.99,71.0,20.0,3,191.0,0.0,0.096,0.096
2019-07-18 03:00:00,0.0,29.53,29.53,71.4,20.0,3,199.3,0.0,0.122,0.122
2019-07-18 04:00:00,0.0,29.12,29.12,71.7,20.0,2,181.4,0.0,0.111,0.111
2019-07-18 05:00:00,0.0,29.37,29.37,71.5,20.0,2,209.2,0.0,0.084,0.084
2019-07-18 06:00:00,52.1,30.98,32.24,70.2,100.0,2,189.7,0.0346,0.06,0.0946
2019-07-18 07:00:00,226.4,34.04,39.54,67.8,56.9,2,203.6,0.1669,0.039,0.2059
2019-07-18 08:00:00,428.5,36.91,45.58,65.5,44.0,3,183.7,0.3177,0.025,0.3427
2019-07-18 09:00:00,618.04,39.02,51.5,63.8,40.7,3,203.1,0.4479,0.015,0.4629
2019-07-18 10:00:00,763.26,40.64,56.02,62.5,40.2,3,203.1,0.5414,0.009,0.5504
2019-07-18 11:00:00,868.02,41.36,56.32,61.9,41.7,4,200.2,0.6137,0.005,0.6187
2019-07-18 12:00:00,880.7,41.36,56.54,61.9,41.5,4,186.4,0.6221,0.003,0.6251
2019-07-18 13:00:00,825.43,40.64,53.09,62.5,41.6,5,198.9,0.5933,0.005,0.5983
2019-07-18 14:00:00,656.35,40.02,49.93,63.0,47.7,5,184.5,0.4789,0.014,0.4929
2019-07-18 15:00:00,501.51,39.32,46.91,63.5,46.4,5,193.8,0.3717,0.031,0.4027
2019-07-18 16:00:00,340.47,38.38,43.52,64.3,48.0,5,206.7,0.2512,0.052,0.3032
2019-07-18 17:00:00,150.06,37.07,39.66,65.3,71.2,4,204.3,0.106,0.071,0.177
2019-07-18 18:00:00,39.51,35.49,36.23,66.6,100.0,3,196.5,0.0176,0.082,0.0996
2019-07-18 19:00:00,0.0,34.42,34.42,67.5,20.0,3,186.6,0.0,0.082,0.082
2019-07-18 20:00:00,0.0,33.79,33.79,68.0,20.0,2,202.8,0.0,0.071,0.071
2019-07-18 21:00:00,0.0,33.26,33.26,68.4,20.0,2,196.6,0.0,0.051,0.051
2019-07-18 22:00:00,0.0,32.73,32.73,68.8,20.0,2,173.2,0.0,0.03,0.03
2019-07-18 23:00:00,0.0,32.23,32.23,69.2,20.0,2,204.2,0.0,0.015,0.015
2019-07-19 00:00:00,0.0,31.66,31.66,69.7,20.0,2,195.0,0.0,0.007,0.007
2019-07-19 01:00:00,0.0,31.04,31.04,70.2,20.0,2,207.3,0.0,0.001,0.001
2019-07-19 02:00:00,0.0,30.4,30.4,70.7,20.0,2,184.3,0.0,0.0,0.0
2019-07-19 03:00:00,0.0,29.82,29.82,71.1,20.0,3,163.5,0.0,0.004,0.004
2019-07-19 04:00:00,0.0,29.35,29.35,71.5,20.0,3,198.0,0.0,0.006,0.006
2019-07-19 05:00:00,0.0,29.43,29.43,71.5,20.0,4,198.2,0.0,0.007,0.007
2019-07-19 06:00:00,53.97,31.07,32.01,70.1,100.0,4,178.3,0.0361,0.007,0.0431
2019-07-19 07:00:00,224.66,33.44,36.83,68.3,57.1,5,185.5,0.1675,0.008,0.1755
2019-07-19 08:00:00,426.11,35.89,42.33,66.3,44.4,5,222.8,0.3202,0.011,0.3312
2019-07-19 09:00:00,613.04,38.0,48.59,64.6,41.4,4,192.2,0.4498,0.017,0.4668
2019-07-19 10:00:00,755.07,38.41,51.44,64.3,39.6,4,202.5,0.5464,0.025,0.5714
2019-07-19 11:00:00,866.66,38.32,55.78,64.3,41.6,3,188.7,0.6142,0.031,0.6452
2019-07-19 12:00:00,879.4,38.18,55.89,64.5,41.5,3,174.3,0.623,0.037,0.66
2019-07-19 13:00:00,825.12,37.97,54.6,64.6,41.7,3,193.5,0.5892,0.043,0.6322
2019-07-19 14:00:00,665.78,38.11,51.55,64.5,45.7,3,192.6,0.4828,0.048,0.5308
2019-07-19 15:00:00,492.95,38.51,48.48,64.2,50.6,3,191.2,0.3623,0.052,0.4143
2019-07-19 16:00:00,314.33,38.22,44.57,64.4,61.8,3,194.1,0.2306,0.055,0.2856
2019-07-19 17:00:00,116.21,37.16,39.99,65.3,96.3,2,197.9,0.0819,0.065,0.1469
2019-07-19 18:00:00,39.97,35.08,36.19,66.9,100.0,1,193.7,0.0175,0.085,0.1025
2019-07-19 19:00:00,0.0,33.04,33.04,68.6,20.0,1,182.6,0.0,0.098,0.098
2019-07-19 20:00:00,0.0,33.36,33.36,68.3,20.0,0,200.1,0.0,0.083,0.083
2019-07-19 21:00:00,0.0,31.29,31.29,70.0,20.0,0,175.7,0.0,0.055,0.055
2019-07-19 22:00:00,0.0,31.5,31.5,69.8,20.0,1,174.7,0.0,0.037,0.037
2019-07-19 23:00:00,0.0,30.65,30.65,70.5,20.0,1,202.6,0.0,0.025,0.025
2019-07-20 00:00:00,0.0,29.89,29.89,71.1,20.0,1,199.1,0.0,0.014,0.014
2019-07-20 01:00:00,0.0,29.79,29.79,71.2,20.0,1,193.5,0.0,0.011,0.011
2019-07-20 02:00:00,0.0,29.7,29.7,71.2,20.0,1,180.1,0.0,0.038,0.038
2019-07-20 03:00:00,0.0,29.42,29.42,71.5,20.0,1,187.0,0.0,0.058,0.058
2019-07-20 04:00:00,0.0,29.12,29.12,71.7,20.0,2,191.4,0.0,0.053,0.053
2019-07-20 05:00:00,0.0,29.64,29.64,71.3,20.0,2,178.1,0.0,0.054,0.054
2019-07-20 06:00:00,19.5,31.25,31.73,70.0,100.0,2,186.7,0.0098,0.059,0.0688
2019-07-20 07:00:00,171.88,33.49,37.67,68.2,75.2,2,200.6,0.1256,0.067,0.1926
2019-07-20 08:00:00,358.24,35.0,45.91,67.0,60.3,1,208.4,0.2623,0.074,0.3363
2019-07-20 09:00:00,399.55,36.7,48.82,65.6,78.7,1,189.9,0.2864,0.087,0.3734
2019-07-20 10:00:00,729.83,37.64,67.32,64.9,47.3,0,201.6,0.491,0.096,0.587
2019-07-20 11:00:00,819.05,38.06,71.37,64.6,38.5,0,174.9,0.5413,0.098,0.6393
2019-07-20 12:00:00,797.52,37.78,70.2,64.8,44.4,0,200.7,0.5291,0.086,0.6151
2019-07-20 13:00:00,704.9,37.53,66.18,65.0,54.6,0,186.0,0.4757,0.068,0.5437
2019-07-20 14:00:00,628.02,37.07,62.64,65.3,54.4,0,197.2,0.4321,0.056,0.4881
2019-07-20 15:00:00,403.65,36.24,52.69,66.0,72.6,0,191.6,0.2877,0.057,0.3447
2019-07-20 16:00:00,303.2,35.52,47.9,66.6,72.3,0,207.3,0.2191,0.077,0.2961
2019-07-20 17:00:00,163.37,34.32,40.94,67.5,59.8,0,185.3,0.1138,0.101,0.2148
2019-07-20 18:00:00,27.34,32.64,33.65,68.9,100.0,0,200.4,0.0102,0.114,0.1242
2019-07-20 19:00:00,0.0,31.62,31.62,69.7,20.0,0,191.3,0.0,0.108,0.108
2019-07-20 20:00:00,0.0,30.72,30.72,70.4,20.0,0,192.5,0.0,0.089,0.089
2019-07-20 21:00:00,0.0,30.42,30.42,70.7,20.0,1,192.2,0.0,0.064,0.064
2019-07-20 22:00:00,0.0,30.83,30.83,70.3,20.0,1,185.6,0.0,0.045,0.045
2019-07-20 23:00:00,0.0,30.72,30.72,70.4,20.0,2,193.9,0.0,0.034,0.034
2019-07-21 00:00:00,0.0,30.26,30.26,70.8,20.0,2,192.3,0.0,0.022,0.022
2019-07-21 01:00:00,0.0,29.72,29.72,71.2,20.0,2,195.3,0.0,0.017,0.017
2019-07-21 02:00:00,0.0,29.14,29.14,71.7,20.0,2,193.7,0.0,0.029,0.029
2019-07-21 03:00:00,0.0,28.71,28.71,72.0,20.0,2,200.9,0.0,0.036,0.036
2019-07-21 04:00:00,0.0,28.28,28.28,72.4,20.0,2,202.1,0.0,0.046,0.046
2019-07-21 05:00:00,0.0,28.44,28.44,72.3,20.0,2,182.4,0.0,0.06,0.06
2019-07-21 06:00:00,49.3,29.91,31.42,71.1,100.0,1,201.6,0.0325,0.068,0.1005
2019-07-21 07:00:00,124.75,31.79,35.6,69.6,97.8,1,181.0,0.0898,0.059,0.1488
2019-07-21 08:00:00,220.22,33.3,40.0,68.4,91.4,1,198.8,0.1602,0.049,0.2092
2019-07-21 09:00:00,434.23,34.68,47.86,67.3,72.8,1,199.1,0.3141,0.04,0.3541
2019-07-21 10:00:00,757.74,36.17,59.19,66.1,42.0,1,173.8,0.5298,0.04,0.5698
2019-07-21 11:00:00,861.06,37.34,63.48,65.1,41.7,1,193.8,0.5898,0.053,0.6428
2019-07-21 12:00:00,703.23,37.75,59.07,64.8,58.6,1,188.2,0.4884,0.087,0.5754
2019-07-21 13:00:00,424.2,37.52,54.72,65.0,82.6,0,185.3,0.2952,0.155,0.4502
2019-07-21 14:00:00,690.11,37.13,65.24,65.3,43.8,0,206.4,0.4713,0.267,0.7383
2019-07-21 15:00:00,479.08,36.72,56.26,65.6,54.7,0,186.4,0.3396,0.354,0.6936
2019-07-21 16:00:00,338.45,36.22,46.52,66.0,44.4,1,184.8,0.2464,0.386,0.6324
2019-07-21 17:00:00,165.46,35.4,40.4,66.7,58.3,1,193.7,0.1154,0.364,0.4794
2019-07-21 18:00:00,37.93,33.67,34.71,68.1,100.0,1,199.8,0.0154,0.317,0.3324
2019-07-21 19:00:00,0.0,32.99,32.99,68.6,20.0,1,191.5,0.0,0.274,0.274
2019-07-21 20:00:00,0.0,32.52,32.52,69.0,20.0,1,204.6,0.0,0.25,0.25
2019-07-21 21:00:00,0.0,32.16,32.16,69.3,20.0,1,198.2,0.0,0.219,0.219
2019-07-21 22:00:00,0.0,31.55,31.55,69.8,20.0,1,171.1,0.0,0.182,0.182
2019-07-21 23:00:00,0.0,31.19,31.19,70.0,20.0,1,187.6,0.0,0.161,0.161
2019-07-22 00:00:00,0.0,29.9,29.9,71.1,20.0,1,186.1,0.0,0.144,0.144
2019-07-22 01:00:00,0.0,29.6,29.6,71.3,20.0,0,196.5,0.0,0.165,0.165
2019-07-22 02:00:00,0.0,28.0,28.0,72.6,20.0,0,165.5,0.0,0.213,0.213
2019-07-22 03:00:00,0.0,28.81,28.81,71.9,20.0,1,217.2,0.0,0.17,0.17
2019-07-22 04:00:00,0.0,28.65,28.65,72.1,20.0,1,197.0,0.0,0.138,0.138
2019-07-22 05:00:00,0.0,29.4,29.4,71.5,20.0,1,193.2,0.0,0.118,0.118
2019-07-22 06:00:00,53.23,30.38,32.01,70.7,98.3,1,203.5,0.0354,0.1,0.1354
2019-07-22 07:00:00,225.87,32.04,38.92,69.4,55.6,1,215.1,0.167,0.083,0.25
2019-07-22 08:00:00,425.9,33.81,51.2,68.0,44.0,0,200.4,0.3081,0.07,0.3781
2019-07-22 09:00:00,637.21,36.21,62.17,66.0,43.0,0,201.2,0.4406,0.064,0.5046
2019-07-22 10:00:00,778.79,37.0,68.68,65.4,42.1,0,193.0,0.5217,0.062,0.5837
2019-07-22 11:00:00,859.74,36.79,71.74,65.6,41.7,0,190.3,0.5669,0.073,0.6399
2019-07-22 12:00:00,872.62,36.23,71.71,66.0,41.6,0,186.9,0.5756,0.11,0.6856
2019-07-22 13:00:00,818.65,36.02,69.33,66.2,41.8,0,183.4,0.5472,0.188,0.7352
2019-07-22 14:00:00,539.11,35.88,57.8,66.3,69.1,0,184.8,0.3764,0.294,0.6704
2019-07-22 15:00:00,518.84,35.78,56.96,66.4,46.4,0,178.2,0.3684,0.368,0.7364
2019-07-22 16:00:00,338.24,35.42,49.21,66.7,44.5,0,190.9,0.2433,0.401,0.6443
2019-07-22 17:00:00,164.54,34.44,41.11,67.4,58.3,0,174.9,0.1143,0.407,0.5213
2019-07-22 18:00:00,33.45,31.44,32.65,69.8,100.0,0,193.6,0.0126,0.386,0.3986
2019-07-22 19:00:00,0.0,32.1,32.1,69.3,20.0,1,191.3,0.0,0.358,0.358
2019-07-22 20:00:00,0.0,32.28,32.28,69.2,20.0,1,193.2,0.0,0.332,0.332
2019-07-22 21:00:00,0.0,32.12,32.12,69.3,20.0,1,186.5,0.0,0.291,0.291
2019-07-22 22:00:00,0.0,31.94,31.94,69.4,20.0,1,222.5,0.0,0.257,0.257
2019-07-22 23:00:00,0.0,31.58,31.58,69.7,20.0,1,205.3,0.0,0.245,0.245
2019-07-23 00:00:00,0.0,31.29,31.29,70.0,20.0,1,178.1,0.0,0.207,0.207
2019-07-23 01:00:00,0.0,30.84,30.84,70.3,20.0,2,192.8,0.0,0.214,0.214
2019-07-23 02:00:00,0.0,30.48,30.48,70.6,20.0,2,184.4,0.0,0.233,0.233
2019-07-23 03:00:00,0.0,30.15,30.15,70.9,20.0,2,180.4,0.0,0.16,0.16
2019-07-23 04:00:00,0.0,29.81,29.81,71.1,20.0,1,177.1,0.0,0.119,0.119
2019-07-23 05:00:00,0.0,29.92,29.92,71.1,20.0,1,194.8,0.0,0.094,0.094
2019-07-23 06:00:00,50.24,31.13,32.67,70.1,100.0,1,183.7,0.033,0.071,0.104
2019-07-23 07:00:00,172.44,33.85,39.1,67.9,75.7,1,200.2,0.1253,0.047,0.1723
2019-07-23 08:00:00,411.3,35.74,48.27,66.4,49.0,1,200.4,0.3006,0.029,0.3296
2019-07-23 09:00:00,616.35,36.52,61.63,65.8,42.5,0,204.2,0.427,0.014,0.441
2019-07-23 10:00:00,764.17,37.15,68.24,65.3,41.5,0,182.0,0.513,0.009,0.522
2019-07-23 11:00:00,501.56,37.32,57.65,65.1,82.5,0,195.2,0.3456,0.012,0.3576
2019-07-23 12:00:00,501.17,37.2,57.52,65.2,85.4,0,196.8,0.3453,0.025,0.3703
2019-07-23 13:00:00,501.17,36.84,57.17,65.5,86.1,0,185.8,0.3467,0.045,0.3917
2019-07-23 14:00:00,484.74,36.68,56.38,65.7,77.6,0,182.8,0.3388,0.058,0.3968
2019-07-23 15:00:00,189.82,36.59,44.32,65.7,96.6,0,206.6,0.1341,0.064,0.1981
2019-07-23 16:00:00,161.69,36.23,42.84,66.0,98.9,0,192.8,0.1152,0.072,0.1872
2019-07-23 17:00:00,75.24,35.37,38.45,66.7,100.0,0,196.9,0.051,0.09,0.141
2019-07-23 18:00:00,24.27,34.15,34.82,67.7,100.0,1,182.3,0.0083,0.113,0.1213
2019-07-23 19:00:00,0.0,33.28,33.28,68.4,20.0,1,178.3,0.0,0.144,0.144
2019-07-23 20:00:00,0.0,32.65,32.65,68.9,20.0,2,184.8,0.0,0.158,0.158
2019-07-23 21:00:00,0.0,31.97,31.97,69.4,20.0,2,189.3,0.0,0.143,0.143
2019-07-23 22:00:00,0.0,31.29,31.29,70.0,20.0,2,179.9,0.0,0.149,0.149
2019-07-23 23:00:00,0.0,30.71,30.71,70.4,20.0,2,190.4,0.0,0.192,0.192
2019-07-24 00:00:00,0.0,30.21,30.21,70.8,20.0,2,172.4,0.0,0.194,0.194
2019-07-24 01:00:00,0.0,29.8,29.8,71.2,20.0,2,178.1,0.0,0.132,0.132
2019-07-24 02:00:00,0.0,29.46,29.46,71.4,20.0,2,196.0,0.0,0.167,0.167
2019-07-24 03:00:00,0.0,29.25,29.25,71.6,20.0,2,195.3,0.0,0.187,0.187
2019-07-24 04:00:00,0.0,29.11,29.11,71.7,20.0,1,185.4,0.0,0.152,0.152
2019-07-24 05:00:00,0.0,29.5,29.5,71.4,20.0,1,179.1,0.0,0.108,0.108
2019-07-24 06:00:00,51.17,31.44,33.0,69.8,100.0,1,179.0,0.0337,0.074,0.1077
2019-07-24 07:00:00,186.79,34.63,42.26,67.3,69.7,0,185.5,0.1345,0.051,0.1855
2019-07-24 08:00:00,423.75,36.79,54.09,65.6,46.1,0,195.7,0.3024,0.035,0.3374
2019-07-24 09:00:00,539.57,37.19,53.58,65.2,58.8,1,198.6,0.3846,0.025,0.4096
2019-07-24 10:00:00,744.52,37.75,60.37,64.8,42.8,1,184.3,0.5178,0.025,0.5428
2019-07-24 11:00:00,862.94,38.09,64.29,64.5,41.7,1,177.7,0.5889,0.042,0.6309
2019-07-24 12:00:00,876.86,38.27,64.9,64.4,41.6,1,191.9,0.5969,0.055,0.6519
2019-07-24 13:00:00,822.64,38.37,63.36,64.3,41.7,1,181.0,0.5652,0.059,0.6242
2019-07-24 14:00:00,706.55,38.45,59.94,64.2,42.1,1,184.1,0.4948,0.076,0.5708
2019-07-24 15:00:00,456.77,38.43,57.06,64.3,60.3,0,202.5,0.3217,0.127,0.4487
2019-07-24 16:00:00,338.2,37.84,51.63,64.7,48.5,0,197.5,0.2409,0.217,0.4579
2019-07-24 17:00:00,133.73,36.52,40.58,65.8,78.0,1,190.8,0.0938,0.294,0.3878
2019-07-24 18:00:00,23.44,34.97,35.47,67.0,100.0,2,176.5,0.0073,0.328,0.3353
2019-07-24 19:00:00,0.0,33.87,33.87,67.9,20.0,3,191.4,0.0,0.291,0.291
2019-07-24 20:00:00,0.0,32.7,32.7,68.8,20.0,3,199.9,0.0,0.252,0.252
2019-07-24 21:00:00,0.0,31.67,31.67,69.7,20.0,3,185.5,0.0,0.207,0.207
2019-07-24 22:00:00,0.0,30.78,30.78,70.4,20.0,2,202.8,0.0,0.177,0.177
2019-07-24 23:00:00,0.0,30.14,30.14,70.9,20.0,2,202.2,0.0,0.196,0.196
2019-07-25 00:00:00,0.0,29.61,29.61,71.3,20.0,2,204.7,0.0,0.206,0.206
2019-07-25 01:00:00,0.0,29.11,29.11,71.7,20.0,1,191.1,0.0,0.286,0.286
2019-07-25 02:00:00,0.0,28.77,28.77,72.0,20.0,1,193.9,0.0,0.376,0.376
2019-07-25 03:00:00,0.0,28.35,28.35,72.3,20.0,1,202.2,0.0,0.37,0.37
2019-07-25 04:00:00,0.0,27.95,27.95,72.6,20.0,1,192.5,0.0,0.313,0.313
2019-07-25 05:00:00,0.0,27.77,27.77,72.8,20.0,1,183.0,0.0,0.243,0.243
2019-07-25 06:00:00,34.38,28.08,29.13,72.5,100.0,1,183.5,0.0213,0.164,0.1853
2019-07-25 07:00:00,213.16,28.48,34.97,72.2,56.3,1,190.4,0.1598,0.085,0.2448
2019-07-25 08:00:00,270.18,29.33,37.55,71.5,74.2,1,175.1,0.2018,0.03,0.2318
2019-07-25 09:00:00,571.44,30.12,47.49,70.9,51.2,1,186.6,0.4197,0.006,0.4257
2019-07-25 10:00:00,642.36,31.06,50.55,70.2,60.4,1,199.0,0.4633,0.023,0.4863
2019-07-25 11:00:00,711.03,31.85,53.41,69.5,59.3,1,166.1,0.5063,0.046,0.5523
2019-07-25 12:00:00,603.18,32.18,50.45,69.3,73.8,1,203.4,0.4322,0.104,0.5362
2019-07-25 13:00:00,614.94,32.15,57.12,69.3,67.4,0,199.2,0.43,0.123,0.553
2019-07-25 14:00:00,643.24,32.04,58.22,69.4,55.2,0,183.4,0.4517,0.105,0.5567
2019-07-25 15:00:00,224.28,31.9,41.04,69.5,89.1,0,193.5,0.1629,0.088,0.2509
2019-07-25 16:00:00,306.25,31.52,44.01,69.8,60.1,0,188.1,0.225,0.1,0.325
2019-07-25 17:00:00,129.04,30.88,36.14,70.3,83.3,0,200.3,0.0925,0.156,0.2485
2019-07-25 18:00:00,8.35,30.06,30.28,70.9,20.0,1,197.9,0.0,0.238,0.238
2019-07-25 19:00:00,0.0,29.57,29.57,71.3,20.0,1,174.0,0.0,0.367,0.367
2019-07-25 20:00:00,0.0,29.19,29.19,71.6,20.0,1,193.9,0.0,0.453,0.453
2019-07-25 21:00:00,0.0,28.88,28.88,71.9,20.0,2,186.0,0.0,0.519,0.519
2019-07-25 22:00:00,0.0,28.56,28.56,72.2,20.0,2,188.9,0.0,0.532,0.532
2019-07-25 23:00:00,0.0,28.21,28.21,72.4,20.0,2,180.7,0.0,0.563,0.563
2019-07-26 00:00:00,0.0,27.92,27.92,72.7,20.0,2,204.2,0.0,0.629,0.629
2019-07-26 01:00:00,0.0,27.64,27.64,72.9,20.0,2,197.2,0.0,0.695,0.695
2019-07-26 02:00:00,0.0,27.39,27.39,73.1,20.0,2,179.4,0.0,0.786,0.786
2019-07-26 03:00:00,0.0,27.2,27.2,73.2,20.0,2,173.4,0.0,0.838,0.838
2019-07-26 04:00:00,0.0,27.01,27.01,73.4,20.0,2,182.9,0.0,0.84,0.84
2019-07-26 05:00:00,0.0,27.28,27.28,73.2,20.0,1,191.1,0.0,0.82,0.82
2019-07-26 06:00:00,26.0,29.14,29.94,71.7,100.0,1,189.2,0.0148,0.785,0.7998
2019-07-26 07:00:00,90.3,31.68,34.44,69.7,100.0,1,199.3,0.0633,0.74,0.8033
2019-07-26 08:00:00,180.43,33.82,39.31,67.9,97.4,1,194.7,0.1298,0.697,0.8268
2019-07-26 09:00:00,232.23,35.92,42.96,66.3,96.8,1,196.5,0.1655,0.641,0.8065
2019-07-26 10:00:00,347.18,37.75,46.13,64.8,93.8,2,190.0,0.2481,0.563,0.8111
2019-07-26 11:00:00,271.71,39.15,47.36,63.7,97.6,1,172.9,0.19,0.398,0.588
2019-07-26 12:00:00,372.25,39.76,51.02,63.2,91.5,1,184.8,0.2606,0.231,0.4916
2019-07-26 13:00:00,605.73,39.65,58.02,63.3,64.3,1,197.4,0.422,0.233,0.655
2019-07-26 14:00:00,328.3,39.03,52.36,63.8,94.3,0,186.3,0.229,0.286,0.515
2019-07-26 15:00:00,209.45,38.11,46.64,64.5,95.6,0,191.8,0.1475,0.304,0.4515
2019-07-26 16:00:00,238.64,37.01,46.75,65.4,81.0,0,183.6,0.1713,0.363,0.5343
2019-07-26 17:00:00,34.38,35.08,36.49,66.9,100.0,0,176.5,0.0204,0.418,0.4384
2019-07-26 18:00:00,8.35,33.43,33.73,68.3,20.0,0,185.5,0.0,0.521,0.521
2019-07-26 19:00:00,0.0,32.72,32.72,68.8,20.0,1,189.9,0.0,0.599,0.599
2019-07-26 20:00:00,0.0,32.59,32.59,68.9,20.0,1,180.2,0.0,0.653,0.653
2019-07-26 21:00:00,0.0,31.94,31.94,69.4,20.0,1,184.4,0.0,0.728,0.728
2019-07-26 22:00:00,0.0,31.33,31.33,69.9,20.0,2,177.4,0.0,0.705,0.705
2019-07-26 23:00:00,0.0,30.73,30.73,70.4,20.0,2,198.0,0.0,0.67,0.67
2019-07-27 00:00:00,0.0,30.23,30.23,70.8,20.0,2,182.5,0.0,0.611,0.611
2019-07-27 01:00:00,0.0,29.75,29.75,71.2,20.0,1,200.0,0.0,0.603,0.603
2019-07-27 02:00:00,0.0,29.46,29.46,71.4,20.0,1,200.8,0.0,0.715,0.715
2019-07-27 03:00:00,0.0,29.13,29.13,71.7,20.0,1,184.7,0.0,0.821,0.821
2019-07-27 04:00:00,0.0,28.9,28.9,71.9,20.0,1,175.4,0.0,0.856,0.856
2019-07-27 05:00:00,0.0,28.98,28.98,71.8,20.0,1,164.6,0.0,0.862,0.862
2019-07-27 06:00:00,25.07,30.17,30.93,70.9,100.0,1,170.8,0.014,0.829,0.843
2019-07-27 07:00:00,148.9,31.91,35.53,69.5,87.8,2,171.8,0.1088,0.811,0.9198
2019-07-27 08:00:00,259.89,33.73,40.03,68.0,88.5,2,199.3,0.1911,0.763,0.9541
2019-07-27 09:00:00,372.13,35.61,44.61,66.5,83.3,2,186.7,0.2707,0.682,0.9527
2019-07-27 10:00:00,555.14,37.2,54.02,65.2,71.7,1,189.4,0.392,0.552,0.944
2019-07-27 11:00:00,599.72,38.29,56.46,64.4,71.6,1,163.3,0.4188,0.416,0.8348
2019-07-27 12:00:00,386.99,38.39,50.09,64.3,90.8,1,173.5,0.2726,0.362,0.6346
2019-07-27 13:00:00,379.12,38.0,53.37,64.6,90.5,0,194.4,0.2637,0.43,0.6937
2019-07-27 14:00:00,496.17,37.21,52.28,65.2,73.8,1,188.4,0.3538,0.447,0.8008
2019-07-27 15:00:00,158.52,36.21,41.03,66.0,96.5,1,184.0,0.1122,0.42,0.5322
2019-07-27 16:00:00,154.48,35.23,41.54,66.8,98.8,0,191.1,0.1104,0.34,0.4504
2019-07-27 17:00:00,48.38,33.95,35.93,67.8,100.0,0,201.9,0.031,0.278,0.309
2019-07-27 18:00:00,19.38,32.4,33.08,69.1,100.0,0,183.3,0.0049,0.263,0.2679
2019-07-27 19:00:00,0.0,28.63,28.63,72.1,20.0,0,186.2,0.0,0.29,0.29
2019-07-27 20:00:00,0.0,29.48,29.48,71.4,20.0,0,187.4,0.0,0.276,0.276
2019-07-27 21:00:00,0.0,30.28,30.28,70.8,20.0,0,209.4,0.0,0.252,0.252
2019-07-27 22:00:00,0.0,30.14,30.14,70.9,20.0,0,164.5,0.0,0.256,0.256
2019-07-27 23:00:00,0.0,29.25,29.25,71.6,20.0,0,192.3,0.0,0.217,0.217
2019-07-28 00:00:00,0.0,29.26,29.26,71.6,20.0,0,183.1,0.0,0.21,0.21
2019-07-28 01:00:00,0.0,28.82,28.82,71.9,20.0,0,189.9,0.0,0.241,0.241
2019-07-28 02:00:00,0.0,28.92,28.92,71.9,20.0,1,177.6,0.0,0.491,0.491
2019-07-28 03:00:00,0.0,28.53,28.53,72.2,20.0,1,183.7,0.0,0.733,0.733
2019-07-28 04:00:00,0.0,28.4,28.4,72.3,20.0,1,191.3,0.0,0.82,0.82
2019-07-28 05:00:00,0.0,28.35,28.35,72.3,20.0,1,215.3,0.0,0.862,0.862
2019-07-28 06:00:00,41.84,29.14,30.42,71.7,100.0,1,192.3,0.0269,0.874,0.9009
2019-07-28 07:00:00,215.37,31.17,37.73,70.1,54.9,1,175.7,0.1596,0.859,1.0186
2019-07-28 08:00:00,288.66,32.92,41.7,68.7,75.1,1,180.0,0.2125,0.82,1.0325
2019-07-28 09:00:00,508.43,33.25,48.7,68.4,61.4,1,179.7,0.3694,0.755,1.1244
2019-07-28 10:00:00,757.49,33.19,56.2,68.4,48.0,1,166.2,0.536,0.667,1.203
2019-07-28 11:00:00,179.89,33.26,38.7,68.4,95.3,1,180.9,0.1274,0.488,0.6154
2019-07-28 12:00:00,242.25,33.3,40.63,68.4,97.7,1,191.5,0.1734,0.289,0.4624
2019-07-28 13:00:00,433.78,33.18,50.78,68.5,81.4,0,171.5,0.3076,0.271,0.5786
2019-07-28 14:00:00,691.73,33.06,61.25,68.5,43.8,0,194.7,0.4813,0.298,0.7793
2019-07-28 15:00:00,356.9,32.84,47.38,68.7,80.6,0,189.1,0.2588,0.294,0.5528
2019-07-28 16:00:00,229.77,32.44,41.82,69.0,88.4,0,176.9,0.1684,0.297,0.4654
2019-07-28 17:00:00,42.78,31.02,32.77,70.2,100.0,0,182.8,0.0272,0.283,0.3102
2019-07-28 18:00:00,13.0,29.06,29.51,71.8,100.0,0,200.2,0.0016,0.261,0.2626
2019-07-28 19:00:00,0.0,29.84,29.84,71.1,20.0,1,191.5,0.0,0.261,0.261
2019-07-28 20:00:00,0.0,30.22,30.22,70.8,20.0,1,184.3,0.0,0.262,0.262
2019-07-28 21:00:00,0.0,29.85,29.85,71.1,20.0,1,181.8,0.0,0.243,0.243
2019-07-28 22:00:00,0.0,29.54,29.54,71.4,20.0,1,185.0,0.0,0.22,0.22
2019-07-28 23:00:00,0.0,29.2,29.2,71.6,20.0,1,179.1,0.0,0.188,0.188
2019-07-29 00:00:00,0.0,28.92,28.92,71.9,20.0,1,161.9,0.0,0.142,0.142
2019-07-29 01:00:00,0.0,28.6,28.6,72.1,20.0,2,203.3,0.0,0.101,0.101
2019-07-29 02:00:00,0.0,28.25,28.25,72.4,20.0,1,184.5,0.0,0.143,0.143
2019-07-29 03:00:00,0.0,27.88,27.88,72.7,20.0,1,186.9,0.0,0.121,0.121
2019-07-29 04:00:00,0.0,27.58,27.58,72.9,20.0,1,182.3,0.0,0.077,0.077
2019-07-29 05:00:00,0.0,27.8,27.8,72.8,20.0,1,175.5,0.0,0.051,0.051
2019-07-29 06:00:00,30.66,29.66,30.59,71.3,100.0,1,181.0,0.0183,0.05,0.0683
2019-07-29 07:00:00,161.37,32.0,36.92,69.4,76.4,1,166.9,0.1179,0.062,0.1799
2019-07-29 08:00:00,413.53,33.09,45.7,68.5,47.7,1,205.7,0.306,0.087,0.393
2019-07-29 09:00:00,608.01,33.79,52.28,68.0,47.7,1,170.6,0.4385,0.135,0.5735
2019-07-29 10:00:00,336.61,34.44,44.63,67.4,90.7,1,172.6,0.242,0.186,0.428
2019-07-29 11:00:00,239.48,34.67,41.92,67.3,97.6,1,178.5,0.1703,0.223,0.3933
2019-07-29 12:00:00,172.12,34.64,39.85,67.3,97.8,1,195.8,0.1208,0.238,0.3588
2019-07-29 13:00:00,169.65,34.76,41.64,67.2,97.8,0,183.0,0.1184,0.311,0.4294
2019-07-29 14:00:00,193.53,34.44,42.29,67.5,99.0,0,170.5,0.1367,0.408,0.5447
2019-07-29 15:00:00,237.54,33.84,43.51,67.9,95.0,0,195.4,0.1711,0.423,0.5941
2019-07-29 16:00:00,277.21,33.65,44.96,68.1,72.3,0,190.2,0.2022,0.379,0.5812
2019-07-29 17:00:00,125.53,32.86,37.98,68.7,89.0,0,188.3,0.0894,0.29,0.3794
2019-07-29 18:00:00,26.24,31.9,32.8,69.5,100.0,0,190.1,0.0074,0.252,0.2594
2019-07-29 19:00:00,0.0,31.0,31.0,70.2,20.0,1,206.8,0.0,0.244,0.244
2019-07-29 20:00:00,0.0,30.85,30.85,70.3,20.0,1,204.8,0.0,0.233,0.233
2019-07-29 21:00:00,0.0,30.44,30.44,70.6,20.0,1,176.0,0.0,0.22,0.22
2019-07-29 22:00:00,0.0,30.1,30.1,70.9,20.0,1,199.1,0.0,0.212,0.212
2019-07-29 23:00:00,0.0,29.73,29.73,71.2,20.0,1,186.7,0.0,0.201,0.201
2019-07-30 00:00:00,0.0,29.46,29.46,71.4,20.0,1,186.6,0.0,0.167,0.167
2019-07-30 01:00:00,0.0,29.08,29.08,71.7,20.0,1,164.7,0.0,0.11,0.11
2019-07-30 02:00:00,0.0,28.73,28.73,72.0,20.0,1,179.9,0.0,0.096,0.096
2019-07-30 03:00:00,0.0,28.33,28.33,72.3,20.0,1,173.5,0.0,0.092,0.092
2019-07-30 04:00:00,0.0,28.14,28.14,72.5,20.0,0,189.9,0.0,0.085,0.085
2019-07-30 05:00:00,0.0,28.25,28.25,72.4,20.0,0,192.3,0.0,0.071,0.071
2019-07-30 06:00:00,37.18,29.68,31.2,71.3,100.0,0,160.8,0.0232,0.061,0.0842
2019-07-30 07:00:00,93.08,31.09,33.93,70.1,100.0,1,181.4,0.0657,0.069,0.1347
2019-07-30 08:00:00,125.03,31.94,35.74,69.4,100.0,1,192.8,0.0888,0.117,0.2058
2019-07-30 09:00:00,152.24,32.62,37.23,68.9,98.8,1,179.7,0.1081,0.201,0.3091
2019-07-30 10:00:00,187.73,32.79,38.47,68.8,99.5,1,188.9,0.1337,0.274,0.4077
2019-07-30 11:00:00,190.1,32.72,38.46,68.8,98.5,1,185.1,0.1352,0.287,0.4222
2019-07-30 12:00:00,281.25,32.98,41.48,68.6,98.7,1,185.0,0.2022,0.297,0.4992
2019-07-30 13:00:00,245.22,33.15,43.09,68.5,97.7,0,178.9,0.1743,0.417,0.5913
2019-07-30 14:00:00,346.92,33.38,47.47,68.3,93.6,0,169.4,0.2481,0.514,0.7621
2019-07-30 15:00:00,376.36,32.99,48.32,68.6,76.8,0,170.4,0.2727,0.621,0.8937
2019-07-30 16:00:00,298.56,32.48,44.66,69.0,65.1,0,188.7,0.2187,0.666,0.8847
2019-07-30 17:00:00,137.94,31.83,37.45,69.5,75.6,0,181.8,0.0981,0.704,0.8021
2019-07-30 18:00:00,24.07,30.44,31.26,70.6,100.0,0,180.2,0.0065,0.72,0.7265
2019-07-30 19:00:00,0.0,28.87,28.87,71.9,20.0,0,177.3,0.0,0.766,0.766
2019-07-30 20:00:00,0.0,28.98,28.98,71.8,20.0,1,178.5,0.0,0.782,0.782
2019-07-30 21:00:00,0.0,29.16,29.16,71.7,20.0,1,192.1,0.0,0.76,0.76
2019-07-30 22:00:00,0.0,28.94,28.94,71.8,20.0,1,178.2,0.0,0.716,0.716
2019-07-30 23:00:00,0.0,28.7,28.7,72.0,20.0,1,168.2,0.0,0.663,0.663
2019-07-31 00:00:00,0.0,28.37,28.37,72.3,20.0,1,187.7,0.0,0.62,0.62
2019-07-31 01:00:00,0.0,28.15,28.15,72.5,20.0,1,178.2,0.0,0.601,0.601
2019-07-31 02:00:00,0.0,27.91,27.91,72.7,20.0,1,180.6,0.0,0.753,0.753
2019-07-31 03:00:00,0.0,27.73,27.73,72.8,20.0,1,196.3,0.0,0.812,0.812
2019-07-31 04:00:00,0.0,27.43,27.43,73.1,20.0,1,180.0,0.0,0.807,0.807
2019-07-31 05:00:00,0.0,27.37,27.37,73.1,20.0,1,183.1,0.0,0.766,0.766
2019-07-31 06:00:00,26.0,27.81,28.6,72.8,100.0,1,168.5,0.0149,0.714,0.7289
2019-07-31 07:00:00,53.05,28.9,31.06,71.9,100.0,0,178.1,0.0352,0.695,0.7302
2019-07-31 08:00:00,77.4,30.16,33.31,70.9,100.0,0,186.3,0.0528,0.7,0.7528
2019-07-31 09:00:00,110.28,32.15,36.62,69.3,100.0,0,164.7,0.0763,0.715,0.7913
2019-07-31 10:00:00,128.36,32.83,38.03,68.7,100.0,0,182.3,0.0889,0.722,0.8109
2019-07-31 11:00:00,147.5,33.28,37.73,68.4,99.4,1,181.3,0.1032,0.68,0.7832
2019-07-31 12:00:00,158.85,33.59,38.39,68.1,98.8,1,180.7,0.1115,0.586,0.6975
2019-07-31 13:00:00,306.07,33.51,42.78,68.2,92.8,1,190.6,0.2208,0.597,0.8178
2019-07-31 14:00:00,325.37,33.44,43.31,68.2,95.1,1,183.6,0.2362,0.647,0.8832
2019-07-31 15:00:00,218.07,33.15,42.02,68.5,97.0,0,195.0,0.1572,0.698,0.8552
2019-07-31 16:00:00,139.1,32.6,38.29,68.9,100.0,0,170.3,0.1001,0.724,0.8241
2019-07-31 17:00:00,69.88,31.76,34.61,69.6,100.0,0,181.6,0.0478,0.752,0.7998
2019-07-31 18:00:00,17.63,30.81,31.26,70.4,100.0,1,181.1,0.0036,0.788,0.7916
2019-07-31 19:00:00,0.0,30.41,30.41,70.7,20.0,1,169.6,0.0,0.792,0.792
2019-07-31 20:00:00,0.0,29.97,29.97,71.0,20.0,2,189.8,0.0,0.785,0.785
2019-07-31 21:00:00,0.0,29.58,29.58,71.3,20.0,1,203.5,0.0,0.767,0.767
2019-07-31 22:00:00,0.0,29.3,29.3,71.6,20.0,1,180.1,0.0,0.749,0.749
2019-07-31 23:00:00,0.0,29.07,29.07,71.7,20.0,1,185.3,0.0,0.667,0.667
2019-08-01 00:00:00,0.0,28.81,28.81,72.0,20.0,1,179.8,0.0,0.712,0.712
2019-08-01 01:00:00,0.0,28.52,28.52,72.2,20.0,0,171.8,0.0,0.703,0.703
2019-08-01 02:00:00,0.0,28.19,28.19,72.4,20.0,0,160.7,0.0,0.757,0.757
2019-08-01 03:00:00,0.0,27.92,27.92,72.7,20.0,0,171.8,0.0,0.844,0.844
2019-08-01 04:00:00,0.0,27.64,27.64,72.9,20.0,0,165.0,0.0,0.856,0.856
2019-08-01 05:00:00,0.0,27.12,27.12,73.3,20.0,1,195.9,0.0,0.84,0.84
2019-08-01 06:00:00,51.7,27.58,29.16,72.9,87.1,1,177.8,0.0345,0.819,0.8535
2019-08-01 07:00:00,220.6,28.15,34.87,72.5,51.9,1,175.4,0.1658,0.814,0.9798
2019-08-01 08:00:00,428.79,28.91,41.98,71.9,42.2,1,187.8,0.3233,0.814,1.1373
2019-08-01 09:00:00,394.65,29.49,39.05,71.4,78.1,2,167.7,0.2951,0.808,1.1031
2019-08-01 10:00:00,654.06,29.96,45.79,71.0,57.1,2,171.2,0.482,0.779,1.261
2019-08-01 11:00:00,883.35,30.52,51.92,70.6,34.9,2,179.6,0.6378,0.702,1.3398
2019-08-01 12:00:00,605.96,30.98,45.62,70.2,66.8,2,189.2,0.4442,0.558,1.0022
2019-08-01 13:00:00,825.29,31.3,51.31,70.0,36.2,2,183.9,0.5988,0.513,1.1118
2019-08-01 14:00:00,509.89,31.44,46.92,69.9,71.3,1,181.4,0.3728,0.501,0.8738
2019-08-01 15:00:00,382.78,31.32,42.98,69.9,74.4,1,179.7,0.2842,0.63,0.9142
2019-08-01 16:00:00,75.45,31.08,33.38,70.1,100.0,1,182.9,0.0522,0.687,0.7392
2019-08-01 17:00:00,60.1,30.59,32.43,70.5,100.0,1,180.9,0.0406,0.733,0.7736
2019-08-01 18:00:00,9.28,29.7,29.94,71.2,20.0,1,168.6,0.0,0.718,0.718
2019-08-01 19:00:00,0.0,29.22,29.22,71.6,20.0,1,179.4,0.0,0.757,0.757
2019-08-01 20:00:00,0.0,28.87,28.87,71.9,20.0,1,168.2,0.0,0.666,0.666
2019-08-01 21:00:00,0.0,28.48,28.48,72.2,20.0,2,179.7,0.0,0.655,0.655
2019-08-01 22:00:00,0.0,28.09,28.09,72.5,20.0,2,174.1,0.0,0.59,0.59
2019-08-01 23:00:00,0.0,27.74,27.74,72.8,20.0,2,204.3,0.0,0.481,0.481
2019-08-02 00:00:00,0.0,27.38,27.38,73.1,20.0,1,177.1,0.0,0.407,0.407
2019-08-02 01:00:00,0.0,27.13,27.13,73.3,20.0,1,163.5,0.0,0.352,0.352
2019-08-02 02:00:00,0.0,26.84,26.84,73.5,20.0,1,176.2,0.0,0.571,0.571
2019-08-02 03:00:00,0.0,26.64,26.64,73.7,20.0,1,182.7,0.0,0.702,0.702
2019-08-02 04:00:00,0.0,26.61,26.61,73.7,20.0,1,194.3,0.0,0.714,0.714
2019-08-02 05:00:00,0.0,26.79,26.79,73.6,20.0,1,171.7,0.0,0.71,0.71
2019-08-02 06:00:00,11.13,27.49,27.83,73.0,100.0,1,161.7,0.0038,0.713,0.7168
2019-08-02 07:00:00,40.0,28.87,30.09,71.9,100.0,1,185.7,0.0253,0.718,0.7433
2019-08-02 08:00:00,70.85,30.27,32.42,70.8,100.0,1,163.7,0.048,0.712,0.76
2019-08-02 09:00:00,194.88,31.17,37.07,70.1,96.7,1,173.2,0.141,0.671,0.812
2019-08-02 10:00:00,379.89,31.7,43.2,69.6,91.9,1,175.0,0.2762,0.566,0.8422
2019-08-02 11:00:00,458.79,32.0,45.88,69.4,84.8,1,176.9,0.3319,0.378,0.7099
2019-08-02 12:00:00,188.3,31.85,37.55,69.5,97.5,1,184.4,0.1345,0.225,0.3595
2019-08-02 13:00:00,161.27,31.1,35.98,70.1,98.8,1,170.7,0.115,0.216,0.331
2019-08-02 14:00:00,218.3,30.74,39.61,70.4,97.0,0,174.8,0.1575,0.241,0.3985
2019-08-02 15:00:00,289.4,30.78,39.58,70.4,86.6,1,177.4,0.2148,0.302,0.5168
2019-08-02 16:00:00,315.45,30.38,39.99,70.7,50.1,1,179.0,0.2359,0.367,0.6029
2019-08-02 17:00:00,38.11,29.67,30.83,71.3,100.0,1,178.5,0.0239,0.414,0.4379
2019-08-02 18:00:00,9.28,28.84,29.07,71.9,20.0,1,181.9,0.0,0.479,0.479
2019-08-02 19:00:00,0.0,28.42,28.42,72.3,20.0,1,186.0,0.0,0.539,0.539
2019-08-02 20:00:00,0.0,27.98,27.98,72.6,20.0,1,181.5,0.0,0.705,0.705
2019-08-02 21:00:00,0.0,27.52,27.52,73.0,20.0,1,182.1,0.0,0.682,0.682
2019-08-02 22:00:00,0.0,27.04,27.04,73.4,20.0,1,161.7,0.0,0.664,0.664
2019-08-02 23:00:00,0.0,26.6,26.6,73.7,20.0,2,178.1,0.0,0.692,0.692
2019-08-03 00:00:00,0.0,26.22,26.22,74.0,20.0,2,181.0,0.0,0.69,0.69
2019-08-03 01:00:00,0.0,25.85,25.85,74.3,20.0,2,183.5,0.0,0.693,0.693
2019-08-03 02:00:00,0.0,25.48,25.48,74.6,20.0,1,169.3,0.0,0.748,0.748
2019-08-03 03:00:00,0.0,25.23,25.23,74.8,20.0,1,169.6,0.0,0.807,0.807
2019-08-03 04:00:00,0.0,24.98,24.98,75.0,20.0,1,170.4,0.0,0.842,0.842
2019-08-03 05:00:00,0.0,24.99,24.99,75.0,20.0,1,181.5,0.0,0.854,0.854
2019-08-03 06:00:00,24.14,25.47,26.2,74.6,100.0,1,186.5,0.0137,0.85,0.8637
2019-08-03 07:00:00,86.6,27.04,29.68,73.4,100.0,1,172.1,0.0619,0.837,0.8989
2019-08-03 08:00:00,186.87,28.74,34.42,72.0,97.0,1,185.3,0.1378,0.815,0.9528
2019-08-03 09:00:00,230.62,30.04,37.03,71.0,96.8,1,177.4,0.1687,0.777,0.9457
2019-08-03 10:00:00,196.22,31.43,37.37,69.9,97.6,1,174.9,0.141,0.71,0.851
2019-08-03 11:00:00,315.12,32.41,41.95,69.1,92.0,1,174.1,0.2278,0.615,0.8428
2019-08-03 12:00:00,433.3,32.94,50.5,68.7,82.4,0,183.6,0.3068,0.506,0.8128
2019-08-03 13:00:00,691.66,33.1,61.21,68.5,58.9,0,179.4,0.4771,0.482,0.9591
2019-08-03 14:00:00,410.91,32.92,49.61,68.7,88.8,0,198.9,0.2936,0.467,0.7606
2019-08-03 15:00:00,246.83,32.4,42.45,69.1,94.8,0,167.7,0.1791,0.467,0.6461
2019-08-03 16:00:00,219.0,31.51,40.46,69.8,92.3,0,181.4,0.1612,0.565,0.7262
2019-08-03 17:00:00,105.68,30.98,35.3,70.2,97.5,0,170.9,0.0754,0.555,0.6304
2019-08-03 18:00:00,12.07,29.67,30.08,71.3,100.0,0,167.5,0.0011,0.529,0.5301
2019-08-03 19:00:00,0.0,28.12,28.12,72.5,20.0,1,176.1,0.0,0.507,0.507
2019-08-03 20:00:00,0.0,28.74,28.74,72.0,20.0,1,177.6,0.0,0.478,0.478
2019-08-03 21:00:00,0.0,27.87,27.87,72.7,20.0,1,205.4,0.0,0.474,0.474
2019-08-03 22:00:00,0.0,27.41,27.41,73.1,20.0,2,174.3,0.0,0.459,0.459
2019-08-03 23:00:00,0.0,26.86,26.86,73.5,20.0,2,164.9,0.0,0.374,0.374
2019-08-04 00:00:00,0.0,26.38,26.38,73.9,20.0,2,177.5,0.0,0.31,0.31
2019-08-04 01:00:00,0.0,25.96,25.96,74.2,20.0,2,154.0,0.0,0.318,0.318
2019-08-04 02:00:00,0.0,25.62,25.62,74.5,20.0,2,173.9,0.0,0.361,0.361
2019-08-04 03:00:00,0.0,25.39,25.39,74.7,20.0,2,175.0,0.0,0.355,0.355
2019-08-04 04:00:00,0.0,25.24,25.24,74.8,20.0,2,182.7,0.0,0.31,0.31
2019-08-04 05:00:00,0.0,25.41,25.41,74.7,20.0,1,184.5,0.0,0.242,0.242
2019-08-04 06:00:00,25.07,26.7,27.47,73.6,100.0,1,169.8,0.0143,0.163,0.1773
2019-08-04 07:00:00,165.13,28.53,33.56,72.2,74.3,1,173.3,0.1227,0.112,0.2347
2019-08-04 08:00:00,285.41,29.8,38.48,71.2,81.4,1,167.1,0.2127,0.085,0.2977
2019-08-04 09:00:00,347.77,30.54,41.09,70.6,90.5,1,163.5,0.2558,0.069,0.3248
2019-08-04 10:00:00,384.23,30.92,42.55,70.3,92.5,1,177.9,0.2803,0.054,0.3343
2019-08-04 11:00:00,494.65,31.21,46.18,70.0,82.4,1,162.1,0.3585,0.041,0.3995
2019-08-04 12:00:00,612.94,31.32,49.9,69.9,70.8,1,170.6,0.4409,0.032,0.4729
2019-08-04 13:00:00,530.04,31.16,52.67,70.1,77.0,0,164.8,0.3758,0.024,0.3998
2019-08-04 14:00:00,607.37,30.78,55.5,70.4,58.1,0,180.3,0.4312,0.019,0.4502
2019-08-04 15:00:00,314.96,30.46,43.28,70.6,89.0,0,192.8,0.231,0.034,0.265
2019-08-04 16:00:00,174.76,30.26,37.4,70.8,94.4,0,161.8,0.1285,0.075,0.2035
2019-08-04 17:00:00,159.75,29.73,36.14,71.2,41.8,0,156.3,0.1095,0.119,0.2285
2019-08-04 18:00:00,8.35,28.54,28.82,72.2,20.0,0,173.5,0.0,0.143,0.143
2019-08-04 19:00:00,0.0,28.02,28.02,72.6,20.0,1,175.0,0.0,0.147,0.147
2019-08-04 20:00:00,0.0,27.84,27.84,72.7,20.0,1,177.0,0.0,0.138,0.138
2019-08-04 21:00:00,0.0,27.73,27.73,72.8,20.0,1,170.3,0.0,0.125,0.125
2019-08-04 22:00:00,0.0,27.4,27.4,73.1,20.0,1,172.8,0.0,0.136,0.136
2019-08-04 23:00:00,0.0,27.09,27.09,73.3,20.0,1,178.5,0.0,0.19,0.19
2019-08-05 00:00:00,0.0,26.78,26.78,73.6,20.0,1,183.8,0.0,0.259,0.259
2019-08-05 01:00:00,0.0,26.52,26.52,73.8,20.0,1,153.9,0.0,0.323,0.323
2019-08-05 02:00:00,0.0,26.26,26.26,74.0,20.0,1,169.7,0.0,0.461,0.461
2019-08-05 03:00:00,0.0,26.04,26.04,74.2,20.0,1,175.5,0.0,0.505,0.505
2019-08-05 04:00:00,0.0,25.83,25.83,74.3,20.0,1,164.2,0.0,0.476,0.476
2019-08-05 05:00:00,0.0,25.95,25.95,74.2,20.0,1,190.7,0.0,0.4,0.4
2019-08-05 06:00:00,47.76,26.66,28.11,73.7,81.7,1,167.0,0.0314,0.367,0.3984
2019-08-05 07:00:00,70.78,28.32,30.48,72.3,100.0,1,173.0,0.0492,0.418,0.4672
2019-08-05 08:00:00,403.29,29.51,41.8,71.4,51.8,1,179.0,0.3029,0.481,0.7839
2019-08-05 09:00:00,608.22,30.19,48.69,70.9,43.9,1,167.5,0.4461,0.447,0.8931
2019-08-05 10:00:00,823.65,30.81,55.85,70.4,30.5,1,154.9,0.5868,0.393,0.9798
2019-08-05 11:00:00,905.36,31.26,58.78,70.0,30.4,1,169.1,0.6354,0.296,0.9314
2019-08-05 12:00:00,915.84,31.35,59.18,69.9,30.4,1,183.7,0.6416,0.179,0.8206
2019-08-05 13:00:00,811.19,31.43,56.09,69.9,37.3,1,170.0,0.5765,0.156,0.7325
2019-08-05 14:00:00,303.2,31.01,40.21,70.2,82.9,1,164.9,0.223,0.192,0.415
2019-08-05 15:00:00,561.71,30.86,48.0,70.3,36.0,1,182.7,0.4173,0.22,0.6373
2019-08-05 16:00:00,357.92,30.59,41.48,70.5,34.4,1,170.1,0.2667,0.21,0.4767
2019-08-05 17:00:00,137.13,29.98,34.14,71.0,65.6,1,168.3,0.0977,0.214,0.3117
2019-08-05 18:00:00,26.66,29.1,29.78,71.7,100.0,1,174.9,0.0077,0.253,0.2607
2019-08-05 19:00:00,0.0,28.73,28.73,72.0,20.0,1,181.1,0.0,0.431,0.431
2019-08-05 20:00:00,0.0,28.37,28.37,72.3,20.0,1,197.2,0.0,0.522,0.522
2019-08-05 21:00:00,0.0,27.96,27.96,72.6,20.0,2,181.7,0.0,0.477,0.477
2019-08-05 22:00:00,0.0,27.61,27.61,72.9,20.0,2,185.0,0.0,0.395,0.395
2019-08-05 23:00:00,0.0,27.22,27.22,73.2,20.0,2,168.3,0.0,0.338,0.338
2019-08-06 00:00:00,0.0,26.89,26.89,73.5,20.0,2,161.7,0.0,0.27,0.27
2019-08-06 01:00:00,0.0,26.63,26.63,73.7,20.0,2,172.6,0.0,0.247,0.247
2019-08-06 02:00:00,0.0,26.42,26.42,73.9,20.0,2,173.1,0.0,0.324,0.324
2019-08-06 03:00:00,0.0,26.22,26.22,74.0,20.0,1,161.2,0.0,0.441,0.441
2019-08-06 04:00:00,0.0,26.12,26.12,74.1,20.0,1,170.2,0.0,0.54,0.54
2019-08-06 05:00:00,0.0,26.26,26.26,74.0,20.0,1,176.0,0.0,0.595,0.595
2019-08-06 06:00:00,51.04,26.98,28.53,73.4,58.5,1,175.6,0.033,0.62,0.653
2019-08-06 07:00:00,252.11,28.41,36.09,72.3,38.0,1,177.0,0.1899,0.592,0.7819
2019-08-06 08:00:00,482.67,29.78,44.5,71.2,31.5,1,174.9,0.3626,0.519,0.8816
2019-08-06 09:00:00,677.44,30.6,51.23,70.5,30.8,1,166.9,0.4941,0.447,0.9411
2019-08-06 10:00:00,796.1,31.22,55.42,70.0,33.5,1,166.9,0.5678,0.38,0.9478
2019-08-06 11:00:00,500.12,31.72,46.86,69.6,79.3,1,160.0,0.3618,0.315,0.6768
2019-08-06 12:00:00,909.75,31.93,59.57,69.5,33.9,1,189.8,0.6358,0.294,0.9298
2019-08-06 13:00:00,856.01,32.23,67.09,69.2,30.4,0,172.1,0.5803,0.355,0.9353
2019-08-06 14:00:00,715.67,32.18,61.37,69.3,30.9,0,169.7,0.5,0.398,0.898
2019-08-06 15:00:00,512.11,31.68,52.6,69.7,44.8,0,162.7,0.3712,0.383,0.7542
2019-08-06 16:00:00,357.89,31.27,45.86,70.0,31.6,0,201.4,0.2615,0.342,0.6035
2019-08-06 17:00:00,162.19,30.43,36.92,70.7,39.8,0,161.3,0.1103,0.345,0.4553
2019-08-06 18:00:00,31.67,29.76,30.56,71.2,100.0,1,167.7,0.01,0.367,0.377
2019-08-06 19:00:00,0.0,29.35,29.35,71.5,20.0,1,176.2,0.0,0.438,0.438
2019-08-06 20:00:00,0.0,28.97,28.97,71.8,20.0,1,178.0,0.0,0.479,0.479
2019-08-06 21:00:00,0.0,28.57,28.57,72.1,20.0,1,181.6,0.0,0.532,0.532
2019-08-06 22:00:00,0.0,28.24,28.24,72.4,20.0,1,190.1,0.0,0.554,0.554
2019-08-06 23:00:00,0.0,27.92,27.92,72.7,20.0,1,177.1,0.0,0.491,0.491
2019-08-07 00:00:00,0.0,27.62,27.62,72.9,20.0,1,160.0,0.0,0.416,0.416
2019-08-07 01:00:00,0.0,27.4,27.4,73.1,20.0,1,168.0,0.0,0.495,0.495
2019-08-07 02:00:00,0.0,27.19,27.19,73.3,20.0,2,173.7,0.0,0.727,0.727
2019-08-07 03:00:00,0.0,26.97,26.97,73.4,20.0,2,191.3,0.0,0.812,0.812
2019-08-07 04:00:00,0.0,26.77,26.77,73.6,20.0,2,156.6,0.0,0.834,0.834
2019-08-07 05:00:00,0.0,26.85,26.85,73.5,20.0,2,182.6,0.0,0.849,0.849
2019-08-07 06:00:00,44.82,27.67,28.76,72.9,98.0,2,172.4,0.0294,0.863,0.8924
2019-08-07 07:00:00,255.91,29.24,35.46,71.6,36.5,2,179.0,0.1934,0.884,1.0774
2019-08-07 08:00:00,483.11,30.75,40.53,70.4,31.5,3,169.6,0.3691,0.896,1.2651
2019-08-07 09:00:00,649.21,31.72,44.83,69.6,33.1,3,162.2,0.4859,0.888,1.3739
2019-08-07 10:00:00,826.1,32.46,49.12,69.0,30.5,3,178.1,0.6058,0.872,1.4778
2019-08-07 11:00:00,907.92,32.92,51.23,68.7,30.5,3,177.1,0.6583,0.828,1.4863
2019-08-07 12:00:00,877.04,33.03,50.72,68.6,31.0,3,180.3,0.6374,0.764,1.4014
2019-08-07 13:00:00,857.51,33.13,53.93,68.5,30.5,2,170.4,0.6164,0.684,1.3004
2019-08-07 14:00:00,678.47,33.22,49.69,68.4,36.8,2,164.6,0.4977,0.656,1.1537
2019-08-07 15:00:00,558.52,32.84,46.44,68.7,30.8,2,155.0,0.4184,0.607,1.0254
2019-08-07 16:00:00,357.77,32.13,40.81,69.3,31.6,2,178.8,0.2671,0.54,0.8071
2019-08-07 17:00:00,165.93,31.15,35.11,70.1,39.9,2,174.8,0.1139,0.522,0.6359
2019-08-07 18:00:00,17.5,29.98,30.33,71.0,100.0,2,160.9,0.0035,0.515,0.5185
2019-08-07 19:00:00,0.0,29.4,29.4,71.5,20.0,2,165.2,0.0,0.444,0.444
2019-08-07 20:00:00,0.0,28.96,28.96,71.8,20.0,2,165.9,0.0,0.39,0.39
2019-08-07 21:00:00,0.0,28.46,28.46,72.2,20.0,2,155.7,0.0,0.408,0.408
2019-08-07 22:00:00,0.0,27.98,27.98,72.6,20.0,2,162.4,0.0,0.31,0.31
2019-08-07 23:00:00,0.0,27.56,27.56,72.9,20.0,3,159.2,0.0,0.297,0.297
2019-08-08 00:00:00,0.0,27.24,27.24,73.2,20.0,3,165.0,0.0,0.374,0.374
2019-08-08 01:00:00,0.0,26.94,26.94,73.4,20.0,3,161.8,0.0,0.402,0.402
2019-08-08 02:00:00,0.0,26.65,26.65,73.7,20.0,3,152.9,0.0,0.302,0.302
2019-08-08 03:00:00,0.0,26.37,26.37,73.9,20.0,3,189.4,0.0,0.401,0.401
2019-08-08 04:00:00,0.0,26.15,26.15,74.1,20.0,3,181.7,0.0,0.431,0.431
2019-08-08 05:00:00,0.0,26.07,26.07,74.1,20.0,3,161.4,0.0,0.431,0.431
2019-08-08 06:00:00,48.12,26.92,27.89,73.5,67.1,3,171.9,0.0313,0.439,0.4703
2019-08-08 07:00:00,255.7,28.45,33.62,72.2,36.6,3,173.3,0.1948,0.445,0.6398
2019-08-08 08:00:00,483.57,29.92,38.3,71.1,31.5,4,181.1,0.3729,0.443,0.8159
2019-08-08 09:00:00,678.69,31.1,42.83,70.1,30.8,4,161.0,0.5129,0.398,0.9109
2019-08-08 10:00:00,826.86,32.12,46.39,69.3,30.5,4,180.1,0.6134,0.304,0.9174
2019-08-08 11:00:00,907.75,32.89,48.56,68.7,30.4,4,163.7,0.6657,0.204,0.8697
2019-08-08 12:00:00,797.71,33.31,47.06,68.3,44.7,4,155.8,0.5866,0.181,0.7676
2019-08-08 13:00:00,834.46,33.49,47.9,68.2,29.5,4,176.4,0.6156,0.231,0.8466
2019-08-08 14:00:00,731.79,33.28,45.94,68.4,30.5,4,182.1,0.5468,0.264,0.8108
2019-08-08 15:00:00,558.58,32.73,44.05,68.8,30.8,3,195.0,0.4227,0.279,0.7017
2019-08-08 16:00:00,335.82,31.95,38.74,69.4,42.6,3,157.2,0.2529,0.282,0.5349
2019-08-08 17:00:00,141.49,30.83,33.67,70.3,60.4,3,176.1,0.1004,0.289,0.3894
2019-08-08 18:00:00,29.03,29.6,30.09,71.3,100.0,3,165.1,0.0088,0.309,0.3178
2019-08-08 19:00:00,0.0,29.03,29.03,71.8,20.0,3,177.0,0.0,0.353,0.353
2019-08-08 20:00:00,0.0,28.51,28.51,72.2,20.0,3,154.4,0.0,0.403,0.403
2019-08-08 21:00:00,0.0,28.01,28.01,72.6,20.0,4,156.5,0.0,0.438,0.438
2019-08-08 22:00:00,0.0,27.63,27.63,72.9,20.0,4,161.4,0.0,0.481,0.481
2019-08-08 23:00:00,0.0,27.28,27.28,73.2,20.0,4,169.9,0.0,0.578,0.578
2019-08-09 00:00:00,0.0,27.01,27.01,73.4,20.0,4,161.3,0.0,0.785,0.785
2019-08-09 01:00:00,0.0,26.78,26.78,73.6,20.0,4,174.3,0.0,0.903,0.903
2019-08-09 02:00:00,0.0,26.55,26.55,73.8,20.0,4,178.0,0.0,0.939,0.939
2019-08-09 03:00:00,0.0,26.33,26.33,73.9,20.0,3,173.7,0.0,0.969,0.969
2019-08-09 04:00:00,0.0,26.13,26.13,74.1,20.0,3,183.9,0.0,0.979,0.979
2019-08-09 05:00:00,0.0,26.17,26.17,74.1,20.0,3,171.9,0.0,0.983,0.983
2019-08-09 06:00:00,48.9,27.22,28.21,73.2,86.4,3,155.5,0.0324,0.984,1.0164
2019-08-09 07:00:00,187.58,28.72,32.51,72.0,62.8,3,181.3,0.1413,0.979,1.1203
2019-08-09 08:00:00,442.3,29.88,37.54,71.1,40.5,4,161.7,0.3404,0.97,1.3104
2019-08-09 09:00:00,608.21,30.91,41.41,70.3,44.3,4,176.8,0.4599,0.956,1.4159
2019-08-09 10:00:00,626.33,31.39,42.19,69.9,56.0,4,183.5,0.4685,0.934,1.4025
2019-08-09 11:00:00,322.0,31.47,37.0,69.8,87.1,4,172.3,0.2384,0.902,1.1404
2019-08-09 12:00:00,915.76,31.52,47.32,69.8,30.4,4,152.8,0.6751,0.877,1.5521
2019-08-09 13:00:00,448.26,31.6,40.61,69.7,78.7,3,158.5,0.3329,0.876,1.2089
2019-08-09 14:00:00,445.42,31.39,40.36,69.9,80.1,3,180.9,0.333,0.871,1.204
2019-08-09 15:00:00,409.88,30.94,40.9,70.2,69.5,2,166.0,0.3085,0.867,1.1755
2019-08-09 16:00:00,353.72,30.51,39.1,70.6,34.5,2,168.5,0.2661,0.864,1.1301
2019-08-09 17:00:00,161.9,29.91,33.77,71.1,41.7,2,175.3,0.112,0.856,0.968
2019-08-09 18:00:00,7.42,29.26,29.41,71.6,20.0,2,174.7,0.0,0.838,0.838
2019-08-09 19:00:00,0.0,28.87,28.87,71.9,20.0,2,170.5,0.0,0.795,0.795
2019-08-09 20:00:00,0.0,28.55,28.55,72.2,20.0,2,165.6,0.0,0.733,0.733
2019-08-09 21:00:00,0.0,28.25,28.25,72.4,20.0,2,164.6,0.0,0.647,0.647
2019-08-09 22:00:00,0.0,27.92,27.92,72.7,20.0,2,176.3,0.0,0.509,0.509
2019-08-09 23:00:00,0.0,27.58,27.58,72.9,20.0,2,173.2,0.0,0.364,0.364
2019-08-10 00:00:00,0.0,27.28,27.28,73.2,20.0,1,163.7,0.0,0.278,0.278
2019-08-10 01:00:00,0.0,27.01,27.01,73.4,20.0,1,177.1,0.0,0.236,0.236
2019-08-10 02:00:00,0.0,26.78,26.78,73.6,20.0,1,165.0,0.0,0.328,0.328
2019-08-10 03:00:00,0.0,26.58,26.58,73.7,20.0,1,157.7,0.0,0.354,0.354
2019-08-10 04:00:00,0.0,26.35,26.35,73.9,20.0,1,158.7,0.0,0.358,0.358
2019-08-10 05:00:00,0.0,26.63,26.63,73.7,20.0,1,156.5,0.0,0.358,0.358
2019-08-10 06:00:00,54.51,27.8,29.45,72.8,65.4,1,163.5,0.0358,0.362,0.3978
2019-08-10 07:00:00,242.33,29.84,37.23,71.1,40.2,1,178.6,0.1814,0.362,0.5434
2019-08-10 08:00:00,481.65,31.12,50.81,70.1,31.6,0,158.2,0.3522,0.376,0.7282
2019-08-10 09:00:00,677.39,32.03,59.65,69.4,30.8,0,168.2,0.4763,0.372,0.8483
2019-08-10 10:00:00,825.59,32.41,66.03,69.1,30.5,0,159.7,0.5622,0.324,0.8862
2019-08-10 11:00:00,837.81,32.58,66.67,68.9,33.9,0,163.7,0.5671,0.238,0.8051
2019-08-10 12:00:00,919.39,32.71,70.12,68.8,30.4,0,151.2,0.6131,0.146,0.7591
2019-08-10 13:00:00,858.09,32.56,67.5,69.0,30.4,0,164.1,0.5808,0.111,0.6918
2019-08-10 14:00:00,712.37,32.47,61.53,69.0,31.3,0,164.3,0.4974,0.117,0.6144
2019-08-10 15:00:00,541.74,32.11,54.25,69.3,33.2,0,171.7,0.3919,0.143,0.5349
2019-08-10 16:00:00,353.19,31.76,46.16,69.6,34.5,0,168.5,0.2577,0.168,0.4257
2019-08-10 17:00:00,139.97,31.24,36.89,70.0,55.3,0,154.3,0.097,0.185,0.282
2019-08-10 18:00:00,26.26,30.04,30.94,71.0,100.0,0,177.1,0.0075,0.227,0.2345
2019-08-10 19:00:00,0.0,29.58,29.58,71.3,20.0,0,168.4,0.0,0.264,0.264
2019-08-10 20:00:00,0.0,28.98,28.98,71.8,20.0,0,168.3,0.0,0.235,0.235
2019-08-10 21:00:00,0.0,28.56,28.56,72.2,20.0,0,166.2,0.0,0.222,0.222
2019-08-10 22:00:00,0.0,27.94,27.94,72.6,20.0,0,161.1,0.0,0.235,0.235
2019-08-10 23:00:00,0.0,27.88,27.88,72.7,20.0,0,168.4,0.0,0.231,0.231
2019-08-11 00:00:00,0.0,27.62,27.62,72.9,20.0,0,169.6,0.0,0.226,0.226
2019-08-11 01:00:00,0.0,27.47,27.47,73.0,20.0,0,147.3,0.0,0.218,0.218
2019-08-11 02:00:00,0.0,27.28,27.28,73.2,20.0,1,159.4,0.0,0.334,0.334
2019-08-11 03:00:00,0.0,27.04,27.04,73.4,20.0,1,162.3,0.0,0.304,0.304
2019-08-11 04:00:00,0.0,26.9,26.9,73.5,20.0,1,167.4,0.0,0.218,0.218
2019-08-11 05:00:00,0.0,27.09,27.09,73.3,20.0,1,176.7,0.0,0.152,0.152
2019-08-11 06:00:00,37.18,28.08,29.21,72.5,100.0,1,157.1,0.0234,0.119,0.1424
2019-08-11 07:00:00,203.23,29.82,36.02,71.1,56.0,1,159.8,0.1515,0.112,0.2635
2019-08-11 08:00:00,320.41,31.33,39.11,69.9,69.4,2,159.7,0.2403,0.112,0.3523
2019-08-11 09:00:00,620.82,32.14,47.21,69.3,44.3,2,156.8,0.4585,0.126,0.5845
2019-08-11 10:00:00,683.69,32.55,49.11,69.0,52.4,2,161.3,0.498,0.141,0.639
2019-08-11 11:00:00,908.14,32.73,51.04,68.8,30.5,3,172.5,0.6591,0.14,0.7991
2019-08-11 12:00:00,883.75,32.59,50.41,68.9,30.4,3,154.3,0.6433,0.127,0.7703
2019-08-11 13:00:00,787.02,32.52,48.39,69.0,33.6,3,169.1,0.5788,0.11,0.6888
2019-08-11 14:00:00,703.28,32.18,49.27,69.3,31.9,2,147.8,0.518,0.116,0.634
2019-08-11 15:00:00,504.13,31.83,44.1,69.5,45.8,2,159.2,0.379,0.125,0.504
2019-08-11 16:00:00,352.25,31.44,42.16,69.9,34.7,1,161.5,0.2615,0.147,0.4085
2019-08-11 17:00:00,140.81,30.75,34.99,70.4,52.9,1,181.6,0.098,0.176,0.274
2019-08-11 18:00:00,18.88,30.24,30.72,70.8,100.0,1,162.1,0.0041,0.205,0.2091
2019-08-11 19:00:00,0.0,29.89,29.89,71.1,20.0,1,142.8,0.0,0.256,0.256
2019-08-11 20:00:00,0.0,29.6,29.6,71.3,20.0,1,144.8,0.0,0.332,0.332
2019-08-11 21:00:00,0.0,29.26,29.26,71.6,20.0,1,165.2,0.0,0.392,0.392
2019-08-11 22:00:00,0.0,28.96,28.96,71.8,20.0,2,170.9,0.0,0.481,0.481
2019-08-11 23:00:00,0.0,28.58,28.58,72.1,20.0,2,168.6,0.0,0.46,0.46
2019-08-12 00:00:00,0.0,28.28,28.28,72.4,20.0,2,165.0,0.0,0.366,0.366
2019-08-12 01:00:00,0.0,27.97,27.97,72.6,20.0,2,175.0,0.0,0.414,0.414
2019-08-12 02:00:00,0.0,27.7,27.7,72.8,20.0,2,157.9,0.0,0.574,0.574
2019-08-12 03:00:00,0.0,27.54,27.54,73.0,20.0,2,172.3,0.0,0.588,0.588
2019-08-12 04:00:00,0.0,27.34,27.34,73.1,20.0,2,147.0,0.0,0.534,0.534
2019-08-12 05:00:00,0.0,27.23,27.23,73.2,20.0,2,154.3,0.0,0.454,0.454
2019-08-12 06:00:00,42.03,27.25,28.28,73.2,97.8,2,145.3,0.0273,0.394,0.4213
2019-08-12 07:00:00,72.65,27.51,29.28,73.0,100.0,2,160.6,0.051,0.367,0.418
2019-08-12 08:00:00,127.0,27.95,31.03,72.6,100.0,2,162.9,0.0923,0.352,0.4443
2019-08-12 09:00:00,227.21,28.58,34.08,72.1,96.7,2,164.5,0.1683,0.32,0.4883
2019-08-12 10:00:00,328.64,29.19,37.13,71.6,94.5,2,164.0,0.2436,0.289,0.5326
2019-08-12 11:00:00,414.6,29.74,39.74,71.2,91.3,2,154.1,0.3063,0.253,0.5593
2019-08-12 12:00:00,370.58,30.34,39.28,70.7,95.4,2,161.4,0.2729,0.202,0.4749
2019-08-12 13:00:00,389.62,30.53,39.94,70.6,94.4,2,148.4,0.2877,0.225,0.5127
2019-08-12 14:00:00,317.63,30.59,38.27,70.5,94.7,2,177.0,0.2356,0.263,0.4986
2019-08-12 15:00:00,328.99,30.51,40.52,70.6,89.7,1,160.3,0.2449,0.3,0.5449
2019-08-12 16:00:00,220.24,30.22,36.95,70.8,90.8,1,158.5,0.1649,0.338,0.5029
2019-08-12 17:00:00,140.32,29.84,34.07,71.1,57.0,1,179.2,0.0987,0.376,0.4747
2019-08-12 18:00:00,26.09,29.31,29.98,71.6,100.0,1,150.9,0.0075,0.408,0.4155
2019-08-12 19:00:00,0.0,29.05,29.05,71.8,20.0,1,152.1,0.0,0.439,0.439
2019-08-12 20:00:00,0.0,28.79,28.79,72.0,20.0,2,152.4,0.0,0.442,0.442
2019-08-12 21:00:00,0.0,28.57,28.57,72.1,20.0,2,162.7,0.0,0.397,0.397
2019-08-12 22:00:00,0.0,28.29,28.29,72.4,20.0,2,167.7,0.0,0.36,0.36
2019-08-12 23:00:00,0.0,28.1,28.1,72.5,20.0,2,170.7,0.0,0.354,0.354
2019-08-13 00:00:00,0.0,27.82,27.82,72.7,20.0,1,187.6,0.0,0.368,0.368
2019-08-13 01:00:00,0.0,27.59,27.59,72.9,20.0,1,139.4,0.0,0.323,0.323
2019-08-13 02:00:00,0.0,27.34,27.34,73.1,20.0,1,168.0,0.0,0.417,0.417
2019-08-13 03:00:00,0.0,27.14,27.14,73.3,20.0,1,156.3,0.0,0.548,0.548
2019-08-13 04:00:00,0.0,27.03,27.03,73.4,20.0,1,156.0,0.0,0.552,0.552
2019-08-13 05:00:00,0.0,26.96,26.96,73.4,20.0,1,155.7,0.0,0.516,0.516
2019-08-13 06:00:00,38.11,27.35,28.51,73.1,100.0,1,152.8,0.0242,0.457,0.4812
2019-08-13 07:00:00,117.12,27.98,30.82,72.6,96.9,2,178.7,0.0859,0.367,0.4529
2019-08-13 08:00:00,194.8,28.94,33.66,71.9,94.3,2,170.3,0.1447,0.286,0.4307
2019-08-13 09:00:00,409.13,29.81,39.72,71.1,76.9,2,162.1,0.3058,0.251,0.5568
2019-08-13 10:00:00,383.14,30.38,39.64,70.7,92.7,2,175.4,0.283,0.252,0.535
2019-08-13 11:00:00,438.64,30.69,41.28,70.4,86.3,2,146.7,0.3231,0.27,0.5931
2019-08-13 12:00:00,789.2,30.85,49.96,70.3,50.9,2,148.6,0.5726,0.294,0.8666
2019-08-13 13:00:00,815.74,30.88,50.66,70.3,36.8,2,140.1,0.5939,0.372,0.9659
2019-08-13 14:00:00,292.74,30.74,37.82,70.4,91.3,2,154.9,0.2169,0.422,0.6389
2019-08-13 15:00:00,229.29,30.55,37.52,70.6,96.4,1,163.5,0.1695,0.488,0.6575
2019-08-13 16:00:00,115.33,30.23,33.75,70.8,100.0,1,162.9,0.0835,0.519,0.6025
2019-08-13 17:00:00,34.39,29.79,30.84,71.2,100.0,1,163.4,0.021,0.523,0.544
2019-08-13 18:00:00,6.49,29.24,29.41,71.6,20.0,1,147.8,0.0,0.538,0.538
2019-08-13 19:00:00,0.0,28.98,28.98,71.8,20.0,1,169.9,0.0,0.447,0.447
2019-08-13 20:00:00,0.0,28.72,28.72,72.0,20.0,2,164.3,0.0,0.466,0.466
2019-08-13 21:00:00,0.0,28.44,28.44,72.2,20.0,2,169.2,0.0,0.494,0.494
2019-08-13 22:00:00,0.0,28.14,28.14,72.5,20.0,2,142.9,0.0,0.501,0.501
2019-08-13 23:00:00,0.0,27.83,27.83,72.7,20.0,2,165.0,0.0,0.508,0.508
2019-08-14 00:00:00,0.0,27.5,27.5,73.0,20.0,2,148.5,0.0,0.526,0.526
2019-08-14 01:00:00,0.0,27.15,27.15,73.3,20.0,2,156.4,0.0,0.519,0.519
2019-08-14 02:00:00,0.0,26.87,26.87,73.5,20.0,2,165.7,0.0,0.655,0.655
2019-08-14 03:00:00,0.0,26.64,26.64,73.7,20.0,2,161.3,0.0,0.692,0.692
2019-08-14 04:00:00,0.0,26.44,26.44,73.8,20.0,2,151.9,0.0,0.661,0.661
2019-08-14 05:00:00,0.0,26.46,26.46,73.8,20.0,2,160.5,0.0,0.633,0.633
2019-08-14 06:00:00,46.1,27.18,28.3,73.3,85.7,2,145.1,0.0302,0.633,0.6632
2019-08-14 07:00:00,178.37,28.67,34.11,72.1,70.5,1,171.9,0.1331,0.663,0.7961
2019-08-14 08:00:00,305.54,30.25,37.66,70.8,75.4,2,158.3,0.2298,0.687,0.9168
2019-08-14 09:00:00,502.48,31.3,43.48,70.0,61.5,2,171.6,0.3736,0.696,1.0696
2019-08-14 10:00:00,753.12,31.8,54.68,69.6,42.4,1,155.1,0.5376,0.646,1.1836
2019-08-14 11:00:00,533.61,31.95,48.11,69.4,78.3,1,155.2,0.385,0.603,0.988
2019-08-14 12:00:00,619.88,31.74,50.53,69.6,69.5,1,152.7,0.4452,0.631,1.0762
2019-08-14 13:00:00,566.98,31.31,48.5,70.0,71.3,1,169.2,0.411,0.65,1.061
2019-08-14 14:00:00,638.1,30.94,50.35,70.2,49.0,1,153.3,0.4652,0.668,1.1332
2019-08-14 15:00:00,443.18,30.61,44.11,70.5,63.6,1,166.8,0.3306,0.676,1.0066
2019-08-14 16:00:00,279.54,30.19,38.71,70.9,70.2,1,156.6,0.2099,0.648,0.8579
2019-08-14 17:00:00,141.31,29.61,33.85,71.3,49.1,1,140.6,0.098,0.556,0.654
2019-08-14 18:00:00,16.45,29.1,29.52,71.7,100.0,1,154.7,0.0031,0.587,0.5901
2019-08-14 19:00:00,0.0,28.81,28.81,71.9,20.0,2,148.6,0.0,0.646,0.646
2019-08-14 20:00:00,0.0,28.54,28.54,72.2,20.0,2,160.7,0.0,0.701,0.701
2019-08-14 21:00:00,0.0,28.19,28.19,72.4,20.0,2,148.5,0.0,0.697,0.697
2019-08-14 22:00:00,0.0,27.8,27.8,72.8,20.0,2,169.6,0.0,0.753,0.753
2019-08-14 23:00:00,0.0,27.43,27.43,73.1,20.0,2,159.5,0.0,0.73,0.73
2019-08-15 00:00:00,0.0,26.97,26.97,73.4,20.0,2,157.1,0.0,0.672,0.672
2019-08-15 01:00:00,0.0,26.59,26.59,73.7,20.0,1,165.5,0.0,0.657,0.657
2019-08-15 02:00:00,0.0,26.25,26.25,74.0,20.0,1,168.5,0.0,0.775,0.775
2019-08-15 03:00:00,0.0,25.95,25.95,74.2,20.0,1,158.7,0.0,0.819,0.819
2019-08-15 04:00:00,0.0,25.74,25.74,74.4,20.0,2,151.2,0.0,0.827,0.827
2019-08-15 05:00:00,0.0,25.74,25.74,74.4,20.0,2,141.2,0.0,0.829,0.829
2019-08-15 06:00:00,45.96,26.41,27.52,73.9,81.0,2,152.0,0.0301,0.828,0.8581
2019-08-15 07:00:00,216.94,27.94,33.22,72.6,50.0,2,152.7,0.1644,0.833,0.9974
2019-08-15 08:00:00,446.61,29.72,40.59,71.2,36.8,2,160.0,0.34,0.839,1.179
2019-08-15 09:00:00,683.35,31.42,48.02,69.9,30.8,2,155.4,0.5056,0.84,1.3456
2019-08-15 10:00:00,818.95,32.57,52.43,68.9,30.0,2,165.8,0.5925,0.826,1.4185
2019-08-15 11:00:00,853.76,32.83,53.52,68.7,31.4,2,152.8,0.6132,0.726,1.3392
2019-08-15 12:00:00,877.55,32.81,54.09,68.7,28.2,2,158.3,0.6294,0.592,1.2214
2019-08-15 13:00:00,800.28,32.78,52.2,68.8,32.0,2,170.7,0.5796,0.579,1.1586
2019-08-15 14:00:00,511.31,32.41,44.8,69.1,67.1,2,162.3,0.3781,0.574,0.9521
2019-08-15 15:00:00,547.48,31.78,45.11,69.6,37.2,2,158.3,0.4119,0.625,1.0369
2019-08-15 16:00:00,196.95,31.16,35.95,70.1,87.3,2,152.9,0.147,0.668,0.815
2019-08-15 17:00:00,104.86,30.22,32.76,70.8,95.1,2,152.6,0.0751,0.724,0.7991
2019-08-15 18:00:00,19.46,29.43,29.83,71.5,100.0,2,150.4,0.0044,0.757,0.7614
2019-08-15 19:00:00,0.0,28.98,28.98,71.8,20.0,2,153.5,0.0,0.788,0.788
2019-08-15 20:00:00,0.0,28.58,28.58,72.1,20.0,2,166.5,0.0,0.809,0.809
2019-08-15 21:00:00,0.0,28.2,28.2,72.4,20.0,2,156.7,0.0,0.777,0.777
2019-08-15 22:00:00,0.0,27.79,27.79,72.8,20.0,2,145.4,0.0,0.714,0.714
2019-08-15 23:00:00,0.0,27.4,27.4,73.1,20.0,2,176.6,0.0,0.655,0.655
2019-08-16 00:00:00,0.0,26.98,26.98,73.4,20.0,2,160.6,0.0,0.566,0.566
2019-08-16 01:00:00,0.0,26.63,26.63,73.7,20.0,2,143.3,0.0,0.532,0.532
2019-08-16 02:00:00,0.0,26.24,26.24,74.0,20.0,2,153.0,0.0,0.738,0.738
2019-08-16 03:00:00,0.0,25.92,25.92,74.3,20.0,2,158.5,0.0,0.819,0.819
2019-08-16 04:00:00,0.0,25.64,25.64,74.5,20.0,2,174.5,0.0,0.84,0.84
2019-08-16 05:00:00,0.0,25.46,25.46,74.6,20.0,2,146.3,0.0,0.837,0.837
2019-08-16 06:00:00,38.12,25.91,26.84,74.3,100.0,2,167.2,0.0244,0.824,0.8484
2019-08-16 07:00:00,214.83,27.23,32.46,73.2,49.8,2,171.4,0.1633,0.802,0.9653
2019-08-16 08:00:00,452.21,29.2,40.21,71.6,35.5,2,151.1,0.3451,0.762,1.1071
2019-08-16 09:00:00,687.47,31.1,47.8,70.1,30.7,2,154.6,0.5092,0.678,1.1872
2019-08-16 10:00:00,838.76,32.73,53.08,68.8,30.4,2,147.0,0.6052,0.55,1.1552
2019-08-16 11:00:00,921.86,33.8,56.14,68.0,30.3,2,155.4,0.6547,0.343,0.9977
2019-08-16 12:00:00,930.15,33.74,56.3,68.0,30.3,2,157.0,0.6603,0.175,0.8353
2019-08-16 13:00:00,865.27,33.63,54.62,68.1,30.3,2,164.0,0.6206,0.145,0.7656
2019-08-16 14:00:00,734.04,33.24,51.08,68.4,30.5,2,168.3,0.5372,0.176,0.7132
2019-08-16 15:00:00,474.8,32.66,44.2,68.9,53.5,2,149.9,0.3558,0.249,0.6048
2019-08-16 16:00:00,338.5,31.83,40.04,69.5,37.5,2,137.7,0.2533,0.371,0.6243
2019-08-16 17:00:00,131.68,30.74,33.9,70.4,56.6,2,157.2,0.0919,0.467,0.5589
2019-08-16 18:00:00,15.58,29.8,30.06,71.2,100.0,3,160.3,0.0027,0.54,0.5427
2019-08-16 19:00:00,0.0,29.18,29.18,71.7,20.0,3,159.9,0.0,0.595,0.595
2019-08-16 20:00:00,0.0,28.66,28.66,72.1,20.0,3,154.1,0.0,0.583,0.583
2019-08-16 21:00:00,0.0,28.18,28.18,72.5,20.0,3,158.7,0.0,0.501,0.501
2019-08-16 22:00:00,0.0,27.79,27.79,72.8,20.0,3,172.6,0.0,0.466,0.466
2019-08-16 23:00:00,0.0,27.41,27.41,73.1,20.0,2,161.2,0.0,0.424,0.424
2019-08-17 00:00:00,0.0,27.07,27.07,73.3,20.0,2,152.2,0.0,0.395,0.395
2019-08-17 01:00:00,0.0,26.68,26.68,73.7,20.0,2,150.9,0.0,0.358,0.358
2019-08-17 02:00:00,0.0,26.27,26.27,74.0,20.0,2,154.2,0.0,0.447,0.447
2019-08-17 03:00:00,0.0,25.83,25.83,74.3,20.0,2,172.3,0.0,0.486,0.486
2019-08-17 04:00:00,0.0,25.36,25.36,74.7,20.0,2,154.1,0.0,0.511,0.511
2019-08-17 05:00:00,0.0,25.18,25.18,74.9,20.0,2,155.7,0.0,0.49,0.49
2019-08-17 06:00:00,37.18,25.97,26.88,74.2,100.0,2,151.1,0.0237,0.426,0.4497
2019-08-17 07:00:00,208.24,27.81,32.87,72.8,52.5,2,166.9,0.1577,0.352,0.5097
2019-08-17 08:00:00,438.06,29.94,40.6,71.0,40.9,2,175.5,0.333,0.294,0.627
2019-08-17 09:00:00,674.29,31.83,48.21,69.5,30.7,2,160.4,0.4985,0.254,0.7525
2019-08-17 10:00:00,845.19,33.3,53.8,68.4,30.3,2,156.7,0.608,0.214,0.822
2019-08-17 11:00:00,928.55,34.22,56.74,67.6,30.3,2,156.3,0.6578,0.155,0.8128
2019-08-17 12:00:00,937.63,34.65,57.38,67.3,30.3,2,132.1,0.6625,0.104,0.7665
2019-08-17 13:00:00,871.18,34.71,55.85,67.2,30.2,2,163.4,0.6216,0.08,0.7016
2019-08-17 14:00:00,739.03,34.45,52.41,67.4,30.4,2,157.2,0.5379,0.079,0.6169
2019-08-17 15:00:00,548.55,33.98,47.35,67.8,32.4,2,160.2,0.4096,0.1,0.5096
2019-08-17 16:00:00,300.97,33.24,40.56,68.4,55.5,2,148.8,0.2245,0.133,0.3575
2019-08-17 17:00:00,114.39,32.42,35.18,69.1,73.5,2,152.1,0.0801,0.171,0.2511
2019-08-17 18:00:00,16.29,31.03,31.44,70.2,100.0,1,151.8,0.0029,0.2,0.2029
2019-08-17 19:00:00,0.0,30.5,30.5,70.6,20.0,2,166.1,0.0,0.219,0.219
2019-08-17 20:00:00,0.0,29.92,29.92,71.1,20.0,2,152.1,0.0,0.237,0.237
2019-08-17 21:00:00,0.0,29.27,29.27,71.6,20.0,2,176.7,0.0,0.239,0.239
2019-08-17 22:00:00,0.0,28.49,28.49,72.2,20.0,2,160.2,0.0,0.239,0.239
2019-08-17 23:00:00,0.0,27.66,27.66,72.9,20.0,2,143.1,0.0,0.246,0.246
2019-08-18 00:00:00,0.0,26.95,26.95,73.4,20.0,3,153.1,0.0,0.249,0.249
2019-08-18 01:00:00,0.0,26.39,26.39,73.9,20.0,2,147.9,0.0,0.278,0.278
2019-08-18 02:00:00,0.0,25.94,25.94,74.2,20.0,3,132.4,0.0,0.362,0.362
2019-08-18 03:00:00,0.0,25.61,25.61,74.5,20.0,3,170.4,0.0,0.349,0.349
2019-08-18 04:00:00,0.0,25.36,25.36,74.7,20.0,3,161.4,0.0,0.284,0.284
2019-08-18 05:00:00,0.0,25.29,25.29,74.8,20.0,2,159.7,0.0,0.2,0.2
2019-08-18 06:00:00,35.32,26.26,27.12,74.0,100.0,2,156.0,0.0222,0.151,0.1732
2019-08-18 07:00:00,206.64,28.25,33.28,72.4,52.7,2,140.6,0.1562,0.143,0.2992
2019-08-18 08:00:00,436.9,30.46,41.09,70.6,40.9,2,149.6,0.3314,0.154,0.4854
2019-08-18 09:00:00,671.73,32.31,48.63,69.2,29.9,2,162.8,0.4959,0.16,0.6559
2019-08-18 10:00:00,813.91,33.5,53.24,68.2,30.7,2,143.9,0.5868,0.148,0.7348
2019-08-18 11:00:00,923.34,34.2,56.58,67.6,30.3,2,129.1,0.6546,0.131,0.7856
2019-08-18 12:00:00,930.32,34.27,56.82,67.6,30.3,2,152.1,0.659,0.106,0.765
2019-08-18 13:00:00,865.03,34.08,55.07,67.7,30.4,2,153.0,0.6193,0.11,0.7293
2019-08-18 14:00:00,732.4,33.74,56.06,68.0,30.4,1,155.7,0.5247,0.147,0.6717
2019-08-18 15:00:00,539.94,33.34,49.83,68.3,31.9,1,161.7,0.3988,0.179,0.5778
2019-08-18 16:00:00,327.11,32.51,42.46,69.0,35.8,1,160.8,0.2417,0.196,0.4377
2019-08-18 17:00:00,140.18,31.79,35.98,69.6,42.8,1,157.0,0.0945,0.231,0.3255
2019-08-18 18:00:00,4.76,31.27,31.39,70.0,20.0,1,166.3,0.0,0.274,0.274
2019-08-18 19:00:00,0.0,30.79,30.79,70.4,20.0,1,139.2,0.0,0.309,0.309
2019-08-18 20:00:00,0.0,30.21,30.21,70.8,20.0,2,159.4,0.0,0.305,0.305
2019-08-18 21:00:00,0.0,29.58,29.58,71.3,20.0,2,160.7,0.0,0.281,0.281
2019-08-18 22:00:00,0.0,28.9,28.9,71.9,20.0,2,142.0,0.0,0.325,0.325
2019-08-18 23:00:00,0.0,28.26,28.26,72.4,20.0,2,139.4,0.0,0.332,0.332
2019-08-19 00:00:00,0.0,27.71,27.71,72.8,20.0,2,145.4,0.0,0.315,0.315
2019-08-19 01:00:00,0.0,27.27,27.27,73.2,20.0,1,146.3,0.0,0.305,0.305
2019-08-19 02:00:00,0.0,26.93,26.93,73.5,20.0,1,160.4,0.0,0.43,0.43
2019-08-19 03:00:00,0.0,26.64,26.64,73.7,20.0,1,146.7,0.0,0.478,0.478
2019-08-19 04:00:00,0.0,26.6,26.6,73.7,20.0,1,144.3,0.0,0.442,0.442
2019-08-19 05:00:00,0.0,26.7,26.7,73.6,20.0,1,146.8,0.0,0.403,0.403
2019-08-19 06:00:00,43.5,27.06,28.38,73.4,83.3,1,164.1,0.0281,0.372,0.4001
2019-08-19 07:00:00,180.41,27.79,33.29,72.8,63.0,1,153.0,0.1353,0.355,0.4903
2019-08-19 08:00:00,147.77,28.63,33.12,72.1,100.0,1,151.1,0.1078,0.325,0.4328
2019-08-19 09:00:00,153.57,29.29,33.01,71.6,99.4,2,151.8,0.1113,0.294,0.4053
2019-08-19 10:00:00,228.09,29.91,35.42,71.1,99.2,2,165.8,0.167,0.235,0.402
2019-08-19 11:00:00,218.22,30.46,35.72,70.6,97.4,2,145.4,0.1588,0.179,0.3378
2019-08-19 12:00:00,235.26,30.39,36.07,70.7,98.4,2,166.0,0.1717,0.2,0.3717
2019-08-19 13:00:00,355.76,30.04,38.64,71.0,86.5,2,155.0,0.2639,0.202,0.4659
2019-08-19 14:00:00,671.44,29.63,45.94,71.3,42.7,2,151.3,0.5003,0.202,0.7023
2019-08-19 15:00:00,443.2,29.12,42.64,71.7,58.9,1,177.9,0.3334,0.193,0.5264
2019-08-19 16:00:00,334.25,28.89,39.06,71.9,41.2,1,142.3,0.2512,0.184,0.4352
2019-08-19 17:00:00,109.95,28.11,30.77,72.5,76.1,2,149.3,0.0783,0.188,0.2663
2019-08-19 18:00:00,4.76,27.47,27.57,73.0,20.0,2,140.6,0.0,0.205,0.205
2019-08-19 19:00:00,0.0,27.07,27.07,73.3,20.0,2,162.4,0.0,0.225,0.225
2019-08-19 20:00:00,0.0,26.74,26.74,73.6,20.0,3,169.8,0.0,0.245,0.245
2019-08-19 21:00:00,0.0,26.36,26.36,73.9,20.0,3,169.6,0.0,0.264,0.264
2019-08-19 22:00:00,0.0,26.02,26.02,74.2,20.0,3,165.1,0.0,0.272,0.272
2019-08-19 23:00:00,0.0,25.7,25.7,74.4,20.0,3,150.9,0.0,0.264,0.264
2019-08-20 00:00:00,0.0,25.39,25.39,74.7,20.0,3,147.7,0.0,0.225,0.225
2019-08-20 01:00:00,0.0,25.14,25.14,74.9,20.0,3,134.6,0.0,0.183,0.183
2019-08-20 02:00:00,0.0,24.92,24.92,75.1,20.0,3,171.7,0.0,0.26,0.26
2019-08-20 03:00:00,0.0,24.82,24.82,75.1,20.0,3,156.0,0.0,0.347,0.347
2019-08-20 04:00:00,0.0,24.74,24.74,75.2,20.0,3,146.4,0.0,0.385,0.385
2019-08-20 05:00:00,0.0,24.87,24.87,75.1,20.0,3,164.6,0.0,0.413,0.413
2019-08-20 06:00:00,43.41,25.34,26.22,74.7,78.6,3,141.6,0.0282,0.432,0.4602
2019-08-20 07:00:00,232.66,26.25,30.95,74.0,41.7,3,155.4,0.1788,0.416,0.5948
2019-08-20 08:00:00,463.25,27.49,36.87,73.0,33.1,3,149.6,0.3591,0.391,0.7501
2019-08-20 09:00:00,550.9,28.87,39.98,71.9,53.3,3,157.7,0.4176,0.311,0.7286
2019-08-20 10:00:00,697.98,29.94,44.0,71.1,50.6,3,150.7,0.5201,0.231,0.7511
2019-08-20 11:00:00,508.98,30.59,40.81,70.5,78.3,3,136.8,0.3783,0.216,0.5943
2019-08-20 12:00:00,863.09,30.92,48.31,70.3,38.1,3,152.1,0.633,0.194,0.827
2019-08-20 13:00:00,515.91,31.15,43.63,70.1,74.8,2,161.8,0.3807,0.186,0.5667
2019-08-20 14:00:00,676.01,31.02,47.44,70.2,38.2,2,151.1,0.5012,0.191,0.6922
2019-08-20 15:00:00,546.36,30.58,43.9,70.5,30.9,2,159.1,0.4143,0.198,0.6123
2019-08-20 16:00:00,321.82,29.96,39.75,71.0,36.3,1,140.9,0.2404,0.213,0.4534
2019-08-20 17:00:00,143.48,29.27,33.58,71.6,51.8,1,151.1,0.0998,0.235,0.3348
2019-08-20 18:00:00,4.76,28.09,28.21,72.5,20.0,1,145.1,0.0,0.252,0.252
2019-08-20 19:00:00,0.0,27.63,27.63,72.9,20.0,2,158.8,0.0,0.258,0.258
2019-08-20 20:00:00,0.0,27.18,27.18,73.3,20.0,2,151.7,0.0,0.271,0.271
2019-08-20 21:00:00,0.0,26.75,26.75,73.6,20.0,2,158.3,0.0,0.295,0.295
2019-08-20 22:00:00,0.0,26.34,26.34,73.9,20.0,2,162.2,0.0,0.302,0.302
2019-08-20 23:00:00,0.0,25.92,25.92,74.3,20.0,2,158.3,0.0,0.311,0.311
2019-08-21 00:00:00,0.0,25.52,25.52,74.6,20.0,2,152.6,0.0,0.316,0.316
2019-08-21 01:00:00,0.0,25.14,25.14,74.9,20.0,2,139.9,0.0,0.287,0.287
2019-08-21 02:00:00,0.0,24.77,24.77,75.2,20.0,2,149.8,0.0,0.426,0.426
2019-08-21 03:00:00,0.0,24.45,24.45,75.4,20.0,2,144.5,0.0,0.544,0.544
2019-08-21 04:00:00,0.0,24.14,24.14,75.7,20.0,2,146.4,0.0,0.568,0.568
2019-08-21 05:00:00,0.0,24.11,24.11,75.7,20.0,3,146.1,0.0,0.535,0.535
2019-08-21 06:00:00,42.12,24.99,25.84,75.0,81.1,3,140.0,0.0273,0.476,0.5033
2019-08-21 07:00:00,237.01,26.31,32.07,74.0,39.8,2,130.3,0.1815,0.43,0.6115
2019-08-21 08:00:00,456.43,27.76,37.0,72.8,34.3,3,143.2,0.3534,0.402,0.7554
2019-08-21 09:00:00,566.59,28.73,40.16,72.0,50.5,3,151.8,0.4298,0.352,0.7818
2019-08-21 10:00:00,818.3,29.55,46.06,71.4,31.6,3,136.4,0.6081,0.259,0.8671
2019-08-21 11:00:00,716.11,30.61,45.02,70.5,52.1,3,150.0,0.5301,0.195,0.7251
2019-08-21 12:00:00,889.54,31.84,49.78,69.5,30.0,3,168.8,0.6497,0.187,0.8367
2019-08-21 13:00:00,605.99,32.16,44.37,69.3,60.7,3,160.1,0.4491,0.182,0.6311
2019-08-21 14:00:00,727.48,32.05,46.76,69.4,30.5,3,166.3,0.5425,0.164,0.7065
2019-08-21 15:00:00,501.8,31.48,41.64,69.8,42.8,3,153.7,0.3821,0.179,0.5611
2019-08-21 16:00:00,339.91,30.66,37.52,70.5,31.9,3,161.5,0.2565,0.232,0.4885
2019-08-21 17:00:00,139.25,29.53,32.27,71.4,34.0,3,142.6,0.0928,0.292,0.3848
2019-08-21 18:00:00,14.27,28.3,28.55,72.4,100.0,3,143.4,0.0021,0.355,0.3571
2019-08-21 19:00:00,0.0,27.77,27.77,72.8,20.0,3,122.4,0.0,0.385,0.385
2019-08-21 20:00:00,0.0,27.28,27.28,73.2,20.0,3,161.7,0.0,0.355,0.355
2019-08-21 21:00:00,0.0,26.86,26.86,73.5,20.0,3,165.2,0.0,0.352,0.352
2019-08-21 22:00:00,0.0,26.39,26.39,73.9,20.0,3,144.3,0.0,0.376,0.376
2019-08-21 23:00:00,0.0,25.98,25.98,74.2,20.0,2,147.3,0.0,0.387,0.387
2019-08-22 00:00:00,0.0,25.59,25.59,74.5,20.0,2,140.8,0.0,0.362,0.362
2019-08-22 01:00:00,0.0,25.26,25.26,74.8,20.0,3,152.1,0.0,0.3,0.3
2019-08-22 02:00:00,0.0,24.98,24.98,75.0,20.0,2,159.6,0.0,0.348,0.348
2019-08-22 03:00:00,0.0,24.75,24.75,75.2,20.0,2,130.9,0.0,0.422,0.422
2019-08-22 04:00:00,0.0,24.55,24.55,75.4,20.0,2,152.4,0.0,0.492,0.492
2019-08-22 05:00:00,0.0,24.56,24.56,75.4,20.0,2,145.5,0.0,0.521,0.521
2019-08-22 06:00:00,36.44,25.45,26.33,74.6,97.5,2,149.4,0.0231,0.519,0.5421
2019-08-22 07:00:00,196.06,27.11,31.88,73.3,56.1,2,152.9,0.1487,0.519,0.6677
2019-08-22 08:00:00,361.74,28.9,36.21,71.9,63.8,3,146.4,0.2767,0.527,0.8037
2019-08-22 09:00:00,436.02,30.09,38.87,70.9,72.3,3,147.3,0.3284,0.484,0.8124
2019-08-22 10:00:00,641.45,30.18,43.1,70.9,56.6,3,146.2,0.4786,0.364,0.8426
2019-08-22 11:00:00,855.02,30.17,47.4,70.9,37.5,3,158.0,0.6295,0.22,0.8495
2019-08-22 12:00:00,546.44,30.16,41.15,70.9,75.1,3,152.5,0.4069,0.148,0.5549
2019-08-22 13:00:00,712.21,30.07,44.42,70.9,50.0,3,150.5,0.5305,0.144,0.6745
2019-08-22 14:00:00,622.01,29.86,42.41,71.1,47.2,3,135.6,0.4694,0.123,0.5924
2019-08-22 15:00:00,482.3,29.63,41.36,71.3,47.6,2,144.5,0.3669,0.127,0.4939
2019-08-22 16:00:00,321.68,29.26,37.06,71.6,35.1,2,157.3,0.2429,0.162,0.4049
2019-08-22 17:00:00,138.58,28.69,32.85,72.0,52.9,1,148.7,0.0964,0.196,0.2924
2019-08-22 18:00:00,15.22,28.09,28.48,72.5,100.0,1,154.9,0.0026,0.223,0.2256
2019-08-22 19:00:00,0.0,27.82,27.82,72.7,20.0,1,166.0,0.0,0.229,0.229
2019-08-22 20:00:00,0.0,27.6,27.6,72.9,20.0,2,158.7,0.0,0.236,0.236
2019-08-22 21:00:00,0.0,27.3,27.3,73.2,20.0,2,149.2,0.0,0.229,0.229
2019-08-22 22:00:00,0.0,27.02,27.02,73.4,20.0,2,143.2,0.0,0.235,0.235
2019-08-22 23:00:00,0.0,26.74,26.74,73.6,20.0,2,122.8,0.0,0.306,0.306
2019-08-23 00:00:00,0.0,26.53,26.53,73.8,20.0,2,145.1,0.0,0.345,0.345
2019-08-23 01:00:00,0.0,26.49,26.49,73.8,20.0,2,143.5,0.0,0.337,0.337
2019-08-23 02:00:00,0.0,26.46,26.46,73.8,20.0,1,150.7,0.0,0.399,0.399
2019-08-23 03:00:00,0.0,26.37,26.37,73.9,20.0,1,145.2,0.0,0.459,0.459
2019-08-23 04:00:00,0.0,26.31,26.31,74.0,20.0,1,143.6,0.0,0.444,0.444
2019-08-23 05:00:00,0.0,26.28,26.28,74.0,20.0,0,129.0,0.0,0.401,0.401
2019-08-23 06:00:00,39.41,26.63,28.24,73.7,85.4,0,137.4,0.0249,0.364,0.3889
2019-08-23 07:00:00,245.11,27.55,37.56,73.0,37.3,0,151.5,0.1838,0.355,0.5388
2019-08-23 08:00:00,480.68,28.7,48.35,72.0,31.6,0,163.9,0.3557,0.345,0.7007
2019-08-23 09:00:00,619.72,29.53,54.78,71.4,41.8,0,145.8,0.4436,0.32,0.7636
2019-08-23 10:00:00,736.84,30.14,60.12,70.9,43.8,0,150.0,0.5136,0.263,0.7766
2019-08-23 11:00:00,691.28,30.64,58.73,70.5,56.3,0,156.3,0.4818,0.218,0.6998
2019-08-23 12:00:00,922.99,30.91,68.48,70.3,30.4,0,138.7,0.6208,0.201,0.8218
2019-08-23 13:00:00,857.0,31.03,65.94,70.2,30.5,0,150.4,0.5849,0.213,0.7979
2019-08-23 14:00:00,724.01,31.02,60.56,70.2,30.6,0,139.4,0.5088,0.21,0.7188
2019-08-23 15:00:00,536.3,30.68,52.62,70.5,30.9,0,155.4,0.3918,0.241,0.6328
2019-08-23 16:00:00,297.12,30.25,42.37,70.8,47.6,0,148.3,0.2193,0.27,0.4893
2019-08-23 17:00:00,97.48,29.7,33.66,71.2,86.2,0,149.8,0.0681,0.273,0.3411
2019-08-23 18:00:00,15.22,28.96,29.48,71.8,100.0,0,138.9,0.0025,0.317,0.3195
2019-08-23 19:00:00,0.0,28.64,28.64,72.1,20.0,0,153.8,0.0,0.337,0.337
2019-08-23 20:00:00,0.0,28.32,28.32,72.3,20.0,0,167.6,0.0,0.325,0.325
2019-08-23 21:00:00,0.0,28.02,28.02,72.6,20.0,0,136.7,0.0,0.334,0.334
2019-08-23 22:00:00,0.0,27.66,27.66,72.9,20.0,0,143.4,0.0,0.379,0.379
2019-08-23 23:00:00,0.0,27.37,27.37,73.1,20.0,0,149.1,0.0,0.432,0.432
2019-08-24 00:00:00,0.0,27.06,27.06,73.4,20.0,1,153.1,0.0,0.436,0.436
2019-08-24 01:00:00,0.0,26.78,26.78,73.6,20.0,1,139.6,0.0,0.35,0.35
2019-08-24 02:00:00,0.0,26.48,26.48,73.8,20.0,0,116.9,0.0,0.253,0.253
2019-08-24 03:00:00,0.0,26.25,26.25,74.0,20.0,0,158.8,0.0,0.29,0.29
2019-08-24 04:00:00,0.0,26.22,26.22,74.0,20.0,0,152.8,0.0,0.201,0.201
2019-08-24 05:00:00,0.0,26.45,26.45,73.8,20.0,0,127.8,0.0,0.113,0.113
2019-08-24 06:00:00,35.32,26.97,28.42,73.4,100.0,0,139.2,0.022,0.072,0.094
2019-08-24 07:00:00,241.92,27.86,37.74,72.7,36.2,0,160.9,0.1811,0.039,0.2201
2019-08-24 08:00:00,480.62,29.06,48.71,71.8,31.7,0,159.7,0.3551,0.012,0.3671
2019-08-24 09:00:00,681.92,29.93,57.75,71.1,30.9,0,154.6,0.4841,0.004,0.4881
2019-08-24 10:00:00,764.84,30.41,61.55,70.7,37.4,0,143.5,0.5308,0.003,0.5338
2019-08-24 11:00:00,822.22,30.79,64.24,70.4,37.2,0,146.1,0.5627,0.003,0.5657
2019-08-24 12:00:00,695.36,30.93,59.18,70.3,57.5,0,143.9,0.4837,0.004,0.4877
2019-08-24 13:00:00,523.74,30.85,46.73,70.3,77.0,1,156.5,0.3816,0.008,0.3896
2019-08-24 14:00:00,479.41,30.71,45.27,70.4,73.6,1,136.5,0.3531,0.021,0.3741
2019-08-24 15:00:00,464.61,30.4,44.57,70.7,55.8,1,137.2,0.3477,0.046,0.3937
2019-08-24 16:00:00,77.3,30.14,33.3,70.9,100.0,0,155.3,0.0539,0.087,0.1409
2019-08-24 17:00:00,103.84,29.48,33.69,71.4,74.5,0,144.8,0.0721,0.112,0.1841
2019-08-24 18:00:00,3.8,28.89,29.02,71.9,20.0,0,159.0,0.0,0.124,0.124
2019-08-24 19:00:00,0.0,28.59,28.59,72.1,20.0,0,138.5,0.0,0.192,0.192
2019-08-24 20:00:00,0.0,28.31,28.31,72.4,20.0,0,144.7,0.0,0.302,0.302
2019-08-24 21:00:00,0.0,27.98,27.98,72.6,20.0,0,136.0,0.0,0.325,0.325
2019-08-24 22:00:00,0.0,27.69,27.69,72.8,20.0,0,145.3,0.0,0.35,0.35
2019-08-24 23:00:00,0.0,27.4,27.4,73.1,20.0,0,130.4,0.0,0.327,0.327
2019-08-25 00:00:00,0.0,27.17,27.17,73.3,20.0,0,138.8,0.0,0.311,0.311
2019-08-25 01:00:00,0.0,27.13,27.13,73.3,20.0,0,129.3,0.0,0.271,0.271
2019-08-25 02:00:00,0.0,27.12,27.12,73.3,20.0,0,150.6,0.0,0.181,0.181
2019-08-25 03:00:00,0.0,27.12,27.12,73.3,20.0,0,150.9,0.0,0.188,0.188
2019-08-25 04:00:00,0.0,27.0,27.0,73.4,20.0,0,126.4,0.0,0.198,0.198
2019-08-25 05:00:00,0.0,26.93,26.93,73.5,20.0,0,157.0,0.0,0.185,0.185
2019-08-25 06:00:00,34.39,27.19,28.59,73.2,100.0,0,168.7,0.0213,0.155,0.1763
2019-08-25 07:00:00,229.04,27.74,37.1,72.8,39.7,0,144.2,0.1715,0.126,0.2975
2019-08-25 08:00:00,450.59,28.61,47.02,72.1,35.7,0,137.3,0.3343,0.109,0.4433
2019-08-25 09:00:00,503.7,29.63,50.14,71.3,60.8,0,171.9,0.3644,0.112,0.4764
2019-08-25 10:00:00,706.1,30.51,59.24,70.6,49.0,0,130.5,0.4933,0.124,0.6173
2019-08-25 11:00:00,643.49,31.02,57.16,70.2,64.1,0,143.9,0.4502,0.143,0.5932
2019-08-25 12:00:00,856.42,31.22,66.07,70.0,38.6,0,145.5,0.5814,0.185,0.7664
2019-08-25 13:00:00,299.62,31.13,43.28,70.1,89.1,0,157.1,0.2161,0.196,0.4121
2019-08-25 14:00:00,131.05,30.95,36.27,70.2,100.0,0,147.3,0.0926,0.179,0.2716
2019-08-25 15:00:00,97.97,30.65,34.64,70.5,100.0,0,138.7,0.0686,0.187,0.2556
2019-08-25 16:00:00,91.29,30.26,34.0,70.8,100.0,0,134.2,0.0646,0.207,0.2716
2019-08-25 17:00:00,68.48,29.62,32.41,71.3,100.0,0,140.3,0.0465,0.218,0.2645
2019-08-25 18:00:00,2.85,29.05,29.15,71.8,20.0,0,133.6,0.0,0.22,0.22
2019-08-25 19:00:00,0.0,28.78,28.78,72.0,20.0,0,144.2,0.0,0.215,0.215
2019-08-25 20:00:00,0.0,28.47,28.47,72.2,20.0,0,138.1,0.0,0.207,0.207
2019-08-25 21:00:00,0.0,28.16,28.16,72.5,20.0,0,128.8,0.0,0.218,0.218
2019-08-25 22:00:00,0.0,27.85,27.85,72.7,20.0,0,156.2,0.0,0.229,0.229
2019-08-25 23:00:00,0.0,27.56,27.56,72.9,20.0,0,138.7,0.0,0.249,0.249
2019-08-26 00:00:00,0.0,27.31,27.31,73.2,20.0,0,129.5,0.0,0.283,0.283
2019-08-26 01:00:00,0.0,27.01,27.01,73.4,20.0,0,140.5,0.0,0.274,0.274
2019-08-26 02:00:00,0.0,26.78,26.78,73.6,20.0,0,142.8,0.0,0.288,0.288
2019-08-26 03:00:00,0.0,26.65,26.65,73.7,20.0,0,124.7,0.0,0.339,0.339
2019-08-26 04:00:00,0.0,26.69,26.69,73.6,20.0,0,145.5,0.0,0.374,0.374
2019-08-26 05:00:00,0.0,26.83,26.83,73.5,20.0,0,131.7,0.0,0.371,0.371
2019-08-26 06:00:00,24.14,27.17,28.16,73.3,100.0,0,159.3,0.0135,0.37,0.3835
2019-08-26 07:00:00,230.69,27.78,37.2,72.8,43.2,0,147.4,0.1728,0.376,0.5488
2019-08-26 08:00:00,480.16,28.71,48.34,72.0,31.6,0,138.2,0.3554,0.372,0.7274
2019-08-26 09:00:00,683.29,29.73,57.6,71.2,30.9,0,134.7,0.4855,0.345,0.8305
2019-08-26 10:00:00,833.96,30.83,64.8,70.3,30.5,0,141.1,0.5717,0.282,0.8537
2019-08-26 11:00:00,916.71,31.24,68.56,70.0,30.4,0,148.3,0.6163,0.226,0.8423
2019-08-26 12:00:00,889.71,31.44,67.66,69.9,29.5,0,141.9,0.601,0.241,0.842
2019-08-26 13:00:00,780.23,31.44,63.23,69.8,34.3,0,140.0,0.5386,0.235,0.7736
2019-08-26 14:00:00,631.26,31.21,50.43,70.0,46.8,1,142.7,0.461,0.206,0.667
2019-08-26 15:00:00,538.02,30.91,47.35,70.3,30.9,1,136.1,0.4024,0.165,0.5674
2019-08-26 16:00:00,314.99,30.49,40.07,70.6,40.0,1,138.7,0.2348,0.146,0.3808
2019-08-26 17:00:00,115.4,29.9,33.37,71.1,62.2,1,121.3,0.0796,0.131,0.2106
2019-08-26 18:00:00,2.85,29.14,29.21,71.7,20.0,1,151.9,0.0,0.126,0.126
2019-08-26 19:00:00,0.0,28.8,28.8,72.0,20.0,1,145.1,0.0,0.112,0.112
2019-08-26 20:00:00,0.0,28.53,28.53,72.2,20.0,1,134.4,0.0,0.081,0.081
2019-08-26 21:00:00,0.0,28.18,28.18,72.5,20.0,1,161.1,0.0,0.052,0.052
2019-08-26 22:00:00,0.0,27.89,27.89,72.7,20.0,0,143.0,0.0,0.042,0.042
2019-08-26 23:00:00,0.0,27.58,27.58,72.9,20.0,0,131.8,0.0,0.06,0.06
2019-08-27 00:00:00,0.0,27.4,27.4,73.1,20.0,0,149.2,0.0,0.078,0.078
2019-08-27 01:00:00,0.0,27.48,27.48,73.0,20.0,0,144.6,0.0,0.068,0.068
2019-08-27 02:00:00,0.0,27.5,27.5,73.0,20.0,0,144.6,0.0,0.071,0.071
2019-08-27 03:00:00,0.0,27.41,27.41,73.1,20.0,0,136.4,0.0,0.106,0.106
2019-08-27 04:00:00,0.0,27.3,27.3,73.2,20.0,0,145.1,0.0,0.124,0.124
2019-08-27 05:00:00,0.0,27.25,27.25,73.2,20.0,0,138.0,0.0,0.114,0.114
2019-08-27 06:00:00,18.56,27.52,28.28,73.0,100.0,0,146.2,0.0092,0.096,0.1052
2019-08-27 07:00:00,191.85,28.07,35.9,72.5,52.4,0,121.6,0.1429,0.078,0.2209
2019-08-27 08:00:00,468.86,28.92,48.08,71.9,37.9,0,136.3,0.3466,0.079,0.4256
2019-08-27 09:00:00,431.48,29.86,47.41,71.1,72.5,0,157.8,0.3134,0.099,0.4124
2019-08-27 10:00:00,552.39,30.56,53.0,70.6,69.2,0,132.9,0.3928,0.108,0.5008
2019-08-27 11:00:00,767.76,30.8,62.02,70.4,48.3,0,134.6,0.5291,0.092,0.6211
2019-08-27 12:00:00,920.63,30.88,68.36,70.3,30.4,0,136.1,0.6198,0.069,0.6888
2019-08-27 13:00:00,851.91,30.68,65.39,70.5,30.4,0,128.5,0.5832,0.069,0.6522
2019-08-27 14:00:00,717.53,30.49,59.77,70.6,30.6,0,118.5,0.5063,0.084,0.5903
2019-08-27 15:00:00,110.19,30.19,34.68,70.8,100.0,0,138.3,0.0782,0.122,0.2002
2019-08-27 16:00:00,99.72,30.16,34.24,70.9,100.0,0,142.0,0.0712,0.179,0.2502
2019-08-27 17:00:00,114.07,29.29,33.88,71.6,56.3,0,140.1,0.0776,0.238,0.3156
2019-08-27 18:00:00,2.85,28.78,28.85,72.0,20.0,1,139.2,0.0,0.26,0.26
2019-08-27 19:00:00,0.0,28.37,28.37,72.3,20.0,1,141.0,0.0,0.277,0.277
2019-08-27 20:00:00,0.0,27.99,27.99,72.6,20.0,2,150.8,0.0,0.289,0.289
2019-08-27 21:00:00,0.0,27.55,27.55,73.0,20.0,2,138.7,0.0,0.311,0.311
2019-08-27 22:00:00,0.0,27.18,27.18,73.3,20.0,2,134.9,0.0,0.343,0.343
2019-08-27 23:00:00,0.0,26.85,26.85,73.5,20.0,2,137.8,0.0,0.374,0.374
2019-08-28 00:00:00,0.0,26.6,26.6,73.7,20.0,2,144.9,0.0,0.401,0.401
2019-08-28 01:00:00,0.0,26.37,26.37,73.9,20.0,2,153.2,0.0,0.386,0.386
2019-08-28 02:00:00,0.0,26.17,26.17,74.1,20.0,2,132.8,0.0,0.516,0.516
2019-08-28 03:00:00,0.0,25.99,25.99,74.2,20.0,2,140.1,0.0,0.566,0.566
2019-08-28 04:00:00,0.0,25.77,25.77,74.4,20.0,2,142.4,0.0,0.552,0.552
2019-08-28 05:00:00,0.0,25.59,25.59,74.5,20.0,2,129.1,0.0,0.517,0.517
2019-08-28 06:00:00,27.87,25.86,26.54,74.3,100.0,2,139.3,0.0165,0.486,0.5025
2019-08-28 07:00:00,91.36,26.81,29.6,73.6,100.0,1,124.4,0.0659,0.485,0.5509
2019-08-28 08:00:00,260.39,28.59,34.91,72.1,77.2,2,121.4,0.1967,0.492,0.6887
2019-08-28 09:00:00,594.06,29.49,43.91,71.4,47.2,2,142.7,0.4447,0.476,0.9207
2019-08-28 10:00:00,822.63,30.06,50.02,71.0,29.6,2,135.2,0.602,0.425,1.027
2019-08-28 11:00:00,918.84,30.41,52.7,70.7,30.4,2,141.1,0.663,0.323,0.986
2019-08-28 12:00:00,924.91,30.57,58.69,70.5,30.4,1,138.9,0.6504,0.259,0.9094
2019-08-28 13:00:00,854.77,30.43,56.44,70.7,30.5,1,129.3,0.609,0.27,0.879
2019-08-28 14:00:00,718.1,30.09,51.98,70.9,30.5,1,138.6,0.5244,0.283,0.8074
2019-08-28 15:00:00,523.17,29.65,45.64,71.3,32.6,1,126.7,0.3938,0.249,0.6428
2019-08-28 16:00:00,297.84,29.22,38.29,71.6,44.6,1,153.0,0.2234,0.229,0.4524
2019-08-28 17:00:00,106.78,28.69,31.92,72.0,68.5,1,125.5,0.074,0.241,0.315
2019-08-28 18:00:00,1.9,27.97,28.02,72.6,20.0,1,137.1,0.0,0.256,0.256
2019-08-28 19:00:00,0.0,27.64,27.64,72.9,20.0,1,128.6,0.0,0.251,0.251
2019-08-28 20:00:00,0.0,27.28,27.28,73.2,20.0,1,144.8,0.0,0.241,0.241
2019-08-28 21:00:00,0.0,26.92,26.92,73.5,20.0,2,135.7,0.0,0.203,0.203
2019-08-28 22:00:00,0.0,26.62,26.62,73.7,20.0,2,133.9,0.0,0.192,0.192
2019-08-28 23:00:00,0.0,26.35,26.35,73.9,20.0,2,147.6,0.0,0.226,0.226
2019-08-29 00:00:00,0.0,26.19,26.19,74.0,20.0,2,137.8,0.0,0.187,0.187
2019-08-29 01:00:00,0.0,26.12,26.12,74.1,20.0,2,142.7,0.0,0.139,0.139
2019-08-29 02:00:00,0.0,26.04,26.04,74.2,20.0,2,127.7,0.0,0.206,0.206
2019-08-29 03:00:00,0.0,25.89,25.89,74.3,20.0,2,123.5,0.0,0.219,0.219
2019-08-29 04:00:00,0.0,25.79,25.79,74.4,20.0,2,138.6,0.0,0.205,0.205
2019-08-29 05:00:00,0.0,25.69,25.69,74.4,20.0,2,134.3,0.0,0.203,0.203
2019-08-29 06:00:00,29.73,25.87,26.59,74.3,100.0,2,143.8,0.0179,0.216,0.2339
2019-08-29 07:00:00,119.22,26.34,29.24,73.9,93.9,2,136.7,0.0883,0.214,0.3023
2019-08-29 08:00:00,308.58,27.08,34.58,73.3,72.8,2,139.6,0.2357,0.197,0.4327
2019-08-29 09:00:00,435.53,27.77,38.32,72.8,73.2,2,121.3,0.3289,0.163,0.4919
2019-08-29 10:00:00,606.32,28.52,43.2,72.2,62.1,2,156.4,0.4513,0.127,0.5783
2019-08-29 11:00:00,720.93,29.15,46.61,71.7,51.1,2,135.9,0.5307,0.101,0.6317
2019-08-29 12:00:00,559.51,29.57,46.53,71.3,72.7,1,144.5,0.4081,0.101,0.5091
2019-08-29 13:00:00,850.16,29.77,55.64,71.2,30.5,1,129.2,0.6079,0.115,0.7229
2019-08-29 14:00:00,667.96,29.69,56.94,71.3,36.5,0,140.6,0.4762,0.126,0.6022
2019-08-29 15:00:00,528.6,29.34,50.97,71.5,32.6,0,124.5,0.3891,0.139,0.5281
2019-08-29 16:00:00,278.35,28.96,37.44,71.8,55.5,1,142.0,0.2095,0.151,0.3605
2019-08-29 17:00:00,125.25,28.48,32.24,72.2,58.6,1,134.0,0.0866,0.152,0.2386
2019-08-29 18:00:00,1.9,27.76,27.81,72.8,20.0,1,137.8,0.0,0.151,0.151
2019-08-29 19:00:00,0.0,27.46,27.46,73.0,20.0,1,144.5,0.0,0.148,0.148
2019-08-29 20:00:00,0.0,27.18,27.18,73.3,20.0,2,125.2,0.0,0.144,0.144
2019-08-29 21:00:00,0.0,26.91,26.91,73.5,20.0,2,130.7,0.0,0.115,0.115
2019-08-29 22:00:00,0.0,26.66,26.66,73.7,20.0,2,142.1,0.0,0.064,0.064
2019-08-29 23:00:00,0.0,26.45,26.45,73.8,20.0,2,158.5,0.0,0.036,0.036
2019-08-30 00:00:00,0.0,26.28,26.28,74.0,20.0,2,134.6,0.0,0.038,0.038
2019-08-30 01:00:00,0.0,26.19,26.19,74.0,20.0,2,141.9,0.0,0.03,0.03
2019-08-30 02:00:00,0.0,26.14,26.14,74.1,20.0,2,134.9,0.0,0.059,0.059
2019-08-30 03:00:00,0.0,26.14,26.14,74.1,20.0,1,155.4,0.0,0.1,0.1
2019-08-30 04:00:00,0.0,26.14,26.14,74.1,20.0,1,118.5,0.0,0.126,0.126
2019-08-30 05:00:00,0.0,26.14,26.14,74.1,20.0,1,136.9,0.0,0.155,0.155
2019-08-30 06:00:00,34.4,26.34,27.39,73.9,87.8,1,119.7,0.0212,0.189,0.2102
2019-08-30 07:00:00,224.78,26.81,33.66,73.6,40.4,1,110.9,0.1708,0.226,0.3968
2019-08-30 08:00:00,429.82,27.54,40.65,73.0,38.6,1,138.9,0.3271,0.259,0.5861
2019-08-30 09:00:00,679.86,28.32,49.03,72.3,30.9,1,137.4,0.5015,0.259,0.7605
2019-08-30 10:00:00,810.5,29.06,48.73,71.8,32.5,2,133.1,0.596,0.227,0.823
2019-08-30 11:00:00,563.46,29.52,43.14,71.4,70.5,2,134.9,0.4171,0.18,0.5971
2019-08-30 12:00:00,915.28,29.69,51.88,71.2,32.6,2,167.0,0.6627,0.17,0.8327
2019-08-30 13:00:00,692.8,29.64,50.68,71.3,56.2,1,133.4,0.5021,0.179,0.6811
2019-08-30 14:00:00,615.11,29.56,48.29,71.4,49.0,1,141.1,0.4532,0.188,0.6412
2019-08-30 15:00:00,426.16,29.24,42.24,71.6,56.0,1,129.5,0.3216,0.187,0.5086
2019-08-30 16:00:00,155.5,28.9,33.65,71.9,96.5,1,138.9,0.1158,0.193,0.3088
2019-08-30 17:00:00,82.35,28.44,30.94,72.2,98.9,1,133.6,0.0571,0.201,0.2581
2019-08-30 18:00:00,3.8,28.0,28.09,72.6,20.0,1,131.9,0.0,0.195,0.195
2019-08-30 19:00:00,0.0,27.78,27.78,72.8,20.0,1,154.2,0.0,0.192,0.192
2019-08-30 20:00:00,0.0,27.53,27.53,73.0,20.0,1,147.7,0.0,0.197,0.197
2019-08-30 21:00:00,0.0,27.34,27.34,73.1,20.0,2,137.3,0.0,0.182,0.182
2019-08-30 22:00:00,0.0,27.19,27.19,73.2,20.0,2,112.9,0.0,0.149,0.149
2019-08-30 23:00:00,0.0,27.17,27.17,73.3,20.0,2,132.4,0.0,0.101,0.101
2019-08-31 00:00:00,0.0,27.1,27.1,73.3,20.0,1,161.4,0.0,0.052,0.052
2019-08-31 01:00:00,0.0,27.02,27.02,73.4,20.0,1,132.1,0.0,0.018,0.018
2019-08-31 02:00:00,0.0,26.89,26.89,73.5,20.0,1,145.5,0.0,0.02,0.02
2019-08-31 03:00:00,0.0,26.8,26.8,73.6,20.0,1,148.8,0.0,0.015,0.015
2019-08-31 04:00:00,0.0,26.68,26.68,73.7,20.0,1,136.6,0.0,0.006,0.006
2019-08-31 05:00:00,0.0,26.62,26.62,73.7,20.0,1,126.0,0.0,0.003,0.003
2019-08-31 06:00:00,39.12,26.86,28.04,73.5,48.6,1,110.1,0.0236,0.005,0.0286
2019-08-31 07:00:00,224.23,27.4,34.24,73.1,40.6,1,141.3,0.17,0.009,0.179
2019-08-31 08:00:00,445.96,28.13,41.74,72.5,38.2,1,126.3,0.3383,0.012,0.3503
2019-08-31 09:00:00,415.82,28.79,38.86,72.0,74.9,2,136.2,0.3127,0.009,0.3217
2019-08-31 10:00:00,407.43,29.25,39.1,71.6,89.5,2,121.9,0.303,0.005,0.308
2019-08-31 11:00:00,341.9,29.62,37.88,71.3,91.4,2,131.8,0.253,0.003,0.256
2019-08-31 12:00:00,503.99,29.83,42.01,71.1,81.1,2,134.8,0.3729,0.001,0.3739
2019-08-31 13:00:00,401.14,29.92,39.62,71.1,93.0,2,137.1,0.2977,0.0,0.2977
2019-08-31 14:00:00,358.01,29.89,40.76,71.1,92.1,1,123.3,0.2651,0.0,0.2651
2019-08-31 15:00:00,242.55,29.58,36.96,71.3,95.0,1,146.4,0.181,0.0,0.181
2019-08-31 16:00:00,194.17,29.22,35.15,71.6,87.1,1,128.5,0.1457,0.0,0.1457
2019-08-31 17:00:00,41.65,28.63,29.89,72.1,100.0,1,117.7,0.0261,0.001,0.0271
2019-08-31 18:00:00,1.9,28.1,28.15,72.5,20.0,1,133.3,0.0,0.003,0.003
2019-08-31 19:00:00,0.0,27.88,27.88,72.7,20.0,1,134.8,0.0,0.005,0.005
2019-08-31 20:00:00,0.0,27.66,27.66,72.9,20.0,2,136.0,0.0,0.013,0.013
2019-08-31 21:00:00,0.0,27.5,27.5,73.0,20.0,2,148.0,0.0,0.025,0.025
2019-08-31 22:00:00,0.0,27.49,27.49,73.0,20.0,2,132.1,0.0,0.036,0.036
2019-08-31 23:00:00,0.0,27.55,27.55,73.0,20.0,2,133.2,0.0,0.043,0.043
2019-09-01 00:00:00,0.0,27.49,27.49,73.0,20.0,2,121.8,0.0,0.041,0.041
2019-09-01 01:00:00,0.0,27.38,27.38,73.1,20.0,2,141.1,0.0,0.021,0.021
2019-09-01 02:00:00,0.0,27.29,27.29,73.2,20.0,2,134.7,0.0,0.011,0.011
2019-09-01 03:00:00,0.0,27.18,27.18,73.3,20.0,1,128.7,0.0,0.022,0.022
2019-09-01 04:00:00,0.0,27.06,27.06,73.4,20.0,1,113.8,0.0,0.031,0.031
2019-09-01 05:00:00,0.0,25.08,25.08,74.9,20.0,1,147.3,0.0,0.027,0.027
2019-09-01 06:00:00,37.38,26.33,27.47,73.9,72.5,1,120.6,0.0232,0.019,0.0422
2019-09-01 07:00:00,249.26,27.56,35.17,73.0,33.4,1,127.0,0.1894,0.014,0.2034
2019-09-01 08:00:00,499.76,30.08,45.35,70.9,28.0,1,136.5,0.3758,0.01,0.3858
2019-09-01 09:00:00,709.71,31.53,53.16,69.8,27.4,1,120.9,0.5152,0.009,0.5242
2019-09-01 10:00:00,861.54,32.19,58.4,69.3,27.2,1,117.9,0.6087,0.012,0.6207
2019-09-01 11:00:00,942.05,32.55,61.2,69.0,27.2,1,111.6,0.6557,0.015,0.6707
2019-09-01 12:00:00,906.22,32.6,60.16,68.9,27.9,1,140.1,0.6339,0.027,0.6609
2019-09-01 13:00:00,850.84,32.4,58.3,69.1,28.4,1,127.4,0.602,0.062,0.664
2019-09-01 14:00:00,729.03,31.94,49.67,69.5,27.3,2,162.1,0.5385,0.11,0.6485
2019-09-01 15:00:00,536.27,31.32,44.4,69.9,27.5,2,122.9,0.4071,0.154,0.5611
2019-09-01 16:00:00,320.36,30.63,38.39,70.5,28.4,2,123.7,0.2391,0.181,0.4201
2019-09-01 17:00:00,120.05,29.51,32.35,71.4,37.6,2,127.2,0.0784,0.183,0.2614
2019-09-01 18:00:00,0.95,28.62,28.64,72.1,20.0,2,135.3,0.0,0.155,0.155
2019-09-01 19:00:00,0.0,28.12,28.12,72.5,20.0,2,128.2,0.0,0.157,0.157
2019-09-01 20:00:00,0.0,27.65,27.65,72.9,20.0,2,139.0,0.0,0.17,0.17
2019-09-01 21:00:00,0.0,27.22,27.22,73.2,20.0,2,123.1,0.0,0.177,0.177
2019-09-01 22:00:00,0.0,26.81,26.81,73.6,20.0,2,119.1,0.0,0.193,0.193
2019-09-01 23:00:00,0.0,26.4,26.4,73.9,20.0,2,114.9,0.0,0.223,0.223
2019-09-02 00:00:00,0.0,25.99,25.99,74.2,20.0,2,109.1,0.0,0.219,0.219
2019-09-02 01:00:00,0.0,25.57,25.57,74.5,20.0,2,126.1,0.0,0.187,0.187
2019-09-02 02:00:00,0.0,25.13,25.13,74.9,20.0,2,128.3,0.0,0.126,0.126
2019-09-02 03:00:00,0.0,24.75,24.75,75.2,20.0,2,125.0,0.0,0.103,0.103
2019-09-02 04:00:00,0.0,24.43,24.43,75.5,20.0,2,143.8,0.0,0.081,0.081
2019-09-02 05:00:00,0.0,24.27,24.27,75.6,20.0,2,143.6,0.0,0.066,0.066
2019-09-02 06:00:00,36.08,25.37,26.24,74.7,75.0,2,128.0,0.0224,0.055,0.0774
2019-09-02 07:00:00,253.75,27.2,34.94,73.2,32.0,1,113.4,0.1932,0.049,0.2422
2019-09-02 08:00:00,503.95,29.79,42.07,71.2,27.9,2,125.7,0.3843,0.051,0.4353
2019-09-02 09:00:00,714.65,31.55,48.93,69.8,27.4,2,125.3,0.5283,0.056,0.5843
2019-09-02 10:00:00,865.96,32.73,53.75,68.8,27.2,2,124.8,0.6243,0.047,0.6713
2019-09-02 11:00:00,945.47,33.28,56.21,68.4,27.2,2,124.3,0.6727,0.03,0.7027
2019-09-02 12:00:00,947.01,33.34,56.31,68.3,27.2,2,124.8,0.6737,0.026,0.6997
2019-09-02 13:00:00,873.3,33.25,54.46,68.4,27.2,2,127.5,0.6285,0.036,0.6645
2019-09-02 14:00:00,730.14,32.8,50.56,68.8,27.2,2,125.0,0.5374,0.044,0.5814
2019-09-02 15:00:00,537.8,32.29,45.4,69.2,27.6,2,133.4,0.4066,0.053,0.4596
2019-09-02 16:00:00,320.1,31.47,39.22,69.8,28.4,2,134.9,0.2379,0.072,0.3099
2019-09-02 17:00:00,115.38,30.21,32.95,70.8,44.8,2,122.2,0.0762,0.103,0.1792
2019-09-02 18:00:00,0.95,29.23,29.25,71.6,20.0,2,144.0,0.0,0.135,0.135
2019-09-02 19:00:00,0.0,28.68,28.68,72.1,20.0,2,121.5,0.0,0.153,0.153
2019-09-02 20:00:00,0.0,28.22,28.22,72.4,20.0,2,115.1,0.0,0.168,0.168
2019-09-02 21:00:00,0.0,27.79,27.79,72.8,20.0,2,135.1,0.0,0.214,0.214
2019-09-02 22:00:00,0.0,27.35,27.35,73.1,20.0,2,123.1,0.0,0.257,0.257
2019-09-02 23:00:00,0.0,26.95,26.95,73.4,20.0,1,134.5,0.0,0.311,0.311
2019-09-03 00:00:00,0.0,26.5,26.5,73.8,20.0,1,105.7,0.0,0.307,0.307
2019-09-03 01:00:00,0.0,26.09,26.09,74.1,20.0,1,143.7,0.0,0.302,0.302
2019-09-03 02:00:00,0.0,25.65,25.65,74.5,20.0,1,136.5,0.0,0.315,0.315
2019-09-03 03:00:00,0.0,25.27,25.27,74.8,20.0,1,114.8,0.0,0.323,0.323
2019-09-03 04:00:00,0.0,24.9,24.9,75.1,20.0,1,115.0,0.0,0.266,0.266
2019-09-03 05:00:00,0.0,24.65,24.65,75.3,20.0,2,146.5,0.0,0.212,0.212
2019-09-03 06:00:00,30.66,25.55,26.3,74.6,100.0,2,122.4,0.0186,0.163,0.1816
2019-09-03 07:00:00,251.4,27.01,33.13,73.4,32.1,2,121.4,0.1928,0.128,0.3208
2019-09-03 08:00:00,502.25,29.58,41.82,71.3,27.9,2,107.1,0.3835,0.131,0.5145
2019-09-03 09:00:00,714.48,31.6,48.96,69.7,27.4,2,126.3,0.5281,0.161,0.6891
2019-09-03 10:00:00,866.54,32.99,54.02,68.6,27.2,2,127.5,0.6241,0.188,0.8121
2019-09-03 11:00:00,946.86,33.85,56.82,67.9,27.2,2,136.9,0.6719,0.217,0.8889
2019-09-03 12:00:00,950.11,34.24,57.29,67.6,27.2,2,115.8,0.6731,0.255,0.9281
2019-09-03 13:00:00,874.03,34.2,55.42,67.6,27.2,2,114.6,0.6265,0.292,0.9185
2019-09-03 14:00:00,731.41,33.88,51.67,67.9,27.3,2,134.3,0.5359,0.284,0.8199
2019-09-03 15:00:00,536.19,33.35,46.43,68.3,27.5,2,139.8,0.4037,0.265,0.6687
2019-09-03 16:00:00,317.8,32.57,42.22,68.9,28.4,1,114.1,0.233,0.21,0.443
2019-09-03 17:00:00,113.28,31.31,34.0,70.0,46.2,2,140.6,0.0744,0.159,0.2334
2019-09-03 18:00:00,0.95,30.42,30.45,70.7,20.0,1,130.2,0.0,0.149,0.149
2019-09-03 19:00:00,0.0,30.02,30.02,71.0,20.0,1,140.7,0.0,0.157,0.157
2019-09-03 20:00:00,0.0,29.63,29.63,71.3,20.0,1,129.1,0.0,0.162,0.162
2019-09-03 21:00:00,0.0,29.23,29.23,71.6,20.0,1,104.6,0.0,0.13,0.13
2019-09-03 22:00:00,0.0,28.74,28.74,72.0,20.0,1,128.3,0.0,0.139,0.139
2019-09-03 23:00:00,0.0,28.22,28.22,72.4,20.0,1,140.4,0.0,0.155,0.155
2019-09-04 00:00:00,0.0,27.71,27.71,72.8,20.0,1,119.3,0.0,0.161,0.161
2019-09-04 01:00:00,0.0,27.17,27.17,73.3,20.0,1,124.4,0.0,0.131,0.131
2019-09-04 02:00:00,0.0,26.74,26.74,73.6,20.0,1,126.5,0.0,0.108,0.108
2019-09-04 03:00:00,0.0,26.36,26.36,73.9,20.0,1,99.2,0.0,0.191,0.191
2019-09-04 04:00:00,0.0,25.96,25.96,74.2,20.0,1,144.9,0.0,0.224,0.224
2019-09-04 05:00:00,0.0,25.7,25.7,74.4,20.0,1,119.2,0.0,0.187,0.187
2019-09-04 06:00:00,32.93,26.83,27.83,73.5,82.9,1,133.3,0.0199,0.175,0.1949
2019-09-04 07:00:00,242.72,28.2,35.61,72.4,34.2,1,127.4,0.1839,0.163,0.3469
2019-09-04 08:00:00,495.64,30.9,46.04,70.3,28.0,1,140.8,0.3716,0.148,0.5196
2019-09-04 09:00:00,706.55,32.76,54.29,68.8,27.5,1,132.3,0.5105,0.12,0.6305
2019-09-04 10:00:00,858.5,33.56,59.69,68.1,27.3,1,125.9,0.6032,0.084,0.6872
2019-09-04 11:00:00,938.23,33.92,62.46,67.9,27.2,1,119.3,0.6496,0.063,0.7126
2019-09-04 12:00:00,940.3,33.96,56.78,67.8,27.3,2,136.2,0.6678,0.052,0.7198
2019-09-04 13:00:00,865.47,33.68,54.7,68.1,27.2,2,109.5,0.6224,0.061,0.6834
2019-09-04 14:00:00,685.99,33.13,49.82,68.5,32.3,2,134.7,0.5057,0.068,0.5737
2019-09-04 15:00:00,528.92,32.45,45.35,69.0,27.6,2,117.2,0.4,0.076,0.476
2019-09-04 16:00:00,299.39,31.5,38.76,69.8,34.4,2,140.8,0.2228,0.076,0.2988
2019-09-04 17:00:00,109.16,30.44,33.01,70.6,37.1,2,129.8,0.0698,0.067,0.1368
2019-09-04 18:00:00,0.95,29.68,29.7,71.3,20.0,2,134.7,0.0,0.042,0.042
2019-09-04 19:00:00,0.0,29.2,29.2,71.6,20.0,2,129.1,0.0,0.018,0.018
2019-09-04 20:00:00,0.0,28.81,28.81,72.0,20.0,2,110.7,0.0,0.004,0.004
2019-09-04 21:00:00,0.0,28.35,28.35,72.3,20.0,2,119.6,0.0,0.001,0.001
2019-09-04 22:00:00,0.0,27.92,27.92,72.7,20.0,2,135.0,0.0,0.003,0.003
2019-09-04 23:00:00,0.0,27.5,27.5,73.0,20.0,2,129.9,0.0,0.012,0.012
2019-09-05 00:00:00,0.0,27.12,27.12,73.3,20.0,2,138.5,0.0,0.023,0.023
2019-09-05 01:00:00,0.0,26.75,26.75,73.6,20.0,2,130.7,0.0,0.014,0.014
2019-09-05 02:00:00,0.0,26.41,26.41,73.9,20.0,2,117.0,0.0,0.014,0.014
2019-09-05 03:00:00,0.0,26.09,26.09,74.1,20.0,2,118.7,0.0,0.016,0.016
2019-09-05 04:00:00,0.0,25.82,25.82,74.3,20.0,2,127.7,0.0,0.009,0.009
2019-09-05 05:00:00,0.0,25.61,25.61,74.5,20.0,2,103.5,0.0,0.005,0.005
2019-09-05 06:00:00,30.69,26.6,27.34,73.7,86.5,2,143.4,0.0183,0.003,0.0213
2019-09-05 07:00:00,248.64,28.0,35.59,72.6,32.8,1,131.1,0.1887,0.004,0.1927
2019-09-05 08:00:00,501.12,30.25,45.56,70.8,27.9,1,139.0,0.3767,0.006,0.3827
2019-09-05 09:00:00,713.94,32.24,49.59,69.2,27.3,2,110.9,0.5265,0.01,0.5365
2019-09-05 10:00:00,867.63,33.4,54.46,68.3,27.2,2,139.1,0.6238,0.015,0.6388
2019-09-05 11:00:00,947.57,33.85,56.84,67.9,27.2,2,149.0,0.6725,0.021,0.6935
2019-09-05 12:00:00,950.27,33.81,56.86,68.0,27.2,2,113.5,0.6747,0.019,0.6937
2019-09-05 13:00:00,875.4,33.6,54.86,68.1,27.1,2,134.4,0.6293,0.017,0.6463
2019-09-05 14:00:00,711.58,33.1,50.41,68.5,27.6,2,126.7,0.5243,0.014,0.5383
2019-09-05 15:00:00,474.33,32.43,46.92,69.1,46.1,1,111.2,0.3535,0.017,0.3705
2019-09-05 16:00:00,274.18,31.48,39.83,69.8,58.0,1,131.6,0.2042,0.036,0.2402
2019-09-05 17:00:00,105.48,30.71,33.87,70.4,58.0,1,135.0,0.07,0.074,0.144
2019-09-05 18:00:00,0.95,30.01,30.03,71.0,20.0,1,120.7,0.0,0.11,0.11
2019-09-05 19:00:00,0.0,29.49,29.49,71.4,20.0,2,138.3,0.0,0.135,0.135
2019-09-05 20:00:00,0.0,29.0,29.0,71.8,20.0,2,110.0,0.0,0.155,0.155
2019-09-05 21:00:00,0.0,28.5,28.5,72.2,20.0,2,111.7,0.0,0.165,0.165
2019-09-05 22:00:00,0.0,28.02,28.02,72.6,20.0,2,128.1,0.0,0.166,0.166
2019-09-05 23:00:00,0.0,27.57,27.57,72.9,20.0,1,126.9,0.0,0.171,0.171
2019-09-06 00:00:00,0.0,27.13,27.13,73.3,20.0,1,118.0,0.0,0.193,0.193
2019-09-06 01:00:00,0.0,26.72,26.72,73.6,20.0,1,133.2,0.0,0.171,0.171
2019-09-06 02:00:00,0.0,26.28,26.28,74.0,20.0,1,130.5,0.0,0.152,0.152
2019-09-06 03:00:00,0.0,25.79,25.79,74.4,20.0,1,133.7,0.0,0.168,0.168
2019-09-06 04:00:00,0.0,25.42,25.42,74.7,20.0,0,123.9,0.0,0.161,0.161
2019-09-06 05:00:00,0.0,25.34,25.34,74.7,20.0,0,131.2,0.0,0.135,0.135
2019-09-06 06:00:00,29.37,26.05,27.25,74.2,91.2,0,120.7,0.0174,0.097,0.1144
2019-09-06 07:00:00,87.68,26.83,30.42,73.5,100.0,0,145.7,0.0628,0.073,0.1358
2019-09-06 08:00:00,318.22,28.22,41.21,72.4,64.9,0,117.0,0.2373,0.053,0.2903
2019-09-06 09:00:00,708.6,29.78,58.71,71.2,27.5,0,146.2,0.5022,0.034,0.5362
2019-09-06 10:00:00,805.1,30.93,55.42,70.3,33.2,1,125.5,0.5756,0.034,0.6096
2019-09-06 11:00:00,921.68,31.15,59.18,70.1,30.7,1,111.4,0.6471,0.053,0.7001
2019-09-06 12:00:00,941.38,31.09,59.73,70.1,27.2,1,138.8,0.6602,0.073,0.7332
2019-09-06 13:00:00,866.85,30.76,57.16,70.4,27.3,1,126.4,0.617,0.092,0.709
2019-09-06 14:00:00,723.25,30.5,52.56,70.6,27.3,1,133.7,0.5282,0.112,0.6402
2019-09-06 15:00:00,527.54,30.19,51.79,70.8,27.6,0,137.4,0.3883,0.139,0.5273
2019-09-06 16:00:00,309.42,29.96,42.54,71.0,28.5,0,128.5,0.226,0.156,0.382
2019-09-06 17:00:00,107.88,28.74,31.93,72.0,39.4,1,119.2,0.0693,0.164,0.2333
2019-09-06 18:00:00,0.0,28.23,28.23,72.4,20.0,1,134.9,0.0,0.182,0.182
2019-09-06 19:00:00,0.0,27.87,27.87,72.7,20.0,1,125.2,0.0,0.203,0.203
2019-09-06 20:00:00,0.0,27.5,27.5,73.0,20.0,0,132.0,0.0,0.228,0.228
2019-09-06 21:00:00,0.0,27.07,27.07,73.3,20.0,0,103.6,0.0,0.284,0.284
2019-09-06 22:00:00,0.0,26.49,26.49,73.8,20.0,1,129.6,0.0,0.278,0.278
2019-09-06 23:00:00,0.0,25.93,25.93,74.3,20.0,1,118.8,0.0,0.265,0.265
2019-09-07 00:00:00,0.0,25.43,25.43,74.7,20.0,1,140.1,0.0,0.205,0.205
2019-09-07 01:00:00,0.0,24.89,24.89,75.1,20.0,1,129.8,0.0,0.133,0.133
2019-09-07 02:00:00,0.0,24.4,24.4,75.5,20.0,1,126.0,0.0,0.085,0.085
2019-09-07 03:00:00,0.0,23.93,23.93,75.9,20.0,0,128.5,0.0,0.09,0.09
2019-09-07 04:00:00,0.0,23.65,23.65,76.1,20.0,1,113.6,0.0,0.083,0.083
2019-09-07 05:00:00,0.0,23.34,23.34,76.3,20.0,1,139.8,0.0,0.064,0.064
2019-09-07 06:00:00,14.84,23.89,24.25,75.9,100.0,2,143.5,0.0067,0.029,0.0357
2019-09-07 07:00:00,204.51,25.09,31.33,74.9,44.6,1,127.5,0.1564,0.01,0.1664
2019-09-07 08:00:00,224.0,27.28,34.1,73.2,84.9,1,139.5,0.1683,0.004,0.1723
2019-09-07 09:00:00,712.66,29.02,50.74,71.8,27.4,1,117.9,0.523,0.002,0.525
2019-09-07 10:00:00,660.74,30.5,50.56,70.6,56.8,1,115.6,0.4786,0.005,0.4836
2019-09-07 11:00:00,945.15,31.7,70.2,69.6,27.2,0,124.0,0.6318,0.033,0.6648
2019-09-07 12:00:00,947.31,32.42,71.01,69.1,27.2,0,128.0,0.6312,0.096,0.7272
2019-09-07 13:00:00,870.18,32.51,67.99,69.0,27.2,0,119.7,0.5901,0.168,0.7581
2019-09-07 14:00:00,724.97,32.14,61.76,69.3,27.2,0,129.0,0.5086,0.219,0.7276
2019-09-07 15:00:00,529.52,31.38,53.06,69.9,27.5,0,126.7,0.3877,0.228,0.6157
2019-09-07 16:00:00,304.79,31.08,43.48,70.1,33.8,0,113.6,0.2221,0.213,0.4351
2019-09-07 17:00:00,98.02,29.48,32.4,71.4,54.9,1,128.8,0.0642,0.241,0.3052
2019-09-07 18:00:00,0.0,28.09,28.09,72.5,20.0,1,132.2,0.0,0.236,0.236
2019-09-07 19:00:00,0.0,27.68,27.68,72.9,20.0,1,125.3,0.0,0.231,0.231
2019-09-07 20:00:00,0.0,27.22,27.22,73.2,20.0,1,135.1,0.0,0.192,0.192
2019-09-07 21:00:00,0.0,26.71,26.71,73.6,20.0,0,111.4,0.0,0.121,0.121
2019-09-07 22:00:00,0.0,26.1,26.1,74.1,20.0,0,128.3,0.0,0.063,0.063
2019-09-07 23:00:00,0.0,25.53,25.53,74.6,20.0,0,111.9,0.0,0.03,0.03
2019-09-08 00:00:00,0.0,24.96,24.96,75.0,20.0,0,110.9,0.0,0.051,0.051
2019-09-08 01:00:00,0.0,24.47,24.47,75.4,20.0,0,115.8,0.0,0.11,0.11
2019-09-08 02:00:00,0.0,24.06,24.06,75.8,20.0,0,112.7,0.0,0.155,0.155
2019-09-08 03:00:00,0.0,23.7,23.7,76.0,20.0,0,116.6,0.0,0.21,0.21
2019-09-08 04:00:00,0.0,23.39,23.39,76.3,20.0,0,119.9,0.0,0.338,0.338
2019-09-08 05:00:00,0.0,23.23,23.23,76.4,20.0,1,130.5,0.0,0.386,0.386
2019-09-08 06:00:00,27.87,24.33,25.18,75.5,100.0,1,118.9,0.0165,0.407,0.4235
2019-09-08 07:00:00,244.35,25.52,32.98,74.6,33.4,1,106.2,0.1875,0.397,0.5845
2019-09-08 08:00:00,494.94,28.33,43.45,72.3,28.0,1,133.5,0.3754,0.334,0.7094
2019-09-08 09:00:00,706.3,30.23,51.76,70.8,27.5,1,113.7,0.5161,0.26,0.7761
2019-09-08 10:00:00,856.65,31.06,57.13,70.2,27.3,1,121.5,0.609,0.207,0.816
2019-09-08 11:00:00,916.15,31.18,59.02,70.1,37.8,1,126.5,0.6427,0.164,0.8067
2019-09-08 12:00:00,503.77,31.12,46.39,70.1,79.7,1,124.1,0.3664,0.196,0.5624
2019-09-08 13:00:00,519.39,31.07,52.18,70.1,76.0,0,133.0,0.3704,0.29,0.6604
2019-09-08 14:00:00,713.52,30.78,52.55,70.4,27.3,1,126.9,0.5213,0.277,0.7983
2019-09-08 15:00:00,417.72,30.36,43.11,70.7,56.1,1,113.5,0.3146,0.253,0.5676
2019-09-08 16:00:00,303.38,29.85,39.06,71.1,28.6,1,143.9,0.2244,0.237,0.4614
2019-09-08 17:00:00,101.57,28.67,31.68,72.1,48.6,1,124.0,0.0659,0.224,0.2899
2019-09-08 18:00:00,0.0,27.49,27.49,73.0,20.0,1,120.6,0.0,0.203,0.203
2019-09-08 19:00:00,0.0,27.0,27.0,73.4,20.0,1,131.7,0.0,0.195,0.195
2019-09-08 20:00:00,0.0,26.44,26.44,73.9,20.0,1,124.6,0.0,0.212,0.212
2019-09-08 21:00:00,0.0,25.91,25.91,74.3,20.0,1,126.1,0.0,0.244,0.244
2019-09-08 22:00:00,0.0,25.34,25.34,74.7,20.0,1,147.0,0.0,0.3,0.3
2019-09-08 23:00:00,0.0,24.88,24.88,75.1,20.0,2,119.3,0.0,0.367,0.367
2019-09-09 00:00:00,0.0,24.38,24.38,75.5,20.0,2,117.4,0.0,0.374,0.374
2019-09-09 01:00:00,0.0,23.95,23.95,75.8,20.0,2,121.7,0.0,0.334,0.334
2019-09-09 02:00:00,0.0,23.56,23.56,76.2,20.0,2,131.3,0.0,0.289,0.289
2019-09-09 03:00:00,0.0,23.25,23.25,76.4,20.0,1,105.5,0.0,0.457,0.457
2019-09-09 04:00:00,0.0,22.95,22.95,76.6,20.0,1,100.9,0.0,0.536,0.536
2019-09-09 05:00:00,0.0,22.83,22.83,76.7,20.0,1,114.7,0.0,0.491,0.491
2019-09-09 06:00:00,23.21,24.06,24.77,75.7,100.0,1,104.2,0.013,0.406,0.419
2019-09-09 07:00:00,228.25,25.73,32.69,74.4,37.8,1,116.3,0.1747,0.334,0.5087
2019-09-09 08:00:00,375.87,27.59,39.05,72.9,54.4,1,125.6,0.2857,0.272,0.5577
2019-09-09 09:00:00,668.22,29.23,49.59,71.6,35.0,1,111.6,0.4916,0.223,0.7146
2019-09-09 10:00:00,860.92,30.11,56.32,70.9,27.3,1,106.3,0.6143,0.163,0.7773
2019-09-09 11:00:00,940.6,31.29,59.9,70.0,27.2,1,121.2,0.659,0.11,0.769
2019-09-09 12:00:00,941.26,32.45,61.08,69.0,27.2,1,129.2,0.6564,0.092,0.7484
2019-09-09 13:00:00,863.92,32.69,59.0,68.8,27.2,1,103.6,0.6103,0.101,0.7113
2019-09-09 14:00:00,716.2,32.35,54.2,69.1,27.3,1,128.8,0.5197,0.087,0.6067
2019-09-09 15:00:00,521.45,31.71,47.66,69.6,27.7,1,128.7,0.3909,0.068,0.4589
2019-09-09 16:00:00,301.05,30.83,39.97,70.3,28.6,1,130.1,0.2216,0.052,0.2736
2019-09-09 17:00:00,101.52,29.47,32.47,71.4,46.1,1,132.7,0.0649,0.037,0.1019
2019-09-09 18:00:00,0.0,28.65,28.65,72.1,20.0,1,142.6,0.0,0.021,0.021
2019-09-09 19:00:00,0.0,28.14,28.14,72.5,20.0,1,117.0,0.0,0.011,0.011
2019-09-09 20:00:00,0.0,27.61,27.61,72.9,20.0,1,121.6,0.0,0.005,0.005
2019-09-09 21:00:00,0.0,27.06,27.06,73.4,20.0,1,116.4,0.0,0.003,0.003
2019-09-09 22:00:00,0.0,26.44,26.44,73.8,20.0,1,120.6,0.0,0.005,0.005
2019-09-09 23:00:00,0.0,25.86,25.86,74.3,20.0,1,135.9,0.0,0.007,0.007
2019-09-10 00:00:00,0.0,25.26,25.26,74.8,20.0,1,105.6,0.0,0.021,0.021
2019-09-10 01:00:00,0.0,24.68,24.68,75.3,20.0,1,110.4,0.0,0.017,0.017
2019-09-10 02:00:00,0.0,24.12,24.12,75.7,20.0,1,132.8,0.0,0.02,0.02
2019-09-10 03:00:00,0.0,23.63,23.63,76.1,20.0,1,129.2,0.0,0.01,0.01
2019-09-10 04:00:00,0.0,23.16,23.16,76.5,20.0,1,115.4,0.0,0.002,0.002
2019-09-10 05:00:00,0.0,22.89,22.89,76.7,20.0,1,127.6,0.0,0.001,0.001
2019-09-10 06:00:00,25.08,24.09,25.11,75.7,100.0,0,122.4,0.0144,0.001,0.0154
2019-09-10 07:00:00,250.98,25.66,35.92,74.5,30.3,0,134.0,0.1906,0.001,0.1916
2019-09-10 08:00:00,479.98,28.77,48.41,72.0,29.3,0,119.8,0.3561,0.002,0.3581
2019-09-10 09:00:00,708.22,30.85,59.76,70.3,27.4,0,129.3,0.4999,0.004,0.5039
2019-09-10 10:00:00,860.38,31.95,67.02,69.4,27.3,0,145.4,0.5853,0.005,0.5903
2019-09-10 11:00:00,938.78,32.61,61.17,68.9,27.3,1,125.0,0.6541,0.003,0.6571
2019-09-10 12:00:00,937.2,32.88,61.4,68.7,27.2,1,119.5,0.6527,0.002,0.6547
2019-09-10 13:00:00,841.35,32.81,58.42,68.8,34.5,1,126.2,0.5948,0.001,0.5958
2019-09-10 14:00:00,354.86,32.42,43.21,69.1,71.7,1,115.4,0.2617,0.002,0.2637
2019-09-10 15:00:00,516.42,31.69,47.49,69.7,27.6,1,142.9,0.3874,0.006,0.3934
2019-09-10 16:00:00,297.7,30.77,39.8,70.4,28.7,1,120.8,0.2191,0.019,0.2381
2019-09-10 17:00:00,99.34,29.33,32.24,71.5,40.3,1,116.3,0.062,0.041,0.103
2019-09-10 18:00:00,0.0,28.63,28.63,72.1,20.0,1,110.7,0.0,0.061,0.061
2019-09-10 19:00:00,0.0,28.25,28.25,72.4,20.0,1,130.0,0.0,0.061,0.061
2019-09-10 20:00:00,0.0,27.88,27.88,72.7,20.0,1,127.7,0.0,0.045,0.045
2019-09-10 21:00:00,0.0,27.58,27.58,72.9,20.0,0,114.0,0.0,0.025,0.025
2019-09-10 22:00:00,0.0,27.24,27.24,73.2,20.0,1,124.8,0.0,0.011,0.011
2019-09-10 23:00:00,0.0,26.85,26.85,73.5,20.0,1,103.9,0.0,0.034,0.034
2019-09-11 00:00:00,0.0,26.43,26.43,73.9,20.0,1,119.4,0.0,0.058,0.058
2019-09-11 01:00:00,0.0,25.96,25.96,74.2,20.0,2,122.0,0.0,0.067,0.067
2019-09-11 02:00:00,0.0,25.51,25.51,74.6,20.0,2,134.6,0.0,0.093,0.093
2019-09-11 03:00:00,0.0,25.19,25.19,74.9,20.0,2,109.8,0.0,0.162,0.162
2019-09-11 04:00:00,0.0,24.93,24.93,75.1,20.0,2,104.7,0.0,0.201,0.201
2019-09-11 05:00:00,0.0,24.74,24.74,75.2,20.0,2,108.5,0.0,0.221,0.221
2019-09-11 06:00:00,21.35,25.57,26.09,74.5,100.0,2,104.1,0.0114,0.23,0.2414
2019-09-11 07:00:00,190.33,27.32,33.13,73.1,49.1,1,130.9,0.1439,0.231,0.3749
2019-09-11 08:00:00,478.16,29.53,41.18,71.4,33.7,2,133.0,0.3653,0.247,0.6123
2019-09-11 09:00:00,702.78,30.81,52.24,70.4,27.6,1,120.7,0.5126,0.241,0.7536
2019-09-11 10:00:00,853.09,31.59,57.56,69.7,27.3,1,129.7,0.6056,0.21,0.8156
2019-09-11 11:00:00,903.48,32.0,59.47,69.4,33.8,1,118.8,0.6335,0.179,0.8125
2019-09-11 12:00:00,687.91,32.09,60.06,69.3,58.0,0,116.6,0.4775,0.186,0.6635
2019-09-11 13:00:00,688.28,31.95,59.96,69.4,55.6,0,114.2,0.4799,0.2,0.6799
2019-09-11 14:00:00,478.0,31.64,51.11,69.7,66.7,0,114.4,0.345,0.206,0.551
2019-09-11 15:00:00,92.38,31.15,34.92,70.1,100.0,0,102.0,0.0646,0.225,0.2896
2019-09-11 16:00:00,54.9,31.26,33.51,70.0,100.0,0,120.1,0.0365,0.238,0.2745
2019-09-11 17:00:00,31.53,29.56,30.82,71.4,100.0,0,117.1,0.0173,0.248,0.2653
2019-09-11 18:00:00,0.0,29.09,29.09,71.7,20.0,1,125.0,0.0,0.249,0.249
2019-09-11 19:00:00,0.0,28.61,28.61,72.1,20.0,1,118.4,0.0,0.293,0.293
2019-09-11 20:00:00,0.0,28.24,28.24,72.4,20.0,1,115.9,0.0,0.341,0.341
2019-09-11 21:00:00,0.0,27.76,27.76,72.8,20.0,1,108.8,0.0,0.246,0.246
2019-09-11 22:00:00,0.0,27.18,27.18,73.3,20.0,1,118.2,0.0,0.255,0.255
2019-09-11 23:00:00,0.0,26.61,26.61,73.7,20.0,1,124.9,0.0,0.373,0.373
2019-09-12 00:00:00,0.0,26.06,26.06,74.2,20.0,2,104.6,0.0,0.402,0.402
2019-09-12 01:00:00,0.0,25.52,25.52,74.6,20.0,2,116.9,0.0,0.347,0.347
2019-09-12 02:00:00,0.0,25.05,25.05,75.0,20.0,2,118.3,0.0,0.246,0.246
2019-09-12 03:00:00,0.0,24.67,24.67,75.3,20.0,2,108.8,0.0,0.311,0.311
2019-09-12 04:00:00,0.0,24.36,24.36,75.5,20.0,2,110.1,0.0,0.378,0.378
2019-09-12 05:00:00,0.0,24.15,24.15,75.7,20.0,1,118.3,0.0,0.361,0.361
2019-09-12 06:00:00,26.01,25.0,25.79,75.0,100.0,1,104.7,0.015,0.36,0.375
2019-09-12 07:00:00,188.25,26.63,32.38,73.7,49.4,1,119.5,0.1427,0.357,0.4997
2019-09-12 08:00:00,489.15,29.15,44.1,71.7,28.2,1,107.0,0.37,0.341,0.711
2019-09-12 09:00:00,698.96,30.88,52.18,70.3,27.6,1,126.6,0.51,0.309,0.819
2019-09-12 10:00:00,848.66,31.92,57.75,69.5,27.4,1,139.4,0.602,0.238,0.84
2019-09-12 11:00:00,869.46,32.27,58.71,69.2,35.0,1,107.4,0.6116,0.233,0.8446
2019-09-12 12:00:00,926.02,32.3,60.48,69.2,27.4,1,121.3,0.6478,0.238,0.8858
2019-09-12 13:00:00,777.12,32.19,63.86,69.3,37.1,0,108.7,0.5358,0.318,0.8538
2019-09-12 14:00:00,701.24,31.78,60.43,69.6,27.5,0,126.4,0.4952,0.334,0.8292
2019-09-12 15:00:00,507.16,31.32,52.1,69.9,27.8,0,103.3,0.3729,0.311,0.6839
2019-09-12 16:00:00,154.61,30.84,37.17,70.3,89.2,0,120.8,0.1133,0.245,0.3583
2019-09-12 17:00:00,37.93,29.48,30.99,71.4,100.0,0,107.3,0.0216,0.194,0.2156
2019-09-12 18:00:00,0.0,28.63,28.63,72.1,20.0,0,113.9,0.0,0.186,0.186
2019-09-12 19:00:00,0.0,28.15,28.15,72.5,20.0,0,105.7,0.0,0.207,0.207
2019-09-12 20:00:00,0.0,27.84,27.84,72.7,20.0,0,124.2,0.0,0.224,0.224
2019-09-12 21:00:00,0.0,27.74,27.74,72.8,20.0,1,107.6,0.0,0.213,0.213
2019-09-12 22:00:00,0.0,27.36,27.36,73.1,20.0,1,121.5,0.0,0.194,0.194
2019-09-12 23:00:00,0.0,26.95,26.95,73.4,20.0,1,112.5,0.0,0.158,0.158
2019-09-13 00:00:00,0.0,26.58,26.58,73.7,20.0,1,113.3,0.0,0.142,0.142
2019-09-13 01:00:00,0.0,26.39,26.39,73.9,20.0,2,116.0,0.0,0.109,0.109
2019-09-13 02:00:00,0.0,26.14,26.14,74.1,20.0,1,106.9,0.0,0.09,0.09
2019-09-13 03:00:00,0.0,25.9,25.9,74.3,20.0,1,116.6,0.0,0.107,0.107
2019-09-13 04:00:00,0.0,25.66,25.66,74.5,20.0,1,129.8,0.0,0.118,0.118
2019-09-13 05:00:00,0.0,25.51,25.51,74.6,20.0,1,106.7,0.0,0.116,0.116
2019-09-13 06:00:00,18.56,26.03,26.6,74.2,100.0,1,126.2,0.0093,0.115,0.1243
2019-09-13 07:00:00,244.21,26.62,34.07,73.7,30.6,1,129.5,0.1868,0.119,0.3058
2019-09-13 08:00:00,489.0,28.27,43.22,72.4,28.3,1,106.3,0.3713,0.139,0.5103
2019-09-13 09:00:00,699.44,30.22,51.54,70.8,27.6,1,99.9,0.5118,0.163,0.6748
2019-09-13 10:00:00,848.98,31.15,56.99,70.1,27.4,1,117.5,0.6043,0.18,0.7843
2019-09-13 11:00:00,928.13,31.69,59.92,69.7,27.4,1,109.0,0.6506,0.177,0.8276
2019-09-13 12:00:00,926.79,31.9,60.1,69.5,27.3,1,133.2,0.6495,0.19,0.8395
2019-09-13 13:00:00,646.59,31.95,51.6,69.4,59.2,1,114.8,0.467,0.253,0.72
2019-09-13 14:00:00,572.39,31.75,49.18,69.6,53.7,1,106.5,0.4202,0.243,0.6632
2019-09-13 15:00:00,414.32,31.34,43.99,69.9,51.2,1,103.0,0.3116,0.309,0.6206
2019-09-13 16:00:00,118.45,30.74,35.59,70.4,100.0,0,125.4,0.0857,0.361,0.4467
2019-09-13 17:00:00,59.86,29.22,31.0,71.6,100.0,1,108.8,0.0372,0.432,0.4692
2019-09-13 18:00:00,0.0,29.04,29.04,71.8,20.0,1,114.9,0.0,0.491,0.491
2019-09-13 19:00:00,0.0,28.68,28.68,72.1,20.0,1,124.0,0.0,0.503,0.503
2019-09-13 20:00:00,0.0,28.24,28.24,72.4,20.0,1,109.6,0.0,0.47,0.47
2019-09-13 21:00:00,0.0,27.72,27.72,72.8,20.0,2,114.0,0.0,0.427,0.427
2019-09-13 22:00:00,0.0,27.24,27.24,73.2,20.0,2,114.3,0.0,0.415,0.415
2019-09-13 23:00:00,0.0,26.76,26.76,73.6,20.0,2,121.3,0.0,0.386,0.386
2019-09-14 00:00:00,0.0,26.44,26.44,73.9,20.0,2,118.9,0.0,0.41,0.41
2019-09-14 01:00:00,0.0,26.13,26.13,74.1,20.0,2,110.8,0.0,0.417,0.417
2019-09-14 02:00:00,0.0,25.86,25.86,74.3,20.0,2,113.6,0.0,0.425,0.425
2019-09-14 03:00:00,0.0,25.68,25.68,74.5,20.0,2,109.3,0.0,0.502,0.502
2019-09-14 04:00:00,0.0,25.6,25.6,74.5,20.0,2,98.2,0.0,0.454,0.454
2019-09-14 05:00:00,0.0,25.59,25.59,74.5,20.0,2,115.5,0.0,0.317,0.317
2019-09-14 06:00:00,20.42,25.9,26.4,74.3,100.0,2,131.9,0.0107,0.352,0.3627
2019-09-14 07:00:00,244.54,26.47,32.43,73.8,30.6,2,104.1,0.1884,0.412,0.6004
2019-09-14 08:00:00,490.14,27.46,39.41,73.0,28.2,2,105.2,0.3782,0.44,0.8182
2019-09-14 09:00:00,701.54,28.92,45.98,71.9,27.5,2,104.3,0.5257,0.442,0.9677
2019-09-14 10:00:00,853.11,30.04,50.76,71.0,27.4,2,120.2,0.6238,0.448,1.0718
2019-09-14 11:00:00,897.2,31.05,52.82,70.2,32.2,2,117.5,0.648,0.44,1.088
2019-09-14 12:00:00,803.43,31.52,55.94,69.8,44.9,1,111.4,0.571,0.403,0.974
2019-09-14 13:00:00,699.52,31.62,52.89,69.7,51.7,1,103.8,0.5041,0.332,0.8361
2019-09-14 14:00:00,553.89,31.36,48.23,69.9,57.5,1,113.9,0.4077,0.313,0.7207
2019-09-14 15:00:00,297.06,30.82,39.88,70.3,74.6,1,97.3,0.2231,0.302,0.5251
2019-09-14 16:00:00,108.95,30.13,33.46,70.9,100.0,1,114.4,0.079,0.372,0.451
2019-09-14 17:00:00,83.48,29.05,32.33,71.8,55.3,0,121.7,0.0508,0.433,0.4838
2019-09-14 18:00:00,0.0,28.42,28.42,72.3,20.0,1,100.5,0.0,0.415,0.415
2019-09-14 19:00:00,0.0,27.95,27.95,72.6,20.0,1,97.6,0.0,0.358,0.358
2019-09-14 20:00:00,0.0,27.52,27.52,73.0,20.0,1,128.8,0.0,0.368,0.368
2019-09-14 21:00:00,0.0,27.08,27.08,73.3,20.0,1,106.9,0.0,0.379,0.379
2019-09-14 22:00:00,0.0,26.72,26.72,73.6,20.0,1,124.3,0.0,0.381,0.381
2019-09-14 23:00:00,0.0,26.34,26.34,73.9,20.0,1,111.4,0.0,0.431,0.431
2019-09-15 00:00:00,0.0,26.03,26.03,74.2,20.0,1,109.9,0.0,0.403,0.403
2019-09-15 01:00:00,0.0,25.72,25.72,74.4,20.0,1,115.9,0.0,0.328,0.328
2019-09-15 02:00:00,0.0,25.45,25.45,74.6,20.0,1,102.6,0.0,0.362,0.362
2019-09-15 03:00:00,0.0,25.17,25.17,74.9,20.0,1,112.8,0.0,0.4,0.4
2019-09-15 04:00:00,0.0,24.99,24.99,75.0,20.0,1,107.7,0.0,0.414,0.414
2019-09-15 05:00:00,0.0,25.06,25.06,75.0,20.0,1,98.3,0.0,0.441,0.441
2019-09-15 06:00:00,19.49,25.51,26.11,74.6,100.0,1,114.8,0.01,0.476,0.486
2019-09-15 07:00:00,236.81,26.42,33.65,73.9,31.7,1,108.8,0.1812,0.506,0.6872
2019-09-15 08:00:00,486.4,28.02,42.88,72.6,29.0,1,109.9,0.3698,0.538,0.9078
2019-09-15 09:00:00,590.86,29.76,47.75,71.2,45.4,1,99.4,0.4363,0.556,0.9923
2019-09-15 10:00:00,808.08,30.98,63.9,70.2,35.6,0,127.4,0.5566,0.53,1.0866
2019-09-15 11:00:00,185.41,31.7,39.22,69.6,95.9,0,120.2,0.1319,0.466,0.5979
2019-09-15 12:00:00,131.54,32.03,37.36,69.4,100.0,0,121.1,0.0918,0.484,0.5758
2019-09-15 13:00:00,387.6,32.26,48.0,69.2,86.5,0,108.4,0.2783,0.645,0.9233
2019-09-15 14:00:00,693.94,32.0,60.34,69.4,35.6,0,94.2,0.4894,0.578,1.0674
2019-09-15 15:00:00,386.19,31.67,47.46,69.7,59.5,0,131.0,0.2849,0.591,0.8759
2019-09-15 16:00:00,253.52,31.08,41.42,70.1,55.7,0,110.9,0.1861,0.649,0.8351
2019-09-15 17:00:00,85.89,28.5,31.88,72.2,60.8,0,104.0,0.0529,0.655,0.7079
2019-09-15 18:00:00,0.0,28.15,28.15,72.5,20.0,0,115.6,0.0,0.635,0.635
2019-09-15 19:00:00,0.0,27.93,27.93,72.7,20.0,0,123.1,0.0,0.658,0.658
2019-09-15 20:00:00,0.0,27.48,27.48,73.0,20.0,1,111.2,0.0,0.69,0.69
2019-09-15 21:00:00,0.0,27.07,27.07,73.3,20.0,1,124.3,0.0,0.701,0.701
2019-09-15 22:00:00,0.0,26.58,26.58,73.7,20.0,1,122.3,0.0,0.703,0.703
2019-09-15 23:00:00,0.0,26.16,26.16,74.1,20.0,1,100.7,0.0,0.695,0.695
2019-09-16 00:00:00,0.0,25.71,25.71,74.4,20.0,1,103.2,0.0,0.659,0.659
2019-09-16 01:00:00,0.0,25.34,25.34,74.7,20.0,1,119.6,0.0,0.551,0.551
2019-09-16 02:00:00,0.0,24.96,24.96,75.0,20.0,0,82.9,0.0,0.49,0.49
2019-09-16 03:00:00,0.0,24.62,24.62,75.3,20.0,0,108.5,0.0,0.437,0.437
2019-09-16 04:00:00,0.0,24.23,24.23,75.6,20.0,0,95.7,0.0,0.367,0.367
2019-09-16 05:00:00,0.0,23.97,23.97,75.8,20.0,0,105.2,0.0,0.391,0.391
2019-09-16 06:00:00,21.35,25.06,25.7,75.0,100.0,1,107.0,0.0114,0.41,0.4214
2019-09-16 07:00:00,102.74,26.61,29.74,73.7,93.0,1,106.4,0.0751,0.403,0.4781
2019-09-16 08:00:00,402.39,29.45,41.73,71.4,48.3,1,104.5,0.304,0.386,0.69
2019-09-16 09:00:00,677.13,31.13,51.77,70.1,31.2,1,99.0,0.4945,0.338,0.8325
2019-09-16 10:00:00,836.1,31.88,65.96,69.5,28.9,0,132.9,0.5717,0.247,0.8187
2019-09-16 11:00:00,940.16,32.25,70.56,69.2,27.2,0,128.7,0.6282,0.159,0.7872
2019-09-16 12:00:00,916.48,32.5,69.84,69.0,30.1,0,98.4,0.6144,0.161,0.7754
2019-09-16 13:00:00,854.76,32.42,58.46,69.1,27.2,1,125.8,0.606,0.238,0.844
2019-09-16 14:00:00,702.76,32.1,53.56,69.3,27.3,1,106.0,0.5121,0.266,0.7781
2019-09-16 15:00:00,504.5,31.62,47.06,69.7,27.6,1,111.3,0.3796,0.272,0.6516
2019-09-16 16:00:00,282.03,31.1,39.66,70.1,32.5,1,109.3,0.2069,0.261,0.4679
2019-09-16 17:00:00,81.2,29.92,32.3,71.1,54.1,1,103.4,0.0488,0.264,0.3128
2019-09-16 18:00:00,0.0,28.84,28.84,71.9,20.0,0,119.8,0.0,0.272,0.272
2019-09-16 19:00:00,0.0,28.4,28.4,72.3,20.0,0,111.2,0.0,0.279,0.279
2019-09-16 20:00:00,0.0,27.92,27.92,72.7,20.0,0,105.2,0.0,0.283,0.283
2019-09-16 21:00:00,0.0,27.49,27.49,73.0,20.0,0,96.9,0.0,0.264,0.264
2019-09-16 22:00:00,0.0,27.03,27.03,73.4,20.0,0,101.0,0.0,0.256,0.256
2019-09-16 23:00:00,0.0,26.61,26.61,73.7,20.0,0,93.6,0.0,0.22,0.22
2019-09-17 00:00:00,0.0,26.24,26.24,74.0,20.0,0,108.6,0.0,0.17,0.17
2019-09-17 01:00:00,0.0,25.89,25.89,74.3,20.0,0,96.5,0.0,0.111,0.111
2019-09-17 02:00:00,0.0,25.52,25.52,74.6,20.0,0,105.8,0.0,0.083,0.083
2019-09-17 03:00:00,0.0,25.12,25.12,74.9,20.0,1,122.2,0.0,0.082,0.082
2019-09-17 04:00:00,0.0,24.72,24.72,75.2,20.0,1,120.5,0.0,0.08,0.08
2019-09-17 05:00:00,0.0,24.46,24.46,75.4,20.0,1,108.2,0.0,0.067,0.067
2019-09-17 06:00:00,17.63,25.26,25.8,74.8,100.0,1,107.6,0.0086,0.063,0.0716
2019-09-17 07:00:00,46.51,26.66,28.08,73.7,100.0,1,127.3,0.0308,0.068,0.0988
2019-09-17 08:00:00,353.64,28.84,39.62,71.9,54.2,1,113.7,0.2679,0.068,0.3359
2019-09-17 09:00:00,671.54,29.83,50.3,71.1,34.0,1,105.2,0.4932,0.083,0.5762
2019-09-17 10:00:00,848.09,30.18,56.0,70.9,27.4,1,94.2,0.6066,0.121,0.7276
2019-09-17 11:00:00,762.47,30.22,53.38,70.8,51.3,1,112.4,0.5468,0.188,0.7348
2019-09-17 12:00:00,830.62,30.04,55.3,71.0,38.8,1,116.8,0.5933,0.29,0.8833
2019-09-17 13:00:00,679.38,29.85,57.51,71.1,55.4,0,102.2,0.4794,0.355,0.8344
2019-09-17 14:00:00,686.33,29.49,57.54,71.4,29.7,0,111.4,0.4911,0.367,0.8581
2019-09-17 15:00:00,487.48,29.21,49.18,71.6,35.8,0,104.9,0.3623,0.35,0.7123
2019-09-17 16:00:00,88.09,28.93,32.53,71.9,100.0,0,106.7,0.0628,0.341,0.4038
2019-09-17 17:00:00,16.72,28.08,28.74,72.5,100.0,0,83.6,0.0065,0.343,0.3495
2019-09-17 18:00:00,0.0,27.44,27.44,73.0,20.0,0,106.3,0.0,0.343,0.343
2019-09-17 19:00:00,0.0,27.13,27.13,73.3,20.0,0,118.2,0.0,0.333,0.333
2019-09-17 20:00:00,0.0,26.79,26.79,73.6,20.0,0,102.2,0.0,0.341,0.341
2019-09-17 21:00:00,0.0,26.52,26.52,73.8,20.0,0,109.0,0.0,0.343,0.343
2019-09-17 22:00:00,0.0,26.23,26.23,74.0,20.0,1,100.9,0.0,0.416,0.416
2019-09-17 23:00:00,0.0,25.92,25.92,74.3,20.0,1,112.1,0.0,0.39,0.39
2019-09-18 00:00:00,0.0,25.67,25.67,74.5,20.0,1,104.9,0.0,0.358,0.358
2019-09-18 01:00:00,0.0,25.43,25.43,74.7,20.0,1,97.6,0.0,0.313,0.313
2019-09-18 02:00:00,0.0,25.23,25.23,74.8,20.0,1,120.3,0.0,0.216,0.216
2019-09-18 03:00:00,0.0,25.04,25.04,75.0,20.0,1,116.3,0.0,0.233,0.233
2019-09-18 04:00:00,0.0,24.89,24.89,75.1,20.0,1,101.0,0.0,0.372,0.372
2019-09-18 05:00:00,0.0,24.78,24.78,75.2,20.0,1,112.0,0.0,0.424,0.424
2019-09-18 06:00:00,16.7,25.3,25.81,74.8,100.0,1,112.4,0.0079,0.371,0.3789
2019-09-18 07:00:00,107.58,26.27,29.56,74.0,93.3,1,113.4,0.079,0.273,0.352
2019-09-18 08:00:00,190.56,27.91,35.67,72.7,94.6,0,90.1,0.1407,0.184,0.3247
2019-09-18 09:00:00,337.5,29.02,39.27,71.8,89.1,1,117.1,0.251,0.107,0.358
2019-09-18 10:00:00,500.0,29.79,44.96,71.2,74.9,1,101.3,0.3674,0.084,0.4514
2019-09-18 11:00:00,336.5,30.07,40.26,70.9,94.3,1,103.4,0.2468,0.087,0.3338
2019-09-18 12:00:00,300.8,29.84,38.95,71.1,95.9,1,133.4,0.2207,0.1,0.3207
2019-09-18 13:00:00,202.22,29.37,35.5,71.5,99.1,1,110.0,0.1478,0.141,0.2888
2019-09-18 14:00:00,126.55,28.72,32.56,72.0,100.0,1,103.2,0.0912,0.157,0.2482
2019-09-18 15:00:00,147.89,28.6,33.1,72.1,100.0,1,85.0,0.1091,0.162,0.2711
2019-09-18 16:00:00,69.07,27.9,30.01,72.7,100.0,1,120.9,0.0484,0.149,0.1974
2019-09-18 17:00:00,16.72,27.35,27.84,73.1,100.0,1,93.6,0.0065,0.14,0.1465
2019-09-18 18:00:00,0.0,26.8,26.8,73.6,20.0,1,97.0,0.0,0.13,0.13
2019-09-18 19:00:00,0.0,26.44,26.44,73.9,20.0,1,103.7,0.0,0.124,0.124
2019-09-18 20:00:00,0.0,26.02,26.02,74.2,20.0,2,121.2,0.0,0.129,0.129
2019-09-18 21:00:00,0.0,25.61,25.61,74.5,20.0,2,114.8,0.0,0.136,0.136
2019-09-18 22:00:00,0.0,25.21,25.21,74.8,20.0,2,105.4,0.0,0.146,0.146
2019-09-18 23:00:00,0.0,24.82,24.82,75.1,20.0,2,110.1,0.0,0.152,0.152
2019-09-19 00:00:00,0.0,24.49,24.49,75.4,20.0,2,99.6,0.0,0.147,0.147
2019-09-19 01:00:00,0.0,24.2,24.2,75.6,20.0,2,107.0,0.0,0.108,0.108
2019-09-19 02:00:00,0.0,23.93,23.93,75.9,20.0,2,106.3,0.0,0.112,0.112
2019-09-19 03:00:00,0.0,23.75,23.75,76.0,20.0,2,115.2,0.0,0.206,0.206
2019-09-19 04:00:00,0.0,23.57,23.57,76.1,20.0,2,115.2,0.0,0.255,0.255
2019-09-19 05:00:00,0.0,23.4,23.4,76.3,20.0,2,110.5,0.0,0.216,0.216
2019-09-19 06:00:00,8.34,23.37,23.57,76.3,20.0,2,101.9,0.0018,0.187,0.1888
2019-09-19 07:00:00,87.84,23.79,25.92,76.0,100.0,2,113.0,0.0643,0.157,0.2213
2019-09-19 08:00:00,182.53,24.55,30.11,75.4,95.4,1,104.6,0.1377,0.13,0.2677
2019-09-19 09:00:00,219.85,25.78,31.11,74.4,97.0,2,94.7,0.1653,0.101,0.2663
2019-09-19 10:00:00,179.3,26.49,30.82,73.8,99.5,2,101.5,0.1323,0.084,0.2163
2019-09-19 11:00:00,195.83,26.36,31.09,73.9,99.5,2,106.4,0.1448,0.086,0.2308
2019-09-19 12:00:00,225.75,26.11,31.56,74.1,99.2,2,114.7,0.1682,0.087,0.2552
2019-09-19 13:00:00,252.68,25.92,32.03,74.3,98.9,2,103.7,0.1899,0.1,0.2899
2019-09-19 14:00:00,144.71,25.82,29.33,74.3,100.0,2,93.5,0.107,0.114,0.221
2019-09-19 15:00:00,202.72,25.6,30.53,74.5,95.0,2,106.1,0.1548,0.141,0.2958
2019-09-19 16:00:00,72.9,25.3,26.78,74.8,100.0,3,106.7,0.0522,0.173,0.2252
2019-09-19 17:00:00,15.79,25.02,25.32,75.0,100.0,3,107.4,0.0057,0.192,0.1977
2019-09-19 18:00:00,0.0,24.81,24.81,75.2,20.0,3,114.8,0.0,0.188,0.188
2019-09-19 19:00:00,0.0,24.68,24.68,75.3,20.0,3,115.7,0.0,0.163,0.163
2019-09-19 20:00:00,0.0,24.63,24.63,75.3,20.0,3,99.6,0.0,0.153,0.153
2019-09-19 21:00:00,0.0,24.74,24.74,75.2,20.0,3,99.4,0.0,0.144,0.144
2019-09-19 22:00:00,0.0,24.84,24.84,75.1,20.0,3,95.2,0.0,0.133,0.133
2019-09-19 23:00:00,0.0,24.95,24.95,75.0,20.0,3,112.5,0.0,0.122,0.122
2019-09-20 00:00:00,0.0,25.06,25.06,74.9,20.0,3,118.6,0.0,0.092,0.092
2019-09-20 01:00:00,0.0,25.16,25.16,74.9,20.0,3,100.9,0.0,0.068,0.068
2019-09-20 02:00:00,0.0,25.15,25.15,74.9,20.0,3,101.7,0.0,0.118,0.118
2019-09-20 03:00:00,0.0,25.12,25.12,74.9,20.0,2,118.8,0.0,0.252,0.252
2019-09-20 04:00:00,0.0,25.1,25.1,74.9,20.0,2,109.2,0.0,0.279,0.279
2019-09-20 05:00:00,0.0,25.04,25.04,75.0,20.0,2,108.5,0.0,0.223,0.223
2019-09-20 06:00:00,12.06,25.31,25.6,74.8,100.0,2,92.2,0.0045,0.136,0.1405
2019-09-20 07:00:00,66.1,26.2,28.22,74.0,100.0,1,110.9,0.0463,0.092,0.1383
2019-09-20 08:00:00,247.56,27.35,33.36,73.1,79.5,2,94.8,0.1883,0.088,0.2763
2019-09-20 09:00:00,439.61,28.47,39.14,72.2,68.6,2,92.8,0.3322,0.078,0.4102
2019-09-20 10:00:00,368.54,29.18,38.09,71.7,91.2,2,100.6,0.2748,0.068,0.3428
2019-09-20 11:00:00,562.29,29.72,43.32,71.2,74.6,2,98.2,0.4166,0.063,0.4796
2019-09-20 12:00:00,559.8,29.85,43.39,71.1,78.9,2,101.9,0.4144,0.071,0.4854
2019-09-20 13:00:00,512.85,29.67,42.09,71.3,75.8,2,89.7,0.3827,0.101,0.4837
2019-09-20 14:00:00,286.36,29.34,36.29,71.5,90.0,2,113.7,0.2151,0.124,0.3391
2019-09-20 15:00:00,453.96,28.88,39.95,71.9,41.7,2,115.4,0.3498,0.151,0.5008
2019-09-20 16:00:00,94.05,28.24,30.53,72.4,100.0,2,84.6,0.0681,0.179,0.2471
2019-09-20 17:00:00,36.53,27.41,28.26,73.1,100.0,2,113.9,0.0189,0.191,0.2099
2019-09-20 18:00:00,0.0,26.75,26.75,73.6,20.0,2,96.0,0.0,0.188,0.188
2019-09-20 19:00:00,0.0,26.34,26.34,73.9,20.0,2,112.7,0.0,0.181,0.181
2019-09-20 20:00:00,0.0,25.96,25.96,74.2,20.0,2,103.4,0.0,0.2,0.2
2019-09-20 21:00:00,0.0,25.66,25.66,74.5,20.0,2,104.4,0.0,0.207,0.207
2019-09-20 22:00:00,0.0,25.49,25.49,74.6,20.0,2,102.2,0.0,0.2,0.2
2019-09-20 23:00:00,0.0,25.37,25.37,74.7,20.0,2,116.2,0.0,0.202,0.202
2019-09-21 00:00:00,0.0,25.23,25.23,74.8,20.0,2,90.3,0.0,0.199,0.199
2019-09-21 01:00:00,0.0,25.14,25.14,74.9,20.0,2,108.7,0.0,0.155,0.155
2019-09-21 02:00:00,0.0,25.0,25.0,75.0,20.0,1,113.7,0.0,0.139,0.139
2019-09-21 03:00:00,0.0,24.88,24.88,75.1,20.0,1,109.8,0.0,0.171,0.171
2019-09-21 04:00:00,0.0,24.73,24.73,75.2,20.0,1,125.9,0.0,0.144,0.144
2019-09-21 05:00:00,0.0,24.58,24.58,75.3,20.0,1,97.4,0.0,0.099,0.099
2019-09-21 06:00:00,12.99,24.75,25.14,75.2,100.0,1,112.2,0.0052,0.066,0.0712
2019-09-21 07:00:00,38.12,25.34,26.51,74.7,100.0,1,101.6,0.0245,0.041,0.0655
2019-09-21 08:00:00,190.2,26.65,32.44,73.7,92.2,1,115.0,0.1426,0.025,0.1676
2019-09-21 09:00:00,245.71,28.02,35.48,72.6,95.8,1,102.6,0.1826,0.014,0.1966
2019-09-21 10:00:00,271.26,29.02,37.24,71.8,96.1,1,98.8,0.1999,0.01,0.2099
2019-09-21 11:00:00,349.65,29.66,40.25,71.3,94.5,1,115.7,0.257,0.008,0.265
2019-09-21 12:00:00,418.19,30.0,42.67,71.0,91.5,1,97.7,0.3069,0.007,0.3139
2019-09-21 13:00:00,192.23,30.01,37.82,71.0,96.1,0,88.5,0.1388,0.005,0.1438
2019-09-21 14:00:00,325.12,29.68,42.92,71.3,85.7,0,97.5,0.2391,0.003,0.2421
2019-09-21 15:00:00,404.97,29.21,45.78,71.6,51.3,0,108.8,0.3026,0.002,0.3046
2019-09-21 16:00:00,245.74,28.65,38.63,72.1,38.2,0,116.6,0.1798,0.001,0.1808
2019-09-21 17:00:00,70.89,27.74,30.47,72.8,60.5,0,103.8,0.0396,0.001,0.0406
2019-09-21 18:00:00,0.0,26.73,26.73,73.6,20.0,0,115.8,0.0,0.0,0.0
2019-09-21 19:00:00,0.0,26.24,26.24,74.0,20.0,0,89.1,0.0,0.0,0.0
2019-09-21 20:00:00,0.0,25.79,25.79,74.4,20.0,0,98.2,0.0,0.0,0.0
2019-09-21 21:00:00,0.0,25.28,25.28,74.8,20.0,0,99.8,0.0,0.004,0.004
2019-09-21 22:00:00,0.0,24.8,24.8,75.2,20.0,0,101.5,0.0,0.026,0.026
2019-09-21 23:00:00,0.0,24.33,24.33,75.5,20.0,0,103.5,0.0,0.112,0.112
2019-09-22 00:00:00,0.0,23.87,23.87,75.9,20.0,0,108.1,0.0,0.204,0.204
2019-09-22 01:00:00,0.0,23.4,23.4,76.3,20.0,0,96.8,0.0,0.187,0.187
2019-09-22 02:00:00,0.0,23.0,23.0,76.6,20.0,0,102.6,0.0,0.144,0.144
2019-09-22 03:00:00,0.0,22.61,22.61,76.9,20.0,0,100.8,0.0,0.161,0.161
2019-09-22 04:00:00,0.0,22.35,22.35,77.1,20.0,1,91.9,0.0,0.113,0.113
2019-09-22 05:00:00,0.0,22.08,22.08,77.3,20.0,1,100.1,0.0,0.073,0.073
2019-09-22 06:00:00,12.06,23.28,23.65,76.4,100.0,1,99.8,0.0045,0.054,0.0585
2019-09-22 07:00:00,234.27,24.9,32.06,75.1,33.3,1,99.6,0.1806,0.038,0.2186
2019-09-22 08:00:00,426.55,27.25,40.28,73.2,36.0,1,101.5,0.3263,0.019,0.3453
2019-09-22 09:00:00,620.98,28.91,47.83,71.9,40.8,1,102.0,0.4598,0.007,0.4668
2019-09-22 10:00:00,858.12,30.03,56.16,71.0,27.2,1,96.9,0.6138,0.003,0.6168
2019-09-22 11:00:00,933.29,30.7,59.1,70.4,27.2,1,113.9,0.6574,0.004,0.6614
2019-09-22 12:00:00,927.26,30.82,59.04,70.3,27.2,1,89.5,0.6539,0.012,0.6659
2019-09-22 13:00:00,842.23,30.57,56.23,70.5,27.2,1,94.0,0.6037,0.028,0.6317
2019-09-22 14:00:00,523.55,30.0,45.95,71.0,59.4,1,129.0,0.3892,0.041,0.4302
2019-09-22 15:00:00,385.68,29.33,38.73,71.5,56.8,2,90.8,0.2961,0.055,0.3511
2019-09-22 16:00:00,266.81,28.57,35.02,72.1,32.3,2,87.7,0.198,0.064,0.262
2019-09-22 17:00:00,65.7,27.42,28.9,73.1,63.7,2,108.6,0.0348,0.065,0.0998
2019-09-22 18:00:00,0.0,26.85,26.85,73.5,20.0,2,80.4,0.0,0.068,0.068
2019-09-22 19:00:00,0.0,26.53,26.53,73.8,20.0,1,98.9,0.0,0.069,0.069
2019-09-22 20:00:00,0.0,26.2,26.2,74.0,20.0,1,122.7,0.0,0.062,0.062
2019-09-22 21:00:00,0.0,25.89,25.89,74.3,20.0,1,85.8,0.0,0.054,0.054
2019-09-22 22:00:00,0.0,25.52,25.52,74.6,20.0,1,81.4,0.0,0.05,0.05
2019-09-22 23:00:00,0.0,25.01,25.01,75.0,20.0,1,86.2,0.0,0.052,0.052
2019-09-23 00:00:00,0.0,24.53,24.53,75.4,20.0,1,108.8,0.0,0.062,0.062
2019-09-23 01:00:00,0.0,24.14,24.14,75.7,20.0,1,111.0,0.0,0.065,0.065
2019-09-23 02:00:00,0.0,23.74,23.74,76.0,20.0,1,94.7,0.0,0.043,0.043
2019-09-23 03:00:00,0.0,23.3,23.3,76.4,20.0,1,106.6,0.0,0.029,0.029
2019-09-23 04:00:00,0.0,22.8,22.8,76.8,20.0,1,113.7,0.0,0.014,0.014
2019-09-23 05:00:00,0.0,22.45,22.45,77.0,20.0,1,117.7,0.0,0.003,0.003
2019-09-23 06:00:00,11.13,23.24,23.58,76.4,100.0,1,97.3,0.0038,0.0,0.0038
2019-09-23 07:00:00,172.68,24.52,29.8,75.4,51.7,1,76.8,0.1319,0.0,0.1319
2019-09-23 08:00:00,482.62,26.78,41.53,73.6,31.4,1,91.6,0.3691,0.0,0.3691
2019-09-23 09:00:00,635.71,29.15,48.52,71.7,37.9,1,95.5,0.4699,0.0,0.4699
2019-09-23 10:00:00,856.12,30.63,56.7,70.5,29.0,1,97.2,0.6107,0.0,0.6107
2019-09-23 11:00:00,935.02,31.37,54.06,69.9,27.2,2,97.9,0.6733,0.0,0.6733
2019-09-23 12:00:00,928.64,31.56,54.11,69.8,27.1,2,111.0,0.6692,0.0,0.6692
2019-09-23 13:00:00,843.19,31.42,51.92,69.9,27.2,2,112.5,0.6159,0.002,0.6179
2019-09-23 14:00:00,688.56,31.11,47.88,70.1,27.4,2,98.1,0.5148,0.008,0.5228
2019-09-23 15:00:00,486.94,30.52,42.42,70.6,27.7,2,110.8,0.374,0.024,0.398
2019-09-23 16:00:00,263.38,29.45,35.81,71.4,32.2,2,103.4,0.1945,0.043,0.2375
2019-09-23 17:00:00,66.76,27.8,29.29,72.8,59.6,2,100.4,0.0348,0.041,0.0758
2019-09-23 18:00:00,0.0,26.72,26.72,73.6,20.0,2,108.8,0.0,0.029,0.029
2019-09-23 19:00:00,0.0,26.05,26.05,74.2,20.0,2,100.5,0.0,0.034,0.034
2019-09-23 20:00:00,0.0,25.45,25.45,74.6,20.0,2,120.4,0.0,0.054,0.054
2019-09-23 21:00:00,0.0,24.92,24.92,75.1,20.0,2,85.4,0.0,0.061,0.061
2019-09-23 22:00:00,0.0,24.42,24.42,75.5,20.0,2,94.6,0.0,0.059,0.059
2019-09-23 23:00:00,0.0,23.93,23.93,75.9,20.0,2,98.5,0.0,0.062,0.062
2019-09-24 00:00:00,0.0,23.44,23.44,76.3,20.0,2,102.8,0.0,0.073,0.073
2019-09-24 01:00:00,0.0,22.92,22.92,76.7,20.0,2,111.0,0.0,0.067,0.067
2019-09-24 02:00:00,0.0,22.34,22.34,77.1,20.0,2,98.1,0.0,0.053,0.053
2019-09-24 03:00:00,0.0,21.79,21.79,77.6,20.0,2,84.1,0.0,0.069,0.069
2019-09-24 04:00:00,0.0,21.23,21.23,78.0,20.0,2,106.8,0.0,0.067,0.067
2019-09-24 05:00:00,0.0,20.7,20.7,78.4,20.0,3,105.9,0.0,0.058,0.058
2019-09-24 06:00:00,12.99,21.33,21.59,77.9,100.0,3,78.9,0.0053,0.05,0.0553
2019-09-24 07:00:00,235.06,22.77,28.5,76.8,29.9,2,98.3,0.1841,0.043,0.2271
2019-09-24 08:00:00,489.39,24.94,36.88,75.0,27.4,2,82.5,0.3822,0.041,0.4232
2019-09-24 09:00:00,721.75,27.64,45.2,72.9,27.2,2,91.7,0.5436,0.04,0.5836
2019-09-24 10:00:00,874.3,29.6,50.84,71.3,27.1,2,89.3,0.64,0.042,0.682
2019-09-24 11:00:00,949.6,30.96,54.01,70.2,27.0,2,106.5,0.684,0.048,0.732
2019-09-24 12:00:00,942.71,31.68,54.57,69.7,27.0,2,99.5,0.678,0.054,0.732
2019-09-24 13:00:00,855.92,31.78,52.59,69.6,27.1,2,85.5,0.6236,0.053,0.6766
2019-09-24 14:00:00,698.5,31.43,48.45,69.9,27.2,2,107.2,0.5213,0.051,0.5723
2019-09-24 15:00:00,493.38,30.63,42.68,70.5,27.5,2,84.0,0.3788,0.056,0.4348
2019-09-24 16:00:00,259.48,29.36,35.62,71.5,32.9,2,101.7,0.1916,0.07,0.2616
2019-09-24 17:00:00,62.6,27.54,28.91,73.0,63.3,2,90.2,0.0299,0.105,0.1349
2019-09-24 18:00:00,0.0,26.39,26.39,73.9,20.0,2,94.7,0.0,0.151,0.151
2019-09-24 19:00:00,0.0,25.82,25.82,74.3,20.0,2,103.4,0.0,0.157,0.157
2019-09-24 20:00:00,0.0,25.34,25.34,74.7,20.0,2,103.6,0.0,0.131,0.131
2019-09-24 21:00:00,0.0,24.88,24.88,75.1,20.0,2,111.7,0.0,0.088,0.088
2019-09-24 22:00:00,0.0,24.49,24.49,75.4,20.0,2,97.5,0.0,0.056,0.056
2019-09-24 23:00:00,0.0,24.03,24.03,75.8,20.0,2,101.4,0.0,0.046,0.046
2019-09-25 00:00:00,0.0,23.59,23.59,76.1,20.0,2,92.6,0.0,0.056,0.056
2019-09-25 01:00:00,0.0,23.16,23.16,76.5,20.0,2,98.8,0.0,0.056,0.056
2019-09-25 02:00:00,0.0,22.66,22.66,76.9,20.0,2,101.3,0.0,0.062,0.062
2019-09-25 03:00:00,0.0,22.12,22.12,77.3,20.0,2,96.0,0.0,0.095,0.095
2019-09-25 04:00:00,0.0,21.57,21.57,77.7,20.0,2,78.9,0.0,0.093,0.093
2019-09-25 05:00:00,0.0,21.04,21.04,78.2,20.0,2,100.3,0.0,0.081,0.081
2019-09-25 06:00:00,12.06,21.92,22.21,77.5,100.0,2,100.6,0.0046,0.065,0.0696
2019-09-25 07:00:00,213.12,23.38,28.58,76.3,38.0,2,90.1,0.1659,0.052,0.2179
2019-09-25 08:00:00,485.07,25.36,40.19,74.7,27.8,1,84.1,0.3737,0.045,0.4187
2019-09-25 09:00:00,695.97,27.92,49.16,72.7,26.1,1,111.7,0.5156,0.038,0.5536
2019-09-25 10:00:00,874.23,29.71,50.95,71.2,27.1,2,101.9,0.6397,0.034,0.6737
2019-09-25 11:00:00,948.26,30.92,53.94,70.3,27.0,2,94.7,0.6834,0.036,0.7194
2019-09-25 12:00:00,917.32,31.48,53.75,69.8,26.3,2,85.6,0.6625,0.048,0.7105
2019-09-25 13:00:00,851.38,31.49,52.19,69.8,27.1,2,88.7,0.6214,0.082,0.7034
2019-09-25 14:00:00,692.8,31.11,47.99,70.1,27.2,2,110.0,0.5181,0.114,0.6321
2019-09-25 15:00:00,472.66,30.46,42.01,70.6,28.4,2,98.3,0.3634,0.128,0.4914
2019-09-25 16:00:00,228.23,29.21,34.74,71.6,47.4,2,91.4,0.1697,0.131,0.3007
2019-09-25 17:00:00,56.41,27.45,28.68,73.0,76.0,2,102.0,0.0264,0.138,0.1644
2019-09-25 18:00:00,0.0,26.53,26.53,73.8,20.0,2,88.8,0.0,0.176,0.176
2019-09-25 19:00:00,0.0,26.03,26.03,74.2,20.0,1,112.0,0.0,0.248,0.248
2019-09-25 20:00:00,0.0,25.61,25.61,74.5,20.0,1,110.5,0.0,0.261,0.261
2019-09-25 21:00:00,0.0,25.13,25.13,74.9,20.0,2,92.3,0.0,0.241,0.241
2019-09-25 22:00:00,0.0,24.68,24.68,75.3,20.0,2,90.7,0.0,0.219,0.219
2019-09-25 23:00:00,0.0,24.17,24.17,75.7,20.0,3,70.8,0.0,0.229,0.229
2019-09-26 00:00:00,0.0,23.62,23.62,76.1,20.0,3,80.7,0.0,0.364,0.364
2019-09-26 01:00:00,0.0,22.98,22.98,76.6,20.0,3,82.2,0.0,0.374,0.374
2019-09-26 02:00:00,0.0,22.3,22.3,77.2,20.0,3,96.9,0.0,0.492,0.492
2019-09-26 03:00:00,0.0,21.62,21.62,77.7,20.0,3,92.3,0.0,0.568,0.568
2019-09-26 04:00:00,0.0,21.02,21.02,78.2,20.0,3,82.1,0.0,0.583,0.583
2019-09-26 05:00:00,0.0,20.56,20.56,78.5,20.0,3,92.7,0.0,0.538,0.538
2019-09-26 06:00:00,11.13,21.01,21.23,78.2,100.0,3,100.6,0.0039,0.435,0.4389
2019-09-26 07:00:00,212.03,22.82,27.11,76.7,38.4,3,100.8,0.1661,0.338,0.5041
2019-09-26 08:00:00,485.95,25.56,35.42,74.5,27.3,3,76.6,0.3819,0.268,0.6499
2019-09-26 09:00:00,701.18,28.28,42.47,72.4,25.4,3,94.3,0.5344,0.207,0.7414
2019-09-26 10:00:00,851.27,30.24,47.45,70.8,25.8,3,81.7,0.6325,0.156,0.7885
2019-09-26 11:00:00,946.88,31.57,50.69,69.7,27.1,3,104.6,0.692,0.121,0.813
2019-09-26 12:00:00,936.5,32.26,51.18,69.2,27.1,3,103.4,0.6837,0.113,0.7967
2019-09-26 13:00:00,846.82,32.44,49.56,69.0,27.1,3,86.6,0.6252,0.153,0.7782
2019-09-26 14:00:00,688.56,32.22,46.17,69.2,27.3,3,87.9,0.519,0.19,0.709
2019-09-26 15:00:00,482.52,31.55,41.36,69.8,27.6,3,90.9,0.3725,0.227,0.5995
2019-09-26 16:00:00,250.08,30.6,36.63,70.5,33.8,2,73.0,0.1832,0.255,0.4382
2019-09-26 17:00:00,56.18,28.84,30.06,71.9,70.9,2,98.9,0.0254,0.286,0.3114
2019-09-26 18:00:00,0.0,27.75,27.75,72.8,20.0,3,92.8,0.0,0.327,0.327
2019-09-26 19:00:00,0.0,27.1,27.1,73.3,20.0,3,105.3,0.0,0.374,0.374
2019-09-26 20:00:00,0.0,26.34,26.34,73.9,20.0,3,84.6,0.0,0.423,0.423
2019-09-26 21:00:00,0.0,25.47,25.47,74.6,20.0,3,89.4,0.0,0.479,0.479
2019-09-26 22:00:00,0.0,24.58,24.58,75.3,20.0,3,80.5,0.0,0.459,0.459
2019-09-26 23:00:00,0.0,23.76,23.76,76.0,20.0,3,85.5,0.0,0.432,0.432
2019-09-27 00:00:00,0.0,23.06,23.06,76.6,20.0,3,82.3,0.0,0.405,0.405
2019-09-27 01:00:00,0.0,22.46,22.46,77.0,20.0,3,104.1,0.0,0.351,0.351
2019-09-27 02:00:00,0.0,21.98,21.98,77.4,20.0,3,87.2,0.0,0.4,0.4
2019-09-27 03:00:00,0.0,21.56,21.56,77.8,20.0,3,95.4,0.0,0.596,0.596
2019-09-27 04:00:00,0.0,21.18,21.18,78.1,20.0,2,90.4,0.0,0.636,0.636
2019-09-27 05:00:00,0.0,20.84,20.84,78.3,20.0,2,81.5,0.0,0.613,0.613
2019-09-27 06:00:00,10.2,21.75,22.0,77.6,100.0,2,92.5,0.0032,0.565,0.5682
2019-09-27 07:00:00,216.93,23.63,30.26,76.1,36.3,1,100.2,0.1679,0.484,0.6519
2019-09-27 08:00:00,484.89,26.45,41.28,73.8,27.4,1,82.1,0.372,0.389,0.761
2019-09-27 09:00:00,712.69,28.96,46.3,71.8,27.3,2,102.3,0.5345,0.274,0.8085
2019-09-27 10:00:00,863.51,30.74,51.72,70.4,27.2,2,85.7,0.63,0.164,0.794
2019-09-27 11:00:00,938.5,31.84,54.63,69.5,27.1,2,89.3,0.6746,0.104,0.7786
2019-09-27 12:00:00,930.92,32.39,55.0,69.1,27.1,2,99.5,0.6688,0.105,0.7738
2019-09-27 13:00:00,844.11,32.44,49.51,69.0,27.1,3,87.5,0.6234,0.154,0.7774
2019-09-27 14:00:00,685.8,32.1,48.81,69.3,27.2,2,94.5,0.5113,0.201,0.7123
2019-09-27 15:00:00,453.39,31.45,42.53,69.8,31.8,2,91.0,0.3473,0.236,0.5833
2019-09-27 16:00:00,234.7,30.4,36.07,70.7,38.6,2,95.5,0.1723,0.267,0.4393
2019-09-27 17:00:00,52.36,28.69,29.77,72.0,75.7,2,70.4,0.0202,0.289,0.3092
2019-09-27 18:00:00,0.0,27.58,27.58,72.9,20.0,2,75.9,0.0,0.302,0.302
2019-09-27 19:00:00,0.0,26.92,26.92,73.5,20.0,2,100.3,0.0,0.296,0.296
2019-09-27 20:00:00,0.0,26.33,26.33,73.9,20.0,2,104.5,0.0,0.283,0.283
2019-09-27 21:00:00,0.0,25.8,25.8,74.4,20.0,2,85.1,0.0,0.256,0.256
2019-09-27 22:00:00,0.0,25.29,25.29,74.8,20.0,3,91.7,0.0,0.222,0.222
2019-09-27 23:00:00,0.0,24.73,24.73,75.2,20.0,3,97.1,0.0,0.192,0.192
2019-09-28 00:00:00,0.0,24.03,24.03,75.8,20.0,3,99.7,0.0,0.171,0.171
2019-09-28 01:00:00,0.0,23.37,23.37,76.3,20.0,4,72.5,0.0,0.144,0.144
2019-09-28 02:00:00,0.0,22.82,22.82,76.7,20.0,3,83.9,0.0,0.103,0.103
2019-09-28 03:00:00,0.0,22.38,22.38,77.1,20.0,3,89.5,0.0,0.137,0.137
2019-09-28 04:00:00,0.0,22.05,22.05,77.4,20.0,3,99.8,0.0,0.261,0.261
2019-09-28 05:00:00,0.0,21.72,21.72,77.6,20.0,3,117.8,0.0,0.374,0.374
2019-09-28 06:00:00,9.27,22.32,22.54,77.1,20.0,2,90.5,0.0025,0.463,0.4655
2019-09-28 07:00:00,214.8,24.02,29.25,75.8,36.4,2,78.7,0.1669,0.503,0.6699
2019-09-28 08:00:00,484.47,26.66,38.47,73.7,27.5,2,96.8,0.3761,0.455,0.8311
2019-09-28 09:00:00,711.93,29.04,46.37,71.8,27.4,2,106.0,0.5338,0.344,0.8778
2019-09-28 10:00:00,862.4,30.8,51.75,70.4,27.2,2,93.9,0.6292,0.241,0.8702
2019-09-28 11:00:00,934.07,31.91,54.59,69.5,27.1,2,83.7,0.6717,0.198,0.8697
2019-09-28 12:00:00,925.31,32.41,54.89,69.1,27.1,2,102.4,0.6652,0.253,0.9182
2019-09-28 13:00:00,795.0,32.45,51.77,69.0,29.6,2,99.4,0.5813,0.337,0.9183
2019-09-28 14:00:00,571.51,32.01,45.92,69.4,47.2,2,82.5,0.4278,0.358,0.7858
2019-09-28 15:00:00,435.43,31.42,42.06,69.9,33.8,2,96.6,0.3337,0.354,0.6877
2019-09-28 16:00:00,237.29,30.36,36.09,70.7,37.0,2,102.8,0.1739,0.355,0.5289
2019-09-28 17:00:00,48.55,28.88,30.12,71.9,80.6,1,104.6,0.0179,0.341,0.3589
2019-09-28 18:00:00,0.0,28.01,28.01,72.6,20.0,2,92.1,0.0,0.301,0.301
2019-09-28 19:00:00,0.0,27.44,27.44,73.1,20.0,2,89.2,0.0,0.282,0.282
2019-09-28 20:00:00,0.0,26.8,26.8,73.6,20.0,2,105.1,0.0,0.261,0.261
2019-09-28 21:00:00,0.0,26.16,26.16,74.1,20.0,3,80.7,0.0,0.24,0.24
2019-09-28 22:00:00,0.0,25.47,25.47,74.6,20.0,3,97.2,0.0,0.245,0.245
2019-09-28 23:00:00,0.0,24.82,24.82,75.1,20.0,3,79.1,0.0,0.245,0.245
2019-09-29 00:00:00,0.0,24.23,24.23,75.6,20.0,3,102.1,0.0,0.22,0.22
2019-09-29 01:00:00,0.0,23.71,23.71,76.0,20.0,2,88.9,0.0,0.167,0.167
2019-09-29 02:00:00,0.0,23.18,23.18,76.5,20.0,2,104.1,0.0,0.154,0.154
2019-09-29 03:00:00,0.0,22.74,22.74,76.8,20.0,2,96.3,0.0,0.231,0.231
2019-09-29 04:00:00,0.0,22.37,22.37,77.1,20.0,2,79.2,0.0,0.233,0.233
2019-09-29 05:00:00,0.0,22.34,22.34,77.1,20.0,1,105.7,0.0,0.234,0.234
2019-09-29 06:00:00,8.34,22.99,23.25,76.6,20.0,1,106.9,0.0018,0.261,0.2628
2019-09-29 07:00:00,213.24,24.27,30.79,75.6,36.8,1,100.3,0.1646,0.3,0.4646
2019-09-29 08:00:00,487.19,26.69,41.59,73.6,28.2,1,83.8,0.3734,0.322,0.6954
2019-09-29 09:00:00,700.14,29.16,50.51,71.7,27.5,1,88.4,0.5159,0.291,0.8069
2019-09-29 10:00:00,853.6,31.15,57.15,70.1,27.3,1,92.9,0.6086,0.216,0.8246
2019-09-29 11:00:00,914.27,32.16,59.98,69.3,29.9,1,84.4,0.6419,0.144,0.7859
2019-09-29 12:00:00,735.35,32.38,54.73,69.1,52.2,1,108.4,0.5255,0.085,0.6105
2019-09-29 13:00:00,632.54,32.23,51.48,69.2,55.2,1,92.9,0.459,0.062,0.521
2019-09-29 14:00:00,566.23,31.9,49.17,69.5,46.0,1,64.4,0.4182,0.039,0.4572
2019-09-29 15:00:00,392.17,31.41,43.41,69.9,46.0,1,94.8,0.2968,0.03,0.3268
2019-09-29 16:00:00,220.73,30.63,37.32,70.5,42.4,1,88.0,0.1608,0.028,0.1888
2019-09-29 17:00:00,44.14,29.34,30.46,71.5,64.7,1,90.7,0.0153,0.031,0.0463
2019-09-29 18:00:00,0.0,28.48,28.48,72.2,20.0,0,87.7,0.0,0.033,0.033
2019-09-29 19:00:00,0.0,27.94,27.94,72.6,20.0,0,99.5,0.0,0.035,0.035
2019-09-29 20:00:00,0.0,27.4,27.4,73.1,20.0,1,102.6,0.0,0.036,0.036
2019-09-29 21:00:00,0.0,26.87,26.87,73.5,20.0,1,94.3,0.0,0.037,0.037
2019-09-29 22:00:00,0.0,26.35,26.35,73.9,20.0,1,88.0,0.0,0.04,0.04
2019-09-29 23:00:00,0.0,25.82,25.82,74.3,20.0,1,91.0,0.0,0.042,0.042
2019-09-30 00:00:00,0.0,25.21,25.21,74.8,20.0,1,90.3,0.0,0.047,0.047
2019-09-30 01:00:00,0.0,24.61,24.61,75.3,20.0,1,82.1,0.0,0.042,0.042
2019-09-30 02:00:00,0.0,24.08,24.08,75.7,20.0,1,95.9,0.0,0.051,0.051
2019-09-30 03:00:00,0.0,23.53,23.53,76.2,20.0,0,94.7,0.0,0.093,0.093
2019-09-30 04:00:00,0.0,23.02,23.02,76.6,20.0,0,105.5,0.0,0.12,0.12
2019-09-30 05:00:00,0.0,22.6,22.6,76.9,20.0,0,102.6,0.0,0.13,0.13
2019-09-30 06:00:00,7.42,23.38,23.68,76.3,20.0,0,83.2,0.0011,0.126,0.1271
2019-09-30 07:00:00,187.3,25.24,32.91,74.8,45.9,0,98.3,0.1421,0.117,0.2591
2019-09-30 08:00:00,458.82,27.82,46.6,72.7,30.9,0,80.6,0.3434,0.112,0.4554
2019-09-30 09:00:00,668.34,30.4,57.7,70.7,29.2,0,97.0,0.4769,0.094,0.5709
2019-09-30 10:00:00,749.32,31.79,62.33,69.6,38.4,0,84.9,0.5203,0.071,0.5913
2019-09-30 11:00:00,814.91,32.31,65.51,69.2,38.4,0,79.9,0.557,0.06,0.617
2019-09-30 12:00:00,722.25,32.34,61.75,69.1,52.4,0,92.9,0.5003,0.047,0.5473
2019-09-30 13:00:00,703.66,32.21,60.9,69.2,47.9,0,63.3,0.4917,0.036,0.5277
2019-09-30 14:00:00,251.82,31.88,42.15,69.5,86.8,0,72.6,0.1838,0.026,0.2098
2019-09-30 15:00:00,419.94,31.34,48.55,69.9,44.9,0,88.3,0.3118,0.03,0.3418
2019-09-30 16:00:00,233.9,30.87,40.35,70.3,36.0,0,90.9,0.1676,0.057,0.2246
2019-09-30 17:00:00,41.11,26.84,28.24,73.5,89.6,0,86.4,0.0145,0.084,0.0985
2019-09-30 18:00:00,0.0,27.79,27.79,72.8,20.0,0,74.3,0.0,0.098,0.098
2019-09-30 19:00:00,0.0,27.23,27.23,73.2,20.0,0,81.9,0.0,0.112,0.112
2019-09-30 20:00:00,0.0,26.72,26.72,73.6,20.0,1,94.0,0.0,0.124,0.124
2019-09-30 21:00:00,0.0,26.23,26.23,74.0,20.0,1,95.9,0.0,0.133,0.133
2019-09-30 22:00:00,0.0,25.76,25.76,74.4,20.0,1,89.9,0.0,0.139,0.139
2019-09-30 23:00:00,0.0,25.24,25.24,74.8,20.0,1,101.7,0.0,0.158,0.158
2019-10-01 00:00:00,0.0,24.75,24.75,50.2,20.0,1,92.7,0.0,0.177,0.177
2019-10-01 01:00:00,0.0,24.29,24.29,50.6,20.0,1,81.3,0.0,0.151,0.151
2019-10-01 02:00:00,0.0,23.84,23.84,50.9,20.0,1,85.9,0.0,0.149,0.149
2019-10-01 03:00:00,0.0,23.45,23.45,51.2,20.0,1,74.7,0.0,0.225,0.225
2019-10-01 04:00:00,0.0,23.1,23.1,51.5,20.0,1,87.7,0.0,0.27,0.27
2019-10-01 05:00:00,0.0,23.98,23.98,50.8,20.0,1,99.9,0.0,0.274,0.274
2019-10-01 06:00:00,6.49,24.83,25.03,50.1,20.0,1,95.6,0.0004,0.267,0.2674
2019-10-01 07:00:00,218.77,26.63,33.32,48.7,34.7,1,102.8,0.1674,0.262,0.4294
2019-10-01 08:00:00,467.86,29.54,43.84,46.4,31.8,1,85.7,0.3545,0.258,0.6125
2019-10-01 09:00:00,677.3,32.29,52.95,44.2,30.9,1,102.2,0.4933,0.233,0.7263
2019-10-01 10:00:00,825.63,33.49,58.64,43.2,30.7,1,86.8,0.5845,0.2,0.7845
2019-10-01 11:00:00,792.03,34.06,66.31,42.7,48.2,0,103.5,0.5381,0.176,0.7141
2019-10-01 12:00:00,872.25,34.23,69.78,42.6,39.0,0,88.5,0.5853,0.195,0.7803
2019-10-01 13:00:00,803.04,34.16,66.94,42.7,30.6,0,95.8,0.5492,0.304,0.8532
2019-10-01 14:00:00,618.44,33.86,59.13,42.9,43.3,0,103.5,0.4386,0.391,0.8296
2019-10-01 15:00:00,317.21,33.33,46.31,43.3,70.9,0,86.8,0.2337,0.455,0.6887
2019-10-01 16:00:00,235.59,32.84,42.37,43.7,33.3,0,90.9,0.1667,0.505,0.6717
2019-10-01 17:00:00,40.83,30.52,31.91,45.6,79.2,0,101.6,0.0139,0.54,0.5539
2019-10-01 18:00:00,0.0,29.7,29.7,46.2,20.0,1,87.4,0.0,0.556,0.556
2019-10-01 19:00:00,0.0,29.08,29.08,46.7,20.0,1,75.5,0.0,0.504,0.504
2019-10-01 20:00:00,0.0,28.43,28.43,47.3,20.0,2,110.2,0.0,0.43,0.43
2019-10-01 21:00:00,0.0,27.84,27.84,47.7,20.0,2,84.1,0.0,0.407,0.407
2019-10-01 22:00:00,0.0,27.29,27.29,48.2,20.0,2,90.3,0.0,0.382,0.382
2019-10-01 23:00:00,0.0,26.79,26.79,48.6,20.0,2,100.3,0.0,0.328,0.328
2019-10-02 00:00:00,0.0,26.32,26.32,48.9,20.0,2,81.3,0.0,0.317,0.317
2019-10-02 01:00:00,0.0,25.88,25.88,49.3,20.0,2,77.3,0.0,0.278,0.278
2019-10-02 02:00:00,0.0,25.5,25.5,49.6,20.0,2,90.0,0.0,0.361,0.361
2019-10-02 03:00:00,0.0,25.19,25.19,49.8,20.0,2,69.5,0.0,0.484,0.484
2019-10-02 04:00:00,0.0,24.87,24.87,50.1,20.0,2,84.5,0.0,0.522,0.522
2019-10-02 05:00:00,0.0,24.63,24.63,50.3,20.0,2,89.9,0.0,0.517,0.517
2019-10-02 06:00:00,5.56,25.3,25.44,49.8,20.0,2,84.7,0.0,0.484,0.484
2019-10-02 07:00:00,214.69,27.0,33.56,48.4,34.8,1,72.0,0.1639,0.442,0.6059
2019-10-02 08:00:00,464.39,29.71,43.91,46.2,31.9,1,103.4,0.3518,0.401,0.7528
2019-10-02 09:00:00,672.97,32.06,48.43,44.4,31.0,2,88.5,0.4998,0.346,0.8458
2019-10-02 10:00:00,821.54,33.08,58.1,43.5,30.7,1,101.7,0.5831,0.278,0.8611
2019-10-02 11:00:00,897.05,33.49,60.8,43.2,30.6,1,84.8,0.6278,0.184,0.8118
2019-10-02 12:00:00,888.28,33.4,60.45,43.3,30.6,1,78.6,0.6233,0.133,0.7563
2019-10-02 13:00:00,799.53,33.13,57.5,43.5,30.7,1,90.1,0.5707,0.106,0.6767
2019-10-02 14:00:00,646.17,32.6,52.34,43.9,30.8,1,85.3,0.4743,0.072,0.5463
2019-10-02 15:00:00,442.89,32.03,45.59,44.4,31.6,1,75.7,0.3351,0.036,0.3711
2019-10-02 16:00:00,226.56,30.91,37.78,45.3,48.6,1,102.1,0.1654,0.014,0.1794
2019-10-02 17:00:00,38.75,29.4,30.39,46.5,100.0,1,81.2,0.0133,0.008,0.0213
2019-10-02 18:00:00,0.0,29.02,29.02,46.8,20.0,2,69.0,0.0,0.009,0.009
2019-10-02 19:00:00,0.0,28.65,28.65,47.1,20.0,2,100.7,0.0,0.014,0.014
2019-10-02 20:00:00,0.0,28.18,28.18,47.5,20.0,2,82.4,0.0,0.021,0.021
2019-10-02 21:00:00,0.0,27.64,27.64,47.9,20.0,2,81.3,0.0,0.032,0.032
2019-10-02 22:00:00,0.0,27.08,27.08,48.3,20.0,2,69.8,0.0,0.048,0.048
2019-10-02 23:00:00,0.0,26.59,26.59,48.7,20.0,2,104.8,0.0,0.063,0.063
2019-10-03 00:00:00,0.0,26.06,26.06,49.2,20.0,3,73.2,0.0,0.077,0.077
2019-10-03 01:00:00,0.0,25.66,25.66,49.5,20.0,3,86.7,0.0,0.065,0.065
2019-10-03 02:00:00,0.0,25.23,25.23,49.8,20.0,2,95.2,0.0,0.045,0.045
2019-10-03 03:00:00,0.0,25.0,25.0,50.0,20.0,2,90.3,0.0,0.066,0.066
2019-10-03 04:00:00,0.0,25.02,25.02,50.0,20.0,2,85.5,0.0,0.063,0.063
2019-10-03 05:00:00,0.0,24.95,24.95,50.0,20.0,2,69.1,0.0,0.052,0.052
2019-10-03 06:00:00,4.63,25.04,25.16,50.0,20.0,2,78.0,0.0,0.042,0.042
2019-10-03 07:00:00,212.51,25.74,30.92,49.4,35.0,2,88.0,0.164,0.036,0.2
2019-10-03 08:00:00,461.56,27.25,38.51,48.2,32.0,2,78.2,0.3576,0.034,0.3916
2019-10-03 09:00:00,668.62,29.61,45.88,46.3,31.1,2,88.2,0.502,0.03,0.532
2019-10-03 10:00:00,815.56,31.07,50.89,45.1,30.8,2,92.9,0.5972,0.022,0.6192
2019-10-03 11:00:00,888.62,31.78,53.35,44.6,30.7,2,95.7,0.6426,0.012,0.6546
2019-10-03 12:00:00,878.81,31.77,53.12,44.6,30.7,2,73.9,0.6368,0.006,0.6428
2019-10-03 13:00:00,668.89,31.31,47.55,44.9,56.3,2,108.1,0.4943,0.002,0.4963
2019-10-03 14:00:00,637.43,30.73,46.26,45.4,31.0,2,93.8,0.4802,0.0,0.4802
2019-10-03 15:00:00,381.87,30.09,39.4,45.9,55.0,2,86.1,0.2933,0.0,0.2933
2019-10-03 16:00:00,225.52,29.39,36.2,46.5,33.7,1,97.0,0.1632,0.0,0.1632
2019-10-03 17:00:00,34.97,28.34,29.23,47.3,100.0,1,109.8,0.0117,0.0,0.0117
2019-10-03 18:00:00,0.0,27.77,27.77,47.8,20.0,1,71.7,0.0,0.0,0.0
2019-10-03 19:00:00,0.0,27.39,27.39,48.1,20.0,1,83.9,0.0,0.0,0.0
2019-10-03 20:00:00,0.0,27.02,27.02,48.4,20.0,1,62.3,0.0,0.0,0.0
2019-10-03 21:00:00,0.0,26.58,26.58,48.7,20.0,1,88.0,0.0,0.0,0.0
2019-10-03 22:00:00,0.0,26.17,26.17,49.1,20.0,1,89.8,0.0,0.002,0.002
2019-10-03 23:00:00,0.0,25.81,25.81,49.4,20.0,1,85.7,0.0,0.004,0.004
2019-10-04 00:00:00,0.0,25.46,25.46,49.6,20.0,0,78.3,0.0,0.005,0.005
2019-10-04 01:00:00,0.0,25.14,25.14,49.9,20.0,0,64.3,0.0,0.003,0.003
2019-10-04 02:00:00,0.0,24.85,24.85,50.1,20.0,0,88.6,0.0,0.003,0.003
2019-10-04 03:00:00,0.0,24.62,24.62,50.3,20.0,0,99.4,0.0,0.013,0.013
2019-10-04 04:00:00,0.0,24.43,24.43,50.5,20.0,1,78.9,0.0,0.015,0.015
2019-10-04 05:00:00,0.0,24.21,24.21,50.6,20.0,1,89.2,0.0,0.015,0.015
2019-10-04 06:00:00,5.56,24.86,25.03,50.1,20.0,1,69.1,0.0,0.016,0.016
2019-10-04 07:00:00,207.95,26.34,32.69,48.9,35.2,1,89.4,0.1591,0.019,0.1781
2019-10-04 08:00:00,455.05,28.74,42.65,47.0,32.1,1,80.9,0.3464,0.025,0.3714
2019-10-04 09:00:00,661.77,30.22,50.4,45.8,31.3,1,77.2,0.4874,0.029,0.5164
2019-10-04 10:00:00,376.5,30.78,42.2,45.4,85.1,1,77.2,0.2772,0.029,0.3062
2019-10-04 11:00:00,671.39,30.8,51.2,45.4,59.6,1,80.9,0.4857,0.03,0.5157
2019-10-04 12:00:00,376.02,30.54,39.64,45.6,89.2,2,88.7,0.2793,0.034,0.3133
2019-10-04 13:00:00,221.61,30.12,35.48,45.9,99.1,2,71.7,0.1635,0.034,0.1975
2019-10-04 14:00:00,212.93,29.55,34.71,46.4,96.9,2,80.9,0.1588,0.025,0.1838
2019-10-04 15:00:00,81.21,29.04,31.01,46.8,100.0,2,84.4,0.0574,0.013,0.0704
2019-10-04 16:00:00,43.72,28.44,29.51,47.2,100.0,2,73.8,0.0283,0.006,0.0343
2019-10-04 17:00:00,8.35,27.58,27.75,47.9,20.0,2,102.8,0.0,0.004,0.004
2019-10-04 18:00:00,0.0,27.17,27.17,48.3,20.0,2,76.3,0.0,0.004,0.004
2019-10-04 19:00:00,0.0,26.82,26.82,48.5,20.0,2,78.1,0.0,0.005,0.005
2019-10-04 20:00:00,0.0,26.43,26.43,48.9,20.0,2,75.0,0.0,0.006,0.006
2019-10-04 21:00:00,0.0,26.11,26.11,49.1,20.0,2,102.8,0.0,0.003,0.003
2019-10-04 22:00:00,0.0,25.85,25.85,49.3,20.0,2,90.4,0.0,0.001,0.001
2019-10-04 23:00:00,0.0,25.56,25.56,49.6,20.0,2,75.5,0.0,0.0,0.0
2019-10-05 00:00:00,0.0,25.36,25.36,49.7,20.0,2,94.6,0.0,0.0,0.0
2019-10-05 01:00:00,0.0,25.06,25.06,49.9,20.0,2,85.6,0.0,0.0,0.0
2019-10-05 02:00:00,0.0,24.78,24.78,50.2,20.0,2,86.1,0.0,0.0,0.0
2019-10-05 03:00:00,0.0,24.51,24.51,50.4,20.0,2,80.1,0.0,0.001,0.001
2019-10-05 04:00:00,0.0,24.31,24.31,50.6,20.0,2,76.1,0.0,0.002,0.002
2019-10-05 05:00:00,0.0,24.14,24.14,50.7,20.0,2,86.9,0.0,0.002,0.002
2019-10-05 06:00:00,3.71,24.22,24.33,50.6,20.0,1,78.1,0.0,0.002,0.002
2019-10-05 07:00:00,65.17,24.74,26.73,50.2,100.0,1,101.7,0.0459,0.003,0.0489
2019-10-05 08:00:00,346.73,25.67,36.26,49.5,55.2,1,70.9,0.2669,0.004,0.2709
2019-10-05 09:00:00,349.6,26.87,37.5,48.5,81.0,1,98.9,0.2636,0.006,0.2696
2019-10-05 10:00:00,530.06,27.61,43.71,47.9,72.9,1,82.4,0.3935,0.01,0.4035
2019-10-05 11:00:00,303.49,27.89,37.09,47.7,95.6,1,86.5,0.2251,0.015,0.2401
2019-10-05 12:00:00,334.08,27.98,38.11,47.6,94.8,1,91.9,0.2482,0.023,0.2712
2019-10-05 13:00:00,309.52,27.82,37.22,47.7,95.4,1,77.2,0.2311,0.032,0.2631
2019-10-05 14:00:00,180.11,27.75,33.23,47.8,99.5,1,92.2,0.1337,0.035,0.1687
2019-10-05 15:00:00,137.6,27.47,31.67,48.0,100.0,1,56.5,0.1022,0.027,0.1292
2019-10-05 16:00:00,39.98,27.0,28.22,48.4,100.0,1,76.4,0.0256,0.014,0.0396
2019-10-05 17:00:00,7.42,26.12,26.31,49.1,20.0,1,74.3,0.0,0.006,0.006
2019-10-05 18:00:00,0.0,25.62,25.62,49.5,20.0,1,71.0,0.0,0.003,0.003
2019-10-05 19:00:00,0.0,25.33,25.33,49.7,20.0,2,81.4,0.0,0.001,0.001
2019-10-05 20:00:00,0.0,25.06,25.06,50.0,20.0,2,87.4,0.0,0.001,0.001
2019-10-05 21:00:00,0.0,24.77,24.77,50.2,20.0,2,90.6,0.0,0.001,0.001
2019-10-05 22:00:00,0.0,24.51,24.51,50.4,20.0,2,86.0,0.0,0.001,0.001
2019-10-05 23:00:00,0.0,24.27,24.27,50.6,20.0,2,76.9,0.0,0.001,0.001
2019-10-06 00:00:00,0.0,24.07,24.07,50.7,20.0,2,86.0,0.0,0.002,0.002
2019-10-06 01:00:00,0.0,23.9,23.9,50.9,20.0,2,83.5,0.0,0.005,0.005
2019-10-06 02:00:00,0.0,23.73,23.73,51.0,20.0,2,91.6,0.0,0.003,0.003
2019-10-06 03:00:00,0.0,23.57,23.57,51.1,20.0,2,90.1,0.0,0.001,0.001
2019-10-06 04:00:00,0.0,23.43,23.43,51.3,20.0,2,82.6,0.0,0.001,0.001
2019-10-06 05:00:00,0.0,23.19,23.19,51.5,20.0,2,73.3,0.0,0.001,0.001
2019-10-06 06:00:00,4.63,23.39,23.5,51.3,20.0,2,75.8,0.0,0.0,0.0
2019-10-06 07:00:00,135.1,24.8,28.93,50.2,68.5,1,76.8,0.1018,0.0,0.1018
2019-10-06 08:00:00,372.28,26.76,38.13,48.6,50.7,1,79.1,0.2855,0.0,0.2855
2019-10-06 09:00:00,659.76,28.26,44.31,47.4,31.2,2,85.0,0.4987,0.0,0.4987
2019-10-06 10:00:00,322.34,29.24,37.04,46.6,89.9,2,89.4,0.2408,0.0,0.2408
2019-10-06 11:00:00,276.81,29.6,36.3,46.3,96.2,2,81.8,0.2051,0.001,0.2061
2019-10-06 12:00:00,519.94,29.57,42.16,46.3,78.5,2,82.4,0.3875,0.002,0.3895
2019-10-06 13:00:00,597.02,29.25,43.74,46.6,61.8,2,83.7,0.4472,0.008,0.4552
2019-10-06 14:00:00,613.82,28.78,43.73,47.0,38.5,2,77.1,0.4665,0.017,0.4835
2019-10-06 15:00:00,424.97,28.27,38.66,47.4,31.8,2,73.0,0.3309,0.024,0.3549
2019-10-06 16:00:00,219.79,27.48,32.79,48.0,47.1,2,64.7,0.1628,0.022,0.1848
2019-10-06 17:00:00,25.38,26.31,26.83,48.9,100.0,2,75.3,0.0073,0.015,0.0223
2019-10-06 18:00:00,0.0,25.64,25.64,49.5,20.0,1,87.0,0.0,0.007,0.007
2019-10-06 19:00:00,0.0,25.1,25.1,49.9,20.0,1,75.3,0.0,0.003,0.003
2019-10-06 20:00:00,0.0,24.48,24.48,50.4,20.0,1,79.9,0.0,0.002,0.002
2019-10-06 21:00:00,0.0,23.94,23.94,50.8,20.0,1,87.0,0.0,0.001,0.001
2019-10-06 22:00:00,0.0,23.48,23.48,51.2,20.0,1,87.5,0.0,0.002,0.002
2019-10-06 23:00:00,0.0,23.15,23.15,51.5,20.0,1,71.5,0.0,0.002,0.002
2019-10-07 00:00:00,0.0,22.91,22.91,51.7,20.0,1,91.0,0.0,0.004,0.004
2019-10-07 01:00:00,0.0,22.68,22.68,51.9,20.0,1,92.3,0.0,0.006,0.006
2019-10-07 02:00:00,0.0,22.46,22.46,52.0,20.0,1,69.7,0.0,0.002,0.002
2019-10-07 03:00:00,0.0,22.17,22.17,52.3,20.0,1,72.8,0.0,0.002,0.002
2019-10-07 04:00:00,0.0,21.93,21.93,52.5,20.0,1,93.0,0.0,0.002,0.002
2019-10-07 05:00:00,0.0,21.76,21.76,52.6,20.0,1,79.6,0.0,0.005,0.005
2019-10-07 06:00:00,3.71,22.38,22.5,52.1,20.0,1,58.8,0.0,0.011,0.011
2019-10-07 07:00:00,192.86,24.13,30.03,50.7,44.2,1,67.0,0.1485,0.017,0.1655
2019-10-07 08:00:00,458.38,26.63,40.65,48.7,32.1,1,78.5,0.3522,0.024,0.3762
2019-10-07 09:00:00,669.12,28.43,48.84,47.3,31.0,1,69.4,0.4965,0.03,0.5265
2019-10-07 10:00:00,817.0,29.57,49.43,46.3,30.7,2,76.9,0.6025,0.036,0.6385
2019-10-07 11:00:00,891.97,29.95,51.62,46.0,30.6,2,81.4,0.6503,0.041,0.6913
2019-10-07 12:00:00,883.0,30.07,51.52,45.9,30.5,2,95.7,0.6447,0.041,0.6857
2019-10-07 13:00:00,792.74,30.07,49.35,45.9,30.6,2,78.1,0.5867,0.041,0.6277
2019-10-07 14:00:00,639.59,29.94,45.53,46.0,30.8,2,91.8,0.4839,0.04,0.5239
2019-10-07 15:00:00,434.58,29.51,40.13,46.4,31.4,2,95.3,0.3366,0.043,0.3796
2019-10-07 16:00:00,220.7,28.7,34.0,47.0,33.5,2,95.4,0.1601,0.046,0.2061
2019-10-07 17:00:00,25.37,27.15,27.66,48.3,100.0,2,83.9,0.0073,0.051,0.0583
2019-10-07 18:00:00,0.0,26.5,26.5,48.8,20.0,2,61.4,0.0,0.058,0.058
2019-10-07 19:00:00,0.0,26.04,26.04,49.2,20.0,1,85.6,0.0,0.068,0.068
2019-10-07 20:00:00,0.0,25.58,25.58,49.5,20.0,1,91.5,0.0,0.086,0.086
2019-10-07 21:00:00,0.0,25.08,25.08,49.9,20.0,1,80.2,0.0,0.108,0.108
2019-10-07 22:00:00,0.0,24.57,24.57,50.3,20.0,1,98.5,0.0,0.13,0.13
2019-10-07 23:00:00,0.0,24.07,24.07,50.7,20.0,1,89.6,0.0,0.144,0.144
2019-10-08 00:00:00,0.0,23.55,23.55,51.2,20.0,0,85.5,0.0,0.158,0.158
2019-10-08 01:00:00,0.0,23.04,23.04,51.6,20.0,0,90.7,0.0,0.124,0.124
2019-10-08 02:00:00,0.0,22.58,22.58,51.9,20.0,0,83.1,0.0,0.09,0.09
2019-10-08 03:00:00,0.0,22.15,22.15,52.3,20.0,0,54.9,0.0,0.103,0.103
2019-10-08 04:00:00,0.0,21.74,21.74,52.6,20.0,0,74.8,0.0,0.074,0.074
2019-10-08 05:00:00,0.0,21.34,21.34,52.9,20.0,1,91.8,0.0,0.061,0.061
2019-10-08 06:00:00,2.78,22.18,22.26,52.3,20.0,1,71.7,0.0,0.056,0.056
2019-10-08 07:00:00,190.19,23.84,29.65,50.9,44.7,1,77.6,0.1466,0.052,0.1986
2019-10-08 08:00:00,467.07,26.4,40.68,48.9,31.7,1,69.4,0.3591,0.048,0.4071
2019-10-08 09:00:00,679.25,29.82,50.55,46.1,30.8,1,97.6,0.5006,0.047,0.5476
2019-10-08 10:00:00,828.9,31.67,56.92,44.7,30.5,1,96.6,0.5921,0.052,0.6441
2019-10-08 11:00:00,902.95,32.65,60.14,43.9,30.4,1,71.0,0.6345,0.062,0.6965
2019-10-08 12:00:00,892.55,33.11,60.3,43.5,30.4,1,81.3,0.6275,0.076,0.7035
2019-10-08 13:00:00,800.68,33.15,57.57,43.5,30.4,1,73.0,0.5722,0.085,0.6572
2019-10-08 14:00:00,643.15,32.91,52.57,43.7,30.7,1,86.0,0.4724,0.083,0.5554
2019-10-08 15:00:00,434.89,32.32,45.64,44.1,31.3,1,84.9,0.3291,0.084,0.4131
2019-10-08 16:00:00,221.75,30.96,37.67,45.2,43.9,1,87.9,0.16,0.085,0.245
2019-10-08 17:00:00,19.65,29.4,29.9,46.5,100.0,1,83.1,0.0045,0.084,0.0885
2019-10-08 18:00:00,0.0,28.47,28.47,47.2,20.0,1,109.2,0.0,0.08,0.08
2019-10-08 19:00:00,0.0,27.69,27.69,47.9,20.0,1,69.5,0.0,0.077,0.077
2019-10-08 20:00:00,0.0,26.83,26.83,48.5,20.0,1,62.7,0.0,0.077,0.077
2019-10-08 21:00:00,0.0,25.94,25.94,49.2,20.0,1,75.9,0.0,0.079,0.079
2019-10-08 22:00:00,0.0,25.13,25.13,49.9,20.0,1,64.1,0.0,0.083,0.083
2019-10-08 23:00:00,0.0,24.37,24.37,50.5,20.0,1,64.9,0.0,0.094,0.094
2019-10-09 00:00:00,0.0,23.66,23.66,51.1,20.0,1,68.6,0.0,0.112,0.112
2019-10-09 01:00:00,0.0,23.06,23.06,51.6,20.0,1,69.4,0.0,0.115,0.115
2019-10-09 02:00:00,0.0,22.52,22.52,52.0,20.0,1,69.0,0.0,0.05,0.05
2019-10-09 03:00:00,0.0,22.08,22.08,52.3,20.0,1,83.8,0.0,0.071,0.071
2019-10-09 04:00:00,0.0,21.75,21.75,52.6,20.0,1,73.5,0.0,0.06,0.06
2019-10-09 05:00:00,0.0,21.45,21.45,52.8,20.0,0,76.8,0.0,0.035,0.035
2019-10-09 06:00:00,1.85,22.3,22.37,52.2,20.0,0,87.5,0.0,0.017,0.017
2019-10-09 07:00:00,186.47,24.22,31.85,50.6,44.9,0,70.9,0.1422,0.007,0.1492
2019-10-09 08:00:00,469.08,26.57,45.79,48.7,31.6,0,75.9,0.3531,0.003,0.3561
2019-10-09 09:00:00,684.2,30.0,57.96,46.0,30.7,0,82.3,0.4884,0.003,0.4914
2019-10-09 10:00:00,836.1,31.86,57.34,44.5,30.4,1,59.2,0.5963,0.008,0.6043
2019-10-09 11:00:00,909.97,32.9,60.61,43.7,30.2,1,54.7,0.6383,0.02,0.6583
2019-10-09 12:00:00,898.22,33.4,60.76,43.3,30.3,1,82.1,0.6304,0.046,0.6764
2019-10-09 13:00:00,805.82,33.46,58.04,43.2,30.3,1,83.5,0.5749,0.074,0.6489
2019-10-09 14:00:00,647.39,32.93,52.72,43.7,30.5,1,99.2,0.4755,0.087,0.5625
2019-10-09 15:00:00,438.94,32.09,45.54,44.3,32.3,1,80.2,0.3322,0.081,0.4132
2019-10-09 16:00:00,218.88,30.54,37.16,45.6,44.7,1,86.8,0.1581,0.068,0.2261
2019-10-09 17:00:00,20.6,28.72,29.24,47.0,100.0,1,76.6,0.005,0.054,0.059
2019-10-09 18:00:00,0.0,27.72,27.72,47.8,20.0,1,81.6,0.0,0.043,0.043
2019-10-09 19:00:00,0.0,26.89,26.89,48.5,20.0,1,95.3,0.0,0.035,0.035
2019-10-09 20:00:00,0.0,26.16,26.16,49.1,20.0,1,57.4,0.0,0.027,0.027
2019-10-09 21:00:00,0.0,25.39,25.39,49.7,20.0,1,82.7,0.0,0.024,0.024
2019-10-09 22:00:00,0.0,24.68,24.68,50.3,20.0,1,100.0,0.0,0.025,0.025
2019-10-09 23:00:00,0.0,23.97,23.97,50.8,20.0,1,81.4,0.0,0.029,0.029
2019-10-10 00:00:00,0.0,23.27,23.27,51.4,20.0,1,93.9,0.0,0.037,0.037
2019-10-10 01:00:00,0.0,22.59,22.59,51.9,20.0,1,71.1,0.0,0.043,0.043
2019-10-10 02:00:00,0.0,21.93,21.93,52.5,20.0,1,77.1,0.0,0.016,0.016
2019-10-10 03:00:00,0.0,21.34,21.34,52.9,20.0,1,77.7,0.0,0.017,0.017
2019-10-10 04:00:00,0.0,20.78,20.78,53.4,20.0,1,55.2,0.0,0.015,0.015
2019-10-10 05:00:00,0.0,20.31,20.31,53.8,20.0,1,65.7,0.0,0.012,0.012
2019-10-10 06:00:00,1.85,21.06,21.12,53.2,20.0,1,66.4,0.0,0.008,0.008
2019-10-10 07:00:00,184.81,24.1,29.75,50.7,45.6,1,85.6,0.1421,0.005,0.1471
2019-10-10 08:00:00,466.37,25.14,44.24,49.9,32.8,0,86.1,0.3533,0.004,0.3573
2019-10-10 09:00:00,686.93,28.02,56.09,47.6,31.4,0,80.6,0.4944,0.008,0.5024
2019-10-10 10:00:00,846.03,31.36,65.88,44.9,30.2,0,85.6,0.5809,0.02,0.6009
2019-10-10 11:00:00,916.94,33.16,70.56,43.5,30.2,0,75.8,0.6148,0.038,0.6528
2019-10-10 12:00:00,901.44,33.68,70.45,43.1,30.2,0,89.4,0.6055,0.055,0.6605
2019-10-10 13:00:00,808.36,33.63,66.65,43.1,30.3,0,77.5,0.5549,0.064,0.6189
2019-10-10 14:00:00,647.06,33.12,59.6,43.5,30.5,0,78.0,0.4611,0.06,0.5211
2019-10-10 15:00:00,349.74,32.25,46.58,44.2,59.5,0,74.7,0.2596,0.045,0.3046
2019-10-10 16:00:00,213.8,30.64,39.29,45.5,45.3,0,84.2,0.1526,0.036,0.1886
2019-10-10 17:00:00,17.76,27.04,27.65,48.4,100.0,0,73.2,0.0038,0.037,0.0408
2019-10-10 18:00:00,0.0,27.12,27.12,48.3,20.0,1,87.2,0.0,0.039,0.039
2019-10-10 19:00:00,0.0,26.38,26.38,48.9,20.0,1,66.1,0.0,0.039,0.039
2019-10-10 20:00:00,0.0,25.74,25.74,49.4,20.0,1,66.4,0.0,0.043,0.043
2019-10-10 21:00:00,0.0,25.08,25.08,49.9,20.0,1,84.3,0.0,0.046,0.046
2019-10-10 22:00:00,0.0,24.39,24.39,50.5,20.0,2,76.5,0.0,0.036,0.036
2019-10-10 23:00:00,0.0,23.74,23.74,51.0,20.0,2,72.9,0.0,0.023,0.023
2019-10-11 00:00:00,0.0,23.11,23.11,51.5,20.0,2,85.1,0.0,0.015,0.015
2019-10-11 01:00:00,0.0,22.51,22.51,52.0,20.0,2,70.1,0.0,0.013,0.013
2019-10-11 02:00:00,0.0,21.92,21.92,52.5,20.0,1,74.2,0.0,0.004,0.004
2019-10-11 03:00:00,0.0,21.4,21.4,52.9,20.0,1,90.2,0.0,0.001,0.001
2019-10-11 04:00:00,0.0,20.95,20.95,53.2,20.0,1,91.6,0.0,0.001,0.001
2019-10-11 05:00:00,0.0,20.51,20.51,53.6,20.0,1,91.9,0.0,0.002,0.002
2019-10-11 06:00:00,0.93,21.22,21.26,53.0,20.0,0,73.4,0.0,0.001,0.001
2019-10-11 07:00:00,188.8,23.94,31.67,50.8,43.6,0,88.5,0.1442,0.0,0.1442
2019-10-11 08:00:00,464.05,25.45,44.45,49.6,32.8,0,66.7,0.3512,0.0,0.3512
2019-10-11 09:00:00,685.06,28.52,56.51,47.2,31.5,0,67.1,0.4922,0.0,0.4922
2019-10-11 10:00:00,836.93,31.34,65.5,44.9,30.3,0,52.7,0.5757,0.0,0.5757
2019-10-11 11:00:00,908.32,33.21,70.26,43.4,30.2,0,92.9,0.61,0.0,0.61
2019-10-11 12:00:00,893.76,33.76,70.22,43.0,30.3,0,67.6,0.6011,0.001,0.6021
2019-10-11 13:00:00,800.12,33.68,66.36,43.1,30.3,0,75.0,0.5501,0.007,0.5571
2019-10-11 14:00:00,640.5,33.07,59.29,43.5,30.5,0,67.1,0.4572,0.02,0.4772
2019-10-11 15:00:00,430.75,32.1,49.77,44.3,31.3,0,83.2,0.3199,0.033,0.3529
2019-10-11 16:00:00,207.99,26.79,35.2,48.6,41.3,0,72.5,0.15,0.044,0.194
2019-10-11 17:00:00,15.22,28.11,28.63,47.5,100.0,0,63.2,0.0026,0.054,0.0566
2019-10-11 18:00:00,0.0,27.21,27.21,48.2,20.0,0,80.6,0.0,0.06,0.06
2019-10-11 19:00:00,0.0,26.5,26.5,48.8,20.0,0,61.9,0.0,0.058,0.058
2019-10-11 20:00:00,0.0,25.84,25.84,49.3,20.0,0,67.8,0.0,0.054,0.054
2019-10-11 21:00:00,0.0,25.18,25.18,49.9,20.0,0,55.1,0.0,0.042,0.042
2019-10-11 22:00:00,0.0,24.5,24.5,50.4,20.0,1,62.0,0.0,0.028,0.028
2019-10-11 23:00:00,0.0,23.8,23.8,51.0,20.0,1,78.0,0.0,0.02,0.02
2019-10-12 00:00:00,0.0,23.12,23.12,51.5,20.0,1,55.4,0.0,0.017,0.017
2019-10-12 01:00:00,0.0,22.42,22.42,52.1,20.0,1,60.2,0.0,0.015,0.015
2019-10-12 02:00:00,0.0,21.77,21.77,52.6,20.0,1,75.0,0.0,0.004,0.004
2019-10-12 03:00:00,0.0,21.2,21.2,53.0,20.0,1,69.6,0.0,0.001,0.001
2019-10-12 04:00:00,0.0,20.71,20.71,53.4,20.0,1,95.0,0.0,0.0,0.0
2019-10-12 05:00:00,0.0,20.28,20.28,53.8,20.0,0,93.4,0.0,0.0,0.0
2019-10-12 06:00:00,0.93,20.99,21.02,53.2,20.0,0,66.4,0.0,0.0,0.0
2019-10-12 07:00:00,186.09,22.98,30.59,51.6,44.0,0,80.6,0.1427,0.0,0.1427
2019-10-12 08:00:00,462.73,25.36,44.31,49.7,32.9,0,82.5,0.3505,0.001,0.3515
2019-10-12 09:00:00,682.93,29.0,56.9,46.8,31.4,0,69.1,0.49,0.002,0.492
2019-10-12 10:00:00,837.96,32.15,66.35,44.3,30.0,0,60.1,0.5743,0.005,0.5793
2019-10-12 11:00:00,918.11,33.11,70.56,43.5,30.1,0,74.9,0.6159,0.009,0.6249
2019-10-12 12:00:00,902.28,33.42,70.23,43.3,30.1,0,73.3,0.6069,0.012,0.6189
2019-10-12 13:00:00,807.92,33.3,66.31,43.4,30.2,0,70.7,0.5558,0.015,0.5708
2019-10-12 14:00:00,641.61,32.66,58.93,43.9,31.4,0,79.5,0.4587,0.015,0.4737
2019-10-12 15:00:00,427.76,32.16,49.71,44.3,32.4,0,67.5,0.3176,0.013,0.3306
2019-10-12 16:00:00,202.58,30.77,38.95,45.4,41.8,0,63.5,0.1433,0.01,0.1533
2019-10-12 17:00:00,13.32,27.79,28.24,47.8,100.0,0,76.1,0.0017,0.008,0.0097
2019-10-12 18:00:00,0.0,27.05,27.05,48.4,20.0,0,78.9,0.0,0.007,0.007
2019-10-12 19:00:00,0.0,26.38,26.38,48.9,20.0,0,63.3,0.0,0.005,0.005
2019-10-12 20:00:00,0.0,25.69,25.69,49.5,20.0,0,84.3,0.0,0.003,0.003
2019-10-12 21:00:00,0.0,25.02,25.02,50.0,20.0,0,57.3,0.0,0.002,0.002
2019-10-12 22:00:00,0.0,24.29,24.29,50.6,20.0,0,69.3,0.0,0.001,0.001
2019-10-12 23:00:00,0.0,23.55,23.55,51.2,20.0,1,72.5,0.0,0.0,0.0
2019-10-13 00:00:00,0.0,22.85,22.85,51.7,20.0,1,67.5,0.0,0.0,0.0
2019-10-13 01:00:00,0.0,22.22,22.22,52.2,20.0,1,68.3,0.0,0.0,0.0
2019-10-13 02:00:00,0.0,21.56,21.56,52.8,20.0,1,92.6,0.0,0.0,0.0
2019-10-13 03:00:00,0.0,20.94,20.94,53.2,20.0,1,65.4,0.0,0.0,0.0
2019-10-13 04:00:00,0.0,20.4,20.4,53.7,20.0,1,98.3,0.0,0.0,0.0
2019-10-13 05:00:00,0.0,19.89,19.89,54.1,20.0,1,78.3,0.0,0.0,0.0
2019-10-13 06:00:00,0.93,20.48,20.51,53.6,20.0,1,74.8,0.0,0.0,0.0
2019-10-13 07:00:00,175.67,23.4,28.77,51.3,47.0,1,78.7,0.1352,0.0,0.1352
2019-10-13 08:00:00,460.74,24.91,43.79,50.1,33.1,0,99.2,0.3497,0.001,0.3507
2019-10-13 09:00:00,677.96,28.18,55.88,47.5,31.8,0,64.0,0.4886,0.006,0.4946
2019-10-13 10:00:00,833.68,31.32,56.73,44.9,30.2,1,62.7,0.5966,0.018,0.6146
2019-10-13 11:00:00,910.42,32.47,60.2,44.0,30.2,1,66.4,0.6403,0.034,0.6743
2019-10-13 12:00:00,893.64,32.83,69.3,43.7,30.2,0,74.2,0.6039,0.048,0.6519
2019-10-13 13:00:00,798.83,32.7,65.34,43.8,30.3,0,56.6,0.5521,0.05,0.6021
2019-10-13 14:00:00,637.75,32.09,58.2,44.3,30.6,0,74.1,0.4576,0.044,0.5016
2019-10-13 15:00:00,424.6,31.0,48.41,45.2,32.4,0,90.8,0.3169,0.035,0.3519
2019-10-13 16:00:00,202.82,26.06,34.24,49.1,36.6,0,75.4,0.1454,0.023,0.1684
2019-10-13 17:00:00,10.46,26.66,27.01,48.7,100.0,0,71.0,0.0005,0.013,0.0135
2019-10-13 18:00:00,0.0,26.19,26.19,49.0,20.0,0,67.7,0.0,0.008,0.008
2019-10-13 19:00:00,0.0,25.54,25.54,49.6,20.0,1,82.9,0.0,0.008,0.008
2019-10-13 20:00:00,0.0,24.89,24.89,50.1,20.0,1,65.6,0.0,0.009,0.009
2019-10-13 21:00:00,0.0,24.28,24.28,50.6,20.0,1,92.4,0.0,0.014,0.014
2019-10-13 22:00:00,0.0,23.67,23.67,51.1,20.0,1,93.2,0.0,0.023,0.023
2019-10-13 23:00:00,0.0,23.06,23.06,51.6,20.0,1,76.5,0.0,0.035,0.035
2019-10-14 00:00:00,0.0,22.49,22.49,52.0,20.0,1,72.7,0.0,0.047,0.047
2019-10-14 01:00:00,0.0,21.92,21.92,52.5,20.0,1,83.1,0.0,0.055,0.055
2019-10-14 02:00:00,0.0,21.38,21.38,52.9,20.0,1,83.7,0.0,0.026,0.026
2019-10-14 03:00:00,0.0,20.9,20.9,53.3,20.0,1,64.7,0.0,0.006,0.006
2019-10-14 04:00:00,0.0,20.44,20.44,53.6,20.0,1,67.5,0.0,0.015,0.015
2019-10-14 05:00:00,0.0,20.03,20.03,54.0,20.0,1,59.6,0.0,0.044,0.044
2019-10-14 06:00:00,0.93,20.62,20.65,53.5,20.0,1,76.9,0.0,0.058,0.058
2019-10-14 07:00:00,171.92,23.58,28.84,51.1,47.3,1,79.4,0.1321,0.049,0.1811
2019-10-14 08:00:00,458.35,25.14,39.16,49.9,33.1,1,59.3,0.3547,0.029,0.3837
2019-10-14 09:00:00,676.79,28.34,56.01,47.3,30.3,0,68.2,0.4878,0.016,0.5038
2019-10-14 10:00:00,830.56,31.76,57.08,44.6,30.5,1,59.3,0.5935,0.015,0.6085
2019-10-14 11:00:00,900.79,32.94,60.38,43.6,30.3,1,63.8,0.6332,0.025,0.6582
2019-10-14 12:00:00,884.9,33.29,60.25,43.4,30.3,1,78.3,0.6232,0.037,0.6602
2019-10-14 13:00:00,789.76,33.2,57.3,43.4,30.4,1,65.4,0.5659,0.042,0.6079
2019-10-14 14:00:00,629.15,32.5,51.74,44.0,30.7,1,69.8,0.4644,0.043,0.5074
2019-10-14 15:00:00,419.1,31.64,48.83,44.7,31.4,0,56.5,0.3121,0.038,0.3501
2019-10-14 16:00:00,194.24,29.21,37.05,46.6,43.5,0,74.6,0.138,0.037,0.175
2019-10-14 17:00:00,8.56,28.01,28.3,47.6,20.0,0,72.3,0.0,0.044,0.044
2019-10-14 18:00:00,0.0,27.04,27.04,48.4,20.0,0,65.5,0.0,0.052,0.052
2019-10-14 19:00:00,0.0,26.26,26.26,49.0,20.0,0,70.9,0.0,0.058,0.058
2019-10-14 20:00:00,0.0,25.48,25.48,49.6,20.0,0,74.6,0.0,0.064,0.064
2019-10-14 21:00:00,0.0,24.74,24.74,50.2,20.0,0,64.6,0.0,0.064,0.064
2019-10-14 22:00:00,0.0,24.01,24.01,50.8,20.0,0,58.0,0.0,0.065,0.065
2019-10-14 23:00:00,0.0,23.35,23.35,51.3,20.0,1,90.8,0.0,0.073,0.073
2019-10-15 00:00:00,0.0,22.72,22.72,51.8,20.0,1,65.3,0.0,0.088,0.088
2019-10-15 01:00:00,0.0,22.12,22.12,52.3,20.0,1,70.7,0.0,0.099,0.099
2019-10-15 02:00:00,0.0,21.54,21.54,52.8,20.0,2,81.8,0.0,0.056,0.056
2019-10-15 03:00:00,0.0,21.04,21.04,53.2,20.0,1,107.0,0.0,0.025,0.025
2019-10-15 04:00:00,0.0,20.61,20.61,53.5,20.0,1,59.2,0.0,0.022,0.022
2019-10-15 05:00:00,0.0,20.18,20.18,53.9,20.0,1,76.2,0.0,0.019,0.019
2019-10-15 06:00:00,0.93,20.72,20.76,53.4,20.0,0,64.6,0.0,0.021,0.021
2019-10-15 07:00:00,184.31,22.55,30.1,52.0,43.6,0,66.3,0.1415,0.024,0.1655
2019-10-15 08:00:00,400.25,24.65,41.04,50.3,40.8,0,64.5,0.3054,0.027,0.3324
2019-10-15 09:00:00,660.9,27.74,54.75,47.8,33.1,0,60.4,0.4785,0.031,0.5095
2019-10-15 10:00:00,815.33,30.59,63.87,45.5,33.0,0,71.3,0.565,0.041,0.606
2019-10-15 11:00:00,895.58,32.41,59.69,44.1,30.9,1,56.9,0.6315,0.054,0.6855
2019-10-15 12:00:00,883.86,32.92,59.86,43.7,30.3,1,81.1,0.6237,0.061,0.6847
2019-10-15 13:00:00,790.36,32.87,56.98,43.7,30.3,1,72.2,0.5673,0.061,0.6283
2019-10-15 14:00:00,629.53,32.21,51.46,44.2,30.6,1,75.9,0.4654,0.059,0.5244
2019-10-15 15:00:00,417.84,31.38,44.18,44.9,32.6,1,67.0,0.3173,0.064,0.3813
2019-10-15 16:00:00,196.56,29.2,35.12,46.6,41.8,1,68.0,0.1405,0.072,0.2125
2019-10-15 17:00:00,6.66,27.73,27.9,47.8,20.0,1,74.5,0.0,0.075,0.075
2019-10-15 18:00:00,0.0,26.74,26.74,48.6,20.0,1,60.0,0.0,0.072,0.072
2019-10-15 19:00:00,0.0,25.98,25.98,49.2,20.0,1,68.1,0.0,0.064,0.064
2019-10-15 20:00:00,0.0,25.29,25.29,49.8,20.0,1,63.1,0.0,0.051,0.051
2019-10-15 21:00:00,0.0,24.58,24.58,50.3,20.0,1,62.8,0.0,0.027,0.027
2019-10-15 22:00:00,0.0,23.87,23.87,50.9,20.0,1,50.6,0.0,0.009,0.009
2019-10-15 23:00:00,0.0,23.21,23.21,51.4,20.0,1,85.1,0.0,0.002,0.002
2019-10-16 00:00:00,0.0,22.53,22.53,52.0,20.0,1,63.7,0.0,0.001,0.001
2019-10-16 01:00:00,0.0,21.84,21.84,52.5,20.0,2,82.2,0.0,0.0,0.0
2019-10-16 02:00:00,0.0,21.18,21.18,53.1,20.0,2,81.3,0.0,0.0,0.0
2019-10-16 03:00:00,0.0,20.62,20.62,53.5,20.0,2,57.7,0.0,0.0,0.0
2019-10-16 04:00:00,0.0,20.1,20.1,53.9,20.0,2,59.7,0.0,0.002,0.002
2019-10-16 05:00:00,0.0,19.7,19.7,54.2,20.0,2,96.2,0.0,0.008,0.008
2019-10-16 06:00:00,0.0,20.18,20.18,53.9,20.0,2,88.1,0.0,0.011,0.011
2019-10-16 07:00:00,166.04,22.88,27.96,51.7,48.7,1,70.3,0.1277,0.01,0.1377
2019-10-16 08:00:00,443.89,24.47,38.05,50.4,33.5,1,73.2,0.345,0.007,0.352
2019-10-16 09:00:00,672.43,27.77,48.29,47.8,30.7,1,64.3,0.5011,0.006,0.5071
2019-10-16 10:00:00,802.39,31.12,50.62,45.1,34.0,2,74.9,0.5892,0.007,0.5962
2019-10-16 11:00:00,766.06,32.57,51.16,43.9,46.2,2,63.4,0.5583,0.012,0.5703
2019-10-16 12:00:00,642.79,33.01,48.6,43.6,59.9,2,50.3,0.4716,0.018,0.4896
2019-10-16 13:00:00,581.43,32.96,47.08,43.6,64.4,2,57.4,0.4301,0.026,0.4561
2019-10-16 14:00:00,537.47,32.3,45.39,44.2,48.5,2,70.8,0.4046,0.032,0.4366
2019-10-16 15:00:00,405.28,31.32,41.22,44.9,34.9,2,59.3,0.3111,0.035,0.3461
2019-10-16 16:00:00,200.55,29.44,34.25,46.4,36.8,2,69.9,0.1429,0.035,0.1779
2019-10-16 17:00:00,3.8,27.05,27.13,48.4,20.0,2,59.8,0.0,0.039,0.039
2019-10-16 18:00:00,0.0,25.91,25.91,49.3,20.0,3,62.8,0.0,0.053,0.053
2019-10-16 19:00:00,0.0,24.95,24.95,50.0,20.0,3,79.1,0.0,0.072,0.072
2019-10-16 20:00:00,0.0,24.02,24.02,50.8,20.0,3,73.1,0.0,0.085,0.085
2019-10-16 21:00:00,0.0,23.1,23.1,51.5,20.0,3,70.5,0.0,0.071,0.071
2019-10-16 22:00:00,0.0,22.22,22.22,52.2,20.0,3,79.4,0.0,0.045,0.045
2019-10-16 23:00:00,0.0,21.45,21.45,52.8,20.0,3,75.4,0.0,0.027,0.027
2019-10-17 00:00:00,0.0,20.76,20.76,53.4,20.0,3,84.0,0.0,0.022,0.022
2019-10-17 01:00:00,0.0,20.13,20.13,53.9,20.0,3,64.9,0.0,0.028,0.028
2019-10-17 02:00:00,0.0,19.56,19.56,54.3,20.0,3,65.2,0.0,0.015,0.015
2019-10-17 03:00:00,0.0,19.11,19.11,54.7,20.0,3,56.5,0.0,0.03,0.03
2019-10-17 04:00:00,0.0,18.76,18.76,55.0,20.0,3,65.2,0.0,0.062,0.062
2019-10-17 05:00:00,0.0,18.48,18.48,55.2,20.0,3,79.2,0.0,0.054,0.054
2019-10-17 06:00:00,0.0,19.01,19.01,54.8,20.0,3,82.5,0.0,0.035,0.035
2019-10-17 07:00:00,162.26,21.74,25.7,52.6,49.1,2,79.1,0.1259,0.019,0.1449
2019-10-17 08:00:00,450.43,24.04,35.04,50.8,33.2,2,51.6,0.3546,0.01,0.3646
2019-10-17 09:00:00,669.71,27.24,47.69,48.2,31.4,1,80.3,0.5004,0.006,0.5064
2019-10-17 10:00:00,824.06,30.43,50.47,45.7,29.9,2,51.1,0.6064,0.006,0.6124
2019-10-17 11:00:00,902.94,32.29,54.24,44.2,30.1,2,78.5,0.6524,0.01,0.6624
2019-10-17 12:00:00,888.37,32.74,54.34,43.8,30.2,2,65.8,0.6424,0.017,0.6594
2019-10-17 13:00:00,793.4,32.68,51.99,43.9,30.2,2,76.5,0.5822,0.024,0.6062
2019-10-17 14:00:00,623.97,32.0,47.22,44.4,31.4,2,56.2,0.4698,0.027,0.4968
2019-10-17 15:00:00,411.54,30.93,40.98,45.3,36.4,2,81.2,0.3162,0.03,0.3462
2019-10-17 16:00:00,171.16,28.98,33.1,46.8,55.9,2,54.9,0.1236,0.038,0.1616
2019-10-17 17:00:00,2.85,26.57,26.63,48.7,20.0,2,62.8,0.0,0.05,0.05
2019-10-17 18:00:00,0.0,25.54,25.54,49.6,20.0,2,59.5,0.0,0.064,0.064
2019-10-17 19:00:00,0.0,24.71,24.71,50.2,20.0,2,52.0,0.0,0.076,0.076
2019-10-17 20:00:00,0.0,23.84,23.84,50.9,20.0,2,70.5,0.0,0.084,0.084
2019-10-17 21:00:00,0.0,23.06,23.06,51.6,20.0,3,87.6,0.0,0.082,0.082
2019-10-17 22:00:00,0.0,22.3,22.3,52.2,20.0,3,96.2,0.0,0.074,0.074
2019-10-17 23:00:00,0.0,21.59,21.59,52.7,20.0,3,70.5,0.0,0.07,0.07
2019-10-18 00:00:00,0.0,20.91,20.91,53.3,20.0,3,79.6,0.0,0.071,0.071
2019-10-18 01:00:00,0.0,20.26,20.26,53.8,20.0,3,70.8,0.0,0.07,0.07
2019-10-18 02:00:00,0.0,19.65,19.65,54.3,20.0,2,73.4,0.0,0.029,0.029
2019-10-18 03:00:00,0.0,19.14,19.14,54.7,20.0,2,65.0,0.0,0.025,0.025
2019-10-18 04:00:00,0.0,18.76,18.76,55.0,20.0,2,70.4,0.0,0.019,0.019
2019-10-18 05:00:00,0.0,18.43,18.43,55.3,20.0,1,73.8,0.0,0.005,0.005
2019-10-18 06:00:00,0.0,18.96,18.96,54.8,20.0,1,62.7,0.0,0.0,0.0
2019-10-18 07:00:00,148.5,21.68,26.22,52.7,56.2,1,67.7,0.1142,0.0,0.1142
2019-10-18 08:00:00,421.15,23.61,36.49,51.1,38.8,1,67.9,0.3285,0.0,0.3285
2019-10-18 09:00:00,653.67,26.68,46.64,48.7,32.1,1,76.7,0.4904,0.0,0.4904
2019-10-18 10:00:00,802.46,30.34,54.79,45.7,33.5,1,57.8,0.5792,0.0,0.5792
2019-10-18 11:00:00,889.48,32.26,59.37,44.2,30.5,1,67.9,0.6286,0.002,0.6306
2019-10-18 12:00:00,885.3,32.89,54.41,43.7,30.1,2,87.6,0.6402,0.016,0.6562
2019-10-18 13:00:00,790.42,32.79,52.03,43.8,30.2,2,80.1,0.5801,0.043,0.6231
2019-10-18 14:00:00,620.62,32.17,51.15,44.3,31.4,1,81.9,0.4596,0.077,0.5366
2019-10-18 15:00:00,407.08,31.32,43.79,44.9,32.7,1,68.7,0.3092,0.101,0.4102
2019-10-18 16:00:00,178.71,28.95,34.34,46.8,47.3,1,71.7,0.1274,0.105,0.2324
2019-10-18 17:00:00,3.8,26.7,26.8,48.6,20.0,1,78.5,0.0,0.093,0.093
2019-10-18 18:00:00,0.0,25.71,25.71,49.4,20.0,1,84.1,0.0,0.079,0.079
2019-10-18 19:00:00,0.0,25.01,25.01,50.0,20.0,1,48.9,0.0,0.067,0.067
2019-10-18 20:00:00,0.0,24.34,24.34,50.5,20.0,1,55.3,0.0,0.052,0.052
2019-10-18 21:00:00,0.0,23.72,23.72,51.0,20.0,1,81.5,0.0,0.039,0.039
2019-10-18 22:00:00,0.0,23.04,23.04,51.6,20.0,2,65.7,0.0,0.03,0.03
2019-10-18 23:00:00,0.0,22.33,22.33,52.1,20.0,2,61.7,0.0,0.025,0.025
2019-10-19 00:00:00,0.0,21.65,21.65,52.7,20.0,2,54.9,0.0,0.025,0.025
2019-10-19 01:00:00,0.0,21.27,21.27,53.0,20.0,2,61.9,0.0,0.022,0.022
2019-10-19 02:00:00,0.0,21.14,21.14,53.1,20.0,2,53.4,0.0,0.012,0.012
2019-10-19 03:00:00,0.0,20.77,20.77,53.4,20.0,2,88.3,0.0,0.008,0.008
2019-10-19 04:00:00,0.0,20.36,20.36,53.7,20.0,1,67.2,0.0,0.002,0.002
2019-10-19 05:00:00,0.0,19.98,19.98,54.0,20.0,1,66.8,0.0,0.001,0.001
2019-10-19 06:00:00,0.0,20.03,20.03,54.0,20.0,1,73.3,0.0,0.0,0.0
2019-10-19 07:00:00,144.73,21.07,25.5,53.1,56.9,1,77.0,0.1114,0.0,0.1114
2019-10-19 08:00:00,398.61,22.29,34.48,52.2,42.1,1,76.9,0.3127,0.0,0.3127
2019-10-19 09:00:00,639.64,24.9,51.05,50.1,33.5,0,78.2,0.4707,0.001,0.4717
2019-10-19 10:00:00,791.59,27.98,60.29,47.6,32.9,0,61.1,0.5579,0.002,0.5599
2019-10-19 11:00:00,867.2,30.76,57.18,45.4,33.1,1,64.4,0.6185,0.005,0.6235
2019-10-19 12:00:00,862.3,32.02,58.31,44.4,32.1,1,75.1,0.6129,0.007,0.6199
2019-10-19 13:00:00,766.91,32.17,55.57,44.3,32.3,1,62.1,0.554,0.01,0.564
2019-10-19 14:00:00,617.39,31.63,50.51,44.7,30.5,1,67.4,0.4587,0.014,0.4727
2019-10-19 15:00:00,404.65,30.67,43.06,45.5,36.5,1,71.4,0.3079,0.014,0.3219
2019-10-19 16:00:00,175.08,28.93,34.2,46.9,48.3,1,75.3,0.1247,0.007,0.1317
2019-10-19 17:00:00,2.85,26.45,26.52,48.8,20.0,1,49.6,0.0,0.005,0.005
2019-10-19 18:00:00,0.0,25.44,25.44,49.7,20.0,1,74.6,0.0,0.007,0.007
2019-10-19 19:00:00,0.0,24.63,24.63,50.3,20.0,2,65.1,0.0,0.009,0.009
2019-10-19 20:00:00,0.0,23.84,23.84,50.9,20.0,2,74.5,0.0,0.006,0.006
2019-10-19 21:00:00,0.0,23.06,23.06,51.6,20.0,2,75.2,0.0,0.008,0.008
2019-10-19 22:00:00,0.0,22.27,22.27,52.2,20.0,2,83.5,0.0,0.021,0.021
2019-10-19 23:00:00,0.0,21.47,21.47,52.8,20.0,2,81.0,0.0,0.041,0.041
2019-10-20 00:00:00,0.0,20.67,20.67,53.5,20.0,2,79.9,0.0,0.066,0.066
2019-10-20 01:00:00,0.0,19.93,19.93,54.1,20.0,2,80.8,0.0,0.079,0.079
2019-10-20 02:00:00,0.0,19.22,19.22,54.6,20.0,2,69.3,0.0,0.05,0.05
2019-10-20 03:00:00,0.0,18.64,18.64,55.1,20.0,2,66.7,0.0,0.037,0.037
2019-10-20 04:00:00,0.0,18.17,18.17,55.5,20.0,2,75.1,0.0,0.026,0.026
2019-10-20 05:00:00,0.0,17.76,17.76,55.8,20.0,2,73.7,0.0,0.016,0.016
2019-10-20 06:00:00,0.0,18.18,18.18,55.5,20.0,1,63.3,0.0,0.012,0.012
2019-10-20 07:00:00,149.85,21.16,25.74,53.1,54.5,1,70.5,0.1155,0.014,0.1295
2019-10-20 08:00:00,422.33,23.2,36.12,51.4,37.9,1,66.1,0.3302,0.019,0.3492
2019-10-20 09:00:00,653.21,26.75,46.69,48.6,31.4,1,57.9,0.4902,0.026,0.5162
2019-10-20 10:00:00,812.22,30.24,55.01,45.8,30.7,1,79.3,0.5864,0.032,0.6184
2019-10-20 11:00:00,879.21,31.51,52.88,44.8,31.0,2,67.0,0.6393,0.036,0.6753
2019-10-20 12:00:00,874.93,31.92,53.19,44.5,29.7,2,86.9,0.6364,0.041,0.6774
2019-10-20 13:00:00,779.48,31.91,50.88,44.5,29.8,2,50.2,0.5752,0.054,0.6292
2019-10-20 14:00:00,612.26,31.19,46.13,45.0,31.3,2,60.8,0.4634,0.062,0.5254
2019-10-20 15:00:00,401.08,30.18,39.97,45.9,32.8,2,66.7,0.3093,0.061,0.3703
2019-10-20 16:00:00,177.52,28.16,32.42,47.5,46.2,2,77.8,0.127,0.06,0.187
2019-10-20 17:00:00,1.9,25.44,25.48,49.6,20.0,2,70.4,0.0,0.059,0.059
2019-10-20 18:00:00,0.0,24.37,24.37,50.5,20.0,2,69.5,0.0,0.056,0.056
2019-10-20 19:00:00,0.0,23.5,23.5,51.2,20.0,2,55.1,0.0,0.058,0.058
2019-10-20 20:00:00,0.0,22.66,22.66,51.9,20.0,3,54.8,0.0,0.062,0.062
2019-10-20 21:00:00,0.0,21.87,21.87,52.5,20.0,3,69.6,0.0,0.069,0.069
2019-10-20 22:00:00,0.0,21.11,21.11,53.1,20.0,3,52.8,0.0,0.079,0.079
2019-10-20 23:00:00,0.0,20.4,20.4,53.7,20.0,3,61.1,0.0,0.089,0.089
2019-10-21 00:00:00,0.0,19.76,19.76,54.2,20.0,2,70.4,0.0,0.099,0.099
2019-10-21 01:00:00,0.0,19.14,19.14,54.7,20.0,2,55.6,0.0,0.089,0.089
2019-10-21 02:00:00,0.0,18.54,18.54,55.2,20.0,2,81.5,0.0,0.061,0.061
2019-10-21 03:00:00,0.0,18.0,18.0,55.6,20.0,2,77.7,0.0,0.061,0.061
2019-10-21 04:00:00,0.0,17.51,17.51,56.0,20.0,2,49.7,0.0,0.043,0.043
2019-10-21 05:00:00,0.0,17.13,17.13,56.3,20.0,2,56.1,0.0,0.027,0.027
2019-10-21 06:00:00,0.0,17.58,17.58,55.9,20.0,2,42.6,0.0,0.02,0.02
2019-10-21 07:00:00,146.08,20.77,24.34,53.4,55.2,2,57.6,0.1131,0.023,0.1361
2019-10-21 08:00:00,426.54,23.1,36.15,51.5,37.0,1,73.1,0.3337,0.031,0.3647
2019-10-21 09:00:00,657.37,26.33,46.41,48.9,30.5,1,61.3,0.4942,0.045,0.5392
2019-10-21 10:00:00,806.75,30.06,54.66,45.9,30.8,1,70.0,0.5834,0.062,0.6454
2019-10-21 11:00:00,874.56,31.7,52.96,44.6,31.3,2,50.2,0.6358,0.074,0.7098
2019-10-21 12:00:00,870.39,32.21,53.37,44.2,30.1,2,73.4,0.6327,0.067,0.6997
2019-10-21 13:00:00,776.92,32.06,50.98,44.3,30.0,2,59.9,0.5732,0.057,0.6302
2019-10-21 14:00:00,609.96,31.48,46.36,44.8,31.4,2,65.5,0.4613,0.041,0.5023
2019-10-21 15:00:00,398.7,30.54,40.27,45.6,33.0,2,64.5,0.3069,0.032,0.3389
2019-10-21 16:00:00,172.69,28.52,32.66,47.2,46.9,2,52.7,0.123,0.026,0.149
2019-10-21 17:00:00,1.9,25.5,25.54,49.6,20.0,2,53.9,0.0,0.027,0.027
2019-10-21 18:00:00,0.0,24.45,24.45,50.4,20.0,2,75.1,0.0,0.035,0.035
2019-10-21 19:00:00,0.0,23.65,23.65,51.1,20.0,2,69.4,0.0,0.045,0.045
2019-10-21 20:00:00,0.0,22.87,22.87,51.7,20.0,2,75.9,0.0,0.058,0.058
2019-10-21 21:00:00,0.0,22.08,22.08,52.3,20.0,2,68.7,0.0,0.07,0.07
2019-10-21 22:00:00,0.0,21.28,21.28,53.0,20.0,3,66.8,0.0,0.077,0.077
2019-10-21 23:00:00,0.0,20.45,20.45,53.6,20.0,3,48.2,0.0,0.081,0.081
2019-10-22 00:00:00,0.0,19.6,19.6,54.3,20.0,3,61.7,0.0,0.084,0.084
2019-10-22 01:00:00,0.0,18.74,18.74,55.0,20.0,3,64.2,0.0,0.072,0.072
2019-10-22 02:00:00,0.0,18.02,18.02,55.6,20.0,3,84.0,0.0,0.045,0.045
2019-10-22 03:00:00,0.0,17.55,17.55,56.0,20.0,2,71.3,0.0,0.058,0.058
2019-10-22 04:00:00,0.0,17.22,17.22,56.2,20.0,2,79.8,0.0,0.067,0.067
2019-10-22 05:00:00,0.0,17.0,17.0,56.4,20.0,2,70.4,0.0,0.058,0.058
2019-10-22 06:00:00,0.0,17.57,17.57,55.9,20.0,2,57.3,0.0,0.046,0.046
2019-10-22 07:00:00,152.81,20.85,24.57,53.3,49.5,2,65.6,0.1186,0.041,0.1596
2019-10-22 08:00:00,421.09,23.36,33.64,51.3,35.0,2,66.8,0.3329,0.044,0.3769
2019-10-22 09:00:00,643.92,26.46,46.12,48.8,31.7,1,55.1,0.4845,0.058,0.5425
2019-10-22 10:00:00,795.06,30.07,54.31,45.9,32.0,1,60.6,0.5758,0.092,0.6678
2019-10-22 11:00:00,868.85,32.11,53.23,44.3,31.5,2,62.4,0.631,0.127,0.758
2019-10-22 12:00:00,864.81,32.71,53.74,43.8,30.4,2,80.5,0.6278,0.159,0.7868
2019-10-22 13:00:00,772.09,32.63,51.43,43.9,29.9,2,43.6,0.5687,0.187,0.7557
2019-10-22 14:00:00,600.62,32.03,46.69,44.4,30.9,2,76.5,0.4537,0.183,0.6367
2019-10-22 15:00:00,389.66,30.97,40.49,45.2,34.0,2,55.1,0.2993,0.165,0.4643
2019-10-22 16:00:00,170.44,28.75,32.84,47.0,48.2,2,50.7,0.1212,0.125,0.2462
2019-10-22 17:00:00,1.9,25.67,25.7,49.5,20.0,2,76.2,0.0,0.095,0.095
2019-10-22 18:00:00,0.0,24.53,24.53,50.4,20.0,2,71.8,0.0,0.079,0.079
2019-10-22 19:00:00,0.0,23.62,23.62,51.1,20.0,2,77.0,0.0,0.083,0.083
2019-10-22 20:00:00,0.0,22.74,22.74,51.8,20.0,2,72.5,0.0,0.102,0.102
2019-10-22 21:00:00,0.0,21.89,21.89,52.5,20.0,2,85.0,0.0,0.119,0.119
2019-10-22 22:00:00,0.0,21.02,21.02,53.2,20.0,3,70.0,0.0,0.13,0.13
2019-10-22 23:00:00,0.0,20.17,20.17,53.9,20.0,3,62.9,0.0,0.147,0.147
2019-10-23 00:00:00,0.0,19.33,19.33,54.5,20.0,3,66.9,0.0,0.178,0.178
2019-10-23 01:00:00,0.0,18.53,18.53,55.2,20.0,3,75.9,0.0,0.193,0.193
2019-10-23 02:00:00,0.0,17.74,17.74,55.8,20.0,3,55.7,0.0,0.129,0.129
2019-10-23 03:00:00,0.0,17.08,17.08,56.3,20.0,3,57.0,0.0,0.179,0.179
2019-10-23 04:00:00,0.0,16.54,16.54,56.8,20.0,3,60.4,0.0,0.234,0.234
2019-10-23 05:00:00,0.0,16.11,16.11,57.1,20.0,3,42.4,0.0,0.164,0.164
2019-10-23 06:00:00,0.0,16.44,16.44,56.8,20.0,3,64.9,0.0,0.102,0.102
2019-10-23 07:00:00,138.95,19.51,22.9,54.4,56.4,2,44.6,0.1078,0.068,0.1758
2019-10-23 08:00:00,418.96,22.24,32.46,52.2,37.3,2,64.0,0.3326,0.053,0.3856
2019-10-23 09:00:00,655.52,25.78,41.75,49.4,30.1,2,72.1,0.5027,0.059,0.5617
2019-10-23 10:00:00,805.43,29.7,49.29,46.2,30.2,2,58.7,0.5963,0.084,0.6803
2019-10-23 11:00:00,872.84,31.33,48.98,44.9,30.5,3,80.3,0.6457,0.117,0.7627
2019-10-23 12:00:00,849.19,31.89,49.06,44.5,31.9,3,48.9,0.6287,0.151,0.7797
2019-10-23 13:00:00,768.3,31.72,47.28,44.6,29.9,3,75.4,0.576,0.177,0.753
2019-10-23 14:00:00,602.72,31.13,41.6,45.1,31.5,4,70.2,0.4651,0.179,0.6441
2019-10-23 15:00:00,391.14,29.78,37.72,46.2,36.6,3,46.3,0.3038,0.173,0.4768
2019-10-23 16:00:00,168.78,27.18,30.56,48.3,52.6,3,90.6,0.1214,0.17,0.2914
2019-10-23 17:00:00,1.9,23.88,23.92,50.9,20.0,3,62.9,0.0,0.178,0.178
2019-10-23 18:00:00,0.0,22.59,22.59,51.9,20.0,3,54.7,0.0,0.192,0.192
2019-10-23 19:00:00,0.0,21.61,21.61,52.7,20.0,3,49.4,0.0,0.216,0.216
2019-10-23 20:00:00,0.0,20.73,20.73,53.4,20.0,3,61.3,0.0,0.249,0.249
2019-10-23 21:00:00,0.0,19.89,19.89,54.1,20.0,3,62.2,0.0,0.267,0.267
2019-10-23 22:00:00,0.0,19.06,19.06,54.8,20.0,3,64.5,0.0,0.266,0.266
2019-10-23 23:00:00,0.0,18.23,18.23,55.4,20.0,3,60.5,0.0,0.255,0.255
2019-10-24 00:00:00,0.0,17.43,17.43,56.1,20.0,3,68.9,0.0,0.245,0.245
2019-10-24 01:00:00,0.0,16.7,16.7,56.6,20.0,3,58.7,0.0,0.205,0.205
2019-10-24 02:00:00,0.0,16.05,16.05,57.2,20.0,3,43.2,0.0,0.079,0.079
2019-10-24 03:00:00,0.0,15.51,15.51,57.6,20.0,3,61.1,0.0,0.131,0.131
2019-10-24 04:00:00,0.0,15.09,15.09,57.9,20.0,3,38.9,0.0,0.144,0.144
2019-10-24 05:00:00,0.0,14.74,14.74,58.2,20.0,3,66.1,0.0,0.096,0.096
2019-10-24 06:00:00,0.0,15.09,15.09,57.9,20.0,3,52.8,0.0,0.071,0.071
2019-10-24 07:00:00,128.78,18.25,21.39,55.4,62.0,2,64.2,0.1,0.076,0.176
2019-10-24 08:00:00,311.7,21.06,28.66,53.2,61.2,2,75.7,0.2471,0.101,0.3481
2019-10-24 09:00:00,583.44,24.73,42.54,50.2,40.8,1,53.1,0.444,0.127,0.571
2019-10-24 10:00:00,759.61,29.17,47.64,46.7,34.7,2,73.2,0.5656,0.151,0.7166
2019-10-24 11:00:00,841.84,31.47,51.93,44.8,33.9,2,58.2,0.6147,0.16,0.7747
2019-10-24 12:00:00,796.85,32.28,48.39,44.2,37.7,3,80.1,0.5908,0.147,0.7378
2019-10-24 13:00:00,754.98,32.34,47.63,44.1,32.5,3,58.9,0.5649,0.139,0.7039
2019-10-24 14:00:00,598.45,31.87,44.02,44.5,31.4,3,54.2,0.4573,0.132,0.5893
2019-10-24 15:00:00,379.13,30.67,38.37,45.5,38.5,3,69.4,0.2932,0.14,0.4332
2019-10-24 16:00:00,165.78,27.9,31.21,47.7,53.8,3,58.2,0.1186,0.155,0.2736
2019-10-24 17:00:00,0.95,24.57,24.59,50.3,20.0,3,54.2,0.0,0.168,0.168
2019-10-24 18:00:00,0.0,23.34,23.34,51.3,20.0,3,57.8,0.0,0.182,0.182
2019-10-24 19:00:00,0.0,22.34,22.34,52.1,20.0,3,62.1,0.0,0.194,0.194
2019-10-24 20:00:00,0.0,21.46,21.46,52.8,20.0,3,76.0,0.0,0.209,0.209
2019-10-24 21:00:00,0.0,20.64,20.64,53.5,20.0,3,43.2,0.0,0.223,0.223
2019-10-24 22:00:00,0.0,19.92,19.92,54.1,20.0,3,62.8,0.0,0.227,0.227
2019-10-24 23:00:00,0.0,19.23,19.23,54.6,20.0,3,68.8,0.0,0.196,0.196
2019-10-25 00:00:00,0.0,18.55,18.55,55.2,20.0,3,63.6,0.0,0.147,0.147
2019-10-25 01:00:00,0.0,17.92,17.92,55.7,20.0,3,74.8,0.0,0.084,0.084
2019-10-25 02:00:00,0.0,17.31,17.31,56.2,20.0,2,60.9,0.0,0.039,0.039
2019-10-25 03:00:00,0.0,16.73,16.73,56.6,20.0,2,59.8,0.0,0.115,0.115
2019-10-25 04:00:00,0.0,16.22,16.22,57.0,20.0,2,67.6,0.0,0.182,0.182
2019-10-25 05:00:00,0.0,15.76,15.76,57.4,20.0,2,62.7,0.0,0.22,0.22
2019-10-25 06:00:00,0.0,16.01,16.01,57.2,20.0,1,57.8,0.0,0.223,0.223
2019-10-25 07:00:00,132.44,19.14,23.19,54.7,58.2,1,66.8,0.1022,0.204,0.3062
2019-10-25 08:00:00,401.56,21.89,34.17,52.5,39.0,1,55.1,0.3162,0.188,0.5042
2019-10-25 09:00:00,630.53,25.29,51.07,49.8,32.5,0,55.5,0.4646,0.18,0.6446
2019-10-25 10:00:00,779.15,29.12,52.88,46.7,33.4,1,56.4,0.5678,0.183,0.7508
2019-10-25 11:00:00,854.8,31.75,57.81,44.6,32.1,1,75.2,0.609,0.159,0.768
2019-10-25 12:00:00,838.08,32.56,58.11,44.0,32.4,1,29.4,0.597,0.171,0.768
2019-10-25 13:00:00,751.24,32.66,50.95,43.9,31.4,2,65.6,0.5545,0.217,0.7715
2019-10-25 14:00:00,592.83,31.94,46.41,44.4,30.4,2,62.0,0.4486,0.252,0.7006
2019-10-25 15:00:00,382.78,30.79,40.13,45.4,37.2,2,44.8,0.294,0.265,0.559
2019-10-25 16:00:00,161.59,28.07,31.95,47.5,54.6,2,64.8,0.1149,0.247,0.3619
2019-10-25 17:00:00,0.95,24.93,24.95,50.1,20.0,2,66.4,0.0,0.255,0.255
2019-10-25 18:00:00,0.0,23.77,23.77,51.0,20.0,2,67.6,0.0,0.26,0.26
2019-10-25 19:00:00,0.0,22.8,22.8,51.8,20.0,2,35.1,0.0,0.234,0.234
2019-10-25 20:00:00,0.0,21.9,21.9,52.5,20.0,2,75.3,0.0,0.201,0.201
2019-10-25 21:00:00,0.0,21.02,21.02,53.2,20.0,2,54.3,0.0,0.148,0.148
2019-10-25 22:00:00,0.0,20.15,20.15,53.9,20.0,2,68.5,0.0,0.135,0.135
2019-10-25 23:00:00,0.0,19.32,19.32,54.5,20.0,2,69.1,0.0,0.157,0.157
2019-10-26 00:00:00,0.0,18.52,18.52,55.2,20.0,2,52.0,0.0,0.198,0.198
2019-10-26 01:00:00,0.0,17.74,17.74,55.8,20.0,2,67.4,0.0,0.193,0.193
2019-10-26 02:00:00,0.0,17.05,17.05,56.4,20.0,2,56.9,0.0,0.175,0.175
2019-10-26 03:00:00,0.0,16.4,16.4,56.9,20.0,2,40.1,0.0,0.155,0.155
2019-10-26 04:00:00,0.0,15.8,15.8,57.4,20.0,2,72.4,0.0,0.086,0.086
2019-10-26 05:00:00,0.0,15.25,15.25,57.8,20.0,2,53.0,0.0,0.037,0.037
2019-10-26 06:00:00,0.0,15.45,15.45,57.6,20.0,1,52.2,0.0,0.012,0.012
2019-10-26 07:00:00,136.0,18.92,23.07,54.9,55.6,1,56.7,0.1052,0.004,0.1092
2019-10-26 08:00:00,406.27,21.47,33.9,52.8,37.9,1,63.5,0.3205,0.002,0.3225
2019-10-26 09:00:00,636.12,25.05,51.07,50.0,31.5,0,60.2,0.4691,0.003,0.4721
2019-10-26 10:00:00,783.83,29.41,53.31,46.5,31.7,1,66.3,0.5706,0.003,0.5736
2019-10-26 11:00:00,857.76,31.64,52.5,44.7,31.2,2,47.4,0.6255,0.004,0.6295
2019-10-26 12:00:00,842.55,32.25,52.74,44.2,31.4,2,53.3,0.6146,0.007,0.6216
2019-10-26 13:00:00,754.62,32.2,50.58,44.2,30.4,2,59.6,0.5583,0.019,0.5773
2019-10-26 14:00:00,593.26,31.5,45.98,44.8,30.0,2,79.8,0.45,0.04,0.49
2019-10-26 15:00:00,378.8,30.38,39.62,45.7,37.7,2,59.6,0.2913,0.066,0.3573
2019-10-26 16:00:00,157.38,27.5,31.28,48.0,55.6,2,71.6,0.1118,0.095,0.2068
2019-10-26 17:00:00,0.95,24.37,24.39,50.5,20.0,2,61.2,0.0,0.122,0.122
2019-10-26 18:00:00,0.0,23.22,23.22,51.4,20.0,3,55.9,0.0,0.129,0.129
2019-10-26 19:00:00,0.0,22.27,22.27,52.2,20.0,3,58.3,0.0,0.107,0.107
2019-10-26 20:00:00,0.0,21.35,21.35,52.9,20.0,3,59.1,0.0,0.081,0.081
2019-10-26 21:00:00,0.0,20.51,20.51,53.6,20.0,3,66.8,0.0,0.061,0.061
2019-10-26 22:00:00,0.0,19.68,19.68,54.3,20.0,3,74.5,0.0,0.058,0.058
2019-10-26 23:00:00,0.0,18.91,18.91,54.9,20.0,3,64.4,0.0,0.073,0.073
2019-10-27 00:00:00,0.0,18.19,18.19,55.4,20.0,3,71.8,0.0,0.09,0.09
2019-10-27 01:00:00,0.0,17.52,17.52,56.0,20.0,3,50.3,0.0,0.092,0.092
2019-10-27 02:00:00,0.0,16.98,16.98,56.4,20.0,3,55.8,0.0,0.053,0.053
2019-10-27 03:00:00,0.0,16.47,16.47,56.8,20.0,3,52.7,0.0,0.056,0.056
2019-10-27 04:00:00,0.0,16.01,16.01,57.2,20.0,3,63.1,0.0,0.063,0.063
2019-10-27 05:00:00,0.0,15.58,15.58,57.5,20.0,3,56.3,0.0,0.047,0.047
2019-10-27 06:00:00,0.0,15.76,15.76,57.4,20.0,2,67.2,0.0,0.025,0.025
2019-10-27 07:00:00,132.21,18.85,22.08,54.9,56.4,2,50.6,0.1025,0.006,0.1085
2019-10-27 08:00:00,407.75,21.72,31.67,52.6,37.3,2,60.3,0.3248,0.0,0.3248
2019-10-27 09:00:00,638.98,25.22,44.74,49.8,30.5,1,66.8,0.4842,0.0,0.4842
2019-10-27 10:00:00,786.64,29.54,48.68,46.4,30.9,2,39.3,0.5843,0.0,0.5843
2019-10-27 11:00:00,853.92,31.73,52.49,44.6,31.4,2,81.1,0.6229,0.0,0.6229
2019-10-27 12:00:00,847.7,32.55,49.7,44.0,30.3,3,57.1,0.6268,0.004,0.6308
2019-10-27 13:00:00,750.09,32.52,47.72,44.0,30.5,3,39.7,0.5617,0.022,0.5837
2019-10-27 14:00:00,583.42,31.94,43.78,44.4,31.0,3,61.5,0.4464,0.058,0.5044
2019-10-27 15:00:00,378.85,30.72,39.98,45.4,33.2,2,60.2,0.2911,0.094,0.3851
2019-10-27 16:00:00,161.5,27.91,31.78,47.7,53.0,2,59.1,0.1142,0.123,0.2372
2019-10-27 17:00:00,0.95,24.78,24.8,50.2,20.0,2,69.8,0.0,0.152,0.152
2019-10-27 18:00:00,0.0,23.73,23.73,51.0,20.0,2,67.4,0.0,0.186,0.186
2019-10-27 19:00:00,0.0,22.84,22.84,51.7,20.0,2,62.9,0.0,0.211,0.211
2019-10-27 20:00:00,0.0,22.03,22.03,52.4,20.0,2,64.4,0.0,0.192,0.192
2019-10-27 21:00:00,0.0,21.25,21.25,53.0,20.0,2,58.9,0.0,0.108,0.108
2019-10-27 22:00:00,0.0,20.51,20.51,53.6,20.0,2,77.7,0.0,0.041,0.041
2019-10-27 23:00:00,0.0,19.8,19.8,54.2,20.0,2,45.1,0.0,0.015,0.015
2019-10-28 00:00:00,0.0,19.11,19.11,54.7,20.0,2,60.5,0.0,0.011,0.011
2019-10-28 01:00:00,0.0,18.42,18.42,55.3,20.0,3,59.7,0.0,0.014,0.014
2019-10-28 02:00:00,0.0,17.75,17.75,55.8,20.0,2,67.2,0.0,0.007,0.007
2019-10-28 03:00:00,0.0,17.11,17.11,56.3,20.0,2,50.6,0.0,0.007,0.007
2019-10-28 04:00:00,0.0,16.55,16.55,56.8,20.0,2,41.6,0.0,0.005,0.005
2019-10-28 05:00:00,0.0,16.07,16.07,57.1,20.0,2,60.6,0.0,0.001,0.001
2019-10-28 06:00:00,0.0,16.24,16.24,57.0,20.0,2,61.9,0.0,0.001,0.001
2019-10-28 07:00:00,129.92,19.43,23.4,54.5,57.1,1,74.0,0.1,0.002,0.102
2019-10-28 08:00:00,385.56,22.21,34.01,52.2,37.8,1,46.4,0.3036,0.003,0.3066
2019-10-28 09:00:00,608.86,25.68,44.28,49.5,34.7,1,70.6,0.4615,0.007,0.4685
2019-10-28 10:00:00,759.47,30.05,53.21,46.0,33.2,1,82.7,0.553,0.018,0.571
2019-10-28 11:00:00,830.92,32.27,57.6,44.2,33.6,1,55.3,0.5926,0.039,0.6316
2019-10-28 12:00:00,824.19,33.08,58.21,43.5,32.9,1,46.2,0.5872,0.078,0.6652
2019-10-28 13:00:00,746.25,32.99,55.78,43.6,30.9,1,55.0,0.54,0.109,0.649
2019-10-28 14:00:00,586.15,32.27,50.21,44.2,30.0,1,59.2,0.4368,0.11,0.5468
2019-10-28 15:00:00,375.33,30.87,42.36,45.3,36.8,1,64.7,0.2851,0.097,0.3821
2019-10-28 16:00:00,152.19,28.13,32.7,47.5,57.8,1,53.2,0.1068,0.084,0.1908
2019-10-28 17:00:00,0.95,25.15,25.17,49.9,20.0,1,74.6,0.0,0.072,0.072
2019-10-28 18:00:00,0.0,24.09,24.09,50.7,20.0,1,47.9,0.0,0.067,0.067
2019-10-28 19:00:00,0.0,23.2,23.2,51.4,20.0,2,41.7,0.0,0.066,0.066
2019-10-28 20:00:00,0.0,22.37,22.37,52.1,20.0,2,70.1,0.0,0.074,0.074
2019-10-28 21:00:00,0.0,21.58,21.58,52.7,20.0,2,36.3,0.0,0.087,0.087
2019-10-28 22:00:00,0.0,20.79,20.79,53.4,20.0,2,57.0,0.0,0.11,0.11
2019-10-28 23:00:00,0.0,19.99,19.99,54.0,20.0,2,90.2,0.0,0.124,0.124
2019-10-29 00:00:00,0.0,19.18,19.18,54.7,20.0,2,58.1,0.0,0.102,0.102
2019-10-29 01:00:00,0.0,18.41,18.41,55.3,20.0,2,47.0,0.0,0.061,0.061
2019-10-29 02:00:00,0.0,17.68,17.68,55.9,20.0,2,57.7,0.0,0.015,0.015
2019-10-29 03:00:00,0.0,17.06,17.06,56.4,20.0,2,57.7,0.0,0.006,0.006
2019-10-29 04:00:00,0.0,16.53,16.53,56.8,20.0,2,59.9,0.0,0.002,0.002
2019-10-29 05:00:00,0.0,16.07,16.07,57.1,20.0,2,64.9,0.0,0.0,0.0
2019-10-29 06:00:00,0.0,16.19,16.19,57.1,20.0,2,47.9,0.0,0.0,0.0
2019-10-29 07:00:00,126.12,19.16,22.24,54.7,58.0,2,75.1,0.0973,0.0,0.0973
2019-10-29 08:00:00,382.18,22.09,31.42,52.3,38.2,2,60.7,0.3041,0.0,0.3041
2019-10-29 09:00:00,603.54,25.83,40.53,49.3,35.0,2,65.5,0.4646,0.0,0.4646
2019-10-29 10:00:00,755.07,30.26,48.63,45.8,33.4,2,52.0,0.5607,0.001,0.5617
2019-10-29 11:00:00,834.78,32.65,49.53,43.9,32.7,3,71.1,0.6167,0.004,0.6207
2019-10-29 12:00:00,827.55,33.67,50.41,43.1,31.9,3,55.7,0.6101,0.014,0.6241
2019-10-29 13:00:00,747.11,33.73,48.87,43.0,30.0,3,61.0,0.5572,0.042,0.5992
2019-10-29 14:00:00,582.3,33.14,44.97,43.5,30.1,3,48.9,0.4437,0.073,0.5167
2019-10-29 15:00:00,365.72,31.89,39.31,44.5,38.8,3,48.3,0.281,0.093,0.374
2019-10-29 16:00:00,156.17,29.06,32.17,46.8,55.2,3,65.1,0.1095,0.093,0.2025
2019-10-29 17:00:00,0.95,25.97,25.99,49.2,20.0,3,53.8,0.0,0.085,0.085
2019-10-29 18:00:00,0.0,24.86,24.86,50.1,20.0,3,49.7,0.0,0.076,0.076
2019-10-29 19:00:00,0.0,23.9,23.9,50.9,20.0,4,51.8,0.0,0.072,0.072
2019-10-29 20:00:00,0.0,23.03,23.03,51.6,20.0,4,65.2,0.0,0.077,0.077
2019-10-29 21:00:00,0.0,22.19,22.19,52.2,20.0,4,52.0,0.0,0.076,0.076
2019-10-29 22:00:00,0.0,21.34,21.34,52.9,20.0,4,57.1,0.0,0.062,0.062
2019-10-29 23:00:00,0.0,20.52,20.52,53.6,20.0,4,58.4,0.0,0.041,0.041
2019-10-30 00:00:00,0.0,19.72,19.72,54.2,20.0,4,38.3,0.0,0.021,0.021
2019-10-30 01:00:00,0.0,18.99,18.99,54.8,20.0,4,42.7,0.0,0.01,0.01
2019-10-30 02:00:00,0.0,18.32,18.32,55.3,20.0,4,60.8,0.0,0.003,0.003
2019-10-30 03:00:00,0.0,17.73,17.73,55.8,20.0,4,50.1,0.0,0.001,0.001
2019-10-30 04:00:00,0.0,17.21,17.21,56.2,20.0,4,68.0,0.0,0.007,0.007
2019-10-30 05:00:00,0.0,16.78,16.78,56.6,20.0,4,67.1,0.0,0.016,0.016
2019-10-30 06:00:00,0.0,16.83,16.83,56.5,20.0,3,64.6,0.0,0.017,0.017
2019-10-30 07:00:00,129.63,19.32,21.95,54.5,55.3,3,75.6,0.1004,0.014,0.1144
2019-10-30 08:00:00,404.11,22.48,30.69,52.0,33.9,3,56.6,0.3236,0.016,0.3396
2019-10-30 09:00:00,626.41,26.56,41.83,48.7,31.0,2,63.9,0.4806,0.026,0.5066
2019-10-30 10:00:00,774.09,30.76,46.42,45.4,31.3,3,51.6,0.5807,0.043,0.6237
2019-10-30 11:00:00,847.17,32.59,47.26,43.9,30.8,4,82.0,0.6323,0.053,0.6853
2019-10-30 12:00:00,831.88,33.35,47.76,43.3,30.9,4,77.3,0.6205,0.061,0.6815
2019-10-30 13:00:00,734.74,33.23,44.36,43.4,31.4,5,57.6,0.5582,0.062,0.6202
2019-10-30 14:00:00,577.21,32.6,41.36,43.9,30.5,5,61.3,0.4464,0.059,0.5054
2019-10-30 15:00:00,360.18,31.29,36.76,45.0,39.1,5,71.0,0.2795,0.045,0.3245
2019-10-30 16:00:00,151.92,28.78,31.36,47.0,56.2,4,56.0,0.1065,0.028,0.1345
2019-10-30 17:00:00,0.0,25.7,25.7,49.4,20.0,4,50.9,0.0,0.021,0.021
2019-10-30 18:00:00,0.0,24.3,24.3,50.6,20.0,4,66.2,0.0,0.024,0.024
2019-10-30 19:00:00,0.0,23.17,23.17,51.5,20.0,4,58.2,0.0,0.03,0.03
2019-10-30 20:00:00,0.0,22.17,22.17,52.3,20.0,4,59.3,0.0,0.029,0.029
2019-10-30 21:00:00,0.0,21.26,21.26,53.0,20.0,4,49.1,0.0,0.013,0.013
2019-10-30 22:00:00,0.0,20.47,20.47,53.6,20.0,3,40.3,0.0,0.001,0.001
2019-10-30 23:00:00,0.0,19.74,19.74,54.2,20.0,3,59.8,0.0,0.0,0.0
2019-10-31 00:00:00,0.0,19.06,19.06,54.8,20.0,3,65.7,0.0,0.0,0.0
2019-10-31 01:00:00,0.0,18.43,18.43,55.3,20.0,3,54.4,0.0,0.003,0.003
2019-10-31 02:00:00,0.0,17.81,17.81,55.7,20.0,3,71.0,0.0,0.014,0.014
2019-10-31 03:00:00,0.0,17.2,17.2,56.2,20.0,3,49.6,0.0,0.011,0.011
2019-10-31 04:00:00,0.0,16.64,16.64,56.7,20.0,2,46.1,0.0,0.015,0.015
2019-10-31 05:00:00,0.0,16.16,16.16,57.1,20.0,2,56.0,0.0,0.008,0.008
2019-10-31 06:00:00,0.0,16.27,16.27,57.0,20.0,2,55.8,0.0,0.005,0.005
2019-10-31 07:00:00,126.91,19.23,22.32,54.6,56.4,2,64.4,0.0979,0.006,0.1039
2019-10-31 08:00:00,399.56,22.17,34.4,52.3,34.1,1,48.9,0.3151,0.011,0.3261
2019-10-31 09:00:00,621.77,25.99,44.99,49.2,31.2,1,70.4,0.4709,0.017,0.4879
2019-10-31 10:00:00,768.54,30.2,48.9,45.8,31.4,2,76.3,0.5707,0.023,0.5937
2019-10-31 11:00:00,842.52,32.42,52.92,44.1,31.0,2,56.3,0.6141,0.029,0.6431
2019-10-31 12:00:00,826.45,33.29,53.4,43.4,31.2,2,69.2,0.6019,0.041,0.6429
2019-10-31 13:00:00,738.84,33.3,51.3,43.4,30.4,2,46.1,0.5455,0.058,0.6035
2019-10-31 14:00:00,571.81,32.76,46.72,43.8,30.8,2,67.4,0.4325,0.074,0.5065
2019-10-31 15:00:00,365.48,31.57,40.49,44.7,34.3,2,67.1,0.2795,0.076,0.3555
2019-10-31 16:00:00,156.23,28.85,32.58,46.9,53.5,2,65.3,0.1085,0.071,0.1795
2019-10-31 17:00:00,0.0,26.02,26.02,49.2,20.0,2,56.5,0.0,0.07,0.07
2019-10-31 18:00:00,0.0,25.06,25.06,50.0,20.0,2,27.1,0.0,0.073,0.073
2019-10-31 19:00:00,0.0,24.27,24.27,50.6,20.0,2,50.3,0.0,0.081,0.081
2019-10-31 20:00:00,0.0,23.51,23.51,51.2,20.0,1,50.4,0.0,0.089,0.089
2019-10-31 21:00:00,0.0,22.79,22.79,51.8,20.0,1,46.9,0.0,0.089,0.089
2019-10-31 22:00:00,0.0,22.06,22.06,52.3,20.0,1,57.9,0.0,0.082,0.082
2019-10-31 23:00:00,0.0,21.37,21.37,52.9,20.0,1,52.5,0.0,0.07,0.07
2019-11-01 00:00:00,0.0,20.71,20.71,53.4,20.0,1,47.7,0.0,0.058,0.058
2019-11-01 01:00:00,0.0,20.02,20.02,54.0,20.0,1,45.3,0.0,0.045,0.045
2019-11-01 02:00:00,0.0,19.36,19.36,54.5,20.0,0,48.8,0.0,0.017,0.017
2019-11-01 03:00:00,0.0,18.74,18.74,55.0,20.0,0,67.1,0.0,0.01,0.01
2019-11-01 04:00:00,0.0,18.19,18.19,55.4,20.0,0,49.3,0.0,0.009,0.009
2019-11-01 05:00:00,0.0,18.49,18.49,55.2,20.0,1,50.8,0.0,0.006,0.006
2019-11-01 06:00:00,0.0,18.6,18.6,55.1,20.0,1,51.4,0.0,0.003,0.003
2019-11-01 07:00:00,102.96,21.14,25.35,53.1,68.0,0,59.3,0.077,0.002,0.079
2019-11-01 08:00:00,333.58,23.99,37.66,50.8,48.5,0,60.5,0.2568,0.002,0.2588
2019-11-01 09:00:00,554.89,28.3,50.99,47.4,42.8,0,25.5,0.4075,0.001,0.4085
2019-11-01 10:00:00,732.24,31.21,61.12,45.0,36.8,0,66.1,0.5148,0.001,0.5158
2019-11-01 11:00:00,805.9,31.95,64.84,44.4,37.7,0,70.3,0.5563,0.002,0.5583
2019-11-01 12:00:00,800.24,32.04,64.71,44.4,36.9,0,45.4,0.5536,0.005,0.5586
2019-11-01 13:00:00,696.76,31.79,60.28,44.6,37.0,0,46.2,0.4935,0.015,0.5085
2019-11-01 14:00:00,539.26,31.23,53.32,45.0,40.4,0,51.4,0.3949,0.035,0.4299
2019-11-01 15:00:00,354.37,30.19,44.71,45.8,41.5,0,48.4,0.2655,0.057,0.3225
2019-11-01 16:00:00,135.64,27.61,33.06,47.9,65.4,0,58.2,0.0934,0.07,0.1634
2019-11-01 17:00:00,0.0,25.96,25.96,49.2,20.0,0,36.5,0.0,0.073,0.073
2019-11-01 18:00:00,0.0,25.2,25.2,49.8,20.0,0,44.7,0.0,0.069,0.069
2019-11-01 19:00:00,0.0,24.48,24.48,50.4,20.0,0,71.3,0.0,0.061,0.061
2019-11-01 20:00:00,0.0,23.78,23.78,51.0,20.0,0,46.6,0.0,0.046,0.046
2019-11-01 21:00:00,0.0,23.12,23.12,51.5,20.0,0,68.4,0.0,0.032,0.032
2019-11-01 22:00:00,0.0,22.44,22.44,52.1,20.0,0,59.5,0.0,0.024,0.024
2019-11-01 23:00:00,0.0,21.83,21.83,52.5,20.0,0,37.8,0.0,0.023,0.023
2019-11-02 00:00:00,0.0,21.24,21.24,53.0,20.0,0,61.5,0.0,0.03,0.03
2019-11-02 01:00:00,0.0,20.73,20.73,53.4,20.0,0,54.0,0.0,0.045,0.045
2019-11-02 02:00:00,0.0,20.22,20.22,53.8,20.0,0,50.6,0.0,0.034,0.034
2019-11-02 03:00:00,0.0,19.77,19.77,54.2,20.0,0,57.6,0.0,0.038,0.038
2019-11-02 04:00:00,0.0,19.36,19.36,54.5,20.0,0,59.9,0.0,0.03,0.03
2019-11-02 05:00:00,0.0,18.96,18.96,54.8,20.0,0,62.3,0.0,0.009,0.009
2019-11-02 06:00:00,0.0,19.01,19.01,54.8,20.0,0,67.0,0.0,0.003,0.003
2019-11-02 07:00:00,111.32,21.0,25.56,53.2,62.9,0,59.3,0.0837,0.005,0.0887
2019-11-02 08:00:00,369.37,23.9,39.03,50.9,43.0,0,41.4,0.2843,0.009,0.2933
2019-11-02 09:00:00,606.58,27.97,52.78,47.6,34.1,0,50.5,0.444,0.01,0.454
2019-11-02 10:00:00,752.83,30.78,61.53,45.4,33.6,0,84.6,0.529,0.009,0.538
2019-11-02 11:00:00,821.87,31.86,65.42,44.5,33.4,0,62.4,0.5667,0.007,0.5737
2019-11-02 12:00:00,808.31,32.11,56.76,44.3,33.4,1,78.9,0.5801,0.005,0.5851
2019-11-02 13:00:00,716.5,31.9,53.79,44.5,33.6,1,69.1,0.523,0.004,0.527
2019-11-02 14:00:00,553.58,31.27,48.22,45.0,34.0,1,57.6,0.4156,0.002,0.4176
2019-11-02 15:00:00,353.59,30.1,40.92,45.9,41.0,1,58.2,0.2692,0.0,0.2692
2019-11-02 16:00:00,154.44,27.26,33.45,48.2,58.8,0,54.8,0.1064,0.0,0.1064
2019-11-02 17:00:00,0.0,25.19,25.19,49.8,20.0,0,37.8,0.0,0.0,0.0
2019-11-02 18:00:00,0.0,25.1,25.1,49.9,20.0,0,55.4,0.0,0.0,0.0
2019-11-02 19:00:00,0.0,24.37,24.37,50.5,20.0,0,67.3,0.0,0.0,0.0
2019-11-02 20:00:00,0.0,23.62,23.62,51.1,20.0,1,49.2,0.0,0.0,0.0
2019-11-02 21:00:00,0.0,22.92,22.92,51.7,20.0,1,59.3,0.0,0.0,0.0
2019-11-02 22:00:00,0.0,22.22,22.22,52.2,20.0,1,63.7,0.0,0.0,0.0
2019-11-02 23:00:00,0.0,21.57,21.57,52.7,20.0,1,46.1,0.0,0.0,0.0
2019-11-03 00:00:00,0.0,20.98,20.98,53.2,20.0,1,50.0,0.0,0.0,0.0
2019-11-03 01:00:00,0.0,20.43,20.43,53.7,20.0,0,44.3,0.0,0.001,0.001
2019-11-03 02:00:00,0.0,19.94,19.94,54.1,20.0,1,46.3,0.0,0.0,0.0
2019-11-03 03:00:00,0.0,19.51,19.51,54.4,20.0,1,41.6,0.0,0.0,0.0
2019-11-03 04:00:00,0.0,19.09,19.09,54.7,20.0,1,45.5,0.0,0.001,0.001
2019-11-03 05:00:00,0.0,18.73,18.73,55.0,20.0,1,68.7,0.0,0.001,0.001
2019-11-03 06:00:00,0.0,18.78,18.78,55.0,20.0,1,45.3,0.0,0.001,0.001
2019-11-03 07:00:00,102.46,21.14,24.27,53.1,67.2,1,55.8,0.0769,0.001,0.0779
2019-11-03 08:00:00,364.98,23.85,35.02,50.9,43.3,1,49.5,0.2856,0.001,0.2866
2019-11-03 09:00:00,591.6,28.51,52.71,47.2,35.9,0,66.3,0.4328,0.001,0.4338
2019-11-03 10:00:00,742.59,30.97,61.31,45.2,33.7,0,67.6,0.5224,0.001,0.5234
2019-11-03 11:00:00,812.31,32.29,65.46,44.2,33.5,0,63.1,0.5601,0.003,0.5631
2019-11-03 12:00:00,798.97,32.86,57.24,43.7,33.5,1,57.6,0.5723,0.007,0.5793
2019-11-03 13:00:00,706.92,32.83,54.43,43.7,33.6,1,52.2,0.5146,0.013,0.5276
2019-11-03 14:00:00,546.31,32.06,48.79,44.4,34.1,1,42.6,0.4091,0.017,0.4261
2019-11-03 15:00:00,351.66,30.82,41.58,45.3,35.3,1,73.9,0.267,0.018,0.285
2019-11-03 16:00:00,152.12,28.7,33.25,47.0,60.0,1,46.9,0.1044,0.016,0.1204
2019-11-03 17:00:00,0.0,26.52,26.52,48.8,20.0,1,61.1,0.0,0.014,0.014
2019-11-03 18:00:00,0.0,25.64,25.64,49.5,20.0,1,65.1,0.0,0.011,0.011
2019-11-03 19:00:00,0.0,24.83,24.83,50.1,20.0,1,48.9,0.0,0.01,0.01
2019-11-03 20:00:00,0.0,24.03,24.03,50.8,20.0,1,64.9,0.0,0.012,0.012
2019-11-03 21:00:00,0.0,23.27,23.27,51.4,20.0,1,62.1,0.0,0.017,0.017
2019-11-03 22:00:00,0.0,22.53,22.53,52.0,20.0,2,71.8,0.0,0.02,0.02
2019-11-03 23:00:00,0.0,21.8,21.8,52.6,20.0,2,49.8,0.0,0.022,0.022
2019-11-04 00:00:00,0.0,21.1,21.1,53.1,20.0,2,41.0,0.0,0.021,0.021
2019-11-04 01:00:00,0.0,20.47,20.47,53.6,20.0,2,48.8,0.0,0.015,0.015
2019-11-04 02:00:00,0.0,19.89,19.89,54.1,20.0,2,55.9,0.0,0.002,0.002
2019-11-04 03:00:00,0.0,19.31,19.31,54.6,20.0,2,54.4,0.0,0.0,0.0
2019-11-04 04:00:00,0.0,18.81,18.81,55.0,20.0,2,49.9,0.0,0.0,0.0
2019-11-04 05:00:00,0.0,18.34,18.34,55.3,20.0,2,34.7,0.0,0.0,0.0
2019-11-04 06:00:00,0.0,18.3,18.3,55.4,20.0,2,58.5,0.0,0.001,0.001
2019-11-04 07:00:00,92.99,20.66,23.5,53.5,71.7,1,73.5,0.0694,0.008,0.0774
2019-11-04 08:00:00,309.29,23.26,32.72,51.4,51.4,1,58.5,0.2422,0.023,0.2652
2019-11-04 09:00:00,521.25,27.05,42.96,48.4,46.1,1,59.9,0.3955,0.039,0.4345
2019-11-04 10:00:00,674.83,30.75,51.32,45.4,42.2,1,59.5,0.4945,0.05,0.5445
2019-11-04 11:00:00,782.25,32.13,51.15,44.3,38.0,2,57.8,0.5738,0.059,0.6328
2019-11-04 12:00:00,813.2,32.57,52.35,43.9,34.4,2,63.1,0.595,0.063,0.658
2019-11-04 13:00:00,719.78,32.4,49.94,44.1,33.5,2,57.8,0.5345,0.055,0.5895
2019-11-04 14:00:00,551.68,31.54,45.01,44.8,33.7,2,50.7,0.42,0.039,0.459
2019-11-04 15:00:00,348.91,30.18,38.7,45.9,41.3,2,45.9,0.2679,0.021,0.2889
2019-11-04 16:00:00,142.19,27.81,31.2,47.8,64.5,2,51.3,0.0978,0.009,0.1068
2019-11-04 17:00:00,0.0,25.21,25.21,49.8,20.0,2,57.0,0.0,0.004,0.004
2019-11-04 18:00:00,0.0,24.27,24.27,50.6,20.0,2,50.7,0.0,0.001,0.001
2019-11-04 19:00:00,0.0,23.47,23.47,51.2,20.0,2,57.0,0.0,0.001,0.001
2019-11-04 20:00:00,0.0,22.75,22.75,51.8,20.0,2,58.2,0.0,0.001,0.001
2019-11-04 21:00:00,0.0,22.12,22.12,52.3,20.0,2,62.1,0.0,0.002,0.002
2019-11-04 22:00:00,0.0,21.49,21.49,52.8,20.0,2,66.6,0.0,0.003,0.003
2019-11-04 23:00:00,0.0,20.92,20.92,53.3,20.0,2,54.6,0.0,0.005,0.005
2019-11-05 00:00:00,0.0,20.3,20.3,53.8,20.0,2,40.1,0.0,0.007,0.007
2019-11-05 01:00:00,0.0,19.73,19.73,54.2,20.0,2,49.7,0.0,0.008,0.008
2019-11-05 02:00:00,0.0,19.19,19.19,54.7,20.0,2,53.6,0.0,0.002,0.002
2019-11-05 03:00:00,0.0,18.65,18.65,55.1,20.0,2,34.8,0.0,0.001,0.001
2019-11-05 04:00:00,0.0,18.16,18.16,55.5,20.0,2,67.0,0.0,0.001,0.001
2019-11-05 05:00:00,0.0,17.72,17.72,55.8,20.0,2,54.6,0.0,0.001,0.001
2019-11-05 06:00:00,0.0,17.66,17.66,55.9,20.0,2,57.0,0.0,0.001,0.001
2019-11-05 07:00:00,101.3,20.11,22.58,53.9,65.6,2,66.8,0.0765,0.006,0.0825
2019-11-05 08:00:00,355.12,22.89,33.76,51.7,44.0,1,46.9,0.2791,0.015,0.2941
2019-11-05 09:00:00,590.78,26.62,44.67,48.7,35.2,1,58.9,0.4476,0.028,0.4756
2019-11-05 10:00:00,745.53,30.78,48.92,45.4,33.7,2,52.1,0.5538,0.041,0.5948
2019-11-05 11:00:00,825.23,32.33,52.4,44.1,33.1,2,51.3,0.6031,0.054,0.6571
2019-11-05 12:00:00,811.54,32.79,49.22,43.8,33.1,3,45.4,0.602,0.065,0.667
2019-11-05 13:00:00,716.3,32.7,47.21,43.8,33.5,3,69.8,0.5381,0.066,0.6041
2019-11-05 14:00:00,549.9,31.9,43.07,44.5,33.8,3,49.4,0.4221,0.054,0.4761
2019-11-05 15:00:00,345.86,30.57,37.58,45.5,41.2,3,60.1,0.2666,0.038,0.3046
2019-11-05 16:00:00,147.85,28.16,31.09,47.5,62.0,3,34.4,0.1013,0.028,0.1293
2019-11-05 17:00:00,0.0,25.48,25.48,49.6,20.0,2,65.0,0.0,0.019,0.019
2019-11-05 18:00:00,0.0,24.49,24.49,50.4,20.0,2,63.7,0.0,0.013,0.013
2019-11-05 19:00:00,0.0,23.66,23.66,51.1,20.0,2,54.1,0.0,0.009,0.009
2019-11-05 20:00:00,0.0,22.95,22.95,51.6,20.0,2,50.9,0.0,0.006,0.006
2019-11-05 21:00:00,0.0,22.34,22.34,52.1,20.0,2,57.2,0.0,0.005,0.005
2019-11-05 22:00:00,0.0,21.74,21.74,52.6,20.0,1,76.0,0.0,0.003,0.003
2019-11-05 23:00:00,0.0,21.19,21.19,53.0,20.0,2,35.5,0.0,0.002,0.002
2019-11-06 00:00:00,0.0,20.62,20.62,53.5,20.0,2,60.3,0.0,0.002,0.002
2019-11-06 01:00:00,0.0,20.11,20.11,53.9,20.0,2,43.4,0.0,0.003,0.003
2019-11-06 02:00:00,0.0,19.58,19.58,54.3,20.0,1,52.3,0.0,0.001,0.001
2019-11-06 03:00:00,0.0,19.07,19.07,54.7,20.0,1,50.0,0.0,0.0,0.0
2019-11-06 04:00:00,0.0,18.57,18.57,55.1,20.0,1,48.2,0.0,0.0,0.0
2019-11-06 05:00:00,0.0,18.06,18.06,55.6,20.0,1,52.4,0.0,0.0,0.0
2019-11-06 06:00:00,0.0,17.96,17.96,55.6,20.0,1,41.2,0.0,0.003,0.003
2019-11-06 07:00:00,96.9,20.4,24.36,53.7,66.4,0,62.8,0.0722,0.012,0.0842
2019-11-06 08:00:00,326.8,23.11,36.5,51.5,47.0,0,34.6,0.253,0.023,0.276
2019-11-06 09:00:00,548.12,26.89,49.3,48.5,41.3,0,57.9,0.406,0.031,0.437
2019-11-06 10:00:00,723.08,30.96,60.5,45.2,35.8,0,49.3,0.5104,0.035,0.5454
2019-11-06 11:00:00,806.77,32.85,65.79,43.7,34.7,0,40.8,0.5556,0.038,0.5936
2019-11-06 12:00:00,801.12,33.42,57.86,43.3,33.8,1,54.5,0.5726,0.044,0.6166
2019-11-06 13:00:00,710.21,33.26,54.96,43.4,33.5,1,37.0,0.5163,0.043,0.5593
2019-11-06 14:00:00,546.4,32.4,49.13,44.1,33.8,1,52.9,0.4088,0.043,0.4518
2019-11-06 15:00:00,344.76,30.99,41.53,45.2,41.5,1,38.3,0.2613,0.057,0.3183
2019-11-06 16:00:00,145.67,28.56,32.9,47.1,63.1,1,57.1,0.0983,0.087,0.1853
2019-11-06 17:00:00,0.0,26.2,26.2,49.0,20.0,2,43.3,0.0,0.126,0.126
2019-11-06 18:00:00,0.0,25.33,25.33,49.7,20.0,2,48.0,0.0,0.169,0.169
2019-11-06 19:00:00,0.0,24.54,24.54,50.4,20.0,2,55.5,0.0,0.212,0.212
2019-11-06 20:00:00,0.0,23.81,23.81,51.0,20.0,1,44.8,0.0,0.243,0.243
2019-11-06 21:00:00,0.0,23.14,23.14,51.5,20.0,1,51.9,0.0,0.249,0.249
2019-11-06 22:00:00,0.0,22.49,22.49,52.0,20.0,1,37.4,0.0,0.236,0.236
2019-11-06 23:00:00,0.0,21.86,21.86,52.5,20.0,1,58.8,0.0,0.226,0.226
2019-11-07 00:00:00,0.0,21.25,21.25,53.0,20.0,1,69.6,0.0,0.231,0.231
2019-11-07 01:00:00,0.0,20.65,20.65,53.5,20.0,1,79.8,0.0,0.243,0.243
2019-11-07 02:00:00,0.0,20.05,20.05,54.0,20.0,1,52.8,0.0,0.137,0.137
2019-11-07 03:00:00,0.0,19.45,19.45,54.4,20.0,0,59.8,0.0,0.126,0.126
2019-11-07 04:00:00,0.0,18.91,18.91,54.9,20.0,0,34.1,0.0,0.135,0.135
2019-11-07 05:00:00,0.0,18.47,18.47,55.2,20.0,0,66.9,0.0,0.079,0.079
2019-11-07 06:00:00,0.0,18.44,18.44,55.2,20.0,0,59.7,0.0,0.035,0.035
2019-11-07 07:00:00,59.22,20.38,22.8,53.7,95.4,0,47.1,0.042,0.012,0.054
2019-11-07 08:00:00,353.94,23.41,37.92,51.3,43.2,0,64.3,0.2736,0.003,0.2766
2019-11-07 09:00:00,527.35,27.0,48.57,48.4,42.5,0,49.4,0.3915,0.0,0.3915
2019-11-07 10:00:00,723.45,30.66,60.21,45.5,36.8,0,47.3,0.5113,0.0,0.5113
2019-11-07 11:00:00,805.26,32.48,57.05,44.0,33.4,1,56.7,0.577,0.0,0.577
2019-11-07 12:00:00,559.16,33.11,50.14,43.5,64.8,1,41.3,0.4081,0.0,0.4081
2019-11-07 13:00:00,699.16,33.11,54.47,43.5,33.6,1,62.1,0.5093,0.004,0.5133
2019-11-07 14:00:00,529.11,32.52,48.72,44.0,38.4,1,41.4,0.3958,0.025,0.4208
2019-11-07 15:00:00,307.26,31.31,40.7,45.0,52.6,1,41.4,0.2323,0.066,0.2983
2019-11-07 16:00:00,57.36,28.21,30.5,47.4,100.0,0,42.8,0.0355,0.12,0.1555
2019-11-07 17:00:00,0.0,26.88,26.88,48.5,20.0,0,59.5,0.0,0.154,0.154
2019-11-07 18:00:00,0.0,26.12,26.12,49.1,20.0,0,45.7,0.0,0.155,0.155
2019-11-07 19:00:00,0.0,25.48,25.48,49.6,20.0,0,38.4,0.0,0.145,0.145
2019-11-07 20:00:00,0.0,24.94,24.94,50.0,20.0,0,45.9,0.0,0.137,0.137
2019-11-07 21:00:00,0.0,24.32,24.32,50.5,20.0,1,51.6,0.0,0.126,0.126
2019-11-07 22:00:00,0.0,23.58,23.58,51.1,20.0,1,40.1,0.0,0.116,0.116
2019-11-07 23:00:00,0.0,22.87,22.87,51.7,20.0,1,40.4,0.0,0.111,0.111
2019-11-08 00:00:00,0.0,22.23,22.23,52.2,20.0,1,72.4,0.0,0.106,0.106
2019-11-08 01:00:00,0.0,21.69,21.69,52.6,20.0,0,42.7,0.0,0.094,0.094
2019-11-08 02:00:00,0.0,21.19,21.19,53.0,20.0,0,48.1,0.0,0.038,0.038
2019-11-08 03:00:00,0.0,20.8,20.8,53.4,20.0,0,47.7,0.0,0.029,0.029
2019-11-08 04:00:00,0.0,20.44,20.44,53.6,20.0,1,47.1,0.0,0.01,0.01
2019-11-08 05:00:00,0.0,20.06,20.06,53.9,20.0,1,57.5,0.0,0.0,0.0
2019-11-08 06:00:00,0.0,19.93,19.93,54.1,20.0,1,60.8,0.0,0.0,0.0
2019-11-08 07:00:00,92.32,21.91,24.73,52.5,65.8,1,48.3,0.0683,0.0,0.0683
2019-11-08 08:00:00,341.06,24.36,34.8,50.5,44.7,1,39.0,0.2666,0.0,0.2666
2019-11-08 09:00:00,558.2,28.3,51.14,47.4,37.3,0,64.1,0.4111,0.0,0.4111
2019-11-08 10:00:00,723.06,32.0,61.55,44.4,35.0,0,50.4,0.5083,0.002,0.5103
2019-11-08 11:00:00,800.47,33.54,66.24,43.2,33.5,0,68.6,0.5505,0.009,0.5595
2019-11-08 12:00:00,787.46,33.56,65.73,43.2,33.5,0,28.9,0.5436,0.03,0.5736
2019-11-08 13:00:00,694.97,32.83,54.06,43.7,33.6,1,53.3,0.5072,0.054,0.5612
2019-11-08 14:00:00,533.88,30.91,47.26,45.3,34.2,1,70.5,0.4026,0.076,0.4786
2019-11-08 15:00:00,338.86,29.76,40.12,46.2,35.5,1,47.8,0.2581,0.106,0.3641
2019-11-08 16:00:00,139.46,27.83,31.97,47.7,64.8,1,49.1,0.0929,0.144,0.2369
2019-11-08 17:00:00,0.0,26.5,26.5,48.8,20.0,1,54.3,0.0,0.167,0.167
2019-11-08 18:00:00,0.0,25.81,25.81,49.4,20.0,1,45.7,0.0,0.17,0.17
2019-11-08 19:00:00,0.0,25.12,25.12,49.9,20.0,0,48.2,0.0,0.15,0.15
2019-11-08 20:00:00,0.0,24.44,24.44,50.5,20.0,0,48.0,0.0,0.115,0.115
2019-11-08 21:00:00,0.0,23.72,23.72,51.0,20.0,0,45.1,0.0,0.101,0.101
2019-11-08 22:00:00,0.0,22.99,22.99,51.6,20.0,0,63.6,0.0,0.1,0.1
2019-11-08 23:00:00,0.0,22.31,22.31,52.2,20.0,0,55.9,0.0,0.098,0.098
2019-11-09 00:00:00,0.0,21.63,21.63,52.7,20.0,0,53.3,0.0,0.096,0.096
2019-11-09 01:00:00,0.0,21.0,21.0,53.2,20.0,0,58.9,0.0,0.088,0.088
2019-11-09 02:00:00,0.0,20.39,20.39,53.7,20.0,1,48.1,0.0,0.042,0.042
2019-11-09 03:00:00,0.0,19.83,19.83,54.1,20.0,1,43.0,0.0,0.019,0.019
2019-11-09 04:00:00,0.0,19.33,19.33,54.5,20.0,1,44.7,0.0,0.062,0.062
2019-11-09 05:00:00,0.0,18.86,18.86,54.9,20.0,1,50.8,0.0,0.072,0.072
2019-11-09 06:00:00,0.0,18.74,18.74,55.0,20.0,1,40.2,0.0,0.079,0.079
2019-11-09 07:00:00,94.03,21.04,24.88,53.2,63.6,0,45.8,0.0696,0.093,0.1626
2019-11-09 08:00:00,337.93,23.81,37.66,51.0,44.9,0,45.6,0.261,0.105,0.366
2019-11-09 09:00:00,559.8,28.5,45.61,47.2,37.5,1,72.0,0.4222,0.114,0.5362
2019-11-09 10:00:00,725.88,30.91,60.58,45.3,33.7,0,23.0,0.5129,0.121,0.6339
2019-11-09 11:00:00,795.7,31.96,64.46,44.4,33.5,0,49.0,0.5518,0.134,0.6858
2019-11-09 12:00:00,782.83,32.4,64.39,44.1,33.5,0,68.0,0.5438,0.164,0.7078
2019-11-09 13:00:00,693.42,32.24,60.62,44.2,33.7,0,52.0,0.4918,0.187,0.6788
2019-11-09 14:00:00,521.84,31.67,53.07,44.7,37.3,0,58.3,0.3832,0.195,0.5782
2019-11-09 15:00:00,338.89,30.44,44.32,45.6,35.5,0,51.8,0.2535,0.187,0.4405
2019-11-09 16:00:00,137.29,27.08,32.52,48.3,65.7,0,44.1,0.0903,0.167,0.2573
2019-11-09 17:00:00,0.0,25.78,25.78,49.4,20.0,0,28.4,0.0,0.143,0.143
2019-11-09 18:00:00,0.0,25.26,25.26,49.8,20.0,1,52.8,0.0,0.119,0.119
2019-11-09 19:00:00,0.0,24.46,24.46,50.4,20.0,1,43.0,0.0,0.1,0.1
2019-11-09 20:00:00,0.0,23.66,23.66,51.1,20.0,2,42.8,0.0,0.089,0.089
2019-11-09 21:00:00,0.0,22.86,22.86,51.7,20.0,2,45.8,0.0,0.097,0.097
2019-11-09 22:00:00,0.0,22.07,22.07,52.3,20.0,2,68.2,0.0,0.118,0.118
2019-11-09 23:00:00,0.0,21.35,21.35,52.9,20.0,2,74.8,0.0,0.139,0.139
2019-11-10 00:00:00,0.0,20.73,20.73,53.4,20.0,2,52.4,0.0,0.16,0.16
2019-11-10 01:00:00,0.0,20.18,20.18,53.9,20.0,2,45.6,0.0,0.172,0.172
2019-11-10 02:00:00,0.0,19.64,19.64,54.3,20.0,2,38.5,0.0,0.085,0.085
2019-11-10 03:00:00,0.0,19.12,19.12,54.7,20.0,2,54.9,0.0,0.075,0.075
2019-11-10 04:00:00,0.0,18.64,18.64,55.1,20.0,2,68.1,0.0,0.105,0.105
2019-11-10 05:00:00,0.0,18.19,18.19,55.4,20.0,1,47.8,0.0,0.084,0.084
2019-11-10 06:00:00,0.0,18.06,18.06,55.5,20.0,1,26.5,0.0,0.064,0.064
2019-11-10 07:00:00,84.61,20.26,22.84,53.8,67.9,1,56.9,0.0626,0.048,0.1106
2019-11-10 08:00:00,333.08,23.68,37.33,51.1,45.0,0,60.1,0.2575,0.038,0.2955
2019-11-10 09:00:00,549.78,27.62,44.42,47.9,37.7,1,34.4,0.4167,0.036,0.4527
2019-11-10 10:00:00,713.11,29.23,51.0,46.6,33.9,1,52.0,0.5254,0.045,0.5704
2019-11-10 11:00:00,782.49,29.79,61.76,46.2,33.7,0,54.8,0.5494,0.065,0.6144
2019-11-10 12:00:00,772.79,29.96,61.54,46.0,33.7,0,49.5,0.5438,0.095,0.6388
2019-11-10 13:00:00,683.27,30.02,57.98,46.0,33.8,0,42.3,0.4903,0.116,0.6063
2019-11-10 14:00:00,526.46,29.57,51.16,46.3,34.3,0,60.4,0.3904,0.121,0.5114
2019-11-10 15:00:00,333.98,28.74,42.42,47.0,35.7,0,46.2,0.2516,0.114,0.3656
2019-11-10 16:00:00,127.87,25.92,30.97,49.3,69.0,0,35.4,0.0835,0.103,0.1865
2019-11-10 17:00:00,0.0,24.79,24.79,50.2,20.0,0,29.7,0.0,0.093,0.093
2019-11-10 18:00:00,0.0,24.15,24.15,50.7,20.0,0,62.9,0.0,0.085,0.085
2019-11-10 19:00:00,0.0,23.54,23.54,51.2,20.0,0,56.4,0.0,0.083,0.083
2019-11-10 20:00:00,0.0,22.97,22.97,51.6,20.0,1,51.1,0.0,0.08,0.08
2019-11-10 21:00:00,0.0,22.41,22.41,52.1,20.0,1,45.8,0.0,0.093,0.093
2019-11-10 22:00:00,0.0,21.88,21.88,52.5,20.0,1,45.0,0.0,0.112,0.112
2019-11-10 23:00:00,0.0,21.32,21.32,52.9,20.0,1,39.5,0.0,0.128,0.128
2019-11-11 00:00:00,0.0,20.77,20.77,53.4,20.0,1,45.4,0.0,0.147,0.147
2019-11-11 01:00:00,0.0,20.22,20.22,53.8,20.0,1,28.5,0.0,0.171,0.171
2019-11-11 02:00:00,0.0,19.68,19.68,54.3,20.0,1,42.4,0.0,0.106,0.106
2019-11-11 03:00:00,0.0,19.16,19.16,54.7,20.0,1,46.6,0.0,0.066,0.066
2019-11-11 04:00:00,0.0,18.7,18.7,55.0,20.0,1,55.8,0.0,0.111,0.111
2019-11-11 05:00:00,0.0,18.28,18.28,55.4,20.0,0,49.3,0.0,0.074,0.074
2019-11-11 06:00:00,0.0,18.17,18.17,55.5,20.0,0,57.7,0.0,0.025,0.025
2019-11-11 07:00:00,81.95,20.32,23.67,53.7,70.3,0,63.2,0.0601,0.004,0.0641
2019-11-11 08:00:00,352.85,23.6,38.08,51.1,36.0,0,60.3,0.2733,0.001,0.2743
2019-11-11 09:00:00,569.56,27.93,51.24,47.7,34.5,0,54.4,0.42,0.001,0.421
2019-11-11 10:00:00,715.85,30.13,59.39,45.9,33.8,0,49.9,0.5086,0.004,0.5126
2019-11-11 11:00:00,652.17,31.4,58.01,44.9,55.0,0,39.9,0.4621,0.016,0.4781
2019-11-11 12:00:00,774.53,31.98,63.64,44.4,33.5,0,57.1,0.54,0.045,0.585
2019-11-11 13:00:00,685.16,31.72,59.76,44.6,33.8,0,66.5,0.4879,0.073,0.5609
2019-11-11 14:00:00,526.77,30.58,52.18,45.5,34.3,0,53.2,0.3889,0.088,0.4769
2019-11-11 15:00:00,334.04,29.19,39.4,46.6,35.7,1,68.9,0.2549,0.086,0.3409
2019-11-11 16:00:00,93.42,27.54,30.31,48.0,85.2,1,34.5,0.0601,0.084,0.1441
2019-11-11 17:00:00,0.0,25.69,25.69,49.5,20.0,1,38.2,0.0,0.087,0.087
2019-11-11 18:00:00,0.0,24.85,24.85,50.1,20.0,1,58.3,0.0,0.095,0.095
2019-11-11 19:00:00,0.0,24.17,24.17,50.7,20.0,1,52.4,0.0,0.107,0.107
2019-11-11 20:00:00,0.0,23.59,23.59,51.1,20.0,1,62.9,0.0,0.119,0.119
2019-11-11 21:00:00,0.0,23.02,23.02,51.6,20.0,1,49.6,0.0,0.127,0.127
2019-11-11 22:00:00,0.0,22.39,22.39,52.1,20.0,1,41.1,0.0,0.133,0.133
2019-11-11 23:00:00,0.0,21.76,21.76,52.6,20.0,1,47.6,0.0,0.145,0.145
2019-11-12 00:00:00,0.0,21.15,21.15,53.1,20.0,1,33.9,0.0,0.164,0.164
2019-11-12 01:00:00,0.0,20.62,20.62,53.5,20.0,1,38.0,0.0,0.179,0.179
2019-11-12 02:00:00,0.0,20.15,20.15,53.9,20.0,1,59.0,0.0,0.115,0.115
2019-11-12 03:00:00,0.0,19.8,19.8,54.2,20.0,1,58.0,0.0,0.042,0.042
2019-11-12 04:00:00,0.0,19.56,19.56,54.4,20.0,1,52.9,0.0,0.011,0.011
2019-11-12 05:00:00,0.0,19.24,19.24,54.6,20.0,1,32.0,0.0,0.001,0.001
2019-11-12 06:00:00,0.0,19.15,19.15,54.7,20.0,0,45.7,0.0,0.0,0.0
2019-11-12 07:00:00,77.99,20.88,24.07,53.3,70.8,0,37.0,0.0568,0.0,0.0568
2019-11-12 08:00:00,314.09,22.82,35.7,51.7,48.3,0,61.0,0.2438,0.0,0.2438
2019-11-12 09:00:00,264.5,26.74,37.53,48.6,82.8,0,43.4,0.1986,0.0,0.1986
2019-11-12 10:00:00,638.39,30.52,56.59,45.6,47.3,0,38.4,0.457,0.0,0.457
2019-11-12 11:00:00,731.09,32.03,61.89,44.4,41.1,0,49.5,0.5119,0.0,0.5119
2019-11-12 12:00:00,637.21,32.3,58.3,44.2,54.5,0,42.8,0.4515,0.001,0.4525
2019-11-12 13:00:00,496.68,31.79,46.93,44.6,66.6,1,64.1,0.3684,0.002,0.3704
2019-11-12 14:00:00,450.81,30.8,44.58,45.4,53.2,1,41.9,0.3407,0.003,0.3437
2019-11-12 15:00:00,233.54,29.36,36.5,46.5,67.4,1,35.3,0.177,0.006,0.183
2019-11-12 16:00:00,31.18,27.46,28.39,48.0,100.0,1,27.7,0.0164,0.01,0.0264
2019-11-12 17:00:00,0.0,25.68,25.68,49.5,20.0,1,48.9,0.0,0.017,0.017
2019-11-12 18:00:00,0.0,25.07,25.07,49.9,20.0,1,43.6,0.0,0.029,0.029
2019-11-12 19:00:00,0.0,24.4,24.4,50.5,20.0,1,35.0,0.0,0.047,0.047
2019-11-12 20:00:00,0.0,23.7,23.7,51.0,20.0,1,61.1,0.0,0.06,0.06
2019-11-12 21:00:00,0.0,22.78,22.78,51.8,20.0,1,55.9,0.0,0.062,0.062
2019-11-12 22:00:00,0.0,21.92,21.92,52.5,20.0,1,49.0,0.0,0.063,0.063
2019-11-12 23:00:00,0.0,21.21,21.21,53.0,20.0,1,62.9,0.0,0.066,0.066
2019-11-13 00:00:00,0.0,20.59,20.59,53.5,20.0,1,55.4,0.0,0.067,0.067
2019-11-13 01:00:00,0.0,19.97,19.97,54.0,20.0,1,40.6,0.0,0.064,0.064
2019-11-13 02:00:00,0.0,19.38,19.38,54.5,20.0,1,38.4,0.0,0.035,0.035
2019-11-13 03:00:00,0.0,18.81,18.81,55.0,20.0,1,57.0,0.0,0.012,0.012
2019-11-13 04:00:00,0.0,18.29,18.29,55.4,20.0,1,52.8,0.0,0.031,0.031
2019-11-13 05:00:00,0.0,17.84,17.84,55.7,20.0,1,50.5,0.0,0.041,0.041
2019-11-13 06:00:00,0.0,17.68,17.68,55.9,20.0,1,40.3,0.0,0.042,0.042
2019-11-13 07:00:00,80.73,20.06,22.53,54.0,68.3,1,54.9,0.0594,0.037,0.0964
2019-11-13 08:00:00,326.35,22.84,36.22,51.7,44.4,0,41.2,0.2534,0.028,0.2814
2019-11-13 09:00:00,543.67,26.83,49.08,48.5,36.9,0,47.8,0.4042,0.028,0.4322
2019-11-13 10:00:00,707.04,30.79,52.38,45.4,34.8,1,63.3,0.518,0.038,0.556
2019-11-13 11:00:00,786.95,32.11,56.12,44.3,33.5,1,42.2,0.5669,0.057,0.6239
2019-11-13 12:00:00,774.51,32.59,51.44,43.9,33.5,2,33.1,0.57,0.085,0.655
2019-11-13 13:00:00,685.35,32.33,49.04,44.1,33.7,2,38.3,0.5116,0.12,0.6316
2019-11-13 14:00:00,525.71,31.57,42.25,44.7,34.1,3,58.7,0.4051,0.147,0.5521
2019-11-13 15:00:00,328.47,30.09,36.75,45.9,41.9,3,51.3,0.2531,0.164,0.4171
2019-11-13 16:00:00,135.16,27.68,30.31,47.9,66.2,3,47.5,0.0876,0.181,0.2686
2019-11-13 17:00:00,0.0,25.23,25.23,49.8,20.0,2,43.7,0.0,0.184,0.184
2019-11-13 18:00:00,0.0,24.31,24.31,50.6,20.0,2,53.6,0.0,0.188,0.188
2019-11-13 19:00:00,0.0,23.51,23.51,51.2,20.0,2,40.3,0.0,0.19,0.19
2019-11-13 20:00:00,0.0,22.78,22.78,51.8,20.0,2,51.8,0.0,0.171,0.171
2019-11-13 21:00:00,0.0,22.08,22.08,52.3,20.0,2,41.5,0.0,0.14,0.14
2019-11-13 22:00:00,0.0,21.37,21.37,52.9,20.0,2,39.8,0.0,0.116,0.116
2019-11-13 23:00:00,0.0,20.72,20.72,53.4,20.0,2,42.4,0.0,0.118,0.118
2019-11-14 00:00:00,0.0,20.04,20.04,54.0,20.0,2,44.6,0.0,0.132,0.132
2019-11-14 01:00:00,0.0,19.4,19.4,54.5,20.0,2,47.9,0.0,0.142,0.142
2019-11-14 02:00:00,0.0,18.77,18.77,55.0,20.0,2,50.7,0.0,0.09,0.09
2019-11-14 03:00:00,0.0,18.19,18.19,55.5,20.0,2,11.5,0.0,0.058,0.058
2019-11-14 04:00:00,0.0,17.64,17.64,55.9,20.0,2,40.3,0.0,0.107,0.107
2019-11-14 05:00:00,0.0,17.14,17.14,56.3,20.0,2,44.4,0.0,0.08,0.08
2019-11-14 06:00:00,0.0,16.89,16.89,56.5,20.0,2,63.4,0.0,0.049,0.049
2019-11-14 07:00:00,76.36,18.92,20.78,54.9,69.5,2,37.6,0.0562,0.028,0.0842
2019-11-14 08:00:00,314.05,21.84,31.46,52.5,45.0,1,50.0,0.2484,0.023,0.2714
2019-11-14 09:00:00,552.22,25.91,42.79,49.3,35.8,1,63.3,0.422,0.029,0.451
2019-11-14 10:00:00,720.12,29.79,51.78,46.2,33.6,1,35.2,0.5294,0.043,0.5724
2019-11-14 11:00:00,791.52,31.41,55.57,44.9,33.3,1,52.3,0.5717,0.061,0.6327
2019-11-14 12:00:00,780.97,31.97,55.81,44.4,33.4,1,40.3,0.5642,0.078,0.6422
2019-11-14 13:00:00,688.06,31.77,52.8,44.6,33.6,1,43.3,0.5055,0.09,0.5955
2019-11-14 14:00:00,524.33,30.8,43.62,45.4,34.0,2,40.3,0.4018,0.094,0.4958
2019-11-14 15:00:00,326.72,29.16,37.13,46.7,41.9,2,41.0,0.2512,0.095,0.3462
2019-11-14 16:00:00,134.62,26.46,29.6,48.8,67.4,2,75.6,0.0866,0.092,0.1786
2019-11-14 17:00:00,0.0,23.92,23.92,50.9,20.0,2,56.8,0.0,0.081,0.081
2019-11-14 18:00:00,0.0,22.9,22.9,51.7,20.0,3,59.4,0.0,0.068,0.068
2019-11-14 19:00:00,0.0,21.99,21.99,52.4,20.0,3,53.3,0.0,0.056,0.056
2019-11-14 20:00:00,0.0,21.15,21.15,53.1,20.0,3,32.3,0.0,0.046,0.046
2019-11-14 21:00:00,0.0,20.45,20.45,53.6,20.0,2,52.3,0.0,0.033,0.033
2019-11-14 22:00:00,0.0,19.82,19.82,54.1,20.0,2,59.1,0.0,0.021,0.021
2019-11-14 23:00:00,0.0,19.25,19.25,54.6,20.0,2,39.8,0.0,0.015,0.015
2019-11-15 00:00:00,0.0,18.66,18.66,55.1,20.0,2,57.6,0.0,0.011,0.011
2019-11-15 01:00:00,0.0,18.08,18.08,55.5,20.0,2,55.0,0.0,0.006,0.006
2019-11-15 02:00:00,0.0,17.53,17.53,56.0,20.0,2,66.5,0.0,0.001,0.001
2019-11-15 03:00:00,0.0,16.99,16.99,56.4,20.0,2,43.8,0.0,0.001,0.001
2019-11-15 04:00:00,0.0,16.49,16.49,56.8,20.0,2,37.0,0.0,0.006,0.006
2019-11-15 05:00:00,0.0,16.06,16.06,57.2,20.0,2,44.3,0.0,0.006,0.006
2019-11-15 06:00:00,0.0,15.9,15.9,57.3,20.0,2,62.3,0.0,0.003,0.003
2019-11-15 07:00:00,79.08,18.28,20.2,55.4,67.0,2,29.7,0.0586,0.002,0.0606
2019-11-15 08:00:00,333.7,21.02,31.24,53.2,41.1,1,27.3,0.2651,0.001,0.2661
2019-11-15 09:00:00,561.4,24.36,47.34,50.5,34.5,0,48.8,0.4212,0.001,0.4222
2019-11-15 10:00:00,714.93,27.93,57.16,47.7,33.2,0,43.5,0.5135,0.001,0.5145
2019-11-15 11:00:00,788.76,29.77,62.0,46.2,33.4,0,48.0,0.5538,0.004,0.5578
2019-11-15 12:00:00,777.32,30.3,62.08,45.8,33.4,0,57.4,0.5463,0.009,0.5553
2019-11-15 13:00:00,684.83,30.39,58.42,45.7,33.6,0,42.4,0.491,0.013,0.504
2019-11-15 14:00:00,522.82,30.15,46.16,45.9,34.1,1,29.2,0.3964,0.016,0.4124
2019-11-15 15:00:00,324.97,28.65,38.58,47.1,42.0,1,68.4,0.2483,0.018,0.2663
2019-11-15 16:00:00,127.3,25.86,29.59,49.3,67.7,1,38.0,0.0823,0.019,0.1013
2019-11-15 17:00:00,0.0,23.65,23.65,51.1,20.0,2,37.4,0.0,0.02,0.02
2019-11-15 18:00:00,0.0,22.79,22.79,51.8,20.0,2,59.0,0.0,0.021,0.021
2019-11-15 19:00:00,0.0,21.99,21.99,52.4,20.0,2,44.1,0.0,0.021,0.021
2019-11-15 20:00:00,0.0,21.14,21.14,53.1,20.0,2,47.3,0.0,0.019,0.019
2019-11-15 21:00:00,0.0,20.32,20.32,53.7,20.0,2,52.8,0.0,0.015,0.015
2019-11-15 22:00:00,0.0,19.48,19.48,54.4,20.0,2,58.8,0.0,0.013,0.013
2019-11-15 23:00:00,0.0,18.65,18.65,55.1,20.0,2,44.6,0.0,0.017,0.017
2019-11-16 00:00:00,0.0,17.93,17.93,55.7,20.0,2,62.8,0.0,0.027,0.027
2019-11-16 01:00:00,0.0,17.29,17.29,56.2,20.0,2,26.2,0.0,0.031,0.031
2019-11-16 02:00:00,0.0,16.74,16.74,56.6,20.0,2,55.2,0.0,0.014,0.014
2019-11-16 03:00:00,0.0,16.23,16.23,57.0,20.0,2,39.2,0.0,0.001,0.001
2019-11-16 04:00:00,0.0,15.78,15.78,57.4,20.0,2,61.3,0.0,0.0,0.0
2019-11-16 05:00:00,0.0,15.47,15.47,57.6,20.0,2,49.0,0.0,0.0,0.0
2019-11-16 06:00:00,0.0,15.55,15.55,57.6,20.0,2,40.8,0.0,0.0,0.0
2019-11-16 07:00:00,74.7,17.39,19.21,56.1,68.1,2,54.2,0.0552,0.001,0.0562
2019-11-16 08:00:00,329.39,19.86,29.95,54.1,41.1,1,56.5,0.2629,0.009,0.2719
2019-11-16 09:00:00,557.0,23.45,40.48,51.2,34.4,1,54.0,0.4301,0.022,0.4521
2019-11-16 10:00:00,710.15,27.97,49.65,47.6,33.2,1,37.3,0.527,0.035,0.562
2019-11-16 11:00:00,784.96,30.56,54.52,45.5,33.4,1,42.7,0.5697,0.048,0.6177
2019-11-16 12:00:00,761.85,31.25,54.5,45.0,35.4,1,47.5,0.5534,0.055,0.6084
2019-11-16 13:00:00,681.08,30.93,47.53,45.3,34.3,2,47.2,0.5118,0.046,0.5578
2019-11-16 14:00:00,520.22,29.99,42.7,46.0,34.1,2,55.1,0.4002,0.033,0.4332
2019-11-16 15:00:00,323.23,28.44,36.32,47.2,42.0,2,27.4,0.2492,0.024,0.2732
2019-11-16 16:00:00,125.32,25.76,28.69,49.4,66.7,2,50.9,0.0803,0.019,0.0993
2019-11-16 17:00:00,0.0,23.53,23.53,51.2,20.0,3,44.7,0.0,0.016,0.016
2019-11-16 18:00:00,0.0,22.44,22.44,52.0,20.0,3,39.2,0.0,0.013,0.013
2019-11-16 19:00:00,0.0,21.46,21.46,52.8,20.0,3,40.1,0.0,0.008,0.008
2019-11-16 20:00:00,0.0,20.59,20.59,53.5,20.0,3,45.4,0.0,0.004,0.004
2019-11-16 21:00:00,0.0,19.79,19.79,54.2,20.0,3,11.6,0.0,0.004,0.004
2019-11-16 22:00:00,0.0,19.06,19.06,54.8,20.0,2,40.6,0.0,0.008,0.008
2019-11-16 23:00:00,0.0,18.42,18.42,55.3,20.0,2,38.8,0.0,0.016,0.016
2019-11-17 00:00:00,0.0,17.85,17.85,55.7,20.0,2,52.5,0.0,0.032,0.032
2019-11-17 01:00:00,0.0,17.37,17.37,56.1,20.0,2,39.2,0.0,0.05,0.05
2019-11-17 02:00:00,0.0,16.93,16.93,56.5,20.0,2,45.1,0.0,0.04,0.04
2019-11-17 03:00:00,0.0,16.52,16.52,56.8,20.0,2,62.6,0.0,0.018,0.018
2019-11-17 04:00:00,0.0,16.11,16.11,57.1,20.0,2,57.2,0.0,0.073,0.073
2019-11-17 05:00:00,0.0,15.73,15.73,57.4,20.0,2,56.2,0.0,0.083,0.083
2019-11-17 06:00:00,0.0,15.59,15.59,57.5,20.0,2,42.2,0.0,0.069,0.069
2019-11-17 07:00:00,72.47,17.74,19.5,55.8,70.0,2,52.7,0.0533,0.054,0.1073
2019-11-17 08:00:00,325.08,20.64,28.58,53.5,41.1,2,44.9,0.2609,0.046,0.3069
2019-11-17 09:00:00,552.92,24.5,41.41,50.4,34.5,1,45.3,0.4254,0.048,0.4734
2019-11-17 10:00:00,705.36,28.68,45.86,47.1,33.6,2,51.3,0.5319,0.059,0.5909
2019-11-17 11:00:00,777.45,30.4,49.33,45.7,33.5,2,41.2,0.577,0.073,0.65
2019-11-17 12:00:00,765.6,31.1,49.74,45.1,33.5,2,62.1,0.568,0.069,0.637
2019-11-17 13:00:00,676.63,30.96,47.46,45.2,33.6,2,45.6,0.5088,0.047,0.5558
2019-11-17 14:00:00,518.76,30.17,42.84,45.9,34.3,2,53.4,0.3989,0.029,0.4279
2019-11-17 15:00:00,321.49,28.6,36.44,47.1,42.1,2,61.8,0.2476,0.024,0.2716
2019-11-17 16:00:00,122.55,25.99,28.84,49.2,67.2,2,57.5,0.0775,0.028,0.1055
2019-11-17 17:00:00,0.0,23.64,23.64,51.1,20.0,2,33.1,0.0,0.032,0.032
2019-11-17 18:00:00,0.0,22.72,22.72,51.8,20.0,2,51.7,0.0,0.034,0.034
2019-11-17 19:00:00,0.0,21.92,21.92,52.5,20.0,2,55.7,0.0,0.035,0.035
2019-11-17 20:00:00,0.0,21.16,21.16,53.1,20.0,2,56.1,0.0,0.038,0.038
2019-11-17 21:00:00,0.0,20.45,20.45,53.6,20.0,2,36.1,0.0,0.038,0.038
2019-11-17 22:00:00,0.0,19.79,19.79,54.2,20.0,2,40.6,0.0,0.034,0.034
2019-11-17 23:00:00,0.0,19.19,19.19,54.6,20.0,2,57.2,0.0,0.027,0.027
2019-11-18 00:00:00,0.0,18.63,18.63,55.1,20.0,1,39.3,0.0,0.025,0.025
2019-11-18 01:00:00,0.0,18.15,18.15,55.5,20.0,1,43.9,0.0,0.03,0.03
2019-11-18 02:00:00,0.0,17.68,17.68,55.9,20.0,1,62.6,0.0,0.023,0.023
2019-11-18 03:00:00,0.0,17.28,17.28,56.2,20.0,1,46.4,0.0,0.014,0.014
2019-11-18 04:00:00,0.0,16.88,16.88,56.5,20.0,1,39.6,0.0,0.077,0.077
2019-11-18 05:00:00,0.0,16.56,16.56,56.8,20.0,1,38.1,0.0,0.077,0.077
2019-11-18 06:00:00,0.0,16.39,16.39,56.9,20.0,1,50.2,0.0,0.049,0.049
2019-11-18 07:00:00,68.12,18.72,20.8,55.0,71.4,1,33.6,0.0494,0.029,0.0784
2019-11-18 08:00:00,320.1,21.48,31.28,52.8,41.6,1,44.4,0.2539,0.019,0.2729
2019-11-18 09:00:00,533.94,25.16,47.03,49.9,35.5,0,50.2,0.4009,0.016,0.4169
2019-11-18 10:00:00,697.64,29.32,50.62,46.5,34.0,1,59.9,0.5156,0.014,0.5296
2019-11-18 11:00:00,769.96,30.92,54.41,45.3,33.5,1,53.6,0.5592,0.021,0.5802
2019-11-18 12:00:00,564.78,31.52,48.73,44.8,62.3,1,39.8,0.416,0.042,0.458
2019-11-18 13:00:00,503.6,31.32,46.68,44.9,63.3,1,58.7,0.3748,0.056,0.4308
2019-11-18 14:00:00,516.22,30.48,43.09,45.6,34.3,2,43.9,0.3965,0.057,0.4535
2019-11-18 15:00:00,259.72,28.93,35.26,46.9,59.9,2,34.5,0.1989,0.054,0.2529
2019-11-18 16:00:00,123.66,26.33,29.2,48.9,75.0,2,45.2,0.0775,0.056,0.1335
2019-11-18 17:00:00,0.0,23.9,23.9,50.9,20.0,3,61.3,0.0,0.059,0.059
2019-11-18 18:00:00,0.0,22.84,22.84,51.7,20.0,3,48.5,0.0,0.059,0.059
2019-11-18 19:00:00,0.0,21.82,21.82,52.5,20.0,3,47.0,0.0,0.042,0.042
2019-11-18 20:00:00,0.0,20.92,20.92,53.3,20.0,3,63.3,0.0,0.027,0.027
2019-11-18 21:00:00,0.0,20.09,20.09,53.9,20.0,3,32.6,0.0,0.036,0.036
2019-11-18 22:00:00,0.0,19.39,19.39,54.5,20.0,3,34.0,0.0,0.051,0.051
2019-11-18 23:00:00,0.0,18.79,18.79,55.0,20.0,3,30.7,0.0,0.048,0.048
2019-11-19 00:00:00,0.0,18.26,18.26,55.4,20.0,3,50.3,0.0,0.045,0.045
2019-11-19 01:00:00,0.0,17.77,17.77,55.8,20.0,3,48.3,0.0,0.05,0.05
2019-11-19 02:00:00,0.0,17.26,17.26,56.2,20.0,3,62.0,0.0,0.037,0.037
2019-11-19 03:00:00,0.0,16.79,16.79,56.6,20.0,3,49.0,0.0,0.006,0.006
2019-11-19 04:00:00,0.0,16.32,16.32,56.9,20.0,3,42.5,0.0,0.0,0.0
2019-11-19 05:00:00,0.0,15.88,15.88,57.3,20.0,3,46.6,0.0,0.0,0.0
2019-11-19 06:00:00,0.0,15.65,15.65,57.5,20.0,3,47.8,0.0,0.0,0.0
2019-11-19 07:00:00,85.4,17.5,19.23,56.0,42.2,3,29.9,0.0637,0.0,0.0637
2019-11-19 08:00:00,314.62,20.48,28.17,53.6,41.8,2,73.7,0.2526,0.0,0.2526
2019-11-19 09:00:00,536.67,24.51,37.6,50.4,34.7,2,51.8,0.4194,0.001,0.4204
2019-11-19 10:00:00,697.15,27.65,41.77,47.9,33.7,3,48.7,0.5348,0.002,0.5368
2019-11-19 11:00:00,769.06,29.11,44.68,46.7,33.5,3,52.7,0.5822,0.002,0.5842
2019-11-19 12:00:00,758.5,29.8,42.95,46.2,33.5,4,53.7,0.579,0.007,0.586
2019-11-19 13:00:00,672.18,29.72,41.39,46.2,33.6,4,45.2,0.5184,0.015,0.5334
2019-11-19 14:00:00,514.32,28.98,37.93,46.8,34.2,4,40.3,0.4036,0.026,0.4296
2019-11-19 15:00:00,318.02,27.49,33.01,48.0,42.2,4,52.6,0.2483,0.032,0.2803
2019-11-19 16:00:00,130.02,25.12,27.25,49.9,67.8,4,50.4,0.0813,0.043,0.1243
2019-11-19 17:00:00,0.0,22.65,22.65,51.9,20.0,4,38.5,0.0,0.058,0.058
2019-11-19 18:00:00,0.0,21.53,21.53,52.8,20.0,4,60.8,0.0,0.058,0.058
2019-11-19 19:00:00,0.0,20.59,20.59,53.5,20.0,4,49.5,0.0,0.048,0.048
2019-11-19 20:00:00,0.0,19.73,19.73,54.2,20.0,4,53.9,0.0,0.036,0.036
2019-11-19 21:00:00,0.0,18.94,18.94,54.8,20.0,4,60.5,0.0,0.034,0.034
2019-11-19 22:00:00,0.0,18.18,18.18,55.5,20.0,4,46.8,0.0,0.035,0.035
2019-11-19 23:00:00,0.0,17.49,17.49,56.0,20.0,4,49.8,0.0,0.04,0.04
2019-11-20 00:00:00,0.0,16.87,16.87,56.5,20.0,4,54.4,0.0,0.046,0.046
2019-11-20 01:00:00,0.0,16.33,16.33,56.9,20.0,4,39.1,0.0,0.061,0.061
2019-11-20 02:00:00,0.0,15.81,15.81,57.4,20.0,4,46.9,0.0,0.041,0.041
2019-11-20 03:00:00,0.0,15.32,15.32,57.7,20.0,4,47.6,0.0,0.009,0.009
2019-11-20 04:00:00,0.0,14.92,14.92,58.1,20.0,4,36.8,0.0,0.009,0.009
2019-11-20 05:00:00,0.0,14.53,14.53,58.4,20.0,4,69.5,0.0,0.004,0.004
2019-11-20 06:00:00,0.0,14.25,14.25,58.6,20.0,4,32.2,0.0,0.002,0.002
2019-11-20 07:00:00,66.46,15.76,16.91,57.4,69.9,4,33.3,0.0488,0.001,0.0498
2019-11-20 08:00:00,311.38,18.88,25.21,54.9,42.3,3,59.5,0.2529,0.0,0.2529
2019-11-20 09:00:00,533.38,23.2,34.02,51.4,34.7,3,53.4,0.4229,0.0,0.4229
2019-11-20 10:00:00,694.95,26.27,38.32,49.0,33.5,4,36.1,0.5408,0.0,0.5408
2019-11-20 11:00:00,770.99,27.84,41.21,47.7,33.5,4,52.4,0.5921,0.0,0.5921
2019-11-20 12:00:00,761.39,28.71,41.92,47.0,33.4,4,61.0,0.5838,0.0,0.5838
2019-11-20 13:00:00,671.42,28.78,40.44,47.0,34.4,4,46.0,0.5198,0.001,0.5208
2019-11-20 14:00:00,512.94,28.07,37.0,47.5,34.3,4,72.3,0.404,0.005,0.409
2019-11-20 15:00:00,317.55,26.65,32.16,48.7,42.4,4,29.1,0.2487,0.009,0.2577
2019-11-20 16:00:00,126.37,24.16,26.24,50.7,68.6,4,53.3,0.0806,0.012,0.0926
2019-11-20 17:00:00,0.0,21.71,21.71,52.6,20.0,4,58.0,0.0,0.016,0.016
2019-11-20 18:00:00,0.0,20.69,20.69,53.4,20.0,4,55.2,0.0,0.02,0.02
2019-11-20 19:00:00,0.0,19.84,19.84,54.1,20.0,4,44.3,0.0,0.026,0.026
2019-11-20 20:00:00,0.0,19.0,19.0,54.8,20.0,4,43.4,0.0,0.035,0.035
2019-11-20 21:00:00,0.0,18.21,18.21,55.4,20.0,4,50.8,0.0,0.049,0.049
2019-11-20 22:00:00,0.0,17.48,17.48,56.0,20.0,3,54.5,0.0,0.071,0.071
2019-11-20 23:00:00,0.0,16.82,16.82,56.5,20.0,3,52.3,0.0,0.108,0.108
2019-11-21 00:00:00,0.0,16.22,16.22,57.0,20.0,3,56.5,0.0,0.157,0.157
2019-11-21 01:00:00,0.0,15.68,15.68,57.5,20.0,3,35.9,0.0,0.195,0.195
2019-11-21 02:00:00,0.0,15.2,15.2,57.8,20.0,3,43.8,0.0,0.144,0.144
2019-11-21 03:00:00,0.0,14.78,14.78,58.2,20.0,3,36.7,0.0,0.063,0.063
2019-11-21 04:00:00,0.0,14.42,14.42,58.5,20.0,3,42.2,0.0,0.072,0.072
2019-11-21 05:00:00,0.0,14.06,14.06,58.8,20.0,3,56.2,0.0,0.046,0.046
2019-11-21 06:00:00,0.0,13.86,13.86,58.9,20.0,3,47.1,0.0,0.01,0.01
2019-11-21 07:00:00,64.25,15.85,17.15,57.3,72.2,3,72.1,0.047,0.0,0.047
2019-11-21 08:00:00,311.75,18.88,26.5,54.9,41.9,2,48.0,0.2519,0.0,0.2519
2019-11-21 09:00:00,529.34,23.13,36.04,51.5,34.8,2,46.7,0.4163,0.0,0.4163
2019-11-21 10:00:00,692.98,26.81,40.85,48.5,33.4,3,47.1,0.5338,0.0,0.5338
2019-11-21 11:00:00,767.29,28.33,43.87,47.3,33.5,3,39.7,0.583,0.007,0.59
2019-11-21 12:00:00,757.23,29.06,44.4,46.7,33.6,3,45.5,0.5748,0.038,0.6128
2019-11-21 13:00:00,659.88,29.04,42.42,46.8,34.5,3,57.3,0.5067,0.084,0.5907
2019-11-21 14:00:00,503.0,28.34,38.56,47.3,35.8,3,47.2,0.3934,0.115,0.5084
2019-11-21 15:00:00,316.25,26.86,33.27,48.5,42.4,3,38.1,0.2465,0.122,0.3685
2019-11-21 16:00:00,113.63,24.28,26.47,50.6,71.4,3,36.8,0.071,0.114,0.185
2019-11-21 17:00:00,0.0,21.89,21.89,52.5,20.0,2,41.6,0.0,0.103,0.103
2019-11-21 18:00:00,0.0,21.02,21.02,53.2,20.0,2,46.8,0.0,0.099,0.099
2019-11-21 19:00:00,0.0,20.26,20.26,53.8,20.0,2,58.0,0.0,0.101,0.101
2019-11-21 20:00:00,0.0,19.61,19.61,54.3,20.0,2,32.7,0.0,0.105,0.105
2019-11-21 21:00:00,0.0,19.02,19.02,54.8,20.0,2,42.9,0.0,0.112,0.112
2019-11-21 22:00:00,0.0,18.52,18.52,55.2,20.0,2,47.5,0.0,0.118,0.118
2019-11-21 23:00:00,0.0,18.05,18.05,55.6,20.0,2,27.7,0.0,0.123,0.123
2019-11-22 00:00:00,0.0,17.63,17.63,55.9,20.0,2,37.5,0.0,0.124,0.124
2019-11-22 01:00:00,0.0,17.23,17.23,56.2,20.0,2,39.0,0.0,0.117,0.117
2019-11-22 02:00:00,0.0,16.89,16.89,56.5,20.0,2,37.9,0.0,0.057,0.057
2019-11-22 03:00:00,0.0,16.52,16.52,56.8,20.0,2,47.8,0.0,0.013,0.013
2019-11-22 04:00:00,0.0,16.1,16.1,57.1,20.0,2,44.2,0.0,0.002,0.002
2019-11-22 05:00:00,0.0,15.6,15.6,57.5,20.0,2,40.3,0.0,0.0,0.0
2019-11-22 06:00:00,0.0,15.23,15.23,57.8,20.0,2,50.1,0.0,0.0,0.0
2019-11-22 07:00:00,60.31,17.16,18.62,56.3,73.0,2,63.1,0.0434,0.0,0.0434
2019-11-22 08:00:00,306.35,20.06,29.44,54.0,41.7,1,62.2,0.2445,0.0,0.2445
2019-11-22 09:00:00,525.32,24.21,40.28,50.6,34.8,1,26.6,0.4061,0.001,0.4071
2019-11-22 10:00:00,683.66,28.44,49.32,47.2,33.8,1,51.6,0.5084,0.001,0.5094
2019-11-22 11:00:00,756.2,30.12,53.2,45.9,33.6,1,44.1,0.5525,0.002,0.5545
2019-11-22 12:00:00,748.24,30.75,53.6,45.4,33.6,1,47.4,0.5464,0.003,0.5494
2019-11-22 13:00:00,661.46,30.56,50.79,45.5,33.7,1,41.9,0.4906,0.004,0.4946
2019-11-22 14:00:00,506.26,29.82,45.33,46.1,34.3,1,47.0,0.3852,0.004,0.3892
2019-11-22 15:00:00,315.99,28.3,37.96,47.4,45.1,1,47.4,0.2414,0.004,0.2454
2019-11-22 16:00:00,16.72,24.97,25.62,50.0,100.0,0,40.0,0.0062,0.004,0.0102
2019-11-22 17:00:00,0.0,23.78,23.78,51.0,20.0,0,36.9,0.0,0.004,0.004
2019-11-22 18:00:00,0.0,23.05,23.05,51.6,20.0,0,41.4,0.0,0.004,0.004
2019-11-22 19:00:00,0.0,22.37,22.37,52.1,20.0,1,48.2,0.0,0.006,0.006
2019-11-22 20:00:00,0.0,21.69,21.69,52.7,20.0,1,51.8,0.0,0.008,0.008
2019-11-22 21:00:00,0.0,20.98,20.98,53.2,20.0,1,54.4,0.0,0.009,0.009
2019-11-22 22:00:00,0.0,20.29,20.29,53.8,20.0,1,40.9,0.0,0.011,0.011
2019-11-22 23:00:00,0.0,19.58,19.58,54.3,20.0,2,48.7,0.0,0.012,0.012
2019-11-23 00:00:00,0.0,18.92,18.92,54.9,20.0,2,55.3,0.0,0.014,0.014
2019-11-23 01:00:00,0.0,18.28,18.28,55.4,20.0,2,57.3,0.0,0.015,0.015
2019-11-23 02:00:00,0.0,17.66,17.66,55.9,20.0,2,45.1,0.0,0.011,0.011
2019-11-23 03:00:00,0.0,17.08,17.08,56.3,20.0,2,43.4,0.0,0.001,0.001
2019-11-23 04:00:00,0.0,16.59,16.59,56.7,20.0,2,47.6,0.0,0.001,0.001
2019-11-23 05:00:00,0.0,16.1,16.1,57.1,20.0,2,34.1,0.0,0.001,0.001
2019-11-23 06:00:00,0.0,15.87,15.87,57.3,20.0,2,43.7,0.0,0.001,0.001
2019-11-23 07:00:00,57.45,17.98,19.38,55.6,74.3,2,53.1,0.0409,0.001,0.0419
2019-11-23 08:00:00,302.6,20.88,30.15,53.3,42.0,1,52.1,0.2407,0.001,0.2417
2019-11-23 09:00:00,522.05,24.9,40.86,50.1,34.8,1,42.9,0.4026,0.001,0.4036
2019-11-23 10:00:00,681.1,28.45,49.25,47.2,33.9,1,47.8,0.5067,0.003,0.5097
2019-11-23 11:00:00,759.24,29.73,52.9,46.2,33.7,1,37.4,0.5555,0.011,0.5665
2019-11-23 12:00:00,750.73,30.09,53.02,45.9,33.8,1,52.7,0.5497,0.034,0.5837
2019-11-23 13:00:00,646.09,29.64,45.4,46.3,36.1,2,44.9,0.4899,0.08,0.5699
2019-11-23 14:00:00,506.41,28.64,41.02,47.1,35.9,2,42.9,0.3922,0.133,0.5252
2019-11-23 15:00:00,300.44,26.94,34.27,48.4,46.0,2,42.0,0.2326,0.146,0.3786
2019-11-23 16:00:00,112.18,24.27,26.85,50.6,73.3,2,45.0,0.0686,0.13,0.1986
2019-11-23 17:00:00,0.0,21.95,21.95,52.4,20.0,2,41.2,0.0,0.096,0.096
2019-11-23 18:00:00,0.0,21.03,21.03,53.2,20.0,3,52.2,0.0,0.057,0.057
2019-11-23 19:00:00,0.0,20.17,20.17,53.9,20.0,3,41.7,0.0,0.036,0.036
2019-11-23 20:00:00,0.0,19.42,19.42,54.5,20.0,3,61.6,0.0,0.023,0.023
2019-11-23 21:00:00,0.0,18.72,18.72,55.0,20.0,3,60.3,0.0,0.019,0.019
2019-11-23 22:00:00,0.0,18.07,18.07,55.5,20.0,3,36.7,0.0,0.026,0.026
2019-11-23 23:00:00,0.0,17.45,17.45,56.0,20.0,2,46.3,0.0,0.037,0.037
2019-11-24 00:00:00,0.0,16.84,16.84,56.5,20.0,2,39.0,0.0,0.054,0.054
2019-11-24 01:00:00,0.0,16.27,16.27,57.0,20.0,2,42.2,0.0,0.08,0.08
2019-11-24 02:00:00,0.0,15.71,15.71,57.4,20.0,2,65.5,0.0,0.089,0.089
2019-11-24 03:00:00,0.0,15.17,15.17,57.9,20.0,2,42.4,0.0,0.039,0.039
2019-11-24 04:00:00,0.0,14.68,14.68,58.3,20.0,1,49.1,0.0,0.011,0.011
2019-11-24 05:00:00,0.0,14.25,14.25,58.6,20.0,1,50.9,0.0,0.015,0.015
2019-11-24 06:00:00,0.0,14.0,14.0,58.8,20.0,1,35.5,0.0,0.012,0.012
2019-11-24 07:00:00,54.2,16.38,18.59,56.9,76.9,0,36.9,0.0384,0.009,0.0474
2019-11-24 08:00:00,299.44,19.2,31.49,54.6,42.2,0,33.4,0.2368,0.008,0.2448
2019-11-24 09:00:00,518.04,23.23,39.08,51.4,34.9,1,36.6,0.4024,0.006,0.4084
2019-11-24 10:00:00,682.06,26.28,42.9,49.0,33.4,2,17.0,0.5213,0.006,0.5273
2019-11-24 11:00:00,755.97,27.36,45.76,48.1,33.9,2,50.9,0.5701,0.013,0.5831
2019-11-24 12:00:00,751.39,27.69,46.0,47.8,33.5,2,66.0,0.5669,0.021,0.5879
2019-11-24 13:00:00,642.74,27.47,43.14,48.0,36.3,2,46.9,0.492,0.03,0.522
2019-11-24 14:00:00,505.54,26.58,38.93,48.7,34.3,2,31.3,0.3951,0.045,0.4401
2019-11-24 15:00:00,314.1,24.97,32.62,50.0,54.4,2,39.0,0.2453,0.056,0.3013
2019-11-24 16:00:00,0.0,22.15,22.15,52.3,20.0,2,40.9,0.0,0.062,0.062
2019-11-24 17:00:00,0.0,19.76,19.76,54.2,20.0,2,35.3,0.0,0.064,0.064
2019-11-24 18:00:00,0.0,18.81,18.81,55.0,20.0,2,54.1,0.0,0.064,0.064
2019-11-24 19:00:00,0.0,17.93,17.93,55.7,20.0,2,53.6,0.0,0.065,0.065
2019-11-24 20:00:00,0.0,17.16,17.16,56.3,20.0,2,33.9,0.0,0.061,0.061
2019-11-24 21:00:00,0.0,16.47,16.47,56.8,20.0,2,52.7,0.0,0.059,0.059
2019-11-24 22:00:00,0.0,15.79,15.79,57.4,20.0,2,60.7,0.0,0.074,0.074
2019-11-24 23:00:00,0.0,15.19,15.19,57.8,20.0,2,64.5,0.0,0.107,0.107
2019-11-25 00:00:00,0.0,14.6,14.6,58.3,20.0,2,74.0,0.0,0.142,0.142
2019-11-25 01:00:00,0.0,14.07,14.07,58.7,20.0,2,36.3,0.0,0.174,0.174
2019-11-25 02:00:00,0.0,13.51,13.51,59.2,20.0,2,73.6,0.0,0.126,0.126
2019-11-25 03:00:00,0.0,12.99,12.99,59.6,20.0,2,41.8,0.0,0.043,0.043
2019-11-25 04:00:00,0.0,12.44,12.44,60.0,20.0,2,39.4,0.0,0.07,0.07
2019-11-25 05:00:00,0.0,11.97,11.97,60.4,20.0,2,48.6,0.0,0.067,0.067
2019-11-25 06:00:00,0.0,11.66,11.66,60.7,20.0,2,39.5,0.0,0.071,0.071
2019-11-25 07:00:00,51.36,13.89,15.14,58.9,78.7,2,49.3,0.0366,0.073,0.1096
2019-11-25 08:00:00,295.17,16.94,24.15,56.4,42.2,2,32.1,0.2403,0.074,0.3143
2019-11-25 09:00:00,515.17,21.05,36.81,53.2,35.1,1,42.9,0.4039,0.069,0.4729
2019-11-25 10:00:00,679.52,24.61,41.16,50.3,33.5,2,58.2,0.5231,0.073,0.5961
2019-11-25 11:00:00,748.72,25.96,44.19,49.2,34.7,2,44.8,0.5683,0.103,0.6713
2019-11-25 12:00:00,741.74,26.59,44.66,48.7,34.8,2,46.7,0.5626,0.155,0.7176
2019-11-25 13:00:00,638.3,26.47,42.04,48.8,36.4,2,50.1,0.4908,0.179,0.6698
2019-11-25 14:00:00,504.28,25.66,37.98,49.5,34.4,2,57.0,0.3957,0.159,0.5547
2019-11-25 15:00:00,312.71,24.06,31.68,50.8,42.7,2,28.8,0.2451,0.139,0.3841
2019-11-25 16:00:00,108.26,20.97,23.45,53.2,75.0,2,51.2,0.0657,0.135,0.2007
2019-11-25 17:00:00,0.0,18.57,18.57,55.1,20.0,2,42.6,0.0,0.15,0.15
2019-11-25 18:00:00,0.0,17.65,17.65,55.9,20.0,2,47.0,0.0,0.175,0.175
2019-11-25 19:00:00,0.0,16.8,16.8,56.6,20.0,3,55.9,0.0,0.188,0.188
2019-11-25 20:00:00,0.0,15.99,15.99,57.2,20.0,3,33.4,0.0,0.185,0.185
2019-11-25 21:00:00,0.0,15.22,15.22,57.8,20.0,3,35.2,0.0,0.157,0.157
2019-11-25 22:00:00,0.0,14.45,14.45,58.4,20.0,3,26.0,0.0,0.132,0.132
2019-11-25 23:00:00,0.0,13.71,13.71,59.0,20.0,3,39.8,0.0,0.121,0.121
2019-11-26 00:00:00,0.0,12.99,12.99,59.6,20.0,3,58.5,0.0,0.123,0.123
2019-11-26 01:00:00,0.0,12.3,12.3,60.2,20.0,3,44.0,0.0,0.14,0.14
2019-11-26 02:00:00,0.0,11.66,11.66,60.7,20.0,3,31.8,0.0,0.102,0.102
2019-11-26 03:00:00,0.0,11.05,11.05,61.2,20.0,3,40.3,0.0,0.062,0.062
2019-11-26 04:00:00,0.0,10.47,10.47,61.6,20.0,3,30.3,0.0,0.099,0.099
2019-11-26 05:00:00,0.0,9.95,9.95,62.0,20.0,3,34.0,0.0,0.073,0.073
2019-11-26 06:00:00,0.0,9.64,9.64,62.3,20.0,3,49.1,0.0,0.067,0.067
2019-11-26 07:00:00,53.59,11.72,12.81,60.6,75.4,3,33.5,0.0388,0.067,0.1058
2019-11-26 08:00:00,282.46,14.91,20.65,58.1,42.9,3,56.3,0.2328,0.066,0.2988
2019-11-26 09:00:00,510.81,18.99,31.45,54.8,35.0,2,44.5,0.4092,0.048,0.4572
2019-11-26 10:00:00,667.69,23.58,37.11,51.1,34.6,3,46.1,0.5223,0.029,0.5513
2019-11-26 11:00:00,751.88,25.38,40.61,49.7,33.5,3,42.4,0.5794,0.03,0.6094
2019-11-26 12:00:00,738.81,26.12,41.09,49.1,35.1,3,52.9,0.5686,0.05,0.6186
2019-11-26 13:00:00,637.5,26.07,39.0,49.1,35.5,3,53.0,0.4965,0.082,0.5785
2019-11-26 14:00:00,491.8,25.28,35.28,49.8,36.6,3,48.6,0.3897,0.106,0.4957
2019-11-26 15:00:00,310.95,23.63,29.94,51.1,42.8,3,50.9,0.2454,0.134,0.3794
2019-11-26 16:00:00,108.46,20.24,22.72,53.8,75.8,2,43.1,0.0655,0.16,0.2255
2019-11-26 17:00:00,0.0,17.67,17.67,55.9,20.0,3,50.6,0.0,0.156,0.156
2019-11-26 18:00:00,0.0,16.68,16.68,56.7,20.0,3,41.8,0.0,0.149,0.149
2019-11-26 19:00:00,0.0,15.76,15.76,57.4,20.0,3,45.2,0.0,0.152,0.152
2019-11-26 20:00:00,0.0,14.9,14.9,58.1,20.0,3,42.5,0.0,0.158,0.158
2019-11-26 21:00:00,0.0,14.08,14.08,58.7,20.0,3,40.6,0.0,0.173,0.173
2019-11-26 22:00:00,0.0,13.3,13.3,59.4,20.0,2,38.3,0.0,0.187,0.187
2019-11-26 23:00:00,0.0,12.61,12.61,59.9,20.0,2,49.9,0.0,0.197,0.197
2019-11-27 00:00:00,0.0,11.93,11.93,60.5,20.0,2,58.2,0.0,0.217,0.217
2019-11-27 01:00:00,0.0,11.28,11.28,61.0,20.0,2,56.8,0.0,0.23,0.23
2019-11-27 02:00:00,0.0,10.59,10.59,61.5,20.0,2,32.5,0.0,0.155,0.155
2019-11-27 03:00:00,0.0,9.85,9.85,62.1,20.0,3,58.0,0.0,0.048,0.048
2019-11-27 04:00:00,0.0,9.19,9.19,62.7,20.0,3,41.9,0.0,0.037,0.037
2019-11-27 05:00:00,0.0,8.63,8.63,63.1,20.0,3,51.1,0.0,0.009,0.009
2019-11-27 06:00:00,0.0,8.3,8.3,63.4,20.0,3,36.1,0.0,0.002,0.002
2019-11-27 07:00:00,44.33,10.49,11.39,61.6,83.0,3,46.5,0.0314,0.0,0.0314
2019-11-27 08:00:00,278.2,13.79,20.59,59.0,43.3,2,48.3,0.2292,0.0,0.2292
2019-11-27 09:00:00,499.59,17.84,33.13,55.7,36.0,1,30.3,0.3973,0.0,0.3973
2019-11-27 10:00:00,663.55,22.31,38.48,52.2,34.8,2,51.2,0.5163,0.0,0.5163
2019-11-27 11:00:00,749.37,24.65,42.9,50.3,33.6,2,58.6,0.5722,0.001,0.5732
2019-11-27 12:00:00,734.66,25.59,43.48,49.5,35.1,2,43.4,0.56,0.025,0.585
2019-11-27 13:00:00,633.87,25.65,41.11,49.5,35.5,2,58.7,0.4895,0.107,0.5965
2019-11-27 14:00:00,489.98,24.89,36.86,50.1,36.8,2,43.2,0.3857,0.201,0.5867
2019-11-27 15:00:00,301.29,23.21,30.56,51.4,44.8,2,53.6,0.2368,0.249,0.4858
2019-11-27 16:00:00,106.55,19.9,22.94,54.1,76.3,1,22.9,0.0637,0.265,0.3287
2019-11-27 17:00:00,0.0,17.67,17.67,55.9,20.0,1,69.3,0.0,0.287,0.287
2019-11-27 18:00:00,0.0,16.85,16.85,56.5,20.0,1,60.1,0.0,0.316,0.316
2019-11-27 19:00:00,0.0,16.12,16.12,57.1,20.0,1,42.3,0.0,0.349,0.349
2019-11-27 20:00:00,0.0,15.45,15.45,57.6,20.0,1,25.4,0.0,0.358,0.358
2019-11-27 21:00:00,0.0,14.87,14.87,58.1,20.0,1,48.0,0.0,0.356,0.356
2019-11-27 22:00:00,0.0,14.33,14.33,58.5,20.0,1,30.7,0.0,0.352,0.352
2019-11-27 23:00:00,0.0,13.78,13.78,59.0,20.0,1,49.6,0.0,0.327,0.327
2019-11-28 00:00:00,0.0,13.28,13.28,59.4,20.0,1,49.2,0.0,0.321,0.321
2019-11-28 01:00:00,0.0,12.97,12.97,59.6,20.0,1,35.6,0.0,0.285,0.285
2019-11-28 02:00:00,0.0,12.72,12.72,59.8,20.0,1,56.3,0.0,0.16,0.16
2019-11-28 03:00:00,0.0,12.43,12.43,60.1,20.0,1,53.1,0.0,0.147,0.147
2019-11-28 04:00:00,0.0,11.98,11.98,60.4,20.0,1,54.8,0.0,0.104,0.104
2019-11-28 05:00:00,0.0,11.41,11.41,60.9,20.0,1,45.1,0.0,0.043,0.043
2019-11-28 06:00:00,0.0,11.1,11.1,61.1,20.0,1,30.9,0.0,0.013,0.013
2019-11-28 07:00:00,42.07,13.51,14.79,59.2,84.0,1,54.8,0.029,0.004,0.033
2019-11-28 08:00:00,274.54,16.89,25.3,56.5,43.7,1,42.3,0.2219,0.002,0.2239
2019-11-28 09:00:00,499.4,20.28,35.56,53.8,36.6,1,31.2,0.3933,0.001,0.3943
2019-11-28 10:00:00,668.8,24.41,44.85,50.5,33.5,1,58.6,0.5073,0.003,0.5103
2019-11-28 11:00:00,746.88,26.22,49.03,49.0,33.7,1,66.0,0.556,0.013,0.569
2019-11-28 12:00:00,741.84,27.07,49.72,48.3,33.6,1,44.6,0.5513,0.037,0.5883
2019-11-28 13:00:00,649.88,27.05,46.92,48.4,34.2,1,66.6,0.4902,0.059,0.5492
2019-11-28 14:00:00,497.51,26.2,41.44,49.0,35.0,1,46.0,0.3847,0.072,0.4567
2019-11-28 15:00:00,309.14,24.36,33.81,50.5,42.9,1,41.2,0.24,0.085,0.325
2019-11-28 16:00:00,113.02,20.99,24.21,53.2,70.9,1,38.7,0.0669,0.097,0.1639
2019-11-28 17:00:00,0.0,18.65,18.65,55.1,20.0,2,61.4,0.0,0.106,0.106
2019-11-28 18:00:00,0.0,17.66,17.66,55.9,20.0,2,37.2,0.0,0.118,0.118
2019-11-28 19:00:00,0.0,16.77,16.77,56.6,20.0,2,52.4,0.0,0.134,0.134
2019-11-28 20:00:00,0.0,15.93,15.93,57.3,20.0,2,39.5,0.0,0.144,0.144
2019-11-28 21:00:00,0.0,15.16,15.16,57.9,20.0,2,40.4,0.0,0.12,0.12
2019-11-28 22:00:00,0.0,14.43,14.43,58.5,20.0,2,55.4,0.0,0.084,0.084
2019-11-28 23:00:00,0.0,13.74,13.74,59.0,20.0,2,41.2,0.0,0.055,0.055
2019-11-29 00:00:00,0.0,13.13,13.13,59.5,20.0,2,41.0,0.0,0.03,0.03
2019-11-29 01:00:00,0.0,12.6,12.6,59.9,20.0,2,56.3,0.0,0.014,0.014
2019-11-29 02:00:00,0.0,12.12,12.12,60.3,20.0,2,61.0,0.0,0.003,0.003
2019-11-29 03:00:00,0.0,11.74,11.74,60.6,20.0,2,51.5,0.0,0.0,0.0
2019-11-29 04:00:00,0.0,11.43,11.43,60.9,20.0,3,38.5,0.0,0.0,0.0
2019-11-29 05:00:00,0.0,11.17,11.17,61.1,20.0,3,39.9,0.0,0.0,0.0
2019-11-29 06:00:00,0.0,11.06,11.06,61.2,20.0,3,45.8,0.0,0.0,0.0
2019-11-29 07:00:00,39.44,13.39,14.35,59.3,87.0,2,48.2,0.0269,0.0,0.0269
2019-11-29 08:00:00,274.88,16.86,23.58,56.5,43.1,2,35.1,0.2237,0.0,0.2237
2019-11-29 09:00:00,500.8,20.43,32.65,53.7,35.2,2,52.2,0.3993,0.0,0.3993
2019-11-29 10:00:00,663.85,24.65,40.83,50.3,33.7,2,45.9,0.5119,0.0,0.5119
2019-11-29 11:00:00,744.23,26.87,45.0,48.5,33.6,2,27.9,0.5635,0.0,0.5635
2019-11-29 12:00:00,738.36,27.82,45.81,47.7,33.5,2,35.7,0.5578,0.003,0.5608
2019-11-29 13:00:00,648.1,27.9,41.05,47.7,34.3,3,40.0,0.501,0.018,0.519
2019-11-29 14:00:00,496.34,27.18,37.27,48.3,35.2,3,44.3,0.3905,0.039,0.4295
2019-11-29 15:00:00,308.65,25.43,32.95,49.7,43.1,2,63.9,0.2405,0.057,0.2975
2019-11-29 16:00:00,104.45,21.82,24.22,52.5,76.9,2,47.4,0.0636,0.074,0.1376
2019-11-29 17:00:00,0.0,19.36,19.36,54.5,20.0,3,36.6,0.0,0.088,0.088
2019-11-29 18:00:00,0.0,18.23,18.23,55.4,20.0,3,47.2,0.0,0.096,0.096
2019-11-29 19:00:00,0.0,17.16,17.16,56.3,20.0,3,41.5,0.0,0.108,0.108
2019-11-29 20:00:00,0.0,16.17,16.17,57.1,20.0,3,48.3,0.0,0.117,0.117
2019-11-29 21:00:00,0.0,15.27,15.27,57.8,20.0,3,50.8,0.0,0.101,0.101
2019-11-29 22:00:00,0.0,14.42,14.42,58.5,20.0,3,57.1,0.0,0.078,0.078
2019-11-29 23:00:00,0.0,13.6,13.6,59.1,20.0,3,44.8,0.0,0.067,0.067
2019-11-30 00:00:00,0.0,12.88,12.88,59.7,20.0,3,61.4,0.0,0.062,0.062
2019-11-30 01:00:00,0.0,12.2,12.2,60.2,20.0,3,54.1,0.0,0.059,0.059
2019-11-30 02:00:00,0.0,11.68,11.68,60.7,20.0,3,37.9,0.0,0.032,0.032
2019-11-30 03:00:00,0.0,11.23,11.23,61.0,20.0,4,67.1,0.0,0.006,0.006
2019-11-30 04:00:00,0.0,10.82,10.82,61.3,20.0,4,48.3,0.0,0.003,0.003
2019-11-30 05:00:00,0.0,10.44,10.44,61.6,20.0,4,36.6,0.0,0.001,0.001
2019-11-30 06:00:00,0.0,10.23,10.23,61.8,20.0,4,61.5,0.0,0.0,0.0
2019-11-30 07:00:00,41.48,12.19,12.9,60.2,82.0,4,65.8,0.0287,0.0,0.0287
2019-11-30 08:00:00,270.66,15.51,21.02,57.6,43.2,3,44.7,0.2224,0.0,0.2224
2019-11-30 09:00:00,496.87,19.7,29.78,54.2,35.3,3,40.0,0.4007,0.0,0.4007
2019-11-30 10:00:00,662.81,24.15,37.59,50.7,33.6,3,43.3,0.518,0.001,0.519
2019-11-30 11:00:00,740.73,26.54,39.38,48.8,33.6,4,52.1,0.5739,0.008,0.5819
2019-11-30 12:00:00,736.39,27.37,40.15,48.1,33.7,4,57.8,0.5695,0.043,0.6125
2019-11-30 13:00:00,638.02,27.25,38.33,48.2,34.6,4,50.7,0.4986,0.085,0.5836
2019-11-30 14:00:00,494.45,26.4,35.0,48.9,35.5,4,46.0,0.3925,0.123,0.5155
2019-11-30 15:00:00,306.85,24.73,30.05,50.2,43.2,4,60.0,0.2419,0.142,0.3839
2019-11-30 16:00:00,112.98,21.46,23.62,52.8,71.6,3,41.9,0.0691,0.154,0.2231
2019-11-30 17:00:00,0.0,18.92,18.92,54.9,20.0,3,55.3,0.0,0.172,0.172
2019-11-30 18:00:00,0.0,17.88,17.88,55.7,20.0,3,42.1,0.0,0.173,0.173
2019-11-30 19:00:00,0.0,16.98,16.98,56.4,20.0,3,49.3,0.0,0.156,0.156
2019-11-30 20:00:00,0.0,16.21,16.21,57.0,20.0,3,43.9,0.0,0.125,0.125
2019-11-30 21:00:00,0.0,15.42,15.42,57.7,20.0,3,44.4,0.0,0.101,0.101
2019-11-30 22:00:00,0.0,14.66,14.66,58.3,20.0,3,41.2,0.0,0.084,0.084
2019-11-30 23:00:00,0.0,13.95,13.95,58.8,20.0,3,58.4,0.0,0.073,0.073
2019-12-01 00:00:00,0.0,13.3,13.3,59.4,20.0,3,37.7,0.0,0.072,0.072
2019-12-01 01:00:00,0.0,12.7,12.7,59.8,20.0,4,37.6,0.0,0.084,0.084
2019-12-01 02:00:00,0.0,12.11,12.11,60.3,20.0,4,66.2,0.0,0.061,0.061
2019-12-01 03:00:00,0.0,11.54,11.54,60.8,20.0,4,54.8,0.0,0.038,0.038
2019-12-01 04:00:00,0.0,11.05,11.05,61.2,20.0,4,21.2,0.0,0.03,0.03
2019-12-01 05:00:00,0.0,13.01,13.01,59.6,20.0,1,39.4,0.0,0.006,0.006
2019-12-01 06:00:00,0.0,12.72,12.72,59.8,20.0,1,26.9,0.0,0.0,0.0
2019-12-01 07:00:00,42.73,14.85,15.89,58.1,76.9,2,35.5,0.0293,0.0,0.0293
2019-12-01 08:00:00,296.32,17.89,26.98,55.7,37.6,1,13.6,0.2391,0.0,0.2391
2019-12-01 09:00:00,526.86,21.3,37.42,53.0,31.6,1,43.6,0.4131,0.0,0.4131
2019-12-01 10:00:00,694.72,25.82,47.05,49.3,30.2,1,33.6,0.5231,0.0,0.5231
2019-12-01 11:00:00,758.85,28.12,51.3,47.5,30.8,1,45.6,0.5602,0.0,0.5602
2019-12-01 12:00:00,773.89,28.75,52.4,47.0,28.3,1,28.8,0.5698,0.0,0.5698
2019-12-01 13:00:00,688.11,27.93,48.98,47.7,28.5,1,45.8,0.516,0.002,0.518
2019-12-01 14:00:00,526.98,26.63,42.79,48.7,29.8,1,40.9,0.4066,0.01,0.4166
2019-12-01 15:00:00,329.62,24.88,34.95,50.1,38.8,1,60.0,0.2554,0.023,0.2784
2019-12-01 16:00:00,83.74,22.67,25.07,51.9,65.2,1,59.1,0.0488,0.039,0.0878
2019-12-01 17:00:00,0.0,21.32,21.32,52.9,20.0,1,52.9,0.0,0.062,0.062
2019-12-01 18:00:00,0.0,20.19,20.19,53.8,20.0,1,41.7,0.0,0.089,0.089
2019-12-01 19:00:00,0.0,19.23,19.23,54.6,20.0,1,64.9,0.0,0.118,0.118
2019-12-01 20:00:00,0.0,18.53,18.53,55.2,20.0,1,29.5,0.0,0.138,0.138
2019-12-01 21:00:00,0.0,17.84,17.84,55.7,20.0,1,31.0,0.0,0.137,0.137
2019-12-01 22:00:00,0.0,17.2,17.2,56.2,20.0,1,44.2,0.0,0.132,0.132
2019-12-01 23:00:00,0.0,16.54,16.54,56.8,20.0,1,67.6,0.0,0.115,0.115
2019-12-02 00:00:00,0.0,15.92,15.92,57.3,20.0,1,43.0,0.0,0.095,0.095
2019-12-02 01:00:00,0.0,15.29,15.29,57.8,20.0,1,43.2,0.0,0.081,0.081
2019-12-02 02:00:00,0.0,14.69,14.69,58.2,20.0,1,30.6,0.0,0.045,0.045
2019-12-02 03:00:00,0.0,14.13,14.13,58.7,20.0,1,54.5,0.0,0.016,0.016
2019-12-02 04:00:00,0.0,13.95,13.95,58.8,20.0,1,54.6,0.0,0.006,0.006
2019-12-02 05:00:00,0.0,13.61,13.61,59.1,20.0,1,52.9,0.0,0.001,0.001
2019-12-02 06:00:00,0.0,13.41,13.41,59.3,20.0,0,38.8,0.0,0.001,0.001
2019-12-02 07:00:00,38.47,15.35,16.92,57.7,86.7,0,38.0,0.0257,0.001,0.0267
2019-12-02 08:00:00,148.46,17.5,23.58,56.0,74.7,0,32.1,0.1158,0.001,0.1168
2019-12-02 09:00:00,502.6,20.5,41.09,53.6,37.2,0,45.9,0.3873,0.001,0.3883
2019-12-02 10:00:00,613.44,24.68,49.77,50.3,39.3,0,34.3,0.4548,0.001,0.4558
2019-12-02 11:00:00,751.35,27.5,58.22,48.0,36.1,0,33.3,0.5375,0.001,0.5385
2019-12-02 12:00:00,463.81,28.26,47.19,47.4,69.8,0,40.8,0.3421,0.005,0.3471
2019-12-02 13:00:00,677.89,27.99,55.77,47.6,28.6,0,40.2,0.4936,0.019,0.5126
2019-12-02 14:00:00,526.76,26.93,48.56,48.5,28.9,0,39.7,0.3967,0.045,0.4417
2019-12-02 15:00:00,310.29,25.17,37.86,49.9,40.8,0,49.7,0.2369,0.069,0.3059
2019-12-02 16:00:00,116.47,22.4,26.87,52.1,64.0,0,45.8,0.0698,0.096,0.1658
2019-12-02 17:00:00,0.0,21.27,21.27,53.0,20.0,1,42.2,0.0,0.131,0.131
2019-12-02 18:00:00,0.0,20.6,20.6,53.5,20.0,1,46.9,0.0,0.158,0.158
2019-12-02 19:00:00,0.0,19.79,19.79,54.2,20.0,1,35.1,0.0,0.176,0.176
2019-12-02 20:00:00,0.0,18.84,18.84,54.9,20.0,2,46.1,0.0,0.185,0.185
2019-12-02 21:00:00,0.0,17.74,17.74,55.8,20.0,2,46.6,0.0,0.161,0.161
2019-12-02 22:00:00,0.0,16.56,16.56,56.8,20.0,3,30.0,0.0,0.125,0.125
2019-12-02 23:00:00,0.0,15.52,15.52,57.6,20.0,3,55.0,0.0,0.109,0.109
2019-12-03 00:00:00,0.0,14.69,14.69,58.2,20.0,3,36.3,0.0,0.111,0.111
2019-12-03 01:00:00,0.0,14.13,14.13,58.7,20.0,3,46.0,0.0,0.111,0.111
2019-12-03 02:00:00,0.0,13.75,13.75,59.0,20.0,2,56.8,0.0,0.061,0.061
2019-12-03 03:00:00,0.0,13.54,13.54,59.2,20.0,2,54.4,0.0,0.06,0.06
2019-12-03 04:00:00,0.0,13.3,13.3,59.4,20.0,2,45.5,0.0,0.05,0.05
2019-12-03 05:00:00,0.0,13.15,13.15,59.5,20.0,2,41.5,0.0,0.029,0.029
2019-12-03 06:00:00,0.0,13.04,13.04,59.6,20.0,2,54.6,0.0,0.014,0.014
2019-12-03 07:00:00,26.94,14.73,15.55,58.2,100.0,1,51.9,0.0166,0.006,0.0226
2019-12-03 08:00:00,171.43,17.37,22.62,56.1,67.2,1,38.9,0.1358,0.004,0.1398
2019-12-03 09:00:00,244.44,21.42,28.88,52.9,80.3,1,37.2,0.1905,0.005,0.1955
2019-12-03 10:00:00,429.58,24.8,37.89,50.2,68.7,1,24.4,0.3293,0.013,0.3423
2019-12-03 11:00:00,574.42,26.14,43.66,49.1,55.2,1,46.7,0.4337,0.046,0.4797
2019-12-03 12:00:00,501.36,26.58,41.86,48.7,65.3,1,44.3,0.3796,0.113,0.4926
2019-12-03 13:00:00,622.11,26.38,45.4,48.9,39.0,1,56.5,0.4716,0.15,0.6216
2019-12-03 14:00:00,490.63,25.47,40.5,49.6,38.1,1,48.7,0.3805,0.148,0.5285
2019-12-03 15:00:00,332.08,23.9,32.0,50.9,35.8,2,58.5,0.2606,0.126,0.3866
2019-12-03 16:00:00,126.91,21.24,24.13,53.0,57.6,2,38.2,0.0772,0.103,0.1802
2019-12-03 17:00:00,0.0,19.08,19.08,54.7,20.0,3,56.5,0.0,0.084,0.084
2019-12-03 18:00:00,0.0,18.16,18.16,55.5,20.0,3,39.8,0.0,0.072,0.072
2019-12-03 19:00:00,0.0,17.24,17.24,56.2,20.0,3,52.9,0.0,0.07,0.07
2019-12-03 20:00:00,0.0,16.33,16.33,56.9,20.0,3,30.5,0.0,0.071,0.071
2019-12-03 21:00:00,0.0,15.42,15.42,57.7,20.0,3,47.5,0.0,0.07,0.07
2019-12-03 22:00:00,0.0,14.56,14.56,58.3,20.0,3,25.3,0.0,0.078,0.078
2019-12-03 23:00:00,0.0,13.76,13.76,59.0,20.0,3,42.5,0.0,0.095,0.095
2019-12-04 00:00:00,0.0,13.03,13.03,59.6,20.0,3,49.6,0.0,0.12,0.12
2019-12-04 01:00:00,0.0,12.35,12.35,60.1,20.0,3,40.0,0.0,0.155,0.155
2019-12-04 02:00:00,0.0,11.75,11.75,60.6,20.0,3,34.7,0.0,0.113,0.113
2019-12-04 03:00:00,0.0,11.24,11.24,61.0,20.0,3,53.7,0.0,0.063,0.063
2019-12-04 04:00:00,0.0,10.78,10.78,61.4,20.0,3,44.2,0.0,0.068,0.068
2019-12-04 05:00:00,0.0,10.32,10.32,61.7,20.0,3,40.3,0.0,0.048,0.048
2019-12-04 06:00:00,0.0,9.92,9.92,62.1,20.0,3,45.6,0.0,0.038,0.038
2019-12-04 07:00:00,41.05,11.59,12.42,60.7,74.5,3,71.6,0.0283,0.032,0.0603
2019-12-04 08:00:00,298.54,14.52,20.59,58.4,35.6,3,56.8,0.2474,0.031,0.2784
2019-12-04 09:00:00,534.55,18.35,31.4,55.3,30.2,2,56.8,0.4299,0.032,0.4619
2019-12-04 10:00:00,693.95,22.64,36.71,51.9,28.8,3,49.6,0.5456,0.037,0.5826
2019-12-04 11:00:00,773.79,24.52,43.38,50.4,28.4,2,46.9,0.5912,0.073,0.6642
2019-12-04 12:00:00,770.76,25.34,44.13,49.7,28.4,2,21.3,0.5877,0.155,0.7427
2019-12-04 13:00:00,684.25,25.31,42.01,49.8,28.5,2,38.4,0.5283,0.236,0.7643
2019-12-04 14:00:00,526.16,24.55,37.42,50.4,29.9,2,40.4,0.415,0.283,0.698
2019-12-04 15:00:00,332.42,22.97,31.08,51.6,35.8,2,26.5,0.2619,0.306,0.5679
2019-12-04 16:00:00,127.19,19.79,22.69,54.2,57.6,2,33.6,0.0779,0.32,0.3979
2019-12-04 17:00:00,0.0,17.67,17.67,55.9,20.0,2,25.4,0.0,0.324,0.324
2019-12-04 18:00:00,0.0,16.84,16.84,56.5,20.0,3,44.8,0.0,0.309,0.309
2019-12-04 19:00:00,0.0,16.06,16.06,57.2,20.0,3,53.4,0.0,0.294,0.294
2019-12-04 20:00:00,0.0,15.31,15.31,57.8,20.0,3,56.3,0.0,0.277,0.277
2019-12-04 21:00:00,0.0,14.58,14.58,58.3,20.0,2,49.4,0.0,0.248,0.248
2019-12-04 22:00:00,0.0,13.92,13.92,58.9,20.0,2,35.6,0.0,0.203,0.203
2019-12-04 23:00:00,0.0,13.3,13.3,59.4,20.0,2,25.9,0.0,0.167,0.167
2019-12-05 00:00:00,0.0,12.71,12.71,59.8,20.0,2,27.8,0.0,0.154,0.154
2019-12-05 01:00:00,0.0,12.27,12.27,60.2,20.0,2,32.7,0.0,0.142,0.142
2019-12-05 02:00:00,0.0,11.91,11.91,60.5,20.0,2,36.5,0.0,0.069,0.069
2019-12-05 03:00:00,0.0,11.31,11.31,61.0,20.0,2,43.7,0.0,0.017,0.017
2019-12-05 04:00:00,0.0,10.7,10.7,61.4,20.0,2,35.2,0.0,0.007,0.007
2019-12-05 05:00:00,0.0,10.16,10.16,61.9,20.0,2,48.7,0.0,0.004,0.004
2019-12-05 06:00:00,0.0,9.72,9.72,62.2,20.0,2,43.0,0.0,0.007,0.007
2019-12-05 07:00:00,37.89,11.79,12.71,60.6,78.3,2,45.4,0.0257,0.014,0.0397
2019-12-05 08:00:00,296.47,14.97,24.06,58.0,35.9,1,56.7,0.2422,0.026,0.2682
2019-12-05 09:00:00,531.26,18.41,40.19,55.3,30.2,0,33.5,0.4124,0.047,0.4594
2019-12-05 10:00:00,690.4,22.77,51.03,51.8,28.8,0,49.5,0.5116,0.091,0.6026
2019-12-05 11:00:00,766.89,25.24,48.67,49.8,29.0,1,45.2,0.5731,0.195,0.7681
2019-12-05 12:00:00,768.44,26.02,57.47,49.2,28.3,0,42.0,0.5536,0.358,0.9116
2019-12-05 13:00:00,683.38,25.92,53.92,49.3,28.6,0,54.2,0.5018,0.447,0.9488
2019-12-05 14:00:00,523.01,25.08,46.55,49.9,30.5,0,54.1,0.3971,0.45,0.8471
2019-12-05 15:00:00,332.32,23.33,36.93,51.3,35.9,0,35.9,0.2555,0.429,0.6845
2019-12-05 16:00:00,127.2,20.08,24.95,53.9,58.0,0,43.5,0.0773,0.407,0.4843
2019-12-05 17:00:00,0.0,18.02,18.02,55.6,20.0,0,48.2,0.0,0.388,0.388
2019-12-05 18:00:00,0.0,17.23,17.23,56.2,20.0,0,42.6,0.0,0.37,0.37
2019-12-05 19:00:00,0.0,16.46,16.46,56.8,20.0,0,51.2,0.0,0.343,0.343
2019-12-05 20:00:00,0.0,15.8,15.8,57.4,20.0,0,48.2,0.0,0.311,0.311
2019-12-05 21:00:00,0.0,15.14,15.14,57.9,20.0,0,63.7,0.0,0.288,0.288
2019-12-05 22:00:00,0.0,14.51,14.51,58.4,20.0,1,30.0,0.0,0.274,0.274
2019-12-05 23:00:00,0.0,13.86,13.86,58.9,20.0,1,44.1,0.0,0.239,0.239
2019-12-06 00:00:00,0.0,13.26,13.26,59.4,20.0,1,36.4,0.0,0.189,0.189
2019-12-06 01:00:00,0.0,12.68,12.68,59.9,20.0,1,51.5,0.0,0.162,0.162
2019-12-06 02:00:00,0.0,12.14,12.14,60.3,20.0,1,29.3,0.0,0.079,0.079
2019-12-06 03:00:00,0.0,11.62,11.62,60.7,20.0,1,49.0,0.0,0.019,0.019
2019-12-06 04:00:00,0.0,11.14,11.14,61.1,20.0,1,39.2,0.0,0.019,0.019
2019-12-06 05:00:00,0.0,10.71,10.71,61.4,20.0,0,38.1,0.0,0.005,0.005
2019-12-06 06:00:00,0.0,10.41,10.41,61.7,20.0,0,31.0,0.0,0.004,0.004
2019-12-06 07:00:00,34.12,12.55,13.94,60.0,82.9,0,40.8,0.0225,0.005,0.0275
2019-12-06 08:00:00,273.79,15.91,27.15,57.3,39.2,0,56.3,0.22,0.006,0.226
2019-12-06 09:00:00,517.66,18.95,40.17,54.8,31.1,0,45.2,0.4016,0.006,0.4076
2019-12-06 10:00:00,667.8,23.34,50.68,51.3,30.9,0,51.8,0.4952,0.007,0.5022
2019-12-06 11:00:00,753.4,26.1,56.92,49.1,30.1,0,62.1,0.5433,0.022,0.5653
2019-12-06 12:00:00,746.24,26.93,57.47,48.5,30.7,0,48.1,0.5372,0.057,0.5942
2019-12-06 13:00:00,683.6,26.83,54.84,48.5,28.7,0,39.9,0.5,0.085,0.585
2019-12-06 14:00:00,524.81,25.9,47.44,49.3,29.9,0,50.2,0.3971,0.1,0.4971
2019-12-06 15:00:00,330.01,23.66,37.16,51.1,36.4,0,40.0,0.2535,0.115,0.3685
2019-12-06 16:00:00,117.71,20.41,24.87,53.7,64.6,0,40.4,0.0685,0.134,0.2025
2019-12-06 17:00:00,0.0,18.59,18.59,55.1,20.0,0,30.3,0.0,0.135,0.135
2019-12-06 18:00:00,0.0,17.69,17.69,55.8,20.0,0,54.8,0.0,0.117,0.117
2019-12-06 19:00:00,0.0,16.89,16.89,56.5,20.0,1,41.6,0.0,0.097,0.097
2019-12-06 20:00:00,0.0,16.14,16.14,57.1,20.0,1,47.3,0.0,0.087,0.087
2019-12-06 21:00:00,0.0,15.42,15.42,57.7,20.0,1,35.1,0.0,0.084,0.084
2019-12-06 22:00:00,0.0,14.71,14.71,58.2,20.0,1,49.8,0.0,0.085,0.085
2019-12-06 23:00:00,0.0,14.1,14.1,58.7,20.0,1,37.9,0.0,0.095,0.095
2019-12-07 00:00:00,0.0,13.88,13.88,58.9,20.0,1,44.2,0.0,0.114,0.114
2019-12-07 01:00:00,0.0,13.5,13.5,59.2,20.0,1,54.4,0.0,0.118,0.118
2019-12-07 02:00:00,0.0,13.39,13.39,59.3,20.0,1,53.6,0.0,0.065,0.065
2019-12-07 03:00:00,0.0,13.42,13.42,59.3,20.0,1,45.4,0.0,0.043,0.043
2019-12-07 04:00:00,0.0,13.05,13.05,59.6,20.0,1,28.0,0.0,0.05,0.05
2019-12-07 05:00:00,0.0,12.71,12.71,59.8,20.0,0,75.6,0.0,0.017,0.017
2019-12-07 06:00:00,0.0,12.5,12.5,60.0,20.0,0,63.1,0.0,0.007,0.007
2019-12-07 07:00:00,26.94,14.13,14.95,58.7,100.0,1,52.9,0.0166,0.006,0.0226
2019-12-07 08:00:00,202.0,16.71,22.9,56.6,56.5,1,38.1,0.1618,0.01,0.1718
2019-12-07 09:00:00,314.49,19.47,29.08,54.4,66.2,1,44.5,0.2488,0.017,0.2658
2019-12-07 10:00:00,245.68,23.55,31.03,51.2,89.5,1,40.2,0.1884,0.028,0.2164
2019-12-07 11:00:00,723.61,25.89,47.98,49.3,39.9,1,58.3,0.5407,0.058,0.5987
2019-12-07 12:00:00,755.69,26.82,49.92,48.5,29.6,1,48.3,0.5623,0.099,0.6613
2019-12-07 13:00:00,673.82,26.57,47.19,48.7,29.6,1,37.8,0.509,0.114,0.623
2019-12-07 14:00:00,524.42,25.67,41.75,49.5,29.9,1,41.0,0.4064,0.103,0.5094
2019-12-07 15:00:00,333.01,23.84,34.02,50.9,35.9,1,56.9,0.2593,0.086,0.3453
2019-12-07 16:00:00,130.91,20.47,24.17,53.6,57.5,1,61.7,0.0772,0.077,0.1542
2019-12-07 17:00:00,0.0,18.35,18.35,55.3,20.0,0,60.9,0.0,0.071,0.071
2019-12-07 18:00:00,0.0,17.51,17.51,56.0,20.0,0,53.2,0.0,0.059,0.059
2019-12-07 19:00:00,0.0,16.69,16.69,56.6,20.0,0,43.1,0.0,0.046,0.046
2019-12-07 20:00:00,0.0,15.9,15.9,57.3,20.0,0,13.2,0.0,0.036,0.036
2019-12-07 21:00:00,0.0,15.15,15.15,57.9,20.0,0,48.6,0.0,0.022,0.022
2019-12-07 22:00:00,0.0,14.4,14.4,58.5,20.0,0,45.6,0.0,0.012,0.012
2019-12-07 23:00:00,0.0,13.66,13.66,59.1,20.0,1,47.1,0.0,0.011,0.011
2019-12-08 00:00:00,0.0,12.98,12.98,59.6,20.0,1,46.4,0.0,0.013,0.013
2019-12-08 01:00:00,0.0,12.39,12.39,60.1,20.0,2,32.6,0.0,0.016,0.016
2019-12-08 02:00:00,0.0,11.82,11.82,60.5,20.0,2,51.4,0.0,0.01,0.01
2019-12-08 03:00:00,0.0,11.29,11.29,61.0,20.0,2,52.2,0.0,0.002,0.002
2019-12-08 04:00:00,0.0,10.78,10.78,61.4,20.0,2,52.7,0.0,0.002,0.002
2019-12-08 05:00:00,0.0,10.27,10.27,61.8,20.0,2,55.3,0.0,0.001,0.001
2019-12-08 06:00:00,0.0,9.84,9.84,62.1,20.0,2,51.9,0.0,0.0,0.0
2019-12-08 07:00:00,28.94,11.97,12.67,60.4,90.9,2,41.8,0.0184,0.0,0.0184
2019-12-08 08:00:00,271.23,15.46,23.78,57.6,36.4,1,45.2,0.221,0.0,0.221
2019-12-08 09:00:00,487.3,18.6,33.52,55.1,34.0,1,46.8,0.3877,0.0,0.3877
2019-12-08 10:00:00,661.15,22.89,43.1,51.7,31.9,1,46.9,0.506,0.0,0.506
2019-12-08 11:00:00,759.7,25.29,43.81,49.8,29.1,2,55.8,0.5795,0.001,0.5805
2019-12-08 12:00:00,764.89,26.14,49.52,49.1,28.4,1,52.3,0.5704,0.009,0.5794
2019-12-08 13:00:00,680.7,26.09,42.71,49.1,28.6,2,66.6,0.5241,0.022,0.5461
2019-12-08 14:00:00,522.08,25.27,38.04,49.8,30.3,2,67.9,0.4107,0.034,0.4447
2019-12-08 15:00:00,333.36,23.43,33.62,51.3,35.9,1,46.7,0.26,0.042,0.302
2019-12-08 16:00:00,131.32,19.87,23.59,54.1,57.0,1,7.5,0.0781,0.048,0.1261
2019-12-08 17:00:00,0.0,17.7,17.7,55.8,20.0,1,58.2,0.0,0.047,0.047
2019-12-08 18:00:00,0.0,16.82,16.82,56.5,20.0,1,40.5,0.0,0.04,0.04
2019-12-08 19:00:00,0.0,16.0,16.0,57.2,20.0,1,37.8,0.0,0.035,0.035
2019-12-08 20:00:00,0.0,15.27,15.27,57.8,20.0,1,41.9,0.0,0.033,0.033
2019-12-08 21:00:00,0.0,14.6,14.6,58.3,20.0,2,41.4,0.0,0.024,0.024
2019-12-08 22:00:00,0.0,13.93,13.93,58.9,20.0,2,52.0,0.0,0.013,0.013
2019-12-08 23:00:00,0.0,13.13,13.13,59.5,20.0,2,30.3,0.0,0.008,0.008
2019-12-09 00:00:00,0.0,12.34,12.34,60.1,20.0,2,35.3,0.0,0.006,0.006
2019-12-09 01:00:00,0.0,11.65,11.65,60.7,20.0,2,49.5,0.0,0.008,0.008
2019-12-09 02:00:00,0.0,11.01,11.01,61.2,20.0,2,52.3,0.0,0.007,0.007
2019-12-09 03:00:00,0.0,10.42,10.42,61.7,20.0,2,52.5,0.0,0.002,0.002
2019-12-09 04:00:00,0.0,9.91,9.91,62.1,20.0,2,38.2,0.0,0.004,0.004
2019-12-09 05:00:00,0.0,9.52,9.52,62.4,20.0,1,36.3,0.0,0.002,0.002
2019-12-09 06:00:00,0.0,9.47,9.47,62.4,20.0,1,41.0,0.0,0.0,0.0
2019-12-09 07:00:00,26.36,11.44,12.24,60.8,96.6,1,48.5,0.0164,0.0,0.0164
2019-12-09 08:00:00,209.39,13.84,20.25,58.9,51.0,1,60.9,0.1702,0.0,0.1702
2019-12-09 09:00:00,499.96,15.0,35.49,58.0,34.6,0,25.6,0.3948,0.0,0.3948
2019-12-09 10:00:00,532.19,16.61,38.36,56.7,52.0,0,43.9,0.4117,0.0,0.4117
2019-12-09 11:00:00,214.44,18.99,27.73,54.8,94.6,0,32.8,0.1648,0.0,0.1648
2019-12-09 12:00:00,468.59,21.93,36.21,52.5,67.7,1,29.6,0.3625,0.002,0.3645
2019-12-09 13:00:00,315.56,22.93,32.55,51.7,86.6,1,55.8,0.2444,0.012,0.2564
2019-12-09 14:00:00,141.58,22.44,26.76,52.0,100.0,1,51.5,0.1077,0.03,0.1377
2019-12-09 15:00:00,165.58,20.77,25.83,53.4,86.0,1,50.6,0.1283,0.058,0.1863
2019-12-09 16:00:00,108.91,18.23,21.33,55.4,70.7,1,55.3,0.0651,0.08,0.1451
2019-12-09 17:00:00,0.0,16.73,16.73,56.6,20.0,2,41.3,0.0,0.078,0.078
2019-12-09 18:00:00,0.0,16.14,16.14,57.1,20.0,1,41.8,0.0,0.057,0.057
2019-12-09 19:00:00,0.0,15.6,15.6,57.5,20.0,1,67.9,0.0,0.039,0.039
2019-12-09 20:00:00,0.0,14.97,14.97,58.0,20.0,1,43.6,0.0,0.031,0.031
2019-12-09 21:00:00,0.0,14.39,14.39,58.5,20.0,1,53.4,0.0,0.024,0.024
2019-12-09 22:00:00,0.0,14.12,14.12,58.7,20.0,1,46.2,0.0,0.014,0.014
2019-12-09 23:00:00,0.0,13.78,13.78,59.0,20.0,0,27.6,0.0,0.006,0.006
2019-12-10 00:00:00,0.0,13.35,13.35,59.3,20.0,1,25.9,0.0,0.002,0.002
2019-12-10 01:00:00,0.0,12.93,12.93,59.7,20.0,1,40.6,0.0,0.001,0.001
2019-12-10 02:00:00,0.0,12.63,12.63,59.9,20.0,1,56.9,0.0,0.001,0.001
2019-12-10 03:00:00,0.0,12.25,12.25,60.2,20.0,1,54.2,0.0,0.0,0.0
2019-12-10 04:00:00,0.0,11.86,11.86,60.5,20.0,1,55.5,0.0,0.0,0.0
2019-12-10 05:00:00,0.0,11.41,11.41,60.9,20.0,1,36.5,0.0,0.0,0.0
2019-12-10 06:00:00,0.0,11.04,11.04,61.2,20.0,1,62.5,0.0,0.0,0.0
2019-12-10 07:00:00,17.63,12.67,13.21,59.9,100.0,1,36.7,0.0093,0.0,0.0093
2019-12-10 08:00:00,159.85,15.22,20.11,57.8,70.3,1,48.5,0.1273,0.002,0.1293
2019-12-10 09:00:00,244.14,18.57,26.02,55.1,80.6,1,46.2,0.1928,0.004,0.1968
2019-12-10 10:00:00,416.62,22.28,32.41,52.2,68.5,2,44.6,0.3266,0.004,0.3306
2019-12-10 11:00:00,712.55,24.13,41.49,50.7,37.8,2,59.7,0.5474,0.005,0.5524
2019-12-10 12:00:00,760.8,24.87,48.12,50.1,28.4,1,39.3,0.5708,0.009,0.5798
2019-12-10 13:00:00,675.26,24.83,45.49,50.1,32.2,1,32.8,0.5135,0.013,0.5265
2019-12-10 14:00:00,468.14,23.98,38.32,50.8,45.8,1,46.5,0.3652,0.012,0.3772
2019-12-10 15:00:00,182.42,22.36,27.93,52.1,78.4,1,42.3,0.141,0.023,0.164
2019-12-10 16:00:00,31.3,20.11,21.01,53.9,100.0,1,80.1,0.0152,0.068,0.0832
2019-12-10 17:00:00,0.0,18.99,18.99,54.8,20.0,1,53.1,0.0,0.127,0.127
2019-12-10 18:00:00,0.0,18.47,18.47,55.2,20.0,1,42.3,0.0,0.167,0.167
2019-12-10 19:00:00,0.0,17.93,17.93,55.7,20.0,1,35.8,0.0,0.192,0.192
2019-12-10 20:00:00,0.0,17.36,17.36,56.1,20.0,1,27.5,0.0,0.213,0.213
2019-12-10 21:00:00,0.0,16.78,16.78,56.6,20.0,1,36.1,0.0,0.195,0.195
2019-12-10 22:00:00,0.0,16.07,16.07,57.1,20.0,1,47.5,0.0,0.148,0.148
2019-12-10 23:00:00,0.0,15.51,15.51,57.6,20.0,0,60.6,0.0,0.111,0.111
2019-12-11 00:00:00,0.0,15.04,15.04,58.0,20.0,0,57.8,0.0,0.082,0.082
2019-12-11 01:00:00,0.0,14.57,14.57,58.3,20.0,0,48.9,0.0,0.061,0.061
2019-12-11 02:00:00,0.0,14.19,14.19,58.7,20.0,1,43.4,0.0,0.034,0.034
2019-12-11 03:00:00,0.0,13.62,13.62,59.1,20.0,1,49.3,0.0,0.01,0.01
2019-12-11 04:00:00,0.0,13.09,13.09,59.5,20.0,1,41.4,0.0,0.011,0.011
2019-12-11 05:00:00,0.0,12.69,12.69,59.8,20.0,2,63.8,0.0,0.009,0.009
2019-12-11 06:00:00,0.0,12.54,12.54,60.0,20.0,2,44.7,0.0,0.009,0.009
2019-12-11 07:00:00,19.49,13.85,14.32,58.9,100.0,2,45.8,0.0107,0.008,0.0187
2019-12-11 08:00:00,150.29,16.16,19.83,57.1,67.4,2,24.5,0.1194,0.006,0.1254
2019-12-11 09:00:00,414.54,20.08,30.2,53.9,46.1,2,44.7,0.3317,0.006,0.3377
2019-12-11 10:00:00,626.27,22.72,37.99,51.8,39.6,2,55.0,0.4883,0.009,0.4973
2019-12-11 11:00:00,392.95,24.3,33.85,50.6,75.4,2,35.9,0.3044,0.019,0.3234
2019-12-11 12:00:00,667.32,25.09,41.34,49.9,41.9,2,39.1,0.5125,0.047,0.5595
2019-12-11 13:00:00,644.89,25.02,38.1,50.0,37.5,3,54.6,0.5045,0.109,0.6135
2019-12-11 14:00:00,299.23,24.2,30.26,50.6,76.5,3,31.9,0.2357,0.212,0.4477
2019-12-11 15:00:00,218.1,22.66,27.08,51.9,65.4,3,57.2,0.1711,0.328,0.4991
2019-12-11 16:00:00,17.65,19.8,20.13,54.2,100.0,3,41.3,0.0067,0.395,0.4017
2019-12-11 17:00:00,0.0,17.42,17.42,56.1,20.0,3,42.7,0.0,0.414,0.414
2019-12-11 18:00:00,0.0,16.1,16.1,57.1,20.0,3,35.4,0.0,0.427,0.427
2019-12-11 19:00:00,0.0,15.01,15.01,58.0,20.0,3,50.4,0.0,0.445,0.445
2019-12-11 20:00:00,0.0,14.17,14.17,58.7,20.0,3,71.2,0.0,0.473,0.473
2019-12-11 21:00:00,0.0,13.52,13.52,59.2,20.0,3,54.4,0.0,0.468,0.468
2019-12-11 22:00:00,0.0,13.01,13.01,59.6,20.0,3,38.0,0.0,0.474,0.474
2019-12-11 23:00:00,0.0,12.57,12.57,59.9,20.0,2,58.0,0.0,0.501,0.501
2019-12-12 00:00:00,0.0,12.2,12.2,60.2,20.0,2,43.8,0.0,0.511,0.511
2019-12-12 01:00:00,0.0,11.86,11.86,60.5,20.0,2,60.7,0.0,0.51,0.51
2019-12-12 02:00:00,0.0,11.55,11.55,60.8,20.0,1,55.0,0.0,0.381,0.381
2019-12-12 03:00:00,0.0,11.26,11.26,61.0,20.0,1,17.5,0.0,0.318,0.318
2019-12-12 04:00:00,0.0,10.95,10.95,61.2,20.0,1,36.9,0.0,0.544,0.544
2019-12-12 05:00:00,0.0,10.63,10.63,61.5,20.0,1,56.4,0.0,0.552,0.552
2019-12-12 06:00:00,0.0,10.4,10.4,61.7,20.0,1,48.4,0.0,0.546,0.546
2019-12-12 07:00:00,21.35,12.45,13.1,60.0,100.0,1,36.7,0.0123,0.547,0.5593
2019-12-12 08:00:00,264.19,15.42,23.52,57.7,35.9,1,40.6,0.2153,0.533,0.7483
2019-12-12 09:00:00,476.99,19.6,34.21,54.3,32.8,1,27.9,0.3786,0.519,0.8976
2019-12-12 10:00:00,652.42,22.95,42.9,51.6,30.6,1,46.0,0.5001,0.486,0.9861
2019-12-12 11:00:00,699.03,24.58,45.93,50.3,34.8,1,69.0,0.5276,0.432,0.9596
2019-12-12 12:00:00,700.52,25.62,47.02,49.5,36.9,1,55.0,0.5266,0.488,1.0146
2019-12-12 13:00:00,351.0,25.43,39.77,49.7,78.6,0,68.8,0.2654,0.547,0.8124
2019-12-12 14:00:00,291.29,24.83,36.75,50.1,78.0,0,55.8,0.223,0.592,0.815
2019-12-12 15:00:00,109.9,23.24,27.74,51.4,100.0,0,57.2,0.0817,0.63,0.7117
2019-12-12 16:00:00,32.51,20.73,21.99,53.4,100.0,0,66.7,0.0162,0.63,0.6462
2019-12-12 17:00:00,0.0,19.39,19.39,54.5,20.0,1,50.7,0.0,0.704,0.704
2019-12-12 18:00:00,0.0,18.37,18.37,55.3,20.0,1,45.1,0.0,0.724,0.724
2019-12-12 19:00:00,0.0,17.52,17.52,56.0,20.0,1,57.3,0.0,0.75,0.75
2019-12-12 20:00:00,0.0,16.83,16.83,56.5,20.0,1,61.5,0.0,0.718,0.718
2019-12-12 21:00:00,0.0,16.17,16.17,57.1,20.0,1,42.1,0.0,0.601,0.601
2019-12-12 22:00:00,0.0,15.54,15.54,57.6,20.0,0,39.7,0.0,0.41,0.41
2019-12-12 23:00:00,0.0,14.91,14.91,58.1,20.0,0,48.3,0.0,0.279,0.279
2019-12-13 00:00:00,0.0,14.31,14.31,58.5,20.0,0,55.6,0.0,0.264,0.264
2019-12-13 01:00:00,0.0,13.73,13.73,59.0,20.0,0,55.2,0.0,0.239,0.239
2019-12-13 02:00:00,0.0,13.2,13.2,59.4,20.0,0,33.0,0.0,0.194,0.194
2019-12-13 03:00:00,0.0,12.66,12.66,59.9,20.0,1,66.4,0.0,0.267,0.267
2019-12-13 04:00:00,0.0,12.19,12.19,60.3,20.0,1,40.9,0.0,0.323,0.323
2019-12-13 05:00:00,0.0,11.74,11.74,60.6,20.0,1,44.6,0.0,0.264,0.264
2019-12-13 06:00:00,0.0,11.42,11.42,60.9,20.0,1,38.2,0.0,0.231,0.231
2019-12-13 07:00:00,20.42,13.41,14.03,59.3,100.0,1,74.2,0.0115,0.219,0.2305
2019-12-13 08:00:00,220.42,16.52,25.57,56.8,43.4,0,49.7,0.1762,0.231,0.4072
2019-12-13 09:00:00,425.36,21.01,38.44,53.2,40.9,0,38.8,0.3299,0.258,0.5879
2019-12-13 10:00:00,580.38,23.66,47.4,51.1,39.5,0,55.9,0.4348,0.237,0.6718
2019-12-13 11:00:00,696.97,24.99,53.5,50.0,34.9,0,55.0,0.5094,0.179,0.6884
2019-12-13 12:00:00,681.46,25.52,53.39,49.6,37.2,0,45.4,0.4983,0.171,0.6693
2019-12-13 13:00:00,628.39,25.27,51.01,49.8,34.9,0,55.7,0.466,0.145,0.611
2019-12-13 14:00:00,502.87,24.32,44.96,50.5,33.2,0,39.0,0.3837,0.096,0.4797
2019-12-13 15:00:00,313.69,22.64,35.48,51.9,40.4,0,42.3,0.2424,0.069,0.3114
2019-12-13 16:00:00,126.9,19.82,23.47,54.1,61.3,1,27.2,0.0786,0.064,0.1426
2019-12-13 17:00:00,0.0,18.21,18.21,55.4,20.0,1,34.0,0.0,0.05,0.05
2019-12-13 18:00:00,0.0,17.58,17.58,55.9,20.0,1,65.3,0.0,0.045,0.045
2019-12-13 19:00:00,0.0,16.87,16.87,56.5,20.0,1,63.7,0.0,0.044,0.044
2019-12-13 20:00:00,0.0,16.21,16.21,57.0,20.0,1,47.9,0.0,0.047,0.047
2019-12-13 21:00:00,0.0,15.52,15.52,57.6,20.0,1,63.9,0.0,0.035,0.035
2019-12-13 22:00:00,0.0,14.87,14.87,58.1,20.0,1,45.7,0.0,0.018,0.018
2019-12-13 23:00:00,0.0,14.19,14.19,58.6,20.0,1,44.8,0.0,0.01,0.01
2019-12-14 00:00:00,0.0,13.56,13.56,59.2,20.0,1,48.2,0.0,0.005,0.005
2019-12-14 01:00:00,0.0,12.97,12.97,59.6,20.0,1,46.4,0.0,0.003,0.003
2019-12-14 02:00:00,0.0,12.42,12.42,60.1,20.0,2,45.5,0.0,0.0,0.0
2019-12-14 03:00:00,0.0,11.94,11.94,60.4,20.0,2,59.1,0.0,0.0,0.0
2019-12-14 04:00:00,0.0,11.47,11.47,60.8,20.0,2,49.1,0.0,0.004,0.004
2019-12-14 05:00:00,0.0,11.02,11.02,61.2,20.0,2,54.7,0.0,0.025,0.025
2019-12-14 06:00:00,0.0,10.64,10.64,61.5,20.0,3,57.9,0.0,0.058,0.058
2019-12-14 07:00:00,22.29,12.3,12.74,60.2,100.0,3,51.5,0.013,0.083,0.096
2019-12-14 08:00:00,215.29,15.07,20.34,57.9,44.2,2,37.9,0.1755,0.089,0.2645
2019-12-14 09:00:00,410.06,18.85,28.86,54.9,43.0,2,34.1,0.3301,0.083,0.4131
2019-12-14 10:00:00,586.9,22.45,36.76,52.0,39.7,2,49.1,0.4596,0.063,0.5226
2019-12-14 11:00:00,725.13,23.8,41.46,51.0,32.5,2,45.9,0.558,0.05,0.608
2019-12-14 12:00:00,758.54,24.2,39.58,50.6,28.5,3,48.5,0.5895,0.054,0.6435
2019-12-14 13:00:00,680.98,23.91,37.73,50.9,28.7,3,47.5,0.5351,0.064,0.5991
2019-12-14 14:00:00,526.16,23.12,33.82,51.5,29.9,3,73.5,0.4211,0.067,0.4881
2019-12-14 15:00:00,336.43,21.65,28.47,52.7,35.8,3,34.3,0.2684,0.048,0.3164
2019-12-14 16:00:00,140.56,18.78,21.47,55.0,54.8,3,27.7,0.0891,0.037,0.1261
2019-12-14 17:00:00,0.0,16.5,16.5,56.8,20.0,3,50.9,0.0,0.051,0.051
2019-12-14 18:00:00,0.0,15.55,15.55,57.6,20.0,3,43.9,0.0,0.083,0.083
2019-12-14 19:00:00,0.0,14.65,14.65,58.3,20.0,3,50.8,0.0,0.121,0.121
2019-12-14 20:00:00,0.0,13.84,13.84,58.9,20.0,4,53.5,0.0,0.145,0.145
2019-12-14 21:00:00,0.0,13.01,13.01,59.6,20.0,4,60.5,0.0,0.128,0.128
2019-12-14 22:00:00,0.0,12.16,12.16,60.3,20.0,4,32.5,0.0,0.093,0.093
2019-12-14 23:00:00,0.0,11.34,11.34,60.9,20.0,4,42.1,0.0,0.061,0.061
2019-12-15 00:00:00,0.0,10.6,10.6,61.5,20.0,4,52.3,0.0,0.032,0.032
2019-12-15 01:00:00,0.0,9.96,9.96,62.0,20.0,4,55.7,0.0,0.009,0.009
2019-12-15 02:00:00,0.0,9.4,9.4,62.5,20.0,4,69.9,0.0,0.0,0.0
2019-12-15 03:00:00,0.0,8.85,8.85,62.9,20.0,4,57.6,0.0,0.0,0.0
2019-12-15 04:00:00,0.0,8.3,8.3,63.4,20.0,4,47.4,0.0,0.002,0.002
2019-12-15 05:00:00,0.0,7.78,7.78,63.8,20.0,4,39.1,0.0,0.012,0.012
2019-12-15 06:00:00,0.0,7.31,7.31,64.1,20.0,4,42.4,0.0,0.03,0.03
2019-12-15 07:00:00,17.63,8.57,8.93,63.1,100.0,3,42.1,0.0096,0.04,0.0496
2019-12-15 08:00:00,268.57,11.58,17.04,60.7,34.9,3,54.6,0.2248,0.048,0.2728
2019-12-15 09:00:00,504.88,15.76,28.1,57.4,29.6,2,50.6,0.4115,0.051,0.4625
2019-12-15 10:00:00,666.46,20.25,33.77,53.8,29.6,3,34.8,0.5305,0.065,0.5955
2019-12-15 11:00:00,755.39,22.5,40.91,52.0,28.5,2,43.6,0.5835,0.101,0.6845
2019-12-15 12:00:00,758.25,23.48,41.97,51.2,28.4,2,56.8,0.5837,0.172,0.7557
2019-12-15 13:00:00,680.17,23.52,40.13,51.2,28.6,2,51.5,0.5294,0.231,0.7604
2019-12-15 14:00:00,525.21,22.8,35.64,51.8,30.2,2,53.7,0.4173,0.244,0.6613
2019-12-15 15:00:00,337.25,21.19,29.41,53.0,35.7,2,51.8,0.2682,0.236,0.5042
2019-12-15 16:00:00,143.96,17.78,21.06,55.8,54.4,2,64.3,0.0894,0.216,0.3054
2019-12-15 17:00:00,0.0,15.58,15.58,57.5,20.0,3,50.4,0.0,0.192,0.192
2019-12-15 18:00:00,0.0,14.69,14.69,58.2,20.0,3,44.1,0.0,0.164,0.164
2019-12-15 19:00:00,0.0,13.82,13.82,58.9,20.0,3,38.8,0.0,0.152,0.152
2019-12-15 20:00:00,0.0,13.0,13.0,59.6,20.0,3,50.5,0.0,0.151,0.151
2019-12-15 21:00:00,0.0,12.2,12.2,60.2,20.0,3,23.6,0.0,0.151,0.151
2019-12-15 22:00:00,0.0,11.39,11.39,60.9,20.0,3,46.2,0.0,0.159,0.159
2019-12-15 23:00:00,0.0,10.61,10.61,61.5,20.0,3,45.9,0.0,0.173,0.173
2019-12-16 00:00:00,0.0,9.89,9.89,62.1,20.0,3,34.8,0.0,0.182,0.182
2019-12-16 01:00:00,0.0,9.24,9.24,62.6,20.0,3,39.1,0.0,0.181,0.181
2019-12-16 02:00:00,0.0,8.63,8.63,63.1,20.0,3,56.5,0.0,0.172,0.172
2019-12-16 03:00:00,0.0,8.08,8.08,63.5,20.0,3,50.7,0.0,0.133,0.133
2019-12-16 04:00:00,0.0,7.57,7.57,63.9,20.0,3,49.4,0.0,0.06,0.06
2019-12-16 05:00:00,0.0,7.09,7.09,64.3,20.0,3,51.5,0.0,0.005,0.005
2019-12-16 06:00:00,0.0,6.7,6.7,64.6,20.0,2,49.3,0.0,0.0,0.0
2019-12-16 07:00:00,19.49,8.74,9.21,63.0,100.0,2,60.8,0.011,0.001,0.012
2019-12-16 08:00:00,261.56,12.1,18.5,60.3,34.9,2,49.6,0.2174,0.01,0.2274
2019-12-16 09:00:00,502.86,15.82,31.22,57.3,29.7,1,33.8,0.4049,0.019,0.4239
2019-12-16 10:00:00,659.25,20.28,40.44,53.8,30.2,1,64.7,0.5108,0.03,0.5408
2019-12-16 11:00:00,754.22,22.78,41.16,51.8,28.5,2,52.1,0.582,0.067,0.649
2019-12-16 12:00:00,755.13,23.74,42.15,51.0,28.7,2,42.5,0.5808,0.168,0.7488
2019-12-16 13:00:00,680.45,23.79,40.4,51.0,28.6,2,35.9,0.529,0.264,0.793
2019-12-16 14:00:00,527.67,23.07,35.97,51.5,29.9,2,52.4,0.4187,0.279,0.6977
2019-12-16 15:00:00,338.82,21.34,29.6,52.9,35.8,2,47.2,0.2693,0.248,0.5173
2019-12-16 16:00:00,135.17,17.7,20.8,55.8,60.3,2,64.2,0.085,0.205,0.29
2019-12-16 17:00:00,0.0,15.6,15.6,57.5,20.0,2,45.0,0.0,0.175,0.175
2019-12-16 18:00:00,0.0,14.77,14.77,58.2,20.0,2,40.0,0.0,0.149,0.149
2019-12-16 19:00:00,0.0,13.98,13.98,58.8,20.0,3,57.4,0.0,0.114,0.114
2019-12-16 20:00:00,0.0,13.24,13.24,59.4,20.0,3,57.7,0.0,0.094,0.094
2019-12-16 21:00:00,0.0,12.44,12.44,60.0,20.0,3,50.1,0.0,0.084,0.084
2019-12-16 22:00:00,0.0,11.63,11.63,60.7,20.0,3,55.2,0.0,0.077,0.077
2019-12-16 23:00:00,0.0,10.84,10.84,61.3,20.0,3,48.0,0.0,0.074,0.074
2019-12-17 00:00:00,0.0,10.1,10.1,61.9,20.0,3,51.2,0.0,0.068,0.068
2019-12-17 01:00:00,0.0,9.39,9.39,62.5,20.0,4,60.5,0.0,0.053,0.053
2019-12-17 02:00:00,0.0,8.54,8.54,63.2,20.0,3,55.1,0.0,0.024,0.024
2019-12-17 03:00:00,0.0,7.68,7.68,63.9,20.0,3,47.2,0.0,0.019,0.019
2019-12-17 04:00:00,0.0,6.92,6.92,64.5,20.0,3,62.4,0.0,0.0,0.0
2019-12-17 05:00:00,0.0,6.24,6.24,65.0,20.0,3,25.2,0.0,0.0,0.0
2019-12-17 06:00:00,0.0,5.74,5.74,65.4,20.0,2,69.4,0.0,0.002,0.002
2019-12-17 07:00:00,14.84,7.7,8.06,63.8,100.0,2,31.8,0.0074,0.011,0.0184
2019-12-17 08:00:00,257.94,11.07,17.38,61.1,35.2,2,42.6,0.2152,0.019,0.2342
2019-12-17 09:00:00,495.83,14.79,29.98,58.2,31.2,1,48.4,0.4009,0.021,0.4219
2019-12-17 10:00:00,662.71,19.48,35.65,54.4,29.6,2,47.4,0.5236,0.03,0.5536
2019-12-17 11:00:00,751.38,22.57,40.89,51.9,28.6,2,58.9,0.5805,0.105,0.6855
2019-12-17 12:00:00,758.48,23.88,42.37,50.9,28.5,2,38.3,0.5829,0.281,0.8639
2019-12-17 13:00:00,680.77,24.16,40.77,50.7,28.6,2,51.5,0.5284,0.385,0.9134
2019-12-17 14:00:00,526.63,23.5,36.38,51.2,30.4,2,43.1,0.4171,0.394,0.8111
2019-12-17 15:00:00,339.65,21.6,29.88,52.7,35.8,2,51.8,0.2698,0.38,0.6498
2019-12-17 16:00:00,147.76,17.62,21.01,55.9,56.1,2,48.2,0.0945,0.351,0.4455
2019-12-17 17:00:00,0.0,15.42,15.42,57.7,20.0,2,49.8,0.0,0.33,0.33
2019-12-17 18:00:00,0.0,14.51,14.51,58.4,20.0,2,43.3,0.0,0.3,0.3
2019-12-17 19:00:00,0.0,13.64,13.64,59.1,20.0,1,43.7,0.0,0.279,0.279
2019-12-17 20:00:00,0.0,12.84,12.84,59.7,20.0,1,51.7,0.0,0.264,0.264
2019-12-17 21:00:00,0.0,12.06,12.06,60.4,20.0,2,58.3,0.0,0.225,0.225
2019-12-17 22:00:00,0.0,11.32,11.32,60.9,20.0,2,42.9,0.0,0.194,0.194
2019-12-17 23:00:00,0.0,10.64,10.64,61.5,20.0,2,40.2,0.0,0.171,0.171
2019-12-18 00:00:00,0.0,9.98,9.98,62.0,20.0,3,55.4,0.0,0.149,0.149
2019-12-18 01:00:00,0.0,9.35,9.35,62.5,20.0,3,49.0,0.0,0.125,0.125
2019-12-18 02:00:00,0.0,8.73,8.73,63.0,20.0,3,57.6,0.0,0.045,0.045
2019-12-18 03:00:00,0.0,8.12,8.12,63.5,20.0,2,40.3,0.0,0.009,0.009
2019-12-18 04:00:00,0.0,7.56,7.56,64.0,20.0,2,31.5,0.0,0.0,0.0
2019-12-18 05:00:00,0.0,7.03,7.03,64.4,20.0,2,44.0,0.0,0.002,0.002
2019-12-18 06:00:00,0.0,6.66,6.66,64.7,20.0,2,41.6,0.0,0.036,0.036
2019-12-18 07:00:00,16.7,8.88,9.28,62.9,100.0,2,48.5,0.0088,0.077,0.0858
2019-12-18 08:00:00,260.97,12.8,20.8,59.8,35.3,1,42.9,0.2149,0.093,0.3079
2019-12-18 09:00:00,497.12,16.07,31.29,57.1,29.9,1,56.7,0.4001,0.086,0.4861
2019-12-18 10:00:00,661.42,19.95,47.04,54.0,29.6,0,46.4,0.4988,0.074,0.5728
2019-12-18 11:00:00,747.41,24.1,46.94,50.7,29.6,1,50.8,0.563,0.082,0.645
2019-12-18 12:00:00,722.32,25.67,47.74,49.5,31.9,1,50.9,0.5422,0.122,0.6642
2019-12-18 13:00:00,680.59,25.64,46.47,49.5,29.5,1,51.3,0.5159,0.167,0.6829
2019-12-18 14:00:00,530.4,24.66,40.92,50.3,30.0,1,49.1,0.4125,0.201,0.6135
2019-12-18 15:00:00,341.69,22.5,32.95,52.0,35.8,1,54.4,0.2682,0.227,0.4952
2019-12-18 16:00:00,138.44,18.56,22.56,55.2,58.4,1,41.4,0.0886,0.249,0.3376
2019-12-18 17:00:00,0.0,16.51,16.51,56.8,20.0,1,63.3,0.0,0.256,0.256
2019-12-18 18:00:00,0.0,15.67,15.67,57.5,20.0,1,46.9,0.0,0.252,0.252
2019-12-18 19:00:00,0.0,14.74,14.74,58.2,20.0,1,36.2,0.0,0.245,0.245
2019-12-18 20:00:00,0.0,13.81,13.81,58.9,20.0,1,51.2,0.0,0.233,0.233
2019-12-18 21:00:00,0.0,12.96,12.96,59.6,20.0,1,40.8,0.0,0.187,0.187
2019-12-18 22:00:00,0.0,12.2,12.2,60.2,20.0,2,56.0,0.0,0.139,0.139
2019-12-18 23:00:00,0.0,11.46,11.46,60.8,20.0,2,71.4,0.0,0.107,0.107
2019-12-19 00:00:00,0.0,10.78,10.78,61.4,20.0,2,41.9,0.0,0.079,0.079
2019-12-19 01:00:00,0.0,10.15,10.15,61.9,20.0,2,53.1,0.0,0.056,0.056
2019-12-19 02:00:00,0.0,9.53,9.53,62.4,20.0,2,32.2,0.0,0.022,0.022
2019-12-19 03:00:00,0.0,8.97,8.97,62.8,20.0,2,54.3,0.0,0.002,0.002
2019-12-19 04:00:00,0.0,8.45,8.45,63.2,20.0,2,40.9,0.0,0.002,0.002
2019-12-19 05:00:00,0.0,8.01,8.01,63.6,20.0,2,43.5,0.0,0.044,0.044
2019-12-19 06:00:00,0.0,7.72,7.72,63.8,20.0,1,38.8,0.0,0.069,0.069
2019-12-19 07:00:00,14.84,9.99,10.44,62.0,100.0,1,57.1,0.0072,0.069,0.0762
2019-12-19 08:00:00,240.73,13.8,21.18,59.0,38.2,1,59.9,0.197,0.064,0.261
2019-12-19 09:00:00,472.5,17.0,36.37,56.4,32.5,0,50.0,0.3719,0.061,0.4329
2019-12-19 10:00:00,652.2,21.32,48.03,52.9,30.5,0,41.2,0.4897,0.06,0.5497
2019-12-19 11:00:00,748.36,24.85,55.48,50.1,28.7,0,65.7,0.5437,0.076,0.6197
2019-12-19 12:00:00,757.56,25.8,56.81,49.4,28.4,0,42.3,0.5477,0.117,0.6647
2019-12-19 13:00:00,682.56,25.73,53.7,49.4,28.7,0,28.2,0.5018,0.153,0.6548
2019-12-19 14:00:00,530.92,24.72,41.0,50.2,30.0,1,54.4,0.4128,0.178,0.5908
2019-12-19 15:00:00,333.68,22.68,32.88,51.9,37.6,1,38.7,0.2618,0.188,0.4498
2019-12-19 16:00:00,152.23,18.94,23.35,54.8,51.9,1,59.7,0.0986,0.19,0.2886
2019-12-19 17:00:00,0.0,16.98,16.98,56.4,20.0,1,46.0,0.0,0.181,0.181
2019-12-19 18:00:00,0.0,16.2,16.2,57.0,20.0,1,55.8,0.0,0.165,0.165
2019-12-19 19:00:00,0.0,15.5,15.5,57.6,20.0,1,63.8,0.0,0.144,0.144
2019-12-19 20:00:00,0.0,14.84,14.84,58.1,20.0,1,37.7,0.0,0.126,0.126
2019-12-19 21:00:00,0.0,14.24,14.24,58.6,20.0,1,44.1,0.0,0.099,0.099
2019-12-19 22:00:00,0.0,13.61,13.61,59.1,20.0,1,49.0,0.0,0.074,0.074
2019-12-19 23:00:00,0.0,13.02,13.02,59.6,20.0,1,65.2,0.0,0.058,0.058
2019-12-20 00:00:00,0.0,12.44,12.44,60.0,20.0,2,43.7,0.0,0.045,0.045
2019-12-20 01:00:00,0.0,11.88,11.88,60.5,20.0,2,44.4,0.0,0.035,0.035
2019-12-20 02:00:00,0.0,11.32,11.32,60.9,20.0,2,55.1,0.0,0.018,0.018
2019-12-20 03:00:00,0.0,10.77,10.77,61.4,20.0,2,44.5,0.0,0.001,0.001
2019-12-20 04:00:00,0.0,10.29,10.29,61.8,20.0,2,51.8,0.0,0.0,0.0
2019-12-20 05:00:00,0.0,9.86,9.86,62.1,20.0,2,34.8,0.0,0.007,0.007
2019-12-20 06:00:00,0.0,9.56,9.56,62.4,20.0,2,72.5,0.0,0.008,0.008
2019-12-20 07:00:00,13.92,11.67,12.01,60.7,100.0,2,36.8,0.0064,0.007,0.0134
2019-12-20 08:00:00,237.19,15.06,22.33,58.0,38.5,1,47.1,0.1931,0.006,0.1991
2019-12-20 09:00:00,459.82,18.19,32.27,55.4,33.9,1,50.0,0.3676,0.005,0.3726
2019-12-20 10:00:00,639.84,22.18,41.74,52.3,31.7,1,69.4,0.4929,0.005,0.4979
2019-12-20 11:00:00,748.17,24.69,42.93,50.2,28.7,2,37.1,0.5732,0.012,0.5852
2019-12-20 12:00:00,757.68,25.54,44.01,49.6,28.4,2,70.1,0.5784,0.038,0.6164
2019-12-20 13:00:00,682.68,25.46,39.32,49.6,28.6,3,57.9,0.533,0.067,0.6
2019-12-20 14:00:00,532.1,24.68,35.5,50.3,29.9,3,54.5,0.4231,0.079,0.5021
2019-12-20 15:00:00,344.56,22.92,31.32,51.7,35.8,2,40.5,0.2725,0.079,0.3515
2019-12-20 16:00:00,156.66,19.13,22.73,54.7,51.2,2,56.0,0.1004,0.08,0.1804
2019-12-20 17:00:00,0.0,16.95,16.95,56.4,20.0,2,43.1,0.0,0.083,0.083
2019-12-20 18:00:00,0.0,16.05,16.05,57.2,20.0,2,63.0,0.0,0.082,0.082
2019-12-20 19:00:00,0.0,15.21,15.21,57.8,20.0,2,40.6,0.0,0.08,0.08
2019-12-20 20:00:00,0.0,14.44,14.44,58.5,20.0,2,49.2,0.0,0.078,0.078
2019-12-20 21:00:00,0.0,13.76,13.76,59.0,20.0,2,44.8,0.0,0.071,0.071
2019-12-20 22:00:00,0.0,13.13,13.13,59.5,20.0,3,40.4,0.0,0.064,0.064
2019-12-20 23:00:00,0.0,12.54,12.54,60.0,20.0,3,57.7,0.0,0.061,0.061
2019-12-21 00:00:00,0.0,12.02,12.02,60.4,20.0,3,56.2,0.0,0.056,0.056
2019-12-21 01:00:00,0.0,11.55,11.55,60.8,20.0,3,62.9,0.0,0.048,0.048
2019-12-21 02:00:00,0.0,11.11,11.11,61.1,20.0,4,33.0,0.0,0.035,0.035
2019-12-21 03:00:00,0.0,10.69,10.69,61.4,20.0,4,61.5,0.0,0.01,0.01
2019-12-21 04:00:00,0.0,10.33,10.33,61.7,20.0,4,75.9,0.0,0.001,0.001
2019-12-21 05:00:00,0.0,10.02,10.02,62.0,20.0,4,46.3,0.0,0.003,0.003
2019-12-21 06:00:00,0.0,9.74,9.74,62.2,20.0,4,69.8,0.0,0.003,0.003
2019-12-21 07:00:00,12.99,11.49,11.71,60.8,100.0,4,48.2,0.0057,0.001,0.0067
2019-12-21 08:00:00,252.87,14.86,20.01,58.1,35.5,3,37.1,0.2086,0.0,0.2086
2019-12-21 09:00:00,493.02,18.37,28.39,55.3,29.8,3,47.8,0.4014,0.0,0.4014
2019-12-21 10:00:00,657.44,22.39,35.73,52.1,29.6,3,61.3,0.5194,0.0,0.5194
2019-12-21 11:00:00,750.32,25.05,40.26,50.0,28.5,3,42.5,0.5812,0.001,0.5822
2019-12-21 12:00:00,757.84,26.22,41.59,49.0,28.4,3,44.8,0.5843,0.015,0.5993
2019-12-21 13:00:00,684.19,26.5,40.39,48.8,28.7,3,56.8,0.5319,0.051,0.5829
2019-12-21 14:00:00,534.43,25.89,35.19,49.3,30.0,4,50.9,0.4255,0.082,0.5075
2019-12-21 15:00:00,346.05,24.18,30.19,50.7,32.2,4,56.7,0.2752,0.107,0.3822
2019-12-21 16:00:00,159.24,20.81,23.43,53.4,50.3,4,53.2,0.1031,0.137,0.2401
2019-12-21 17:00:00,0.0,18.65,18.65,55.1,20.0,5,55.6,0.0,0.159,0.159
2019-12-21 18:00:00,0.0,17.71,17.71,55.8,20.0,5,46.5,0.0,0.177,0.177
2019-12-21 19:00:00,0.0,16.8,16.8,56.6,20.0,5,53.2,0.0,0.187,0.187
2019-12-21 20:00:00,0.0,15.87,15.87,57.3,20.0,5,41.6,0.0,0.19,0.19
2019-12-21 21:00:00,0.0,14.96,14.96,58.0,20.0,5,63.7,0.0,0.161,0.161
2019-12-21 22:00:00,0.0,14.11,14.11,58.7,20.0,5,44.5,0.0,0.12,0.12
2019-12-21 23:00:00,0.0,13.33,13.33,59.3,20.0,5,62.1,0.0,0.094,0.094
2019-12-22 00:00:00,0.0,12.6,12.6,59.9,20.0,5,49.1,0.0,0.083,0.083
2019-12-22 01:00:00,0.0,11.95,11.95,60.4,20.0,5,53.4,0.0,0.078,0.078
2019-12-22 02:00:00,0.0,11.27,11.27,61.0,20.0,4,46.5,0.0,0.043,0.043
2019-12-22 03:00:00,0.0,10.65,10.65,61.5,20.0,4,41.2,0.0,0.008,0.008
2019-12-22 04:00:00,0.0,10.13,10.13,61.9,20.0,4,34.0,0.0,0.001,0.001
2019-12-22 05:00:00,0.0,9.68,9.68,62.3,20.0,4,40.9,0.0,0.0,0.0
2019-12-22 06:00:00,0.0,9.31,9.31,62.6,20.0,4,48.2,0.0,0.0,0.0
2019-12-22 07:00:00,12.06,10.8,11.01,61.4,100.0,4,53.5,0.005,0.0,0.005
2019-12-22 08:00:00,250.36,14.02,18.38,58.8,35.5,4,61.5,0.2078,0.0,0.2078
2019-12-22 09:00:00,490.75,18.15,26.69,55.5,29.8,4,46.9,0.4021,0.0,0.4021
2019-12-22 10:00:00,656.26,22.5,33.89,52.0,29.7,4,42.6,0.5222,0.0,0.5222
2019-12-22 11:00:00,750.2,25.19,36.57,49.9,28.5,5,37.0,0.5898,0.005,0.5948
2019-12-22 12:00:00,753.26,26.56,37.99,48.8,28.8,5,56.2,0.5892,0.053,0.6422
2019-12-22 13:00:00,683.62,27.04,37.42,48.4,28.6,5,65.2,0.5378,0.116,0.6538
2019-12-22 14:00:00,524.96,26.51,34.5,48.8,30.5,5,64.1,0.4188,0.141,0.5598
2019-12-22 15:00:00,347.92,24.89,30.18,50.1,35.7,5,58.5,0.2767,0.149,0.4257
2019-12-22 16:00:00,149.21,21.55,23.7,52.8,57.8,5,57.8,0.0977,0.168,0.2657
2019-12-22 17:00:00,0.0,19.11,19.11,54.7,20.0,5,68.4,0.0,0.183,0.183
2019-12-22 18:00:00,0.0,18.01,18.01,55.6,20.0,5,54.7,0.0,0.188,0.188
2019-12-22 19:00:00,0.0,17.04,17.04,56.4,20.0,5,57.9,0.0,0.19,0.19
2019-12-22 20:00:00,0.0,16.11,16.11,57.1,20.0,5,48.2,0.0,0.195,0.195
2019-12-22 21:00:00,0.0,15.22,15.22,57.8,20.0,5,37.8,0.0,0.185,0.185
2019-12-22 22:00:00,0.0,14.38,14.38,58.5,20.0,5,44.6,0.0,0.173,0.173
2019-12-22 23:00:00,0.0,13.62,13.62,59.1,20.0,5,51.3,0.0,0.167,0.167
2019-12-23 00:00:00,0.0,12.89,12.89,59.7,20.0,5,52.6,0.0,0.161,0.161
2019-12-23 01:00:00,0.0,12.2,12.2,60.2,20.0,5,71.3,0.0,0.167,0.167
2019-12-23 02:00:00,0.0,11.58,11.58,60.7,20.0,5,52.8,0.0,0.093,0.093
2019-12-23 03:00:00,0.0,11.01,11.01,61.2,20.0,5,63.8,0.0,0.035,0.035
2019-12-23 04:00:00,0.0,10.46,10.46,61.6,20.0,4,47.6,0.0,0.025,0.025
2019-12-23 05:00:00,0.0,9.95,9.95,62.0,20.0,4,48.9,0.0,0.008,0.008
2019-12-23 06:00:00,0.0,9.54,9.54,62.4,20.0,4,38.7,0.0,0.003,0.003
2019-12-23 07:00:00,11.13,10.87,11.06,61.3,100.0,4,44.6,0.0043,0.001,0.0053
2019-12-23 08:00:00,82.1,13.91,15.58,58.9,98.9,3,57.3,0.0627,0.0,0.0627
2019-12-23 09:00:00,168.98,17.99,21.41,55.6,89.4,3,52.1,0.133,0.0,0.133
2019-12-23 10:00:00,624.03,22.53,35.19,52.0,39.3,3,61.4,0.4925,0.0,0.4925
2019-12-23 11:00:00,634.74,24.93,37.79,50.1,46.8,3,53.8,0.4934,0.011,0.5044
2019-12-23 12:00:00,227.69,26.24,30.84,49.0,89.5,3,48.5,0.1738,0.07,0.2438
2019-12-23 13:00:00,557.21,26.59,37.89,48.7,50.6,3,73.5,0.4337,0.098,0.5317
2019-12-23 14:00:00,404.85,26.02,34.23,49.2,56.2,3,51.1,0.3188,0.103,0.4218
2019-12-23 15:00:00,180.99,24.42,28.09,50.5,80.2,3,63.6,0.14,0.136,0.276
2019-12-23 16:00:00,20.45,20.94,21.34,53.2,100.0,3,48.0,0.0093,0.184,0.1933
2019-12-23 17:00:00,0.0,18.64,18.64,55.1,20.0,3,59.1,0.0,0.208,0.208
2019-12-23 18:00:00,0.0,17.73,17.73,55.8,20.0,3,61.3,0.0,0.22,0.22
2019-12-23 19:00:00,0.0,16.92,16.92,56.5,20.0,3,54.1,0.0,0.227,0.227
2019-12-23 20:00:00,0.0,16.25,16.25,57.0,20.0,3,28.4,0.0,0.245,0.245
2019-12-23 21:00:00,0.0,15.65,15.65,57.5,20.0,3,52.2,0.0,0.266,0.266
2019-12-23 22:00:00,0.0,15.04,15.04,58.0,20.0,3,64.3,0.0,0.301,0.301
2019-12-23 23:00:00,0.0,14.44,14.44,58.4,20.0,3,57.3,0.0,0.343,0.343
2019-12-24 00:00:00,0.0,13.89,13.89,58.9,20.0,4,57.1,0.0,0.391,0.391
2019-12-24 01:00:00,0.0,13.38,13.38,59.3,20.0,4,35.4,0.0,0.432,0.432
2019-12-24 02:00:00,0.0,12.84,12.84,59.7,20.0,3,45.4,0.0,0.317,0.317
2019-12-24 03:00:00,0.0,12.33,12.33,60.1,20.0,3,56.7,0.0,0.3,0.3
2019-12-24 04:00:00,0.0,11.89,11.89,60.5,20.0,3,56.7,0.0,0.329,0.329
2019-12-24 05:00:00,0.0,11.46,11.46,60.8,20.0,3,64.7,0.0,0.287,0.287
2019-12-24 06:00:00,0.0,11.15,11.15,61.1,20.0,2,51.2,0.0,0.22,0.22
2019-12-24 07:00:00,10.2,13.09,13.33,59.5,100.0,2,56.7,0.0034,0.175,0.1784
2019-12-24 08:00:00,247.06,16.28,22.32,57.0,35.6,2,52.8,0.2017,0.139,0.3407
2019-12-24 09:00:00,487.74,19.83,34.77,54.1,29.9,1,42.7,0.3871,0.095,0.4821
2019-12-24 10:00:00,654.79,24.17,44.19,50.7,29.7,1,30.0,0.4998,0.051,0.5508
2019-12-24 11:00:00,750.3,26.66,44.95,48.7,28.6,2,56.9,0.5701,0.017,0.5871
2019-12-24 12:00:00,758.55,27.62,46.11,47.9,28.4,2,54.3,0.574,0.003,0.577
2019-12-24 13:00:00,686.5,27.62,44.38,47.9,28.6,2,46.4,0.5249,0.001,0.5259
2019-12-24 14:00:00,537.5,26.82,39.96,48.5,29.9,2,36.4,0.4197,0.005,0.4247
2019-12-24 15:00:00,352.84,25.07,33.68,49.9,32.4,2,58.9,0.2771,0.02,0.2971
2019-12-24 16:00:00,169.01,21.53,25.42,52.8,32.4,2,49.9,0.1084,0.045,0.1534
2019-12-24 17:00:00,0.0,19.49,19.49,54.4,20.0,2,58.2,0.0,0.068,0.068
2019-12-24 18:00:00,0.0,18.64,18.64,55.1,20.0,2,71.2,0.0,0.081,0.081
2019-12-24 19:00:00,0.0,17.82,17.82,55.7,20.0,2,31.2,0.0,0.08,0.08
2019-12-24 20:00:00,0.0,17.08,17.08,56.3,20.0,3,45.6,0.0,0.069,0.069
2019-12-24 21:00:00,0.0,16.32,16.32,56.9,20.0,3,50.5,0.0,0.064,0.064
2019-12-24 22:00:00,0.0,15.63,15.63,57.5,20.0,3,67.1,0.0,0.071,0.071
2019-12-24 23:00:00,0.0,14.89,14.89,58.1,20.0,3,36.2,0.0,0.082,0.082
2019-12-25 00:00:00,0.0,14.16,14.16,58.7,20.0,3,72.6,0.0,0.094,0.094
2019-12-25 01:00:00,0.0,13.45,13.45,59.2,20.0,3,54.6,0.0,0.097,0.097
2019-12-25 02:00:00,0.0,12.7,12.7,59.8,20.0,3,52.3,0.0,0.06,0.06
2019-12-25 03:00:00,0.0,12.0,12.0,60.4,20.0,3,51.3,0.0,0.056,0.056
2019-12-25 04:00:00,0.0,11.4,11.4,60.9,20.0,3,48.9,0.0,0.082,0.082
2019-12-25 05:00:00,0.0,10.88,10.88,61.3,20.0,3,63.7,0.0,0.095,0.095
2019-12-25 06:00:00,0.0,10.5,10.5,61.6,20.0,3,42.6,0.0,0.098,0.098
2019-12-25 07:00:00,20.36,12.47,12.88,60.0,42.4,3,56.7,0.011,0.112,0.123
2019-12-25 08:00:00,265.07,15.93,22.41,57.3,30.4,2,49.4,0.2174,0.123,0.3404
2019-12-25 09:00:00,510.63,19.52,35.17,54.4,28.7,1,45.6,0.4052,0.119,0.5242
2019-12-25 10:00:00,683.6,24.02,40.69,50.8,28.1,2,79.1,0.5299,0.079,0.6089
2019-12-25 11:00:00,777.23,26.32,45.26,48.9,27.9,2,57.4,0.59,0.035,0.625
2019-12-25 12:00:00,786.82,27.02,46.21,48.4,27.9,2,59.4,0.5953,0.018,0.6133
2019-12-25 13:00:00,713.56,26.86,44.28,48.5,28.0,2,64.6,0.5461,0.013,0.5591
2019-12-25 14:00:00,568.52,26.01,39.91,49.2,28.2,2,39.0,0.4446,0.01,0.4546
2019-12-25 15:00:00,371.86,24.27,31.82,50.6,29.0,3,70.8,0.2951,0.008,0.3031
2019-12-25 16:00:00,179.78,20.58,24.04,53.5,31.6,3,28.1,0.1179,0.006,0.1239
2019-12-25 17:00:00,0.0,18.29,18.29,55.4,20.0,3,45.5,0.0,0.006,0.006
2019-12-25 18:00:00,0.0,17.33,17.33,56.1,20.0,3,48.6,0.0,0.008,0.008
2019-12-25 19:00:00,0.0,16.38,16.38,56.9,20.0,3,59.1,0.0,0.013,0.013
2019-12-25 20:00:00,0.0,15.47,15.47,57.6,20.0,3,55.4,0.0,0.025,0.025
2019-12-25 21:00:00,0.0,14.58,14.58,58.3,20.0,3,51.6,0.0,0.047,0.047
2019-12-25 22:00:00,0.0,13.77,13.77,59.0,20.0,3,53.1,0.0,0.07,0.07
2019-12-25 23:00:00,0.0,13.04,13.04,59.6,20.0,3,43.5,0.0,0.079,0.079
2019-12-26 00:00:00,0.0,12.36,12.36,60.1,20.0,3,38.9,0.0,0.083,0.083
2019-12-26 01:00:00,0.0,11.7,11.7,60.6,20.0,3,61.2,0.0,0.082,0.082
2019-12-26 02:00:00,0.0,11.04,11.04,61.2,20.0,3,60.8,0.0,0.048,0.048
2019-12-26 03:00:00,0.0,10.43,10.43,61.7,20.0,3,69.7,0.0,0.033,0.033
2019-12-26 04:00:00,0.0,9.83,9.83,62.1,20.0,3,46.0,0.0,0.012,0.012
2019-12-26 05:00:00,0.0,9.26,9.26,62.6,20.0,3,60.8,0.0,0.007,0.007
2019-12-26 06:00:00,0.0,8.78,8.78,63.0,20.0,3,51.1,0.0,0.028,0.028
2019-12-26 07:00:00,8.34,10.55,10.72,61.6,20.0,3,65.8,0.0021,0.07,0.0721
2019-12-26 08:00:00,240.97,13.83,19.73,58.9,35.5,2,64.1,0.1986,0.111,0.3096
2019-12-26 09:00:00,478.68,17.68,29.37,55.9,30.6,2,56.0,0.3879,0.123,0.5109
2019-12-26 10:00:00,650.27,22.14,38.0,52.3,29.9,2,50.5,0.509,0.122,0.631
2019-12-26 11:00:00,743.77,24.8,42.93,50.2,29.0,2,63.5,0.5698,0.178,0.7478
2019-12-26 12:00:00,760.03,25.72,44.25,49.4,28.4,2,60.4,0.5795,0.343,0.9225
2019-12-26 13:00:00,687.89,25.67,42.46,49.5,29.5,2,47.1,0.53,0.442,0.972
2019-12-26 14:00:00,531.88,24.84,37.84,50.1,30.2,2,40.6,0.4187,0.438,0.8567
2019-12-26 15:00:00,355.64,23.05,31.73,51.6,32.1,2,51.0,0.2819,0.395,0.6769
2019-12-26 16:00:00,164.73,19.2,23.05,54.6,55.1,2,69.0,0.1117,0.362,0.4737
2019-12-26 17:00:00,0.0,16.96,16.96,56.4,20.0,2,65.4,0.0,0.353,0.353
2019-12-26 18:00:00,0.0,16.04,16.04,57.2,20.0,2,42.8,0.0,0.356,0.356
2019-12-26 19:00:00,0.0,15.18,15.18,57.9,20.0,2,42.2,0.0,0.371,0.371
2019-12-26 20:00:00,0.0,14.7,14.7,58.2,20.0,3,66.6,0.0,0.397,0.397
2019-12-26 21:00:00,0.0,14.32,14.32,58.5,20.0,3,42.5,0.0,0.431,0.431
2019-12-26 22:00:00,0.0,13.82,13.82,58.9,20.0,3,59.0,0.0,0.453,0.453
2019-12-26 23:00:00,0.0,12.74,12.74,59.8,20.0,3,47.7,0.0,0.458,0.458
2019-12-27 00:00:00,0.0,11.76,11.76,60.6,20.0,3,70.7,0.0,0.457,0.457
2019-12-27 01:00:00,0.0,11.04,11.04,61.2,20.0,3,46.9,0.0,0.442,0.442
2019-12-27 02:00:00,0.0,10.3,10.3,61.8,20.0,3,66.0,0.0,0.252,0.252
2019-12-27 03:00:00,0.0,9.59,9.59,62.3,20.0,3,56.4,0.0,0.217,0.217
2019-12-27 04:00:00,0.0,8.98,8.98,62.8,20.0,3,57.1,0.0,0.286,0.286
2019-12-27 05:00:00,0.0,8.47,8.47,63.2,20.0,3,34.9,0.0,0.18,0.18
2019-12-27 06:00:00,0.0,8.09,8.09,63.5,20.0,3,32.5,0.0,0.113,0.113
2019-12-27 07:00:00,7.42,10.15,10.3,61.9,20.0,3,52.4,0.0014,0.076,0.0774
2019-12-27 08:00:00,239.67,13.78,19.65,59.0,35.7,2,57.0,0.1975,0.058,0.2555
2019-12-27 09:00:00,477.61,17.34,29.01,56.1,30.6,2,43.3,0.3876,0.059,0.4466
2019-12-27 10:00:00,649.25,21.64,37.48,52.7,29.9,2,43.7,0.5093,0.073,0.5823
2019-12-27 11:00:00,750.37,24.33,42.62,50.5,28.6,2,60.2,0.5756,0.139,0.7146
2019-12-27 12:00:00,755.84,25.27,43.7,49.8,28.9,2,60.2,0.5775,0.27,0.8475
2019-12-27 13:00:00,682.85,25.32,41.99,49.7,29.6,2,53.2,0.527,0.364,0.891
2019-12-27 14:00:00,534.71,24.56,35.43,50.4,31.3,3,62.4,0.4249,0.393,0.8179
2019-12-27 15:00:00,354.96,22.81,30.02,51.8,32.6,3,42.8,0.2834,0.393,0.6764
2019-12-27 16:00:00,163.58,19.03,22.22,54.8,50.8,3,51.0,0.112,0.376,0.488
2019-12-27 17:00:00,0.0,16.7,16.7,56.6,20.0,4,71.1,0.0,0.353,0.353
2019-12-27 18:00:00,0.0,15.74,15.74,57.4,20.0,4,55.3,0.0,0.333,0.333
2019-12-27 19:00:00,0.0,14.74,14.74,58.2,20.0,4,55.8,0.0,0.31,0.31
2019-12-27 20:00:00,0.0,13.7,13.7,59.0,20.0,4,77.6,0.0,0.284,0.284
2019-12-27 21:00:00,0.0,12.72,12.72,59.8,20.0,4,40.6,0.0,0.264,0.264
2019-12-27 22:00:00,0.0,11.88,11.88,60.5,20.0,4,62.5,0.0,0.259,0.259
2019-12-27 23:00:00,0.0,11.19,11.19,61.0,20.0,4,71.2,0.0,0.272,0.272
2019-12-28 00:00:00,0.0,10.61,10.61,61.5,20.0,4,52.0,0.0,0.303,0.303
2019-12-28 01:00:00,0.0,10.08,10.08,61.9,20.0,4,63.9,0.0,0.341,0.341
2019-12-28 02:00:00,0.0,9.61,9.61,62.3,20.0,4,45.5,0.0,0.226,0.226
2019-12-28 03:00:00,0.0,9.13,9.13,62.7,20.0,4,48.4,0.0,0.075,0.075
2019-12-28 04:00:00,0.0,8.6,8.6,63.1,20.0,4,59.1,0.0,0.119,0.119
2019-12-28 05:00:00,0.0,8.03,8.03,63.6,20.0,4,63.3,0.0,0.089,0.089
2019-12-28 06:00:00,0.0,7.51,7.51,64.0,20.0,4,66.5,0.0,0.063,0.063
2019-12-28 07:00:00,10.2,9.14,9.32,62.7,100.0,4,71.0,0.0036,0.047,0.0506
2019-12-28 08:00:00,237.23,12.31,17.13,60.2,35.7,3,54.6,0.1973,0.037,0.2343
2019-12-28 09:00:00,481.9,16.24,28.02,57.0,29.8,2,67.2,0.3928,0.033,0.4258
2019-12-28 10:00:00,649.05,20.8,36.63,53.4,29.9,2,51.9,0.5109,0.04,0.5509
2019-12-28 11:00:00,750.22,23.95,39.16,50.8,28.5,3,64.3,0.5837,0.082,0.6657
2019-12-28 12:00:00,757.32,25.2,40.55,49.8,28.9,3,57.4,0.5861,0.139,0.7251
2019-12-28 13:00:00,684.27,25.35,39.23,49.7,29.6,3,59.7,0.534,0.174,0.708
2019-12-28 14:00:00,537.79,24.59,35.53,50.3,31.3,3,59.5,0.4272,0.188,0.6152
2019-12-28 15:00:00,358.51,22.57,29.85,51.9,32.4,3,39.2,0.2867,0.202,0.4887
2019-12-28 16:00:00,162.72,18.26,21.44,55.4,50.0,3,44.0,0.1127,0.22,0.3327
2019-12-28 17:00:00,0.0,15.62,15.62,57.5,20.0,3,56.3,0.0,0.243,0.243
2019-12-28 18:00:00,0.0,14.44,14.44,58.4,20.0,3,38.4,0.0,0.261,0.261
2019-12-28 19:00:00,0.0,13.38,13.38,59.3,20.0,3,63.6,0.0,0.265,0.265
2019-12-28 20:00:00,0.0,12.43,12.43,60.1,20.0,3,64.0,0.0,0.238,0.238
2019-12-28 21:00:00,0.0,11.6,11.6,60.7,20.0,4,58.6,0.0,0.186,0.186
2019-12-28 22:00:00,0.0,10.91,10.91,61.3,20.0,4,44.1,0.0,0.14,0.14
2019-12-28 23:00:00,0.0,10.35,10.35,61.7,20.0,4,69.1,0.0,0.108,0.108
2019-12-29 00:00:00,0.0,9.9,9.9,62.1,20.0,4,76.4,0.0,0.088,0.088
2019-12-29 01:00:00,0.0,9.53,9.53,62.4,20.0,4,57.5,0.0,0.087,0.087
2019-12-29 02:00:00,0.0,9.12,9.12,62.7,20.0,3,61.1,0.0,0.067,0.067
2019-12-29 03:00:00,0.0,8.75,8.75,63.0,20.0,3,58.0,0.0,0.014,0.014
2019-12-29 04:00:00,0.0,8.45,8.45,63.2,20.0,3,61.3,0.0,0.014,0.014
2019-12-29 05:00:00,0.0,8.22,8.22,63.4,20.0,3,54.8,0.0,0.005,0.005
2019-12-29 06:00:00,0.0,8.15,8.15,63.5,20.0,3,55.7,0.0,0.002,0.002
2019-12-29 07:00:00,6.49,10.51,10.64,61.6,20.0,3,65.1,0.0007,0.001,0.0017
2019-12-29 08:00:00,235.42,14.37,20.13,58.5,36.1,2,79.5,0.1934,0.001,0.1944
2019-12-29 09:00:00,462.02,17.83,29.12,55.7,32.1,2,42.0,0.3744,0.001,0.3754
2019-12-29 10:00:00,648.88,21.99,37.82,52.4,29.9,2,55.0,0.5083,0.003,0.5113
2019-12-29 11:00:00,745.73,24.28,42.46,50.6,29.0,2,44.2,0.5723,0.025,0.5973
2019-12-29 12:00:00,760.28,25.11,43.64,49.9,28.8,2,71.9,0.581,0.059,0.64
2019-12-29 13:00:00,693.84,25.02,41.96,50.0,28.6,2,50.1,0.5357,0.082,0.6177
2019-12-29 14:00:00,541.21,24.2,35.2,50.6,30.9,3,41.6,0.4306,0.093,0.5236
2019-12-29 15:00:00,360.66,22.48,31.29,52.0,35.4,2,62.4,0.2867,0.12,0.4067
2019-12-29 16:00:00,159.36,18.63,22.39,55.1,56.7,2,73.5,0.1113,0.164,0.2753
2019-12-29 17:00:00,0.0,16.21,16.21,57.0,20.0,2,62.7,0.0,0.214,0.214
2019-12-29 18:00:00,0.0,15.14,15.14,57.9,20.0,3,58.1,0.0,0.255,0.255
2019-12-29 19:00:00,0.0,14.17,14.17,58.7,20.0,2,60.1,0.0,0.3,0.3
2019-12-29 20:00:00,0.0,13.29,13.29,59.4,20.0,3,70.2,0.0,0.334,0.334
2019-12-29 21:00:00,0.0,12.47,12.47,60.0,20.0,2,47.3,0.0,0.313,0.313
2019-12-29 22:00:00,0.0,11.71,11.71,60.6,20.0,2,54.9,0.0,0.31,0.31
2019-12-29 23:00:00,0.0,11.02,11.02,61.2,20.0,2,51.5,0.0,0.32,0.32
2019-12-30 00:00:00,0.0,10.36,10.36,61.7,20.0,2,45.1,0.0,0.353,0.353
2019-12-30 01:00:00,0.0,9.74,9.74,62.2,20.0,3,53.5,0.0,0.395,0.395
2019-12-30 02:00:00,0.0,9.14,9.14,62.7,20.0,3,67.8,0.0,0.264,0.264
2019-12-30 03:00:00,0.0,8.51,8.51,63.2,20.0,3,62.4,0.0,0.113,0.113
2019-12-30 04:00:00,0.0,7.83,7.83,63.7,20.0,3,63.2,0.0,0.179,0.179
2019-12-30 05:00:00,0.0,7.15,7.15,64.3,20.0,3,58.2,0.0,0.098,0.098
2019-12-30 06:00:00,0.0,6.55,6.55,64.8,20.0,3,62.0,0.0,0.036,0.036
2019-12-30 07:00:00,6.49,8.45,8.58,63.2,20.0,3,48.8,0.0007,0.008,0.0087
2019-12-30 08:00:00,234.66,11.98,17.72,60.4,36.2,2,53.7,0.1946,0.001,0.1956
2019-12-30 09:00:00,468.75,15.51,26.96,57.6,31.4,2,58.7,0.3833,0.0,0.3833
2019-12-30 10:00:00,652.88,19.85,35.78,54.1,29.0,2,59.5,0.5158,0.0,0.5158
2019-12-30 11:00:00,745.89,22.78,37.91,51.8,29.0,3,60.0,0.5831,0.011,0.5941
2019-12-30 12:00:00,760.75,23.78,39.2,51.0,28.8,3,55.4,0.5919,0.057,0.6489
2019-12-30 13:00:00,688.47,23.76,37.73,51.0,29.3,3,53.0,0.5405,0.113,0.6535
2019-12-30 14:00:00,543.21,22.98,34.02,51.6,30.8,3,88.3,0.4342,0.157,0.5912
2019-12-30 15:00:00,363.22,21.08,28.46,53.1,35.4,3,65.8,0.2923,0.2,0.4923
2019-12-30 16:00:00,162.43,16.78,19.98,56.6,56.2,3,60.9,0.1156,0.246,0.3616
2019-12-30 17:00:00,0.0,14.14,14.14,58.7,20.0,3,54.4,0.0,0.289,0.289
2019-12-30 18:00:00,0.0,13.05,13.05,59.6,20.0,3,52.3,0.0,0.337,0.337
2019-12-30 19:00:00,0.0,12.04,12.04,60.4,20.0,3,55.5,0.0,0.395,0.395
2019-12-30 20:00:00,0.0,11.18,11.18,61.1,20.0,3,59.7,0.0,0.449,0.449
2019-12-30 21:00:00,0.0,10.41,10.41,61.7,20.0,3,38.0,0.0,0.472,0.472
2019-12-30 22:00:00,0.0,9.69,9.69,62.3,20.0,4,41.1,0.0,0.469,0.469
2019-12-30 23:00:00,0.0,8.97,8.97,62.8,20.0,4,50.4,0.0,0.464,0.464
2019-12-31 00:00:00,0.0,8.28,8.28,63.4,20.0,4,59.6,0.0,0.436,0.436
2019-12-31 01:00:00,0.0,7.67,7.67,63.9,20.0,4,55.2,0.0,0.388,0.388
2019-12-31 02:00:00,0.0,6.96,6.96,64.4,20.0,4,72.3,0.0,0.248,0.248
2019-12-31 03:00:00,0.0,6.23,6.23,65.0,20.0,3,42.7,0.0,0.174,0.174
2019-12-31 04:00:00,0.0,5.56,5.56,65.6,20.0,3,50.0,0.0,0.227,0.227
2019-12-31 05:00:00,0.0,4.96,4.96,66.0,20.0,3,72.7,0.0,0.233,0.233
2019-12-31 06:00:00,0.0,4.51,4.51,66.4,20.0,3,58.9,0.0,0.213,0.213
2019-12-31 07:00:00,5.56,6.69,6.83,64.6,20.0,2,66.4,0.0001,0.192,0.1921
2019-12-31 08:00:00,232.26,10.33,16.01,61.7,36.2,2,78.1,0.1938,0.174,0.3678
2019-12-31 09:00:00,460.77,14.22,28.33,58.6,32.2,1,50.6,0.3745,0.163,0.5375
2019-12-31 10:00:00,648.92,19.07,34.9,54.7,30.1,2,56.6,0.5143,0.164,0.6783
2019-12-31 11:00:00,750.7,22.27,40.57,52.2,28.5,2,54.8,0.5807,0.163,0.7437
2019-12-31 12:00:00,762.94,23.31,41.91,51.4,28.8,2,38.0,0.5871,0.205,0.7921
2019-12-31 13:00:00,664.18,23.4,39.6,51.3,37.0,2,54.4,0.5162,0.233,0.7492
2019-12-31 14:00:00,347.64,22.64,31.12,51.9,68.2,2,66.4,0.2748,0.251,0.5258
2019-12-31 15:00:00,312.93,20.51,28.15,53.6,49.1,2,63.0,0.2502,0.272,0.5222
2019-12-31 16:00:00,100.82,16.86,19.25,56.5,81.9,2,63.7,0.0704,0.274,0.3444
2019-12-31 17:00:00,0.0,15.1,15.1,57.9,20.0,2,53.8,0.0,0.283,0.283
2019-12-31 18:00:00,0.0,14.2,14.2,58.6,20.0,3,51.0,0.0,0.284,0.284
2019-12-31 19:00:00,0.0,13.34,13.34,59.3,20.0,3,70.2,0.0,0.282,0.282
2019-12-31 20:00:00,0.0,12.6,12.6,59.9,20.0,3,52.6,0.0,0.28,0.28
2019-12-31 21:00:00,0.0,11.96,11.96,60.4,20.0,3,60.5,0.0,0.279,0.279
2019-12-31 22:00:00,0.0,11.44,11.44,60.8,20.0,3,59.2,0.0,0.301,0.301
2019-12-31 23:00:00,0.0,10.95,10.95,61.2,20.0,3,72.2,0.0,0.305,0.305
